_l_key,_b_key,l_baseline,b_baseline,avg_tau_baseline,eventrate_source_baseline,eventrate_area_baseline,avg_t_baseline,avg_logt_baseline,frac_lowmass_baseline,l_kirkpatrick_min001,b_kirkpatrick_min001,avg_tau_kirkpatrick_min001,eventrate_source_kirkpatrick_min001,eventrate_area_kirkpatrick_min001,avg_t_kirkpatrick_min001,avg_logt_kirkpatrick_min001,frac_lowmass_kirkpatrick_min001
0.829,-1.666,0.829,-1.666,2.8943617855933453e-06,3.550790780297651e-05,675.1775934219444,18.95387794231336,1.1007579127277052,0.0644865662139072,0.829,-1.666,4.421016573619273e-06,4.583327459349863e-05,20391.223866647542,22.4290874236105,1.1490364380201312,0.0864470576798992
0.751,-1.534,0.751,-1.534,3.1669492156469134e-06,3.726699788852227e-05,619.2273033187919,19.76000444747801,1.107997814139323,0.0664986430539189,0.751,-1.534,4.302312629955103e-06,4.737730662822086e-05,23960.02816577913,21.115527988469363,1.1418860108098534,0.0768417478296483
0.673,-1.401,0.673,-1.401,2.7913714107572105e-06,3.594805738510795e-05,494.4911425097318,18.055625880549737,1.078276992788419,0.0679546702266655,0.673,-1.401,4.753062209015287e-06,5.449196590628135e-05,27359.66577492012,20.282027620599507,1.1302633247034706,0.0746967181786688
0.595,-1.269,0.595,-1.269,2.518940419104211e-06,2.9476384132761943e-05,141.9128425462263,19.87073974203921,1.1148035578946252,0.0624470384231781,0.595,-1.269,4.822113836621111e-06,5.613150501864348e-05,31958.391711380293,19.97565917083361,1.117257868704076,0.0869433704222738
0.516,-1.137,0.516,-1.137,2.6842547534683414e-06,3.041481864914166e-05,101.76870368642578,20.52148795986511,1.127774558425794,0.0600922937065635,0.516,-1.137,5.4915746856290495e-06,6.042893613926364e-05,37946.5508463466,21.131109157953905,1.1330052193435871,0.0763622843942984
1.18,-1.63,1.18,-1.63,3.280699714378966e-06,3.498347203991246e-05,617.6172972864545,21.80589508576067,1.1216748444409894,0.064004808956016,1.18,-1.63,4.385106835346087e-06,4.695931508099453e-05,21204.86687092335,21.713446964973556,1.1555410858285455,0.0802274369974306
1.102,-1.497,1.102,-1.497,2.5736215051159514e-06,3.3934589243520856e-05,480.116033162965,17.63487670949735,1.0805680184965651,0.0598033605777459,1.102,-1.497,4.861462410359734e-06,5.0403481806370935e-05,23864.552121914618,22.427287048969333,1.1616728458126735,0.0713346370034687
1.024,-1.365,1.024,-1.365,2.723712347317515e-06,3.364566201584237e-05,320.88440728298576,18.82359235773108,1.0911023654316374,0.0650586608733292,1.024,-1.365,4.713272884256776e-06,5.225618327196841e-05,26907.480733080327,20.97274353874296,1.1292717875762224,0.0817893445903503
0.946,-1.232,0.946,-1.232,2.3833909735435238e-06,2.7502850592918645e-05,114.38561320156224,20.150597500141902,1.1180718889721517,0.0681151830044212,0.946,-1.232,5.093160828722315e-06,5.7161049231333545e-05,32274.505912542343,20.718463561342386,1.1276676061279685,0.0810420629816755
0.868,-1.099,0.868,-1.099,2.548716484624909e-06,2.8743467134957044e-05,91.65882670205612,20.61829373483544,1.132817037508575,0.0605665127141207,0.868,-1.099,5.640377259043737e-06,6.007808177113856e-05,35682.22556004954,21.830437672269877,1.1404869642849855,0.0838314254012027
1.438,-1.479,1.438,-1.479,2.539260844975542e-06,2.992718403481581e-05,210.51649949849303,19.72930602269909,1.108759363686456,0.0795506162409132,1.438,-1.479,4.122592217531877e-06,4.721171875275273e-05,21380.214134505688,20.304435291111897,1.129676929933038,0.0809692277998714
1.36,-1.346,1.36,-1.346,3.026879952257822e-06,3.48495041439576e-05,453.26412035337256,20.196166452143512,1.1158655882775674,0.0569036373669351,1.36,-1.346,4.502568388623454e-06,5.06325005885465e-05,25184.394823990577,20.6776551959245,1.1288668428620137,0.082125882885308
1.282,-1.213,1.282,-1.213,2.7061399682845624e-06,3.267546923011069e-05,352.461660941181,19.257449617381592,1.099724638780484,0.0641207660904349,1.282,-1.213,4.9827362838547225e-06,5.371071161211296e-05,28585.158629674635,21.571350899932664,1.1520385067471854,0.0829804545847776
1.204,-1.08,1.204,-1.08,2.8194393414944207e-06,3.254985117784868e-05,276.34016048507993,20.14114220454958,1.1044681419902789,0.0610360282284456,1.204,-1.08,5.072455791752785e-06,5.6409509667438165e-05,32062.45679873548,20.909145925224447,1.1333435306308828,0.0836525179873787
1.125,-0.947,1.125,-0.947,2.920858923203364e-06,3.3545205212977855e-05,200.24484076826147,20.24652414401385,1.1329013842421083,0.0693416132900082,1.125,-0.947,5.582057939918409e-06,6.213099200870125e-05,37815.4098015159,20.8908639029378,1.1260724796401638,0.0809627776378695
1.046,-0.814,1.046,-0.814,2.680442583789731e-06,2.9094475304320875e-05,91.95603547528631,21.422311350126886,1.1388474506661053,0.0710031150264921,1.046,-0.814,6.437029028423837e-06,6.723368723608465e-05,44624.6718995437,22.26224129630806,1.147979352726079,0.0880196293078849
1.641,-1.19,1.641,-1.19,2.099520921660535e-06,2.3392459940885625e-05,63.45158565323952,20.86962569412991,1.1402231244276184,0.0606267770329862,1.641,-1.19,4.796203690379833e-06,5.116915860082098e-05,25332.94832622401,21.795141391885927,1.152179438238237,0.0818536552325624
1.563,-1.056,1.563,-1.056,2.472880750992845e-06,2.7172139456557904e-05,143.00835159407393,21.16165777459578,1.144588486343642,0.0660211505162528,1.563,-1.056,5.17576892867486e-06,5.380562526516589e-05,28744.285016023765,22.367505049077494,1.1655596287344705,0.0869602508519862
1.484,-0.923,1.484,-0.923,2.1536286628127684e-06,2.4099917638268825e-05,62.71804265786115,20.77904635108798,1.1394352898162547,0.0602214101824502,1.484,-0.923,5.984307211284529e-06,6.072394256491184e-05,34935.72977692845,22.91523245751941,1.162618123899409,0.0876729571838063
-0.233,-2.277,-0.233,-2.277,2.3909882533825964e-06,2.720248228105326e-05,325.3678286049104,20.438040432485124,1.123142219338222,0.0600473973251961,-0.233,-2.277,2.749265627809955e-06,3.343827018093145e-05,11801.742416799336,19.11803478415112,1.1179729662611633,0.0887580901066141
-0.31,-2.144,-0.31,-2.144,2.5178478005997383e-06,2.952101426850065e-05,416.595892144302,19.8320928539076,1.1236994867748653,0.066599665285562,-0.31,-2.144,3.559784534595279e-06,3.744246953376956e-05,14286.910553141171,22.106987945652037,1.1564557991869084,0.0829682711115783
-0.388,-2.012,-0.388,-2.012,2.480603189450037e-06,3.0749592448438425e-05,425.5049424170157,18.758075575289936,1.1032061513564304,0.0662442688567943,-0.388,-2.012,3.101811761338919e-06,3.722112118302685e-05,14916.861542816108,19.37743706563702,1.1150031506143558,0.086762078747836
-0.466,-1.88,-0.466,-1.88,2.340314634237049e-06,3.016422002276959e-05,336.8163945103027,18.040663082890152,1.089467646349451,0.0675449449907961,-0.466,-1.88,3.728528589669462e-06,4.27180860880883e-05,18645.83260727316,20.295326316949986,1.1297087595806166,0.0855243852813345
-0.545,-1.748,-0.545,-1.748,2.702969357492568e-06,3.108217068020554e-05,223.2936242900842,20.22088358745156,1.1138730975435056,0.0574435400373354,-0.545,-1.748,3.856718955414351e-06,4.4707206564823335e-05,20353.38998127924,20.0590705204622,1.1194080204984895,0.0861581300290781
-0.623,-1.616,-0.623,-1.616,2.250028028258653e-06,2.7770739745865424e-05,151.32514397753707,18.83956310663249,1.0996989201172758,0.0703910271376045,-0.623,-1.616,4.3508691789865e-06,4.884678000160135e-05,24506.78423025936,20.711446562351853,1.1385841066771711,0.0740368659888202
-0.702,-1.484,-0.702,-1.484,2.3696824422038203e-06,2.6631674600495267e-05,61.2737202833577,20.69007297974473,1.1287551567396763,0.0591811175825431,-0.702,-1.484,4.446918924177009e-06,5.036539209995871e-05,26537.69123440694,20.530396634481665,1.1347115169035378,0.0734120976303145
0.119,-2.241,0.119,-2.241,2.190407854779976e-06,2.7743229294719905e-05,518.554164693577,18.35854779345063,1.0952198579158627,0.0671584093106654,0.119,-2.241,2.89008353700956e-06,3.4045921837182154e-05,12334.962257240864,19.73856817140925,1.128402898754523,0.0871610363947173
0.041,-2.108,0.041,-2.108,2.4636549813064683e-06,3.145809116506343e-05,481.2793947402696,18.21033220516831,1.0972460482507864,0.0659610506718899,0.041,-2.108,3.1455868141929594e-06,3.5898950451668216e-05,13663.712844013571,20.374655372285947,1.1322411277974185,0.078479982983485
-0.037,-1.975,-0.037,-1.975,2.8399691083703373e-06,3.3502242665401085e-05,689.9103759290514,19.711064706391216,1.112636048686612,0.0651702994119593,-0.037,-1.975,3.579061919226026e-06,4.013890759596176e-05,16739.184775746948,20.73356634528624,1.138596638784794,0.0809203357764653
-0.115,-1.843,-0.115,-1.843,2.7672703171997536e-06,3.401121112706137e-05,509.2751493594486,18.91907221805613,1.0993446284261212,0.0691877842436237,-0.115,-1.843,3.72361641613942e-06,4.361658661288081e-05,19362.41842654361,19.85105573485925,1.1258596500439266,0.0794905934042274
-0.193,-1.71,-0.193,-1.71,2.7045966933529778e-06,3.3766695748276e-05,398.09556312737226,18.624485988621583,1.1035652526287965,0.064833880606932,-0.193,-1.71,3.827162350723072e-06,4.293957685505777e-05,20044.823557422085,20.72475822861219,1.1305281684462791,0.086666685717738
-0.272,-1.578,-0.272,-1.578,2.376779667852524e-06,3.079401043619598e-05,244.1683664042814,17.94704776226775,1.0819778076001312,0.0623200114568475,-0.272,-1.578,4.298478143319106e-06,4.8337091242077e-05,24408.28495792592,20.677810828333737,1.1244684239254028,0.0810211347322423
-0.351,-1.445,-0.351,-1.445,2.771726590042461e-06,2.9875333600154253e-05,180.768275471195,21.572872278585983,1.115750609283518,0.068238246338592,-0.351,-1.445,4.101104020161671e-06,4.930951865480009e-05,26273.09748067548,19.33928302949602,1.1066809203216148,0.0840293728532864
-0.43,-1.313,-0.43,-1.313,2.310123916878925e-06,2.852660913066424e-05,51.658535320990886,18.830223401182497,1.105064436868432,0.0700676616741637,-0.43,-1.313,5.268471757249031e-06,5.801282664341388e-05,32858.73703047766,21.116939569309487,1.133202148652913,0.0737487000406296
0.378,-2.09,0.378,-2.09,2.5477282965238957e-06,3.119669721367301e-05,658.9390694586725,18.98955730739457,1.106991140875352,0.0711024042816976,0.378,-2.09,5.026892259077101e-06,4.2054474180144735e-05,15671.126843954617,27.79442650551902,1.2176421583668875,0.0687247870613979
0.3,-1.957,0.3,-1.957,2.554728023216074e-06,3.196396295555652e-05,582.9119749128417,18.58465060851324,1.097753956147106,0.0601911744902404,0.3,-1.957,3.621160294637557e-06,4.074268891543746e-05,16547.449632135773,20.666570284866516,1.1376133061031346,0.0795161563357881
0.221,-1.824,0.221,-1.824,2.6887537736418264e-06,3.4647528720685935e-05,564.3455202475612,18.04467718574697,1.0929185868686329,0.0645215758357941,0.221,-1.824,3.89335872447361e-06,4.420926124066989e-05,18631.20618461548,20.47771574950236,1.1337900723601002,0.0787618657699909
0.143,-1.691,0.143,-1.691,3.338413796390682e-06,3.772700070687961e-05,778.8106416281743,20.575871255983337,1.1202507308943352,0.0580438878671917,0.143,-1.691,3.758247087071503e-06,4.372337043781076e-05,20806.833572228315,19.986743764315303,1.1215523486993686,0.0849623076383657
0.064,-1.558,0.064,-1.558,2.6073412568306494e-06,3.413448270402456e-05,481.2612561444555,17.761306083359468,1.0778890336816602,0.0644024221448053,0.064,-1.558,4.072049072320947e-06,4.895566004448239e-05,24608.883246631536,19.341067486417263,1.1055421719388407,0.0834038133489167
-0.015,-1.425,-0.015,-1.425,2.0617099383410908e-06,2.8645628347581968e-05,159.1465218842106,16.73553340347781,1.046299052484046,0.0684655509375534,-0.015,-1.425,4.7263903969046825e-06,5.482223576081954e-05,30173.585402411358,20.04671406284162,1.1215227965084336,0.073513765201862
-0.094,-1.292,-0.094,-1.292,2.917219204064614e-06,3.210833013800585e-05,193.229714566638,21.12621482645533,1.1044951369419675,0.0655743324498072,-0.094,-1.292,5.116692080012725e-06,5.745510529671033e-05,32668.844789597777,20.707659005059256,1.1298207146329415,0.0788887169718376
-0.173,-1.159,-0.173,-1.159,2.860982434510242e-06,3.154248027254179e-05,126.13731904337384,21.09063709364325,1.1318859582059233,0.065039135222403,-0.173,-1.159,5.086751551406813e-06,6.081704029578664e-05,38098.18004030301,19.44847678025368,1.1070357997948477,0.0877298820539996
0.581,-1.801,0.581,-1.801,2.393391877246404e-06,3.084431167172972e-05,410.1842700394955,18.04301364153781,1.0916353617786712,0.0698412452280977,0.581,-1.801,3.577053371195974e-06,4.2405386043752e-05,18573.044190888773,19.614387295812787,1.1214006860671053,0.0917315199201389
0.502,-1.667,0.502,-1.667,2.582900071411055e-06,3.327729054289769e-05,512.9880194395498,18.04803785935569,1.0815228201359557,0.0629540349346074,0.502,-1.667,4.02615796102655e-06,4.535185329042975e-05,21228.42141865621,20.6426818116674,1.1291672806550417,0.081985821651862
0.423,-1.533,0.423,-1.533,2.728519792952587e-06,3.420291225823641e-05,375.18408507251934,18.549592347166573,1.0919252919839644,0.0695524661145726,0.423,-1.533,4.066387884845967e-06,4.7829146338872713e-05,23967.747761621176,19.76908281700156,1.1137013183683755,0.0813790777586901
0.345,-1.4,0.345,-1.4,2.645089244486803e-06,3.374476169153379e-05,318.0168520257791,18.2265433015116,1.0765963266517558,0.0610863226479926,0.345,-1.4,4.799856352682351e-06,5.4790506217786834e-05,29989.94257899157,20.370105339646805,1.1243504411217915,0.0882640137889933
0.266,-1.267,0.266,-1.267,2.8361826891891893e-06,3.03589312971256e-05,106.90519580372576,21.72291336623163,1.1436591773766311,0.0643407229411371,0.266,-1.267,4.690321957783165e-06,5.515120691176584e-05,31613.08234173332,19.77506782596135,1.107711036845303,0.0870217646837876
0.186,-1.134,0.186,-1.134,2.4194123809555723e-06,2.9594431744695457e-05,96.91134338931964,19.009480175559972,1.0877766320731053,0.0675086767254674,0.186,-1.134,5.849153084877953e-06,6.205302419315942e-05,38384.13890842087,21.91797279496995,1.1261208551127375,0.0829818587339666
-3.457,-4.11,-3.457,-4.11,1.1286097204066008e-06,1.064665676507506e-05,73.06289986245454,24.649089447509013,1.2331102400613,0.0618810540510271,-3.457,-4.11,1.2618344101876087e-06,1.1767673832943952e-05,1455.167619103606,24.93343371140633,1.241326257028921,0.0864112567112698
-3.534,-3.977,-3.534,-3.977,1.2002581216630635e-06,1.1027590712593613e-05,60.682023705023546,25.308380891002347,1.2338306193957052,0.0691491812223925,-3.534,-3.977,1.480698071002408e-06,1.291353996757756e-05,1741.232189754971,26.66192774658273,1.2623302503415494,0.0756839317125629
-3.612,-3.845,-3.612,-3.845,1.018689911188188e-06,1.0391706752855612e-05,64.53721594104965,22.794258540944693,1.2035186900835169,0.0608022082671156,-3.612,-3.845,1.4638066843837482e-06,1.340231547269496e-05,1900.5441294050909,25.39652154188771,1.253695345182,0.0799520941446959
-3.69,-3.713,-3.69,-3.713,1.0013282188352329e-06,1.0531266764788436e-05,73.01569270928627,22.10885182533945,1.2028221996335542,0.0570741387215778,-3.69,-3.713,1.744483066778781e-06,1.43855685839457e-05,2189.196948985427,28.197465497061984,1.2655110211645944,0.0814103475121499
-3.768,-3.581,-3.768,-3.581,1.1697228693764658e-06,1.1568649868129475e-05,81.48179040568144,23.51097563433136,1.2209937329604164,0.0659562780721398,-3.768,-3.581,1.5374621710327456e-06,1.4260691338203716e-05,2219.4150522546884,25.06883814798903,1.2441950944801812,0.0866399506245656
-3.846,-3.449,-3.846,-3.449,1.398459007716574e-06,1.2572572427680258e-05,100.31048718052342,25.864014915555977,1.2373165677196174,0.0661329496436552,-3.846,-3.449,1.5500230258025391e-06,1.4524332059614902e-05,2388.5210403754118,24.81488849075553,1.2420340940189578,0.0828247942885662
-3.925,-3.317,-3.925,-3.317,1.409316769829318e-06,1.2899690915076478e-05,98.94137556048088,25.403857202984035,1.232647489393092,0.0556652910216656,-3.925,-3.317,1.7436439420455554e-06,1.5853015060365324e-05,2692.144416089999,25.57503758540281,1.2526762782906604,0.0773368909856094
-3.104,-4.075,-3.104,-4.075,1.145468929209398e-06,1.091154672042748e-05,76.30759518580827,24.40997555522696,1.2327834499041253,0.0618257527682349,-3.104,-4.075,1.2972733966263846e-06,1.2147656197866714e-05,1608.8551881590774,24.83186666116326,1.245154597248631,0.0735709787047173
-3.182,-3.942,-3.182,-3.942,1.180471789433007e-06,1.1366671277058004e-05,64.80194936098977,24.14863904430244,1.2312059581671408,0.0620907232700329,-3.182,-3.942,1.5398143946588669e-06,1.3652136852606042e-05,1928.7428032744976,26.2263643102044,1.2607785480228333,0.0673467816682973
-3.26,-3.809,-3.26,-3.809,1.179196129744256e-06,1.1558375509193122e-05,67.89742603519176,23.722452895161645,1.2189804493139316,0.0689292709508158,-3.26,-3.809,1.4702107263109753e-06,1.4166350882430322e-05,2104.6863939068157,24.13192350529596,1.2356773620287431,0.076804100672841
-3.338,-3.676,-3.338,-3.676,1.226909559862158e-06,1.2283895224341302e-05,67.39995969766355,23.22452255021349,1.2170261973366625,0.0637729621031733,-3.338,-3.676,1.6606359859417389e-06,1.490208591673218e-05,2319.4554231466504,25.911808743304046,1.2491733472426754,0.0854780751286357
-3.416,-3.543,-3.416,-3.543,1.217404334534212e-06,1.2298385248401897e-05,57.510555983267565,23.017444149831864,1.21209843258353,0.0613026975752961,-3.416,-3.543,1.5851611054025013e-06,1.4752784871233871e-05,2394.313840385855,24.9844472555203,1.235668035363151,0.0859699671365356
-3.494,-3.411,-3.494,-3.411,1.4416601328943788e-06,1.326204294496132e-05,83.73660737168116,25.276841575936302,1.232896455413021,0.0655620827833669,-3.494,-3.411,1.6307085089184927e-06,1.5580647172318594e-05,2656.61095599412,24.336672169866112,1.2357828322717783,0.0783268082133999
-3.573,-3.278,-3.573,-3.278,1.4600991699046488e-06,1.3956845758488497e-05,113.13086498790598,24.325704267675604,1.2236743568077508,0.0600457083843544,-3.573,-3.278,1.7535266495914082e-06,1.6368206235839705e-05,2984.790548888417,24.910453252053514,1.2296049883687157,0.0836232344693013
-3.652,-3.146,-3.652,-3.146,1.506590659660249e-06,1.4394507750706451e-05,111.5975413459025,24.33709852683081,1.2272834935820855,0.0624392513808486,-3.652,-3.146,1.6118427380076144e-06,1.6178739461370896e-05,3012.211273177263,23.16585497439522,1.213229468294333,0.0940110938927977
-3.731,-3.014,-3.731,-3.014,1.3250623318985949e-06,1.3980236351017442e-05,85.27971272853632,22.039013055479863,1.2019726269681106,0.0633886953415959,-3.731,-3.014,1.9058140604600448e-06,1.750449982949292e-05,3431.6639265543827,25.316354504035107,1.2412450329313165,0.0777903384465391
-2.845,-3.925,-2.845,-3.925,1.0846021707218724e-06,1.1335697116812492e-05,86.66847414409551,22.24808236012658,1.1776252971514645,0.0716551011827876,-2.845,-3.925,1.3842820065355082e-06,1.3228944230433206e-05,1895.873978938229,24.33154775756744,1.2297785656265283,0.0809268461503482
-2.923,-3.791,-2.923,-3.791,1.2220996225272831e-06,1.2224407216175588e-05,90.9527678940076,23.2460490025851,1.205970026178257,0.0604474832667242,-2.923,-3.791,1.5513586213863762e-06,1.4339613821243757e-05,2176.621897365009,25.156203285434348,1.2385827775910156,0.0788880474403562
-3.001,-3.658,-3.001,-3.658,1.2620632876629463e-06,1.3119057272311018e-05,95.959182168494,22.36911762635565,1.1926275997494824,0.0672024790910447,-3.001,-3.658,1.4232072288038156e-06,1.4620375611838476e-05,2398.629365084544,22.63497182928617,1.2049616952740596,0.0807849151680629
-3.079,-3.525,-3.079,-3.525,1.3506936772542777e-06,1.3404786987812084e-05,113.89656244582105,23.429730726371048,1.2039982581622215,0.069739802907518,-3.079,-3.525,1.815355030189225e-06,1.689924504305029e-05,2905.03428939392,24.978400062983177,1.2456272613241075,0.0773319601756488
-3.158,-3.391,-3.158,-3.391,1.4158219064256672e-06,1.4422647527879952e-05,119.50456246019478,22.826219294265343,1.2062575363879728,0.0532485937569097,-3.158,-3.391,1.6740357507794612e-06,1.606696277861722e-05,2954.470723236059,24.227092003373706,1.2222739327040637,0.0779761130440749
-3.237,-3.258,-3.237,-3.258,1.6453716801518886e-06,1.5684965297862677e-05,149.60343946832347,24.39219051526082,1.220860574054319,0.0604810726393649,-3.237,-3.258,1.7506054254034872e-06,1.6948266877586844e-05,3167.572637121403,24.01780550526945,1.219322673682156,0.08312360199838
-3.315,-3.125,-3.315,-3.125,1.5719875215197378e-06,1.5583181395656416e-05,113.58556396404784,23.4565056849196,1.2159657463537283,0.0588147269928556,-3.315,-3.125,1.921646080104948e-06,1.8578220027263652e-05,3701.753747488422,24.05136060928976,1.2292652056220283,0.0834821759289807
-3.395,-2.993,-3.395,-2.993,1.4369291664000607e-06,1.4893849398779654e-05,102.20524204774811,22.43358851050905,1.195023911779191,0.0712835583497721,-3.395,-2.993,2.1429990569362357e-06,1.8900492673710942e-05,3933.5238487767942,26.364479551210373,1.2487390369678133,0.0779341273112218
-3.474,-2.86,-3.474,-2.86,1.685273903909451e-06,1.610019909255543e-05,120.56505239149844,24.33938480730193,1.212872153381032,0.0692914076774218,-3.474,-2.86,2.613760245012273e-06,2.16160490560466e-05,4742.709618592535,28.116404220834745,1.26606963387657,0.0646981797939318
-2.641,-3.636,-2.641,-3.636,1.541977182251888e-06,1.4210175854635144e-05,125.15384238944712,25.231835366877306,1.2303930887708756,0.0529308253011078,-2.641,-3.636,1.5269899406292835e-06,1.4962288763103317e-05,2529.554249472541,23.73058757178234,1.2138509500868229,0.0828016350543274
-2.719,-3.502,-2.719,-3.502,1.4699615482622886e-06,1.4390702780467218e-05,99.83510449417044,23.751679180637197,1.205906355031158,0.0773946042415572,-2.719,-3.502,1.568585745580396e-06,1.5795281287510703e-05,2766.5108053864897,23.09145225982608,1.211637309524042,0.08371278089171
-2.798,-3.368,-2.798,-3.368,1.5875585959418633e-06,1.546325521977377e-05,109.22968870991772,23.8725706599293,1.2084334613046157,0.0551629923457386,-2.798,-3.368,1.821039414604642e-06,1.7443439686211958e-05,3327.542325430188,24.274906478587088,1.2202050878485986,0.0875308847651661
-2.877,-3.234,-2.877,-3.234,1.4843548318809376e-06,1.5587522481726454e-05,110.42308843907598,22.142720862527085,1.1819398330733395,0.0742528944695582,-2.877,-3.234,2.0678708486508434e-06,1.9497708028917325e-05,4021.344169054241,24.660972321577177,1.2272751090929634,0.0776201784982039
-2.956,-3.101,-2.956,-3.101,1.6479429639820132e-06,1.6603905226103484e-05,119.31759767580652,23.078218363776816,1.1978725226217162,0.0630437247641048,-2.956,-3.101,1.8933784487248896e-06,1.8635675267648527e-05,4010.658736044214,23.624500938829023,1.2159993642856957,0.0797624114519287
-3.035,-2.967,-3.035,-2.967,1.5218408998815553e-06,1.5855620401999664e-05,104.9729809223298,22.318055817476296,1.177590063476435,0.0711949685870027,-3.035,-2.967,2.1762505205242366e-06,2.1133243578333697e-05,4764.358463517834,23.94490271518232,1.2163127954691608,0.0795763257584573
-3.115,-2.834,-3.115,-2.834,1.5379572622655574e-06,1.5849639671675e-05,80.53358787163563,22.562915732902457,1.1862649046163811,0.0588734872656465,-3.115,-2.834,2.0518153866029503e-06,2.105199348437466e-05,4855.961518492735,22.66289584909915,1.197113954461399,0.090903713093902
-4.529,-4.719,-4.529,-4.719,8.343531553938006e-07,7.039515736598799e-06,40.41998365018619,27.55988976763872,1.2742664432645028,0.061429307829628,-4.529,-4.719,8.995447232718461e-07,7.638047736190215e-06,660.6952668011124,27.38487353122405,1.2868585064108244,0.0836051483172487
-4.606,-4.586,-4.606,-4.586,9.021008353651357e-07,7.756756704062008e-06,54.77715370171534,27.042401895392157,1.2782014939488802,0.0616228523369568,-4.606,-4.586,1.1190007013440609e-06,8.552409416343242e-06,738.903019426714,30.42371354338338,1.312545937165167,0.0765419354262443
-4.684,-4.454,-4.684,-4.454,8.552673245125084e-07,7.887224142233002e-06,59.82258989236048,25.214365546524256,1.2541382986192684,0.0759712852829939,-4.684,-4.454,1.0466850158888156e-06,8.76087458677819e-06,797.1828214707671,27.7804253589334,1.2947195529026312,0.0871089942631136
-4.762,-4.322,-4.762,-4.322,9.004723342581182e-07,8.097265921414877e-06,65.2510052446212,25.858439923133528,1.2631933994051778,0.0669161368976906,-4.762,-4.322,1.067678511182399e-06,8.977778767964118e-06,914.1159637262828,27.65298068187866,1.2914965991169705,0.0847314496495434
-4.84,-4.19,-4.84,-4.19,9.953913552854172e-07,8.782960882993005e-06,69.95576137511858,26.35258748327356,1.272977712793158,0.0541516562257719,-4.84,-4.19,1.1103408809417997e-06,9.399077597846312e-06,977.9539241954652,27.46891102255268,1.2906598352805634,0.0925932592437529
-4.918,-4.058,-4.918,-4.058,1.038055273147958e-06,9.224215141399152e-06,65.90823838837657,26.167449988650777,1.277307696587097,0.0638013334157731,-4.918,-4.058,1.2180563683049422e-06,1.008743213930199e-05,1119.9804370007853,28.077414159715733,1.291061565078218,0.0741493830451836
-4.997,-3.926,-4.997,-3.926,1.08180740623994e-06,9.402420657839404e-06,64.12726343628232,26.75350088747066,1.2756179290770857,0.0726084789673276,-4.997,-3.926,1.2115280694476442e-06,1.0203460861354218e-05,1132.8051078444066,27.609359088229176,1.2865371525171996,0.0840642444309767
-4.176,-4.685,-4.176,-4.685,9.121213682272708e-07,7.818094486431898e-06,39.93139214355706,27.1282677248372,1.2735676070247826,0.0625682218602515,-4.176,-4.685,1.1639172736506965e-06,9.157652430603338e-06,846.6317026461205,29.553458041526103,1.308182736662593,0.0786367999139321
-4.254,-4.551,-4.254,-4.551,9.174831770868024e-07,8.11957735852796e-06,49.52403095210426,26.2745346838552,1.267239966838286,0.0602348134749556,-4.254,-4.551,9.924741608199045e-07,8.91062502054772e-06,862.4381230888341,25.89890414771197,1.269999615426439,0.0742143066610231
-4.332,-4.418,-4.332,-4.418,9.532624522999504e-07,8.515788210676513e-06,59.91437451061517,26.029029928281844,1.268115521052261,0.0618288139834046,-4.332,-4.418,1.0652653895182092e-06,9.171168942995514e-06,924.883429818662,27.008686936638703,1.280298156865082,0.0886398936609478
-4.409,-4.285,-4.409,-4.285,9.732500386572653e-07,8.730794865077053e-06,67.51200391711296,25.920357842112143,1.2572432064892909,0.0728297932469996,-4.409,-4.285,1.1092432062461998e-06,9.75150732646653e-06,1042.7670845069226,26.44998156464454,1.2756544761654764,0.0787015833039941
-4.488,-4.153,-4.488,-4.153,9.344633677639822e-07,8.719839106747592e-06,71.53875346807806,24.91862973803793,1.247224978437942,0.0634437264615672,-4.488,-4.153,1.179772695646756e-06,1.0118118959303476e-05,1157.0519355225945,27.11245893289906,1.2743452082402484,0.0839863839035072
-4.566,-4.02,-4.566,-4.02,1.0687357770969098e-06,9.519102566985488e-06,79.7683615436889,26.10626182855737,1.260160519574816,0.0594462309422124,-4.566,-4.02,1.121058644473849e-06,1.017080558392836e-05,1186.0124636033097,25.62968842821926,1.2632007432845176,0.090048298868582
-4.645,-3.888,-4.645,-3.888,1.14876910797336e-06,9.651656456990042e-06,79.04530712418621,27.67586737053637,1.267789903650456,0.0562227058771586,-4.645,-3.888,1.2064639924008264e-06,1.062630760568402e-05,1265.2431563152634,26.39990285198765,1.2728940596593747,0.0813789990210203
-4.723,-3.755,-4.723,-3.755,1.1038728030992505e-06,9.664842661557024e-06,85.34903030158772,26.557952675705195,1.2613635959893703,0.0637512488856809,-4.723,-3.755,1.3186931192240558e-06,1.115284565593742e-05,1390.5363979477795,27.49339651714292,1.289017204499057,0.074963058950258
-4.802,-3.623,-4.802,-3.623,1.1852265164264755e-06,1.0360018864600627e-05,72.93178843093027,26.601808362418847,1.28265046907427,0.0547462174443564,-4.802,-3.623,1.3712997238897273e-06,1.143408834693178e-05,1489.745197211647,27.886961211977948,1.2887455136240105,0.0871525193374703
-3.917,-4.535,-3.917,-4.535,9.572999327873196e-07,8.822293757812161e-06,71.423004727096,25.231139311496044,1.256551790210284,0.0581548435112004,-3.917,-4.535,1.2145325781395974e-06,9.739186448271066e-06,967.0567301769642,28.997251553264984,1.2964334058080749,0.0782924294260408
-3.994,-4.401,-3.994,-4.401,1.3669966352287283e-06,9.557527811367527e-06,65.68986935317571,33.25770086236361,1.3078707349482448,0.0535244295058264,-3.994,-4.401,1.1820720227747633e-06,9.636833082571365e-06,988.5587274824384,28.521998285397697,1.291571357860215,0.0794704212780183
-4.072,-4.268,-4.072,-4.268,9.67354675606655e-07,8.775900826785746e-06,61.81889927649901,25.63093067058736,1.248970464306005,0.061145997293596,-4.072,-4.268,1.0849083612240994e-06,1.0067506491655873e-05,1112.357475405322,25.05771616176936,1.2562656973383328,0.0814626997928663
-4.151,-4.134,-4.151,-4.134,9.709333740213186e-07,9.226659394626848e-06,80.5850160192801,24.4689474474809,1.2413235146541362,0.0696989412985118,-4.151,-4.134,1.095762754495658e-06,1.0206203350465785e-05,1211.493254059433,24.96448808702301,1.2538512983150027,0.085236283309075
-4.229,-4.001,-4.229,-4.001,1.1892250202245077e-06,1.0547596563827405e-05,97.46163462471088,26.21687209747786,1.2659919085022266,0.0579031632341295,-4.229,-4.001,1.4428361300692464e-06,1.165456472752716e-05,1434.1685437701822,28.78666132258249,1.2885776933948907,0.0863297823786354
-4.308,-3.868,-4.308,-3.868,1.117576925529901e-06,1.0053760577553466e-05,93.84903324992736,25.847541144765295,1.2497631577387118,0.0576212417087228,-4.308,-3.868,1.3511476564220953e-06,1.1382339680318206e-05,1444.9374303498382,27.602067770554243,1.284251045880143,0.0834098752894634
-4.387,-3.735,-4.387,-3.735,1.0705739081711608e-06,1.0226609075733598e-05,76.27594540500486,24.34194895440658,1.2424582924764191,0.0616298513764327,-4.387,-3.735,1.4127784868062908e-06,1.2050140888707085e-05,1565.2563204531286,27.26165992834426,1.2750833239526116,0.0849340453632805
-4.466,-3.602,-4.466,-3.602,1.0613788596501937e-06,1.0272493337373082e-05,90.09984365099888,24.025083873620385,1.2358899365720653,0.0664679986237554,-4.466,-3.602,1.4645356675377454e-06,1.2793346079591757e-05,1760.902912806426,26.618657743940307,1.2773717370026838,0.0809394588975724
-4.545,-3.469,-4.545,-3.469,1.1056236853529282e-06,1.072249314965738e-05,84.39761106614777,23.97628564389408,1.2379454185977676,0.0633684291926721,-4.545,-3.469,1.4227663355335477e-06,1.266946431832426e-05,1823.687861099463,26.112333001912237,1.2672678321910826,0.0805926093310963
-3.712,-4.246,-3.712,-4.246,1.1091978436101244e-06,1.0139664752654151e-05,81.30486790056212,25.436407153520733,1.2481516791759306,0.057408754957026,-3.712,-4.246,1.1059191392920245e-06,1.0643470656682098e-05,1236.312460589054,24.16075239015136,1.2406686803941196,0.0953696081018892
-3.79,-4.112,-3.79,-4.112,1.0455020230563275e-06,9.968248459282076e-06,69.54591948336332,24.38801035926406,1.2350900958806708,0.0729734631993694,-3.79,-4.112,1.2777055776523198e-06,1.1034634635734228e-05,1366.5132613648805,26.92422308261873,1.2715274661760765,0.0810226873453073
-3.869,-3.978,-3.869,-3.978,1.0361787453548196e-06,9.84610210834497e-06,65.42317585070516,24.470378777609163,1.2225355985272055,0.06263126914734,-3.869,-3.978,1.3362663382301491e-06,1.2012245275380304e-05,1563.0794703536665,25.866590306321083,1.2566986672250668,0.0896614715339227
-3.948,-3.844,-3.948,-3.844,1.1619715569619114e-06,1.0760409992412084e-05,80.45283285024385,25.109439934041088,1.2404598788133785,0.0568923607735892,-3.948,-3.844,1.414591833983331e-06,1.226768586130638e-05,1638.618026887573,26.812594970392297,1.264610619792431,0.0783027299224532
-4.027,-3.711,-4.027,-3.711,1.1597051537730525e-06,1.127500095853414e-05,73.86706235450872,23.91670502890293,1.2354614962021684,0.0598336336760457,-4.027,-3.711,1.3184275716427664e-06,1.2657106075076216e-05,1823.3165832265768,24.22100751504141,1.2382587432565002,0.0876629588672018
-4.106,-3.577,-4.106,-3.577,1.203330488124193e-06,1.1425657343747778e-05,74.59896834099695,24.48917036457135,1.2392234571155598,0.0564810800037869,-4.106,-3.577,1.5272133708235769e-06,1.3762584202340708e-05,2016.56302194182,25.802992500182715,1.2601856033972816,0.0774463162347543
-4.185,-3.444,-4.185,-3.444,1.523102219473918e-06,1.2462733013667572e-05,71.08192809297176,28.417515610050454,1.2801944535362046,0.0638255434737337,-4.185,-3.444,1.666171056876923e-06,1.4474646750964116e-05,2287.3123107567467,26.76590670872873,1.2612003004968464,0.0763094203678724
1.971,-2.41,1.971,-2.41,2.032911450720071e-06,2.3450702642433566e-05,343.440999896394,20.157327404604807,1.138032307343227,0.062135229285297,1.971,-2.41,2.7587431280213902e-06,2.875378532552705e-05,8267.139305170303,22.3093329952749,1.1722093055536114,0.0787233216574327
1.894,-2.276,1.894,-2.276,2.3146198120260006e-06,2.7020141807479003e-05,495.2868176061512,19.918764169866517,1.1346230137791211,0.0626865011762433,1.894,-2.276,2.9739274414055004e-06,3.194633523876101e-05,9482.84818122532,21.646100531440503,1.1639247741569678,0.085616298276543
1.818,-2.143,1.818,-2.143,2.1821183309295166e-06,2.672100471808404e-05,367.9688035270914,18.988727470735203,1.1180014498835211,0.0697546269887255,1.818,-2.143,2.8947079596665296e-06,3.3521709573608136e-05,11058.682676100549,20.07931735288221,1.1367236477471436,0.0841582769819401
1.741,-2.01,1.741,-2.01,4.881362648774368e-06,3.350303454762522e-05,603.9544967521281,33.878742042393576,1.2241177294775991,0.0538672401241182,1.741,-2.01,3.535425366872716e-06,3.762420588444671e-05,13317.478815534358,21.849659781005474,1.1660300584492496,0.07373965111648
1.664,-1.877,1.664,-1.877,2.88901370973068e-06,3.094534942086944e-05,456.7193301187355,21.70823725463598,1.1446719839868211,0.061603966467998,1.664,-1.877,3.4283992646098103e-06,3.769653891718913e-05,14608.242824634615,21.147559876247463,1.1494536064629552,0.0899197707915523
1.587,-1.744,1.587,-1.744,2.2405649548513028e-06,2.648864656496641e-05,171.54117244281758,19.668358593534,1.1120267633353345,0.0732618295768996,1.587,-1.744,3.5921683910901856e-06,4.104100340518594e-05,16456.131278245903,20.352092337162325,1.1328979654847156,0.0878473840306653
1.51,-1.612,1.51,-1.612,2.7120105230441526e-06,3.153379670995107e-05,442.83131292973695,19.99794890390222,1.114111168596445,0.0634083070897387,1.51,-1.612,4.293502556064102e-06,4.640671528887191e-05,19782.886752205628,21.51301319656848,1.1495920335509906,0.0728375052037669
2.323,-2.378,2.323,-2.378,2.2856746416612725e-06,2.4446327289241728e-05,353.64771218987335,21.740580485105664,1.1701905970647144,0.0653686349276655,2.323,-2.378,2.4949563591177626e-06,2.73766953948696e-05,7662.457994817496,21.19104029189036,1.1512313642640184,0.0833759484605581
2.246,-2.244,2.246,-2.244,2.151846354991815e-06,2.409551068204344e-05,346.449190102989,20.765647197800995,1.1360788906485404,0.0652539832506985,2.246,-2.244,2.745071177986577e-06,2.9750195039278004e-05,8575.545730902373,21.45527770803696,1.1678325421879348,0.0855988988409674
2.17,-2.11,2.17,-2.11,2.1132820062668725e-06,2.3340135472109005e-05,193.44936247161343,21.053506091841765,1.148287002066768,0.0659248492182733,2.17,-2.11,2.8170420422114225e-06,2.987115962084083e-05,9361.927243820845,21.92863473387664,1.1547188686214656,0.0769563967305776
2.093,-1.977,2.093,-1.977,1.845398304004896e-06,2.343857485882149e-05,196.7538954380457,18.30750928536059,1.1069505523666705,0.063806938279669,2.093,-1.977,3.2568742996938387e-06,3.389132640401108e-05,11778.363866953889,22.34512448999436,1.156899784992414,0.082373451443853
2.016,-1.843,2.016,-1.843,2.302723225090678e-06,2.8312768377404495e-05,394.47737514709024,18.911664414486417,1.116627810471963,0.0563056742348389,2.016,-1.843,3.4143431983972397e-06,3.6575184616794753e-05,13282.734291763863,21.706559520442315,1.1576117051228338,0.0840598537255701
1.939,-1.71,1.939,-1.71,2.4892885554337424e-06,2.9532074720076356e-05,401.1671592068888,19.59979962460131,1.127726237102189,0.0615356020058713,1.939,-1.71,3.4863978239281813e-06,3.89894387844578e-05,14968.969822152872,20.79219336633272,1.146868232803537,0.0782306983060525
1.861,-1.577,1.861,-1.577,2.2143596713737e-06,2.682120977889004e-05,216.54159339866607,19.197299833102303,1.1064509011893078,0.0614964588649466,1.861,-1.577,3.775726652340493e-06,4.095283331802368e-05,16668.038973295435,21.43813193702628,1.1516571481370923,0.0898089616283222
1.784,-1.444,1.784,-1.444,2.3142063107994064e-06,2.543292622578715e-05,161.22062820423298,21.15807194955968,1.137088251727281,0.0665004761250207,1.784,-1.444,4.486519491186139e-06,4.705884210239672e-05,20447.873794365933,22.16862052752815,1.1620761368035808,0.0785096506698132
1.706,-1.311,1.706,-1.311,2.334252049438781e-06,2.567463510458536e-05,162.79590341275122,21.140429984431805,1.133090579043344,0.0680661438347147,1.706,-1.311,4.191512639705828e-06,4.649074962135498e-05,22035.75671895402,20.964020652063496,1.1433615309774412,0.0746527612508523
2.583,-2.229,2.583,-2.229,1.79940552041859e-06,2.124187762958732e-05,241.27782691184703,19.697290656384705,1.1294175969115607,0.0696436138005122,2.583,-2.229,2.923973811472085e-06,2.7968041919923588e-05,7721.3495041858,24.3098211794761,1.1918215671979844,0.081423274232413
2.506,-2.095,2.506,-2.095,2.2539703738153496e-06,2.3774501868070075e-05,323.81114554552005,22.0448488147106,1.1585012280623854,0.0621770347620916,2.506,-2.095,2.860470840820049e-06,3.039672367917728e-05,9152.604643730176,21.881701888949475,1.168041076661548,0.0845084788270396
2.429,-1.961,2.429,-1.961,2.191818154656551e-06,2.3181319775241423e-05,214.34177985238685,21.985518356868354,1.163813015271732,0.0656797699402673,2.429,-1.961,3.4450837849640496e-06,3.410705601919721e-05,10653.001469953924,23.486910970190333,1.1906484513216742,0.080756348079679
2.352,-1.827,2.352,-1.827,1.999204277517502e-06,2.310130072943628e-05,166.71812500531686,20.122923964018877,1.1375024980293174,0.064016464523683,2.352,-1.827,3.2554793051861526e-06,3.444799884260178e-05,12250.569588400256,21.97461569453677,1.163057935663952,0.0773735282612909
2.275,-1.694,2.275,-1.694,1.8934609476853785e-06,2.202453964696736e-05,121.76685218027426,19.99032524697352,1.1307450697173151,0.0611143557627706,2.275,-1.694,3.7874631135509632e-06,3.762346057251605e-05,13791.924568982771,23.407768862108025,1.1830788326464112,0.0754167917392891
2.198,-1.56,2.198,-1.56,2.070052141685675e-06,2.4326333126892923e-05,206.47962920836133,19.786773514058844,1.1192766619467105,0.0773161615123696,2.198,-1.56,3.859921426521824e-06,4.080468223791774e-05,15846.877969024514,21.995751855353497,1.170026024075065,0.078930073897737
2.12,-1.426,2.12,-1.426,2.3042973403318715e-06,2.505484136643165e-05,163.895769006384,21.385391673173142,1.1564026512069054,0.0689003344296418,2.12,-1.426,4.3811151297487056e-06,4.333743167300212e-05,17625.29138623358,23.506709681850232,1.185675950927081,0.0755419537784915
2.042,-1.293,2.042,-1.293,1.981898690257227e-06,2.1480652113479665e-05,87.06783681512789,21.45380538267208,1.1488885230645358,0.063782441723058,2.042,-1.293,4.749618497709299e-06,4.669644336901983e-05,20229.74604988438,23.65076925949945,1.184829335205803,0.082809209750195
1.964,-1.16,1.964,-1.16,1.771080083557792e-06,1.900854977704154e-05,26.53396236227947,21.665043354104643,1.166061921677093,0.0668921167223864,1.964,-1.16,5.193404127666756e-06,5.168119264064466e-05,23822.7180633146,23.366299504493657,1.1890562829640876,0.0786627491988821
2.789,-1.942,2.789,-1.942,2.0690442594139795e-06,2.272130084087262e-05,289.6054391161784,21.17419637100698,1.1646234436510543,0.0600055870753479,2.789,-1.942,2.915782693143169e-06,3.0633458358351704e-05,9166.882966040394,22.1324490054918,1.1712644007792266,0.091177501880801
2.712,-1.808,2.712,-1.808,2.27089492478172e-06,2.448508092476568e-05,311.87657251844627,21.5658134214921,1.164057330974836,0.0620264933127075,2.712,-1.808,3.323253883817832e-06,3.318931754132654e-05,10659.30662097653,23.282818158240925,1.187253434739036,0.0859076404503634
2.634,-1.673,2.634,-1.673,2.2754358020921584e-06,2.474717325411843e-05,300.18061158290743,21.38008048780874,1.1557618896216677,0.0674790799312595,2.634,-1.673,3.3050382353196715e-06,3.446021816098057e-05,11507.942838510447,22.301229814625703,1.1698021944907844,0.0904237489583843
2.557,-1.539,2.557,-1.539,1.914772837229208e-06,1.989295377513677e-05,89.16558004174779,22.381455817555658,1.1745422933018297,0.0700417384814901,2.557,-1.539,3.88745747049333e-06,3.768700581646776e-05,13513.16866869504,23.98525630578904,1.1959957098068403,0.0761268663499034
2.479,-1.405,2.479,-1.405,1.8903583533855264e-06,1.8323348247361023e-05,30.337469723533093,23.98886235913524,1.2067995734662798,0.0568420206201333,2.479,-1.405,4.3060459467180726e-06,3.955609598366249e-05,15351.026138462565,25.31253173742442,1.207569536264988,0.0814558164586194
0.908,-3.024,0.908,-3.024,1.972644294352797e-06,2.1493286536342988e-05,321.14677551971687,21.34107537769461,1.1622667902430184,0.0722846786267882,0.908,-3.024,2.174694949143095e-06,2.359034806775753e-05,5451.573602446473,21.435535850220703,1.1636014732850652,0.0789697054827289
0.832,-2.891,0.832,-2.891,1.969457731352433e-06,2.195960845380884e-05,308.76341509203013,20.854146480031996,1.150310215384703,0.0671629795884614,0.832,-2.891,2.327197166585114e-06,2.5006367099101257e-05,6412.666871918573,21.63978415580454,1.1704328760987286,0.0798637303945141
0.755,-2.757,0.755,-2.757,1.982345836910194e-06,2.2842870695495784e-05,413.3395372246478,20.178974395198185,1.1463800142479763,0.0636308505584755,0.755,-2.757,2.558801569635773e-06,2.6674593918298804e-05,7191.3610159467535,22.30535498725381,1.168649432319606,0.0789178770297741
0.679,-2.624,0.679,-2.624,2.073204704188302e-06,2.4258678136782253e-05,386.82163689602106,19.872174900027236,1.1221263667840329,0.0698860255963651,0.679,-2.624,2.596761902848608e-06,2.7798585197855808e-05,8079.197975630195,21.72099848920405,1.155999362609081,0.0829420684641331
0.602,-2.491,0.602,-2.491,2.297824152483948e-06,2.5432758523322013e-05,377.0819518005496,21.008433474841592,1.1367931298999332,0.0619204292823966,0.602,-2.491,2.816566927174449e-06,3.002435403754969e-05,9118.588337421525,21.81306786094456,1.1602170088037385,0.0848444908119936
0.525,-2.358,0.525,-2.358,2.6082360114628795e-06,2.843416835658786e-05,469.9331234322656,21.32930497038384,1.1471491783904924,0.0700667201644268,0.525,-2.358,2.933903212161526e-06,3.303476747458045e-05,10943.864122368606,20.651180182394487,1.1414636951380723,0.0795966586188142
0.447,-2.226,0.447,-2.226,2.494600942201315e-06,2.847774338299043e-05,548.6084283119892,20.36881939414113,1.1210238983057694,0.069096981480984,0.447,-2.226,3.059592846286629e-06,3.4204585862746154e-05,12050.887204623148,20.79934448466642,1.145257047623445,0.0800699825726395
1.26,-2.992,1.26,-2.992,1.7910258172783285e-06,2.0322016363948184e-05,278.109501642671,20.49299324979406,1.1472087324732263,0.0700606458428287,1.26,-2.992,2.183790393033579e-06,2.364472788284584e-05,5650.498141252193,21.475682685561388,1.170235196687022,0.0864105294967703
1.184,-2.858,1.184,-2.858,1.855909643364044e-06,2.124251677656824e-05,283.2093324607815,20.315204855232523,1.1466597919801491,0.0680252829742037,1.184,-2.858,2.069228870141432e-06,2.3547687179451844e-05,5870.041732368732,20.432928670263276,1.1450078002347206,0.0844279257309704
1.107,-2.725,1.107,-2.725,1.9410100283699904e-06,2.239219499891256e-05,383.7489466158192,20.15586585626462,1.1423558264649492,0.062336876421127,1.107,-2.725,2.3710412219826524e-06,2.633762418980857e-05,6962.065247181318,20.933066621997902,1.153012405170678,0.0817622045514241
1.031,-2.591,1.031,-2.591,2.3229158536796504e-06,2.564913316653455e-05,414.95769852971057,21.058679416687703,1.1446598900356806,0.0614634269522057,1.031,-2.591,2.609307267922028e-06,2.8948552534792244e-05,8198.903122139307,20.958911228262995,1.147451571791999,0.088594509288267
0.954,-2.458,0.954,-2.458,1.9472228925500384e-06,2.3844571721051022e-05,250.7964996030208,18.988754861108813,1.1042230236272064,0.0775710229437347,0.954,-2.458,2.5707349995281714e-06,3.062071015329679e-05,9663.306263674966,19.52146467927037,1.1272692618373046,0.0849120824384294
0.877,-2.324,0.877,-2.324,2.362239336819548e-06,2.724784159317288e-05,430.3912291616869,20.15868223292359,1.1286004476428455,0.0682762543713731,0.877,-2.324,3.19414357078844e-06,3.381211252683901e-05,11208.435091769838,21.96607564740321,1.1625323565944596,0.0783746769914281
0.799,-2.191,0.799,-2.191,2.448017667023918e-06,2.763892617056267e-05,395.9797199880456,20.59509167704717,1.1247551431623373,0.0625681680039001,0.799,-2.191,3.5176465751257057e-06,3.7601810799065536e-05,13277.45796401138,21.75273106697951,1.1598674173957977,0.0679787935101208
0.722,-2.058,0.722,-2.058,2.460031516263339e-06,3.00916451456557e-05,521.5382194119911,19.0092545731848,1.106335739011523,0.0668016913083816,0.722,-2.058,3.306592288850457e-06,3.7941359336213225e-05,14322.611993025945,20.26460345640414,1.1373765421142572,0.0687052138993529
0.644,-1.925,0.644,-1.925,2.7356408071640525e-06,3.2349663478509795e-05,611.2516569747886,19.66344708272732,1.1115093626133157,0.0626168042546563,0.644,-1.925,3.6471431033289223e-06,4.037110988327313e-05,16605.47538595008,21.006440218517938,1.141331922453272,0.0761212401953061
1.521,-2.844,1.521,-2.844,1.9310173089058995e-06,2.0774174147371963e-05,391.3434411890381,21.613880514857925,1.1562738968748187,0.0618203590541631,1.521,-2.844,2.2659428772741094e-06,2.452632651306965e-05,6045.221323643927,21.482597887812503,1.1710288920030183,0.0755763176028276
1.444,-2.71,1.444,-2.71,1.972599455631273e-06,2.2510008726112917e-05,432.599319842396,20.37668787813458,1.134618320788868,0.0642134968518265,1.444,-2.71,2.354587598584498e-06,2.60869280339338e-05,6831.142584363441,20.98757493481651,1.1576279242997218,0.0796840621113443
1.367,-2.576,1.367,-2.576,2.032097274429194e-06,2.4173133669485495e-05,496.4727213040894,19.54707986342873,1.1268827218314343,0.0650892522779749,1.367,-2.576,2.5350211178359357e-06,2.805069776279631e-05,8000.051654026059,21.01397737323322,1.154654227856867,0.080426212307189
1.29,-2.442,1.29,-2.442,2.2981815443335208e-06,2.6861475081466408e-05,443.8762232404536,19.89412407810588,1.1466121929116333,0.1093682589919127,1.29,-2.442,2.601632363629928e-06,2.9373461711539456e-05,9044.430120730609,20.59496898015511,1.1455534447228073,0.0857817400782281
1.213,-2.308,1.213,-2.308,2.1632394401974847e-06,2.67867113595284e-05,438.8814485145872,18.77826839199812,1.1155449246193296,0.0688135746061423,1.213,-2.308,2.9185265983435547e-06,3.193510420437639e-05,10369.689725485729,21.250329362073497,1.1577745685623977,0.0793777210828678
1.136,-2.174,1.136,-2.174,1.960732751342908e-06,2.4166391085326028e-05,164.72908130059776,18.86587494628247,1.109687649955651,0.0608466328335621,1.136,-2.174,3.181903098071357e-06,3.4509442371036806e-05,11815.00226631763,21.43973215034533,1.1489211538529824,0.0801146172773532
1.058,-2.041,1.058,-2.041,2.6400584163876733e-06,3.016128133711909e-05,424.8690380583272,20.353265437696628,1.1153690665263123,0.0622476111961109,1.058,-2.041,3.5996630564509267e-06,3.885986319365454e-05,14505.907835987484,21.539267562289467,1.1554439008878372,0.081971707183388
0.98,-1.907,0.98,-1.907,2.657196856600693e-06,3.232991048396563e-05,525.0195322255263,19.111271201491675,1.1100124773442808,0.0639141484646933,0.98,-1.907,3.3558350866749376e-06,3.819286091944132e-05,15669.048724226015,20.430959677689987,1.1273615023561838,0.0832032270548931
0.903,-1.774,0.903,-1.774,2.652087786981762e-06,3.3222081683353395e-05,462.6542434993997,18.562283506004032,1.101201339800694,0.0637901994880333,0.903,-1.774,3.870888315154534e-06,4.388865833649161e-05,19211.41825213476,20.5082538180678,1.1329400990316183,0.0819506642808992
1.727,-2.557,1.727,-2.557,2.3851062267586605e-06,2.5156363715216525e-05,490.8644229111192,22.046020584471744,1.1735376756655778,0.0571629541605218,1.727,-2.557,2.345307262553481e-06,2.571977826081659e-05,7121.705455224706,21.203271576240414,1.1462328474699957,0.0879157046050216
1.65,-2.422,1.65,-2.422,2.3837960005836407e-06,2.4841467716225343e-05,349.62387709815226,22.31321666656268,1.165473442318815,0.0592586962474653,1.65,-2.422,2.64366820011883e-06,2.90493897103927e-05,8461.51427619674,21.161199509810004,1.1558211442405817,0.0790196638382969
1.573,-2.288,1.573,-2.288,2.22595323630227e-06,2.63708563049113e-05,404.9346126482509,19.62737189962462,1.126279584698029,0.0815509519693588,1.573,-2.288,2.8338822157207425e-06,3.036664074732556e-05,9627.530019891345,21.69978304459553,1.1494961613856811,0.0833386031802721
1.495,-2.154,1.495,-2.154,2.431872126069371e-06,2.840018651412639e-05,580.1051533269348,19.910854111550123,1.1265561384267708,0.0689090574030051,1.495,-2.154,2.72916507909158e-06,3.193004375696773e-05,10641.661176054382,19.874702637610195,1.1303745581757112,0.0846320355201652
1.418,-2.02,1.418,-2.02,2.547740654949341e-06,2.970700838053736e-05,431.72334609098687,19.941905142359417,1.129298986659498,0.0572466848049622,1.418,-2.02,3.1031532896912844e-06,3.5417928611955834e-05,12871.465556394947,20.372785786573896,1.1330498674346825,0.0825465390757723
1.34,-1.885,1.34,-1.885,2.5390673699122927e-06,3.116269362206628e-05,508.54526546765874,18.94565314281525,1.1082444611307418,0.0676939082626855,1.34,-1.885,3.269713199945615e-06,3.756056774639431e-05,14652.374066372711,20.241740828236765,1.1288753028194445,0.0808972009132459
1.262,-1.752,1.262,-1.752,2.718490807501964e-06,3.149233365742662e-05,460.4998932199797,20.072125895181696,1.1159606374773077,0.0720877303768725,1.262,-1.752,3.59609872946145e-06,4.0689328879673125e-05,17315.79049493992,20.55045431631995,1.1378059654470036,0.078342609156295
-0.169,-3.632,-0.169,-3.632,1.3333101548886585e-06,1.4804786132021954e-05,99.35992949828172,20.941095453987693,1.1629961033573004,0.0692403889913576,-0.169,-3.632,1.5901758553787224e-06,1.7041140305000675e-05,3092.623085844741,21.69785738938306,1.1837639794996433,0.0831123041863047
-0.246,-3.499,-0.246,-3.499,1.4540407520048291e-06,1.6238044217642263e-05,125.9265778086284,20.82155720380366,1.1591524283039507,0.0599801275575424,-0.246,-3.499,1.6884751217020049e-06,1.802214287492661e-05,3516.934505674199,21.78505121561957,1.1844982355567548,0.0880832969684052
-0.322,-3.365,-0.322,-3.365,1.560647852262842e-06,1.7141826208338325e-05,155.63236163948892,21.16986940452872,1.1667196528429458,0.0592524066200405,-0.322,-3.365,2.097764731340627e-06,2.088761180760774e-05,4277.375335040843,23.35276664067265,1.2045690345195403,0.0814143497820299
-0.398,-3.232,-0.398,-3.232,1.5620724701384758e-06,1.800834641279753e-05,215.32340648400583,20.16961877903543,1.149444635220278,0.0636790919770343,-0.398,-3.232,2.0476712860908923e-06,2.1570029131227323e-05,4748.057103694125,22.07393992576518,1.1812272269631765,0.0823367335453688
-0.475,-3.099,-0.475,-3.099,1.7266063676337043e-06,2.0115445399375117e-05,276.7226394899093,19.95878190684311,1.1460832687481943,0.058928846747546,-0.475,-3.099,1.877464075439748e-06,2.194816062369836e-05,5161.077374384515,19.890415409977564,1.147923005193829,0.0834308114875364
-0.552,-2.966,-0.552,-2.966,1.8117653902469183e-06,2.0999128058589527e-05,269.87527494630365,20.06185304027207,1.1442198550759894,0.0576286604205372,-0.552,-2.966,2.0863017250292985e-06,2.3312308185365048e-05,5824.650781175864,20.80952604785077,1.1639612443602931,0.0856642169761707
-0.629,-2.834,-0.629,-2.834,1.929950518796592e-06,2.1982287772083507e-05,307.031761108317,20.41472965426261,1.1518940131979645,0.0578719369058386,-0.629,-2.834,2.396432677874389e-06,2.6097896589114968e-05,6919.773330468022,21.351582785642663,1.1693079927510552,0.0750327020240443
0.183,-3.601,0.183,-3.601,1.3952983780006463e-06,1.5632272250616567e-05,175.09891543288387,20.754645837468328,1.1572628550829436,0.0627927420507309,0.183,-3.601,1.788197016771144e-06,1.7887784084060954e-05,3175.1795293195287,23.24497960869589,1.196672439187691,0.0919003472574136
0.107,-3.467,0.107,-3.467,1.436459260602473e-06,1.5988634773149476e-05,185.27295068970187,20.89066568024424,1.1564733459167122,0.0746322947668606,0.107,-3.467,1.8476087150111815e-06,1.9665963168373016e-05,3750.841866053043,21.845657892596886,1.1879393808929994,0.0812312249408005
0.03,-3.333,0.03,-3.333,1.662134471179216e-06,1.812646142922648e-05,163.10381521772933,21.32178072905919,1.1653419527467097,0.0679591654867633,0.03,-3.333,2.162312591754333e-06,2.1600964057898392e-05,4533.421212151207,23.276393503625314,1.196023787731048,0.0854432996903537
-0.046,-3.199,-0.046,-3.199,1.6950397971859709e-06,1.848389903123621e-05,149.78403669406708,21.32341009261403,1.1613814083640626,0.0632007114696219,-0.046,-3.199,2.0244668111667184e-06,2.1332048736660136e-05,4832.727515472113,22.06726151296626,1.175683100706087,0.0813841049920457
-0.123,-3.066,-0.123,-3.066,1.4933717359034892e-06,1.7705179139544182e-05,96.07570433517031,19.61272548982632,1.1378617842900378,0.0590520811762516,-0.123,-3.066,2.247429015278657e-06,2.345879632757257e-05,5628.782008343899,22.276687183913104,1.1815579196503183,0.0773716983321912
-0.2,-2.932,-0.2,-2.932,1.6997919389668792e-06,1.987828971670288e-05,170.92470522922648,19.88323735699142,1.1393521479016526,0.0603509400915221,-0.2,-2.932,2.5000953987844296e-06,2.481938088691062e-05,6142.350377767807,23.42264760470153,1.1833261730121232,0.0807817819067973
-0.277,-2.799,-0.277,-2.799,1.9366747887482884e-06,2.286088457580683e-05,288.51301234858533,19.698538957536428,1.1417873258953488,0.061546188540315,-0.277,-2.799,2.3854367247763835e-06,2.591532492654676e-05,7027.286746790092,21.40334196243866,1.16411634356236,0.0796925171845789
-0.355,-2.666,-0.355,-2.666,2.121299695448452e-06,2.343674209449584e-05,215.77004938024487,21.0462699344498,1.1510395157400706,0.0660978315671977,-0.355,-2.666,2.5732088434468685e-06,2.8883489481635045e-05,8586.718737421674,20.71551443149936,1.1495670391289492,0.0807572175440857
-0.432,-2.533,-0.432,-2.533,1.933048948655608e-06,2.1026308097406093e-05,64.82309744675139,21.37716823715141,1.1527286479322532,0.0591040029486449,-0.432,-2.533,2.92412993285602e-06,3.145794279767978e-05,10008.069682622436,21.614077066935145,1.1623289452323826,0.0815858594667594
0.444,-3.453,0.444,-3.453,1.5296496169877896e-06,1.715895434889678e-05,209.31337528616552,20.72867255015851,1.1556399053479622,0.0557486483355741,0.444,-3.453,1.913742705058667e-06,1.9371916887476016e-05,3774.050740229391,22.97107388585653,1.1958167647688993,0.0835998751045239
0.367,-3.319,0.367,-3.319,1.6064784956064769e-06,1.7892972169491198e-05,194.69998383880636,20.876744569496985,1.1568350180316531,0.0688461481743745,0.367,-3.319,1.8780105501166635e-06,2.043995313119972e-05,4232.354640074525,21.364290745421183,1.175050316987143,0.0868231144394854
0.291,-3.185,0.291,-3.185,1.4034899227446962e-06,1.7172813089057235e-05,156.31184057667443,19.00370163535288,1.1347616492459855,0.0689308544417452,0.291,-3.185,2.038284662203763e-06,2.224621494085795e-05,4949.235597406823,21.30487816870833,1.1685557484322269,0.0860170555473667
0.214,-3.05,0.214,-3.05,1.757320419712941e-06,1.972633863247026e-05,222.0896613901465,20.714517360738224,1.1454330973782236,0.0700586011185796,0.214,-3.05,1.966642833131635e-06,2.1920000554930746e-05,5149.615258288512,20.861968271322965,1.1580072184370838,0.0887355458980955
0.137,-2.917,0.137,-2.917,2.0476822742362267e-06,2.1741654119124115e-05,204.81091003858265,21.89980944658125,1.1506607813035148,0.0616375542388008,0.137,-2.917,2.3048636060927675e-06,2.41217267658551e-05,6229.439478345903,22.2181136652961,1.1702410182057292,0.0791970415834441
0.059,-2.783,0.059,-2.783,2.04909064875759e-06,2.1799588690725496e-05,199.35893284523573,21.85663095901897,1.1562051982802013,0.065767846382182,0.059,-2.783,2.556228639719124e-06,2.7119170841674126e-05,7339.158435655129,21.917632307897364,1.1668582784658166,0.0876642502682111
-0.018,-2.649,-0.018,-2.649,2.1122635838503303e-06,2.367462317949508e-05,303.1044577164437,20.74604827166756,1.1499457012899437,0.0539352232451747,-0.018,-2.649,2.834035543305789e-06,2.953775067054885e-05,8639.49229694064,22.30993063466139,1.1727549869809266,0.0840463199879939
-0.096,-2.516,-0.096,-2.516,1.9522770724249363e-06,2.4197614648241916e-05,253.3587044129521,18.760276946016724,1.116645437457508,0.0714502481387984,-0.096,-2.516,2.9027145118278887e-06,3.063661933514108e-05,9385.823949822823,22.030980764383816,1.1671176059714548,0.076014224232557
-0.174,-2.382,-0.174,-2.382,1.8490306232235693e-06,2.2868764014303156e-05,108.3140184511462,18.80060212137447,1.1107842595757464,0.0631791303503939,-0.174,-2.382,2.869921944111604e-06,3.228693942477528e-05,10861.276940594902,20.66871865667718,1.1495789030320387,0.0846365953225419
0.65,-3.166,0.65,-3.166,1.7711908553713723e-06,1.9833923855137826e-05,287.8597235801172,20.764767238365668,1.1542502105712171,0.0571778512052274,0.65,-3.166,2.068071094218836e-06,2.1973344279832817e-05,4722.055374663966,21.884652335413293,1.1825588942858771,0.0741268250355056
0.574,-3.031,0.574,-3.031,1.861943530791483e-06,2.0344340078390027e-05,300.9958766041093,21.281059508752055,1.1579798895257605,0.0634151271897559,0.574,-3.031,2.1612640701641023e-06,2.3307302094170536e-05,5447.549877219666,21.561857720217876,1.1667726521589907,0.0922495557947608
0.496,-2.897,0.496,-2.897,1.8490054641037432e-06,2.1133029892841565e-05,310.8580349757235,20.34448847547703,1.1401445839350324,0.0649968047892326,0.496,-2.897,2.116588969014141e-06,2.403951808886723e-05,6125.791868349569,20.4729826641952,1.149608987234692,0.0824027677262459
0.419,-2.762,0.419,-2.762,1.939290745399426e-06,2.268911422420228e-05,263.02349405916,19.87447800991433,1.1337078234285554,0.0712576290044035,0.419,-2.762,2.280934279196254e-06,2.52524026397601e-05,7006.33540756656,21.002955600628617,1.153188637869771,0.0758865524885216
0.341,-2.628,0.341,-2.628,2.331144731633836e-06,2.63287025460724e-05,411.2953793853269,20.58780886098426,1.1459724404142164,0.0562359483237358,0.341,-2.628,2.6385252549959944e-06,2.837271548515307e-05,8182.998303698553,21.623734478067814,1.159116231802271,0.073443579779616
0.264,-2.494,0.264,-2.494,2.441513106203169e-06,2.667476002518338e-05,409.964293085208,21.2828060075626,1.1412927570628677,0.0602273586269479,0.264,-2.494,3.043046502212625e-06,3.0610961128441165e-05,9706.345136473268,23.11542968340489,1.169185769558507,0.0840886273497786
0.186,-2.36,0.186,-2.36,2.363436411396329e-06,2.7615937759487575e-05,482.90744352678126,19.90006405747037,1.1261127223254532,0.0558088502522988,0.186,-2.36,3.158233872219379e-06,3.427963317732552e-05,11699.07924680991,21.422910267189085,1.1537216044957856,0.0794889427665174
-1.245,-4.244,-1.245,-4.244,1.1581213381054275e-06,1.1439253607951686e-05,61.99553004203237,23.54109839925217,1.2108892570017742,0.0608397342359713,-1.245,-4.244,1.3765276098554958e-06,1.2982456663813723e-05,1680.6349224884432,24.654624516913834,1.230637140325798,0.0834778112953073
-1.321,-4.111,-1.321,-4.111,1.2513416508478428e-06,1.2447707930139084e-05,88.90497086688768,23.37528196491192,1.2068184077784003,0.064303308225967,-1.321,-4.111,1.341909940480695e-06,1.3241746571618082e-05,1851.7018425877584,23.56396916536801,1.2117030463581706,0.0783685931578519
-1.397,-3.978,-1.397,-3.978,1.223845164455347e-06,1.2852354174968193e-05,110.64819109390577,22.141861956694196,1.1852589514019825,0.0580950002738428,-1.397,-3.978,1.7491392936636935e-06,1.5081720776066658e-05,2281.242100603649,26.96769624158013,1.2529684411430149,0.0742062267155711
-1.473,-3.845,-1.473,-3.845,1.2572531324422044e-06,1.2991870407150857e-05,119.935712820211,22.502014181031143,1.1911439985257155,0.0681993380563162,-1.473,-3.845,1.7048460155443348e-06,1.6146591966657507e-05,2543.164541893958,24.55130807432397,1.2322096507343254,0.074013945507614
-1.55,-3.711,-1.55,-3.711,1.2878745211110644e-06,1.4003342030369675e-05,129.82096684974607,21.385145151591654,1.1747349681703725,0.0714784638372024,-1.55,-3.711,1.6628847219684796e-06,1.6285608243563593e-05,2800.4318862307464,23.7426126521429,1.2187935091490338,0.0803350105174435
-1.627,-3.579,-1.627,-3.579,1.592081805233247e-06,1.8717852783052972e-05,189.13056346259785,19.777878268399103,1.099853766513127,0.0549921685246743,-1.627,-3.579,1.6637492388658165e-06,1.7059866037206592e-05,3111.2618972412024,22.67684339377447,1.202652079109496,0.0844975774749304
-1.704,-3.446,-1.704,-3.446,1.4377830715480057e-06,1.536663604927185e-05,113.60912841752292,21.75629345875045,1.166844973667186,0.0667533474774302,-1.704,-3.446,1.7821001922288195e-06,1.7971800671289938e-05,3526.372009567146,23.057428549543143,1.2026968058267216,0.075472258849246
-0.892,-4.213,-0.892,-4.213,1.123379795021304e-06,1.1772398182044008e-05,107.28090082361672,22.18870790258186,1.1906800418629426,0.08053463230181,-0.892,-4.213,1.3871597794111508e-06,1.296068739229851e-05,1740.6454243297364,24.886785227508582,1.2334934250925074,0.0864309876753648
-0.968,-4.08,-0.968,-4.08,1.2025992157842506e-06,1.2360552142504974e-05,89.47248611697039,22.62316655611879,1.1955085098495664,0.0631762755315591,-0.968,-4.08,1.440540792176018e-06,1.3435039600350174e-05,1923.6739038244848,24.931990774894963,1.2258145625883234,0.0880731649255104
-1.044,-3.946,-1.044,-3.946,1.2597657288489629e-06,1.293721853782522e-05,86.0842427860719,22.642231303211645,1.183286309925201,0.0646546642774424,-1.044,-3.946,1.5661396725206375e-06,1.52535091304983e-05,2299.4910686348903,23.87432338471814,1.2128414412678046,0.0859702110403184
-1.121,-3.812,-1.121,-3.812,1.191053224756051e-06,1.3179876765638866e-05,67.76280619193237,21.013101936599465,1.1616619750467272,0.0717352212172603,-1.121,-3.812,1.7245244208662771e-06,1.6227147339815884e-05,2658.854484967193,24.71140945734491,1.2226731079540072,0.0747425869250188
-1.198,-3.678,-1.198,-3.678,1.1907701325241749e-06,1.3845168423688752e-05,93.74277167703904,19.99862041316587,1.1512363709591766,0.0652306280175042,-1.198,-3.678,1.7893306931925628e-06,1.72019003364022e-05,3105.781268763197,24.187140761985624,1.219777289853624,0.0819347718802266
-1.275,-3.545,-1.275,-3.545,1.3873797602867726e-06,1.5342001771569673e-05,134.04775413819,21.027307874890884,1.168725354879774,0.070351094446742,-1.275,-3.545,1.8882197806431927e-06,1.8518416011702884e-05,3476.278725808604,23.70931759848269,1.212307647325377,0.0820094008560802
-1.352,-3.412,-1.352,-3.412,1.6433292436380929e-06,1.7631363635213088e-05,204.1201993591729,21.672500855106875,1.1822377129808257,0.0686015648784092,-1.352,-3.412,1.9387599433634894e-06,1.833009666952939e-05,3607.528176067867,24.594026147278807,1.209872644295468,0.0746277991209974
-1.429,-3.278,-1.429,-3.278,1.5785116957373178e-06,1.744505838204159e-05,157.41719709103558,21.03999946541867,1.1646001838994846,0.0727562896798,-1.429,-3.278,1.9581818061243737e-06,2.0159560776801407e-05,4373.196058274637,22.58615441449281,1.1994231189189637,0.0729751018614969
-1.507,-3.145,-1.507,-3.145,1.7584068238586695e-06,1.797761334741207e-05,176.9373495031781,22.743519548046,1.1743757907714911,0.0580925900122295,-1.507,-3.145,2.002957381176329e-06,2.092784298375195e-05,4876.732174684497,22.2544870120566,1.1839270175171035,0.0889071495556778
-0.631,-4.066,-0.631,-4.066,1.1341949030870984e-06,1.2298210542272305e-05,91.57082948060038,21.44450940178872,1.1808309236569707,0.0685614371774064,-0.631,-4.066,1.4054264426703636e-06,1.4266528207624668e-05,2079.844155849933,22.90657554830306,1.2048753194359452,0.0860488391843294
-0.707,-3.932,-0.707,-3.932,1.3252372613736322e-06,1.2898325658806051e-05,72.70314611851215,23.89079754623933,1.1970252710032652,0.0628284228213246,-0.707,-3.932,1.8718142016958837e-06,1.5795127245042052e-05,2475.759558342779,27.55560538036521,1.2468510814438063,0.0798348569082314
-0.784,-3.797,-0.784,-3.797,1.301162856907891e-06,1.3699518913078116e-05,90.03037369395003,22.08496364500299,1.179955977679272,0.0604095165646706,-0.784,-3.797,1.5964268461698996e-06,1.6091357094761474e-05,2674.746739654317,23.06888995518061,1.2079411319691558,0.0768517802817063
-0.861,-3.663,-0.861,-3.663,1.5333705279167083e-06,1.595774063949837e-05,158.18795304539702,22.34323518933958,1.1789881151157102,0.0637736913904513,-0.861,-3.663,1.7252659984459757e-06,1.7067136562451944e-05,3056.620592169801,23.505297234447287,1.198496825891476,0.0895874467981705
-0.938,-3.529,-0.938,-3.529,1.754539177255346e-06,1.6430144452009446e-05,114.66047126178648,24.83087570051963,1.2075782075387838,0.0547465184027966,-0.938,-3.529,1.771811975313878e-06,1.8193478472196485e-05,3431.026177411092,22.64499551587206,1.196255866584348,0.079726548095934
-1.015,-3.395,-1.015,-3.395,1.5664380768251086e-06,1.6750761462462617e-05,135.8003986672432,21.744479922381974,1.1681050468113567,0.066370434909693,-1.015,-3.395,1.774956880443855e-06,1.9161675427477923e-05,3849.50018842449,21.53895729096644,1.1800040622500196,0.0843203515788766
-1.092,-3.262,-1.092,-3.262,1.611974161379153e-06,1.7939126618896332e-05,166.52047003353306,20.89426644127457,1.159874075930816,0.0596405160751711,-1.092,-3.262,1.988506538281872e-06,2.0338421666166408e-05,4466.0763196624575,22.734223424218005,1.1885239663303402,0.0773176466067366
-1.17,-3.128,-1.17,-3.128,2.0035208390854155e-06,2.03409829689237e-05,242.6378567191177,22.902994847586484,1.186636554065379,0.0721367967964127,-1.17,-3.128,2.1019852582314226e-06,2.227334021818428e-05,5191.81536260311,21.94394280430842,1.1780172873408128,0.0726384655805671
-1.248,-2.995,-1.248,-2.995,1.6633146581408616e-06,1.9147395304789822e-05,216.7715853772209,20.19924137164927,1.1442718918100625,0.075192862296041,-1.248,-2.995,2.247491706005817e-06,2.2888562993928155e-05,5638.109310916919,22.832313449461303,1.1885503896161604,0.0846188580275076
-0.424,-3.779,-0.424,-3.779,1.291596416335931e-06,1.382412496089438e-05,125.52446327356118,21.7249871400602,1.1763690516700247,0.0654213601871892,-0.424,-3.779,1.5030382691802114e-06,1.5730649263607714e-05,2671.723832916401,22.21742577818213,1.1880997854899722,0.0802717721158847
-0.501,-3.644,-0.501,-3.644,1.457209382752765e-06,1.5658248148344993e-05,117.66786114201152,21.63959533584779,1.1766411749514816,0.0659287461615776,-0.501,-3.644,1.7775737576899563e-06,1.7727492595574938e-05,3219.691885248945,23.315818454423525,1.2074129682212205,0.0805533086230181
-0.578,-3.51,-0.578,-3.51,1.292308303712176e-06,1.5142139084084133e-05,91.7860591605701,19.844915385221,1.1518240444438463,0.0754728604571267,-0.578,-3.51,1.6371931748612165e-06,1.6969329641857796e-05,3222.785493290159,22.43394169488791,1.1863607456595646,0.0828350720031364
-0.655,-3.375,-0.655,-3.375,1.5936187195686294e-06,1.7094802496418827e-05,176.569440544917,21.67657599109508,1.168706806251212,0.0596468328889961,-0.655,-3.375,1.882152010968028e-06,1.9303488008020605e-05,3940.4413554834086,22.671969752843925,1.1925924986019192,0.0868203231439562
-0.732,-3.241,-0.732,-3.241,1.761996529040007e-06,1.8997539744790466e-05,253.34958115632003,21.566418790547782,1.1653991777952295,0.0623813382920792,-0.732,-3.241,2.150696131229485e-06,2.1229827615775573e-05,4719.304026629295,23.556075287888536,1.1954865530494283,0.0762952753270241
-0.81,-3.107,-0.81,-3.107,1.638633644078358e-06,1.857080015009464e-05,198.95958947067044,20.517365668015877,1.1496970811162892,0.0624083084557749,-0.81,-3.107,2.2467572100259224e-06,2.2302614220990517e-05,5221.712679200225,23.424521025098617,1.1937830046329194,0.0769421357400537
-0.888,-2.973,-0.888,-2.973,1.8628529804503931e-06,2.053548436693434e-05,217.50894662888408,21.093273197494877,1.1591224266122857,0.0609183897670966,-0.888,-2.973,2.7326621403555963e-06,2.484563153522229e-05,6068.207491399523,25.57444673707118,1.209376214456456,0.0748833672128632
-2.316,-4.856,-2.316,-4.856,8.788984120462562e-07,8.000698218060462e-06,37.55954790472115,25.543543140332687,1.230368356516214,0.0750970099520372,-2.316,-4.856,1.0838532203973722e-06,9.653029516145652e-06,910.9669272359828,26.108215321423447,1.259398073230356,0.0842321551609034
-2.392,-4.723,-2.392,-4.723,8.184472014372892e-07,8.544991533043294e-06,42.80519232749856,22.27149542791413,1.2093449418420934,0.0633709157715696,-2.392,-4.723,1.1415171845031616e-06,9.851400808746786e-06,978.168105780024,26.94354975105465,1.2628619224757862,0.0911958548316036
-2.468,-4.589,-2.468,-4.589,9.074325665526872e-07,9.10948123168468e-06,52.74030273522641,23.162800340281144,1.2112508366985557,0.0555940002272536,-2.468,-4.589,1.2876788844767684e-06,1.1056517036847312e-05,1184.430760029696,27.080681054246185,1.2775978343366905,0.0810878449123968
-2.544,-4.456,-2.544,-4.456,9.838136930039167e-07,9.615945063467623e-06,68.05901195593671,23.78982443162014,1.211759058684711,0.0571545320011355,-2.544,-4.456,1.34264489911396e-06,1.1547184989235742e-05,1334.3894812145747,27.03680634975164,1.2627417287752751,0.0855074729833403
-2.621,-4.323,-2.621,-4.323,1.013457793822987e-06,1.057070742172053e-05,81.43110423597166,22.293176886733985,1.208381850245068,0.0589916118340603,-2.621,-4.323,1.2842828663849064e-06,1.1966469763617756e-05,1476.6250384221566,24.955426034166845,1.2469834237515016,0.0808367266348797
-2.697,-4.19,-2.697,-4.19,1.1119535896785636e-06,1.1230915999123946e-05,89.163782258068,23.02193533886199,1.209765805971741,0.0736378461658655,-2.697,-4.19,1.3417420304747654e-06,1.2090365385584954e-05,1558.5790367471132,25.804767235954305,1.2473772961514338,0.0770318853721677
-2.774,-4.057,-2.774,-4.057,1.098890783042238e-06,1.1565470689485325e-05,92.2437521354267,22.09334966277814,1.199162408030527,0.060238355547011,-2.774,-4.057,1.3258481521315995e-06,1.2423641856074636e-05,1723.6151527683307,24.815053280847565,1.239822224829719,0.079203613286817
-1.963,-4.826,-1.963,-4.826,9.067605341514354e-07,8.686478481964932e-06,47.5554242674995,24.2727626421697,1.230117655420612,0.0613751658218367,-1.963,-4.826,1.0984171073112175e-06,9.897606963145092e-06,948.9610251974972,25.80521203589559,1.262985920295826,0.0796446012634722
-2.039,-4.692,-2.039,-4.692,9.417624163745204e-07,9.092348103013912e-06,51.7713770990116,24.08438981742109,1.2236920398844242,0.0683061613480959,-2.039,-4.692,1.2527494842746115e-06,1.0402235846739688e-05,1077.3744269837534,28.003214305724747,1.2803565227200284,0.0834380596209269
-2.115,-4.558,-2.115,-4.558,9.675118670045545e-07,9.830104641860112e-06,65.10957565633466,22.885926940547257,1.2129776449392706,0.0632277744125764,-2.115,-4.558,1.1394119247207527e-06,1.0704384340697788e-05,1186.8506925651975,24.750809860870287,1.242290974779492,0.0811270916027472
-2.191,-4.424,-2.191,-4.424,9.080680920336392e-07,9.680261481763666e-06,62.96417801021308,21.81231066636065,1.191435627346081,0.0769605582967371,-2.191,-4.424,1.2459583298300897e-06,1.108816260148e-05,1309.189930219091,26.128488043972304,1.2470694036517334,0.0832581293054694
-2.268,-4.29,-2.268,-4.29,1.146940412001874e-06,1.1422223617931225e-05,89.427653203803,23.34858384143216,1.2099258921752205,0.0668251877890513,-2.268,-4.29,1.2580163626200069e-06,1.1647071082143308e-05,1475.5707709913474,25.115389135832725,1.2343330120609717,0.0860568213240095
-2.345,-4.157,-2.345,-4.157,1.3344154670645102e-06,1.2104566343769126e-05,96.23947639144686,25.633752079930886,1.2430016821912475,0.0603676127781596,-2.345,-4.157,1.3692049344620207e-06,1.2458859267964495e-05,1661.7072589191405,25.55409606023995,1.2469182601215547,0.083389960740024
-2.422,-4.023,-2.422,-4.023,1.1523218396591112e-06,1.1470530369226334e-05,91.7460031917447,23.359343957174666,1.2083235412573494,0.0638157729366573,-2.422,-4.023,1.3911947310980034e-06,1.3682571060296903e-05,1962.2786972436477,23.64234548820266,1.2264144291330492,0.0810671346564504
-2.499,-3.89,-2.499,-3.89,1.2211092726697212e-06,1.2802265351502324e-05,106.95433840947156,22.17880038492987,1.1954244617736547,0.0679607010131563,-2.499,-3.89,1.51252011410917e-06,1.435555709997488e-05,2198.371616134554,24.499174746442552,1.239856601234438,0.0726222983712995
-2.576,-3.757,-2.576,-3.757,1.457627417291409e-06,1.4050353937619989e-05,104.64403120625082,24.12290528336924,1.2164051197775838,0.0571394655693024,-2.576,-3.757,1.5912648668422565e-06,1.5141380422904988e-05,2443.373601935089,24.436969718174375,1.234172919976006,0.0830142750485213
-1.701,-4.679,-1.701,-4.679,1.0559282747569158e-06,9.75163773900365e-06,75.85615802189025,25.17834658278973,1.240508063273487,0.0550987431965843,-1.701,-4.679,1.1393230576098029e-06,1.0545120104861047e-05,1128.6817143108997,25.122664796785607,1.25359166502927,0.0816079397130979
-1.777,-4.544,-1.777,-4.544,1.0394006902240105e-06,9.80034587474078e-06,70.34826258978649,24.6610716695162,1.2238354674945715,0.0677657346033509,-1.777,-4.544,1.2176830743979757e-06,1.083419003652463e-05,1201.9949663214106,26.134137275065328,1.257369302841231,0.079670530404984
-1.854,-4.41,-1.854,-4.41,1.0387011503024736e-06,1.0477066260854003e-05,82.37621552189769,23.052671922584405,1.214576177969488,0.0565074643841222,-1.854,-4.41,1.4829110203416812e-06,1.2280667091679354e-05,1500.9325715933214,28.0778262175841,1.2697458273953175,0.0783987845312057
-1.931,-4.276,-1.931,-4.276,1.0116213413223604e-06,1.070566672579553e-05,82.3124375615411,21.97225400291373,1.1995121200014875,0.0648926338696909,-1.931,-4.276,1.2346363686012862e-06,1.2249224419053462e-05,1576.3438207471183,23.43693534351084,1.2187470368497964,0.0844024495779891
-2.008,-4.142,-2.008,-4.142,1.2444796259028304e-06,1.1811310846693423e-05,91.706813744319,24.49965897416444,1.2230641555217618,0.0654962560914663,-2.008,-4.142,1.5358476895008856e-06,1.3620471986695592e-05,1879.1693654746043,26.219616725921256,1.260406602965333,0.0725334413689148
-2.085,-4.008,-2.085,-4.008,1.260787693417686e-06,1.2145557953437902e-05,89.65364304527242,24.13764179207762,1.2169758702759423,0.0613886774424083,-2.085,-4.008,1.5235109963487262e-06,1.4077528025798887e-05,2006.496923166644,25.1645715288503,1.2378300028409284,0.0733574353135806
-2.162,-3.874,-2.162,-3.874,1.2417153727111589e-06,1.2971306171036928e-05,96.94369808580836,22.259156092177573,1.1962833032808624,0.0669696941702045,-2.162,-3.874,1.5351554053562702e-06,1.46351524309002e-05,2287.8179147413634,24.39076621678832,1.226136403585805,0.0845759393777329
-2.239,-3.74,-2.239,-3.74,1.3900284590321735e-06,1.40168331456057e-05,131.57804507384722,23.05919468192842,1.2054748800162196,0.0513794645845395,-2.239,-3.74,1.673256164076289e-06,1.631612187354554e-05,2704.051303857235,23.846016521556116,1.227666823149382,0.079265007674708
-2.317,-3.606,-2.317,-3.606,1.3604382480904383e-06,1.4991883182793787e-05,119.69581456903182,21.100511901608677,1.179321364301868,0.06257344977954,-2.317,-3.606,1.8075194564929195e-06,1.7483562031457858e-05,2961.264733633164,24.03938814093028,1.2236435113808732,0.0796962923656359
-1.493,-4.392,-1.493,-4.392,1.115968472966998e-06,1.1022806396734842e-05,67.91896875592906,23.541281123697757,1.2073015066927677,0.0620443471791587,-1.493,-4.392,1.1943738617533643e-06,1.1499784815081485e-05,1410.5772714074349,24.150210704514283,1.226120066288232,0.0904257399956993
-1.57,-4.257,-1.57,-4.257,1.2242748835822438e-06,1.1670702476564713e-05,97.36371628631312,24.392273998253646,1.216507477313156,0.0664800784736222,-1.57,-4.257,1.4309331795599774e-06,1.325945557555207e-05,1747.5970580718426,25.09365997602208,1.2408763209953952,0.0783601883948597
-1.647,-4.123,-1.647,-4.123,1.1028936198571064e-06,1.1850104036684744e-05,78.01194897742397,21.64122342574964,1.1831725594829787,0.061327327394905,-1.647,-4.123,1.5309591679698e-06,1.3868143455895665e-05,1912.2958933417908,25.66939482293281,1.237756788861699,0.0827054487756592
-1.724,-3.988,-1.724,-3.988,1.3106628592978702e-06,1.3186754738985248e-05,122.5801835124694,23.11124873178524,1.2036865974783253,0.0661556678329894,-1.724,-3.988,1.457376532725396e-06,1.4185642310355738e-05,2089.460516792488,23.888732902889437,1.2209883374143058,0.0770403058183982
-1.802,-3.854,-1.802,-3.854,1.2201486525697955e-06,1.3168771685268612e-05,107.05173914726844,21.54456967898583,1.184885559851213,0.0679551673908945,-1.802,-3.854,1.607427010837545e-06,1.501517256092704e-05,2347.676151791355,24.892658536674592,1.225135204325836,0.0845192932746729
-1.879,-3.719,-1.879,-3.719,1.37849118099509e-06,1.4136020654085275e-05,94.92969967702793,22.674993359620053,1.2024662902258794,0.0606475082582931,-1.879,-3.719,1.694774939523843e-06,1.621541572253079e-05,2777.341426801581,24.302687009102492,1.2235768947192145,0.0822449710909952
-1.957,-3.585,-1.957,-3.585,1.655306852878494e-06,1.532579534757484e-05,109.41851202490484,25.114575313988382,1.2090884352554836,0.0560377062311105,-1.957,-3.585,1.8590134485493347e-06,1.81103360397422e-05,3231.1631666623557,23.86856833926165,1.2205322361596247,0.0744850569241591
-3.389,-5.467,-3.389,-5.467,6.755766802955384e-07,6.006457315817798e-06,33.14166291180438,26.15330644074087,1.260799856127494,0.0687266074672506,-3.389,-5.467,7.66730159160368e-07,6.331903073922628e-06,422.86818822835016,28.15649786352345,1.293642248883472,0.0854516529485796
-3.464,-5.333,-3.464,-5.333,6.850545660532166e-07,6.3551645249055225e-06,39.48967749613708,25.06505804684979,1.250456737795544,0.0647792402488152,-3.464,-5.333,9.111680802303996e-07,7.187451388730307e-06,496.845028374411,29.477722383241915,1.315814490173231,0.0826508699726589
-3.54,-5.2,-3.54,-5.2,7.412678460498341e-07,6.661641739825773e-06,40.09196846370212,25.874039505624197,1.2523422906151098,0.0661923973282043,-3.54,-5.2,8.334465817708235e-07,7.221255765941192e-06,546.0552139581589,26.83708798453885,1.278988547180725,0.0809060388334275
-3.616,-5.066,-3.616,-5.066,7.792618438805657e-07,7.158980398673671e-06,41.48697532073263,25.31060848498372,1.2605790389059477,0.0573807738789355,-3.616,-5.066,8.39116886425836e-07,7.426940654450685e-06,587.2464703519147,26.271378098456637,1.27494324225101,0.0885302028948853
-3.693,-4.933,-3.693,-4.933,7.645595097289738e-07,7.297498415955576e-06,45.77060365498651,24.361702349674843,1.2381572350674666,0.0593356012128962,-3.693,-4.933,1.048629965072302e-06,8.592903140294094e-06,714.065325198584,28.376099274960104,1.2984238286621854,0.0825379589510526
-3.769,-4.8,-3.769,-4.8,8.392428621213896e-07,7.72167354947396e-06,50.771486895004415,25.272404659818967,1.2434373740668534,0.0588451528725212,-3.769,-4.8,1.0083767865149596e-06,8.535472029573071e-06,760.63928140566,27.470441756968288,1.2883909988685784,0.0945270134383895
-3.846,-4.667,-3.846,-4.667,1.0196210350786867e-06,7.903338922449713e-06,55.209057232760166,29.99843011435317,1.280736209764616,0.0636884079736056,-3.846,-4.667,9.90589247904697e-07,8.712769284521148e-06,826.8200620048033,26.436730470535075,1.27391170108012,0.0792866686389857
-3.035,-5.437,-3.035,-5.437,7.09244688458069e-07,6.515821042798408e-06,35.264633970716496,25.310299935841982,1.2571844699826582,0.0679018645020035,-3.035,-5.437,9.876843286780533e-07,7.362017756845864e-06,494.783759900449,31.19547838497016,1.324843056728846,0.0824737069096576
-3.111,-5.303,-3.111,-5.303,7.736852002871075e-07,6.748353291714757e-06,39.27028481621589,26.65856856043539,1.2683238925993838,0.0681723296678742,-3.111,-5.303,9.69396051411464e-07,7.507351554974841e-06,557.3754455886059,30.02512612880625,1.323604885103297,0.0694230773656911
-3.187,-5.169,-3.187,-5.169,6.756966185225755e-07,6.493186063471393e-06,38.36023945847735,24.197151590733345,1.2281744209016328,0.056271158240552,-3.187,-5.169,9.043971861434704e-07,7.456434617776553e-06,571.6876652938927,28.203196674361443,1.2931242890501753,0.0743018134932107
-3.263,-5.035,-3.263,-5.035,7.792339634249835e-07,7.167637037169136e-06,44.27630441571835,25.279135392821445,1.2497485424579982,0.0638280885858278,-3.263,-5.035,9.495791579651173e-07,8.288424945035505e-06,685.0620732795305,26.639711196998235,1.2785072223194525,0.0771443028160608
-3.34,-4.901,-3.34,-4.901,8.922569320103849e-07,7.83786636700264e-06,51.92162865108295,26.470516999548384,1.2607074602324309,0.0556756531067573,-3.34,-4.901,9.595692048250647e-07,8.514941258601066e-06,760.3443103619592,26.20384326777846,1.2694826628536704,0.0764830707926483
-3.416,-4.767,-3.416,-4.767,9.475880099331836e-07,8.593015108918745e-06,59.78677786115873,25.64155323647728,1.252738044917706,0.0575409443840442,-3.416,-4.767,1.0746807145374265e-06,9.294382490656504e-06,876.9498836608269,26.88618991383785,1.2728513885591966,0.0774899941144198
-3.493,-4.634,-3.493,-4.634,9.88313106340257e-07,8.451828598167362e-06,58.7467508754162,27.19031389408454,1.2465437090794746,0.0696161251463113,-3.493,-4.634,1.351431474828866e-06,1.0368688149106766e-05,1037.1134171316985,30.30683358446432,1.3034360768165942,0.0775048690018156
-3.57,-4.5,-3.57,-4.5,1.0685426223587515e-06,9.179561569830456e-06,65.60475540697249,27.067008453421003,1.2637312698331145,0.0663177520516709,-3.57,-4.5,1.0856001552977493e-06,9.469426727986174e-06,990.5129283112318,26.65732436081594,1.2608580063386163,0.0901269090629681
-3.648,-4.367,-3.648,-4.367,9.730410664705051e-07,9.293679286685816e-06,74.02398116856418,24.34522742113288,1.2337777032264703,0.0755598969935296,-3.648,-4.367,1.1362039162098093e-06,1.0299966414996173e-05,1123.1919443131287,25.650203843160604,1.25858919035095,0.0841927208791096
-2.773,-5.29,-2.773,-5.29,7.900445603499144e-07,6.599370531154077e-06,35.43923819120362,27.836807209405592,1.2553175828340035,0.0645009498838349,-2.773,-5.29,8.073439582139931e-07,7.1790807430089546e-06,523.0491934253174,26.1493025110814,1.2720581784445473,0.0816823631055628
-2.849,-5.156,-2.849,-5.156,8.878994290682826e-07,7.470126120466181e-06,40.70511736202474,27.637973119397092,1.2689825314269183,0.0686206807906999,-2.849,-5.156,9.811520227861563e-07,8.076862013977417e-06,635.7034747248894,28.246457417749674,1.284239435540239,0.0979314171286569
-2.926,-5.021,-2.926,-5.021,8.423010107770837e-07,7.764528914884843e-06,48.80198394398401,25.22449950198832,1.2459906931599585,0.0687249335780833,-2.926,-5.021,9.86574366348193e-07,8.522717372788692e-06,714.7544557816885,26.916716977192323,1.2806146359086277,0.0788047074995852
-3.002,-4.887,-3.002,-4.887,7.692128512667526e-07,7.605330076690857e-06,43.67926057558938,23.517914735399405,1.2208901540208268,0.0610093551803235,-3.002,-4.887,1.0443412255719288e-06,8.8413824314657e-06,798.3193738432448,27.465821516525192,1.283283583384212,0.07158464266537
-3.079,-4.753,-3.079,-4.753,8.392439081229964e-07,8.482044854651773e-06,63.96855194806306,23.00689340356604,1.2200217985746002,0.0623967708517742,-3.079,-4.753,1.0776954345404771e-06,9.616098901530636e-06,928.1814650777652,26.05958343726136,1.2717161871959537,0.0869046519859629
-3.156,-4.618,-3.156,-4.618,9.0255135189423e-07,8.850542711206582e-06,71.31828723170614,23.71222822909433,1.229008046179125,0.0633887975482584,-3.156,-4.618,1.175287332544995e-06,9.878823691380203e-06,991.2198095742974,27.66363006130032,1.2817006700041595,0.0744607813185947
-3.233,-4.484,-3.233,-4.484,9.920949704121732e-07,9.237133107538809e-06,72.62798251153094,24.97390145049805,1.229777528874633,0.0706283017560025,-3.233,-4.484,1.0064149518407545e-06,9.480316919994495e-06,1016.0540361820492,24.684513491940603,1.246243818826787,0.0782722776130367
-3.311,-4.351,-3.311,-4.351,1.0492906372124607e-06,9.892379725057812e-06,77.8480511382301,24.664105340208412,1.2418461832423318,0.0542498817887427,-3.311,-4.351,1.178343993133332e-06,1.0489728238955618e-05,1226.6123803537596,26.12030254144841,1.2549975732577543,0.0887249491792223
-3.388,-4.217,-3.388,-4.217,9.787281822812408e-07,9.665891760807763e-06,79.0655490942107,23.544556484161,1.2223415619291425,0.0681026574300634,-3.388,-4.217,1.242274695406974e-06,1.0818622152686003e-05,1356.9923313994636,26.70029338501787,1.2621773030541836,0.0857748621579427
-2.565,-5.004,-2.565,-5.004,8.442182729814759e-07,7.798413634383747e-06,43.55801294938665,25.172064096241424,1.2504738088945435,0.0558211084105652,-2.565,-5.004,1.097696556153004e-06,9.037004891583353e-06,792.4846484040477,28.24412545617086,1.285541493099509,0.0806159037329088
-2.641,-4.869,-2.641,-4.869,9.351315943950176e-07,8.515903571875498e-06,56.71323018331832,25.533617177194603,1.23961912948028,0.0586430838230447,-2.641,-4.869,9.28297157423912e-07,8.553035008875748e-06,790.0589550066287,25.236964597950877,1.2560279887955146,0.0827946170280207
-2.718,-4.734,-2.718,-4.734,8.629575986053482e-07,8.383784768155178e-06,50.559554495934165,23.934242357334558,1.228399091840585,0.0688303967763041,-2.718,-4.734,1.132936971868972e-06,9.515224072984074e-06,945.8088778319504,27.68580000366228,1.2721483614253164,0.0792577269380802
-2.795,-4.599,-2.795,-4.599,9.548002811669856e-07,9.37252473699876e-06,70.2833379192399,23.687885245194025,1.2228598930565764,0.0608646106944099,-2.795,-4.599,1.1244165099042037e-06,9.969498910512091e-06,1068.0544185690264,26.22552742467641,1.2599700857876426,0.0903715902288317
-2.873,-4.465,-2.873,-4.465,1.037356988814095e-06,9.715445978703589e-06,67.55641007688716,24.827663094567576,1.2332735493272793,0.075685939629668,-2.873,-4.465,1.2189274196914537e-06,1.0587219955533524e-05,1208.4288015662528,26.771102586059527,1.2572393027156474,0.0834055789457364
-2.95,-4.33,-2.95,-4.33,1.100805955538727e-06,1.044537581004546e-05,72.24430792311992,24.50513210909678,1.2329247375519918,0.0652317699062182,-2.95,-4.33,1.279589790129407e-06,1.1598730251057772e-05,1367.4187975776158,25.65255724845035,1.2586317475356916,0.0830612962243912
-3.028,-4.196,-3.028,-4.196,1.1471093520881417e-06,1.0617172752891871e-05,77.49452911975894,25.122698373969957,1.2325301362295502,0.0685994197407416,-3.028,-4.196,1.232073990546775e-06,1.1758708624994e-05,1529.7064506549812,24.36393926783709,1.2439243715559605,0.0767489123441509
-4.464,-6.075,-4.464,-6.075,4.907632198973553e-07,4.219556364164607e-06,17.6436312782457,27.04428862940215,1.2883677027043952,0.0681455651586671,-4.464,-6.075,6.568743314455247e-07,4.886691406440426e-06,215.0666556012122,31.25631137287596,1.3365958471146202,0.0855402891671378
-4.539,-5.942,-4.539,-5.942,5.565644992342889e-07,4.639456647026567e-06,18.47828750279241,27.89450942061171,1.30148671014047,0.0560365246484222,-4.539,-5.942,6.726253157075988e-07,5.129546575663584e-06,247.24990150712023,30.49050229849657,1.3313596041848743,0.072242180340146
-4.615,-5.808,-4.615,-5.808,5.788416009228682e-07,4.590038867079134e-06,19.58538496670021,29.323359213010477,1.304695961536949,0.063976485142837,-4.615,-5.808,6.60538303537154e-07,5.197957809133043e-06,265.9114352828365,29.548511222248084,1.3198746073207426,0.0868297853045876
-4.691,-5.675,-4.691,-5.675,5.771231018616587e-07,4.7792484315143615e-06,20.621562497501447,28.078842477179087,1.290406052819604,0.0685448890690842,-4.691,-5.675,6.386859307400347e-07,5.130482363885587e-06,274.46997989683354,28.94672917905737,1.314716709621034,0.089596369865735
-4.767,-5.541,-4.767,-5.541,5.981202948563508e-07,5.068804126902e-06,20.759626005659467,27.438058464068035,1.2839535303835,0.0689384162937141,-4.767,-5.541,6.221666874644608e-07,5.308458327629867e-06,303.0159173776149,27.252646895028985,1.298071302189967,0.083113490333965
-4.843,-5.408,-4.843,-5.408,6.410457841575453e-07,5.238134883365415e-06,20.96112136411227,28.45658095062135,1.2901259090038772,0.0702877212927941,-4.843,-5.408,7.782293542151964e-07,6.123316367703929e-06,366.1931920240748,29.55229798896988,1.319957126370935,0.0777823327235452
-4.92,-5.275,-4.92,-5.275,7.658389556951292e-07,5.8043422915455306e-06,25.926759035364935,30.679959763084213,1.314519254067926,0.0704329683405267,-4.92,-5.275,7.820225905992037e-07,6.337586677166742e-06,398.75246318058686,28.692324530250005,1.307795614990665,0.0740471315015341
-4.11,-6.046,-4.11,-6.046,5.309447124226682e-07,4.428899072236492e-06,19.41198085821131,27.87557690480016,1.28895023907688,0.057326760399258,-4.11,-6.046,6.275281013244102e-07,4.960384089151861e-06,235.22878308969075,29.416311819572694,1.32485796053575,0.0834920054783642
-4.185,-5.912,-4.185,-5.912,6.479165456906192e-07,4.858587252739512e-06,19.347037120814583,31.008403859421104,1.3205058965883998,0.0682991429068557,-4.185,-5.912,7.173697487050848e-07,5.3866547615196565e-06,266.5547951936343,30.96665276720642,1.3368348291425562,0.0803915016688722
-4.261,-5.778,-4.261,-5.778,5.570580515882668e-07,4.619667939726066e-06,19.34744513264379,28.03884008150653,1.2773792394118375,0.0715591525873429,-4.261,-5.778,7.116136293671154e-07,5.587465757725507e-06,303.56444344297904,29.614181269656584,1.3230948446274304,0.0795594746773228
-4.337,-5.644,-4.337,-5.644,5.813616020454442e-07,5.1040176496761616e-06,19.155436512820454,26.48527728107009,1.2720197112673477,0.0658365671936567,-4.337,-5.644,7.076320933343548e-07,5.653836370143332e-06,317.48111320527755,29.102790542296887,1.3162123342282357,0.0850499864356398
-4.414,-5.51,-4.414,-5.51,5.319664192390396e-07,4.94666632053459e-06,19.51752208646199,25.00586888904291,1.2573683073182478,0.0579519014681491,-4.414,-5.51,7.21557788468389e-07,5.839943081363531e-06,357.00381975488733,28.72981649693402,1.304963151442721,0.0925194733091941
-4.49,-5.376,-4.49,-5.376,7.23515783127483e-07,5.8208931543018215e-06,27.48563749782754,28.90205541601164,1.30789907623262,0.0547696824073837,-4.49,-5.376,8.051264737389218e-07,6.35526434232361e-06,406.7835406640881,29.457835679863784,1.316382277476016,0.0802407684145969
-4.567,-5.242,-4.567,-5.242,6.71704241394874e-07,5.799175869261282e-06,30.112159066062645,26.932840463818703,1.281234088798788,0.0679614118384232,-4.567,-5.242,8.490743463018452e-07,6.9257293403067815e-06,460.7178247344421,28.50693672928754,1.3100228247857049,0.0880154015399179
-4.644,-5.109,-4.644,-5.109,8.657952901422245e-07,6.7070237828084925e-06,32.58169933177902,30.01620067437483,1.317357777595479,0.0592950192060216,-4.644,-5.109,9.316136216939248e-07,7.163028731266129e-06,520.221960243459,30.241928650393334,1.3149441952227563,0.0802653285851724
-4.721,-4.975,-4.721,-4.975,6.246241912365708e-07,6.113608391389342e-06,33.08506071414976,23.7569963661537,1.2445906267522782,0.0724540710776636,-4.721,-4.975,9.70671665116974e-07,7.466856868551734e-06,564.758999898085,30.22768399823457,1.3302445453567506,0.070598083359789
-3.847,-5.9,-3.847,-5.9,6.009480298759298e-07,4.916239987699421e-06,20.17174767680241,28.42327967377724,1.2931964716655553,0.0711037741886194,-3.847,-5.9,6.36299515971398e-07,5.336958986130833e-06,273.6953431740897,27.72286276666849,1.2962645452526111,0.0903682416545664
-3.923,-5.765,-3.923,-5.765,6.193398830575185e-07,5.202512488698012e-06,24.04320759292629,27.681286095292307,1.2934334353552988,0.0564675541410586,-3.923,-5.765,6.81261903040699e-07,5.560190367364023e-06,306.063562598971,28.490153550591817,1.3005066052200778,0.0830556476561117
-3.999,-5.631,-3.999,-5.631,6.138996778265127e-07,5.310473290085494e-06,25.662788554098466,26.88032555142808,1.280438402887959,0.0660963753831815,-3.999,-5.631,7.892739205227213e-07,6.139964090587292e-06,366.94459949663695,29.890437331405977,1.3240237580764496,0.0758591282435849
-4.076,-5.496,-4.076,-5.496,7.519577321038435e-07,5.986410205745875e-06,30.376854976601035,29.2076963103136,1.2932707113365485,0.0665359168716969,-4.076,-5.496,7.203295171339895e-07,5.783348368083668e-06,366.54659760064135,28.961576956990537,1.2988492358505317,0.0794425806167009
-4.152,-5.362,-4.152,-5.362,6.79089460294033e-07,6.0149957832517895e-06,28.43064098489937,26.251976721062565,1.2772799622379598,0.0600494271946136,-4.152,-5.362,8.016415412965097e-07,6.56883174790728e-06,432.5790642418421,28.37673495680291,1.2996504361951504,0.0819437913440759
-4.229,-5.228,-4.229,-5.228,7.500029452173294e-07,6.444171012039048e-06,34.80248348501353,27.06239691729061,1.2826117292342731,0.0638896796984826,-4.229,-5.228,8.501016587508338e-07,6.977225395495256e-06,500.6050094430084,28.330775216912627,1.3037811473919227,0.0781166969613558
-4.306,-5.093,-4.306,-5.093,7.243739881940958e-07,6.297564955566707e-06,35.088498139089786,26.74610459073871,1.2671101335232728,0.0648848509403396,-4.306,-5.093,7.595215685520744e-07,6.533824450926292e-06,473.0137306536057,27.029810257014525,1.2839797085663227,0.083630591689816
-4.384,-4.959,-4.384,-4.959,7.481407076139765e-07,6.7335425699669785e-06,34.338347052025505,25.83509266212985,1.26564529955967,0.0637081562004229,-4.384,-4.959,8.942070948940495e-07,7.408870227877956e-06,586.5690779400301,28.064445841588483,1.2928901883430004,0.0903357361054971
-4.461,-4.826,-4.461,-4.826,8.564566958997969e-07,7.032007950581296e-06,36.818532194081314,28.32020570700255,1.2781577528979593,0.066691755479517,-4.461,-4.826,9.311932275659752e-07,7.771997750328005e-06,628.5903168614456,27.859767651322528,1.2941553247815063,0.0770929744251964
-3.638,-5.614,-3.638,-5.614,6.951440988357027e-07,6.117725361214736e-06,29.119059318466796,26.42136260331505,1.2739917544979962,0.0766717171971579,-3.638,-5.614,7.655682841211877e-07,5.9387753086939805e-06,362.36595103895473,29.974875406854,1.3160063298638651,0.0773127207751994
-3.715,-5.479,-3.715,-5.479,7.18402493195356e-07,6.032496723031704e-06,32.59586818096974,27.69115584193485,1.2817940728449435,0.0693192005102871,-3.715,-5.479,8.151531223675059e-07,6.576835371188656e-06,416.88407272751897,28.81990687032405,1.3108252854874607,0.0837752028564487
-3.791,-5.344,-3.791,-5.344,7.087216650042632e-07,6.0628564734414736e-06,35.06023039687011,27.18120895988632,1.2757982205283769,0.0668220668786409,-3.791,-5.344,8.210915305404331e-07,6.568863525406859e-06,448.61039129303697,29.065090594333032,1.3001342068241997,0.0844156560609566
-3.868,-5.209,-3.868,-5.209,7.03913432399754e-07,6.284399345811318e-06,34.89717780433898,26.0450877828391,1.263384275647453,0.0631559268292954,-3.868,-5.209,9.149536601252168e-07,7.461676446155307e-06,534.9424517228298,28.512351291028907,1.302286477323933,0.0849686249261455
-3.945,-5.074,-3.945,-5.074,7.211374281390427e-07,6.534426507929305e-06,35.99695180267039,25.661433093591462,1.2609611430101646,0.0598948460043899,-3.945,-5.074,8.521040137052746e-07,7.389969692905233e-06,571.8318545307741,26.811449962792537,1.2826554387607183,0.08397155662266
-4.023,-4.94,-4.023,-4.94,7.730301513095792e-07,7.038368099277003e-06,44.54111199032892,25.53846585668024,1.2553078937388475,0.0648276533145177,-4.023,-4.94,8.885590988633849e-07,7.79446124189859e-06,650.0662103661215,26.50760950221013,1.2767261711398077,0.0797171986953026
-4.1,-4.805,-4.1,-4.805,8.13870078440697e-07,7.461263100458516e-06,45.15002588080023,25.363727305272214,1.2590692529426757,0.0631115836449428,-4.1,-4.805,9.27255694995432e-07,8.232391848269717e-06,701.0235260286389,26.19050201441649,1.2797141261018792,0.0777212142671312
3.098,-3.155,3.098,-3.155,1.618153587084907e-06,1.6601893488833544e-05,227.00138177318848,22.663786200781846,1.1939937003381986,0.0629796975588616,3.098,-3.155,1.809155246852844e-06,1.851187118380065e-05,3395.0251621887264,22.72457993820162,1.1933585322599178,0.0793294823331501
3.023,-3.021,3.023,-3.021,1.5471507773985202e-06,1.6932276910003675e-05,226.26521776525755,21.24651113054353,1.1662472448886203,0.0610827673501885,3.023,-3.021,1.8002179836451503e-06,1.9459083713837685e-05,3815.978956629243,21.51161700247699,1.168425820962032,0.0883777272206946
2.948,-2.887,2.948,-2.887,1.797436390830914e-06,1.8431647131972392e-05,272.44105216119567,22.675649233905588,1.1952944146217532,0.0710551305231668,2.948,-2.887,2.071131196963351e-06,2.131521987335621e-05,4427.087578598543,22.59374074489638,1.189649975607057,0.0860687263928957
2.873,-2.753,2.873,-2.753,1.3990906696721156e-06,1.5913093358583012e-05,76.16462760675306,20.44379875720775,1.1471010635628125,0.0591020222672239,2.873,-2.753,2.0379050146306865e-06,2.177879664395162e-05,4946.025779888078,21.75807181102334,1.175159949190626,0.0838570262795552
2.797,-2.619,2.797,-2.619,1.7566733561761343e-06,1.9917121526140096e-05,291.65684116105854,20.508542102356497,1.1459323742930505,0.0682576411739641,2.797,-2.619,2.1222139520110127e-06,2.258889817090236e-05,5323.334889792435,21.845624546117985,1.1666740995036482,0.0805120582277139
2.721,-2.486,2.721,-2.486,1.8048678331355703e-06,2.0369953594726824e-05,315.9132261378388,20.60277467503392,1.1523787085777262,0.0735282990348011,2.721,-2.486,2.5984006054738145e-06,2.572490632496197e-05,6431.984533695559,23.48673536026255,1.1921147754548311,0.0748258744381279
2.646,-2.352,2.646,-2.352,1.8740811394778723e-06,2.183596309764033e-05,323.09435897865654,19.95659233802511,1.1384954423887603,0.0734538201023317,2.646,-2.352,2.5300525864163848e-06,2.685669166848263e-05,6929.02645046852,21.90520804784323,1.1732847595000604,0.0732858991254362
3.451,-3.127,3.451,-3.127,1.76191441533388e-06,1.6235452905212973e-05,226.203165523611,25.23427014928731,1.218518403821565,0.0670839480273239,3.451,-3.127,1.7384244999386129e-06,1.7391613806510722e-05,3089.049232825273,23.242685111985924,1.1972225646376642,0.083809332182976
3.376,-2.992,3.376,-2.992,1.4023850418978562e-06,1.5720075955801167e-05,215.0217285908436,20.74354502301372,1.1658562746002452,0.0629167229452663,3.376,-2.992,1.900184372355717e-06,1.9515378785520147e-05,3714.1613443489946,22.64066112348273,1.196681123573958,0.0829046112167015
3.301,-2.858,3.301,-2.858,1.594942353112798e-06,1.6804508272078594e-05,230.37975443088945,22.069349352200472,1.1801486561595722,0.0697632421128904,3.301,-2.858,2.0344742841205896e-06,1.9814650189567263e-05,3881.822950036119,23.874602121325797,1.2069388792432938,0.0787113769144482
3.225,-2.723,3.225,-2.723,1.650780856594206e-06,1.791272207922665e-05,232.61361411076643,21.428816392990363,1.168826323264299,0.0657225109934411,3.225,-2.723,2.2484930441204776e-06,2.186943408696644e-05,4734.80744850532,23.9069597833886,1.1997811677553738,0.0815791247196569
3.15,-2.589,3.15,-2.589,1.749853836503087e-06,1.9060777669713948e-05,234.5323211486062,21.346737319917445,1.1691025582455354,0.0690759048155684,3.15,-2.589,2.692988383922684e-06,2.6254091468731237e-05,5823.3506996931455,23.85106817063903,1.226826060425614,0.0739182359662029
3.074,-2.455,3.074,-2.455,1.6691928082215711e-06,1.841716917655035e-05,210.2957378897795,21.07433963995777,1.161411825287762,0.0689598212689498,3.074,-2.455,2.212716444256401e-06,2.375062358772028e-05,5490.438109463013,21.66312442766383,1.1752763289092878,0.0851194068571554
2.998,-2.321,2.998,-2.321,1.99787901905548e-06,2.1315397948264068e-05,300.2648523762313,21.794458773852032,1.1695387620771986,0.068261956069173,2.998,-2.321,2.5855021020552086e-06,2.5853487959165903e-05,6506.710206601639,23.25391601580665,1.1865088974625515,0.0727453528965118
2.922,-2.187,2.922,-2.187,2.094679704617319e-06,2.201160393214454e-05,285.5538474184161,22.12770040472657,1.1746139334306975,0.0674520295129285,2.922,-2.187,2.6720772617535563e-06,2.77397833266942e-05,7460.08261037386,22.39836380851129,1.1806215130003213,0.0748846864948718
2.845,-2.053,2.845,-2.053,2.0473525838636108e-06,2.2436552708617413e-05,276.3100751858915,21.218117910910664,1.1661727579251426,0.0724988496876078,2.845,-2.053,2.894870889915541e-06,2.937367744138792e-05,8498.020198577728,22.916127253713043,1.1886594373395507,0.077145589262618
3.713,-2.981,3.713,-2.981,1.6056226436897957e-06,1.656725791313907e-05,212.14047309342791,22.535292457197304,1.1996375431178177,0.0614816460628846,3.713,-2.981,1.9311880490867154e-06,1.8733461828268653e-05,3280.153273640558,23.97048785519023,1.2182583012566726,0.0763639399842148
3.637,-2.846,3.637,-2.846,1.6058194036902469e-06,1.6323406824875955e-05,225.0675305408769,22.87474410119128,1.1915340076495098,0.064408372973686,3.637,-2.846,1.88522140925699e-06,1.8429738557512595e-05,3364.7990273567216,23.785568517577055,1.2033670324408032,0.081619100724272
3.562,-2.711,3.562,-2.711,1.624150187092354e-06,1.711191363347205e-05,241.4307566418514,22.069777483388293,1.186034088836153,0.0677167687440654,3.562,-2.711,2.0257314049291985e-06,2.011586881535612e-05,3979.10431062316,23.41603798164115,1.2002380814360596,0.0797970740908623
3.486,-2.577,3.486,-2.577,1.6407504950304554e-06,1.7007080088097556e-05,193.6467531724124,22.43278193585644,1.185840020874832,0.070339593538184,3.486,-2.577,2.3184113625869867e-06,2.220003556780112e-05,4582.737312561912,24.2832702928426,1.2075027862268488,0.0827812684514468
3.41,-2.442,3.41,-2.442,1.6380133185591991e-06,1.4499466998656406e-05,39.93865161306555,26.26852808040565,1.2126124087850627,0.058322206951054,3.41,-2.442,2.289271839432001e-06,2.270130443294029e-05,4956.100054477316,23.448599058205392,1.1931719599849742,0.0870115821566329
3.334,-2.308,3.334,-2.308,1.7629810091764598e-06,1.934311785549891e-05,238.224647296271,21.192954403651324,1.1733930490289384,0.0737872090496764,3.334,-2.308,2.6133816620772583e-06,2.5429387687422777e-05,5952.031353912055,23.896664373087127,1.2060930948726074,0.0841159444904928
3.258,-2.173,3.258,-2.173,1.6983253882620378e-06,1.898160207168249e-05,169.89885227797296,20.804552795329503,1.165785011505844,0.067532374914432,3.258,-2.173,2.689638724051296e-06,2.6138212951408863e-05,6596.495755378959,23.92700853858495,1.198397800580699,0.0817205545744207
3.182,-2.039,3.182,-2.039,1.8748026722099932e-06,2.0720538419410546e-05,219.4921210057944,21.03898941671484,1.1557867752870272,0.0692722463623889,3.182,-2.039,2.448481200375649e-06,2.585975475651502e-05,7082.47289577487,22.01621813367815,1.1729278778432062,0.091632878163572
3.105,-1.905,3.105,-1.905,2.1669715124118564e-06,2.2652493103264627e-05,320.2904149320176,22.243726305562216,1.1726455396864783,0.0660927285375413,3.105,-1.905,3.0631519293658286e-06,2.9697600314132335e-05,8573.65652904574,23.983774240914784,1.201115504715178,0.0838690983286977
3.922,-2.696,3.922,-2.696,1.6726269983225082e-06,1.620918653188112e-05,218.29975498927917,23.99430804244659,1.219929482005055,0.0620193139523468,3.922,-2.696,2.0954515754501195e-06,1.95147092389205e-05,3562.093409749857,24.968122805470585,1.2240878034973248,0.0759667727835812
3.846,-2.561,3.846,-2.561,1.7129856496805356e-06,1.6973132616410937e-05,204.87771188496023,23.467242858457126,1.2027737153155065,0.0702306710400269,3.846,-2.561,2.057731247107049e-06,2.0226156037077643e-05,3947.422241177835,23.656236139914608,1.2093337708481875,0.0821334049230506
3.77,-2.425,3.77,-2.425,1.7077276044606918e-06,1.7102656831307822e-05,187.0764363714269,23.218029816935964,1.202056200476303,0.0727883733975952,3.77,-2.425,2.1592111950150387e-06,2.109274496758084e-05,4303.990566591288,23.803036864614025,1.2033187467528117,0.0813307865542164
3.694,-2.291,3.694,-2.291,1.4963214805376778e-06,1.577627064338029e-05,107.12719689298116,22.05417975800385,1.1757147365368603,0.0624675607863609,3.694,-2.291,2.528402894994424e-06,2.3199418280429355e-05,5077.831858318466,25.34192091615964,1.2156058103429332,0.0908860329730166
3.618,-2.156,3.618,-2.156,1.6256498893216004e-06,1.6944014606495513e-05,103.17124493888883,22.309048581633565,1.1884437324468922,0.0599306741780441,3.618,-2.156,2.407248373472867e-06,2.3320548019579152e-05,5337.7009252691005,24.00227999464748,1.2066972522035588,0.0907304953850274
3.541,-2.021,3.541,-2.021,1.645430667963925e-06,1.6061500724241778e-05,70.63554832397202,23.821209767539436,1.2053737477664297,0.0689775178699774,3.541,-2.021,2.642263537170049e-06,2.5509770381710507e-05,6208.788990442648,24.08462727543161,1.209715124017318,0.0778773611847634
3.465,-1.886,3.465,-1.886,1.8383793281773547e-06,1.7857651525677554e-05,120.85025329038986,23.93762899250654,1.1917329298558523,0.060034694554033,3.465,-1.886,3.0737288041243946e-06,2.836070465089636e-05,7260.961427957592,25.20106400617249,1.22377674926014,0.0872557849617437
2.03,-3.768,2.03,-3.768,1.386010249860872e-06,1.4185825572049909e-05,171.25706527177826,22.71863185614377,1.1940631130496815,0.063227223726535,2.03,-3.768,1.7342417689326264e-06,1.5907257232987175e-05,2480.988079128548,25.350392358980145,1.2188512199168633,0.0829697456085478
1.955,-3.634,1.955,-3.634,1.2895959431452976e-06,1.3984719131882636e-05,175.43161096318818,21.442245167572786,1.1678508616386518,0.0821535995330493,1.955,-3.634,1.54195881070941e-06,1.5966910935904754e-05,2599.9162697894835,22.455473528227948,1.1899604272514157,0.0814307642311762
1.88,-3.5,1.88,-3.5,1.583671654862629e-06,1.5860495868754987e-05,199.78555003069548,23.21767512781049,1.1759327498773289,0.0612291266918089,1.88,-3.5,1.7781083098510586e-06,1.800687008448644e-05,3174.837655921662,22.96097511731405,1.1906849044475742,0.0818292551146245
1.804,-3.366,1.804,-3.366,1.496129770428261e-06,1.658444378731728e-05,223.98140144887088,20.9767741189843,1.1669771842580612,0.058975455600083,1.804,-3.366,1.840944274883884e-06,1.904339817573481e-05,3660.126022229155,22.478459366107845,1.1865480065335048,0.0790311449161716
1.729,-3.233,1.729,-3.233,1.6533108498496096e-06,1.7955413155803864e-05,247.20518180070272,21.41063070067297,1.1687771945766554,0.0668569695889943,1.729,-3.233,1.847230997203236e-06,1.979963034319549e-05,4003.692671031553,21.693742109612327,1.1713378645065724,0.0866449707447118
1.653,-3.099,1.653,-3.099,1.8424992654263571e-06,1.9178805549032916e-05,285.0082738560244,22.338608405234798,1.1712779632436,0.0631482728363609,1.653,-3.099,2.244528518531973e-06,2.227978834891189e-05,4807.388102788471,23.42525971263812,1.1927211419512276,0.0816452311403817
1.577,-2.965,1.577,-2.965,1.8312134337180085e-06,2.094462658697179e-05,356.1831371291117,20.32996782526317,1.1470176205829024,0.0645721969166081,1.577,-2.965,2.235726991253371e-06,2.3508101195907003e-05,5391.394082254401,22.11421695355873,1.1709872108443296,0.0743410310843759
2.382,-3.74,2.382,-3.74,1.272787511024834e-06,1.392032908133236e-05,160.21736536463314,21.26066040300808,1.1723392786518123,0.063205024001358,2.382,-3.74,1.597813075220366e-06,1.5055200972038604e-05,2288.4783972084942,24.677988700651508,1.2123949730711872,0.0873110055860394
2.307,-3.606,2.307,-3.606,1.2135656823174372e-06,1.4276672795198046e-05,191.6425640460129,19.765446445546,1.1464174895803243,0.0682738784598339,2.307,-3.606,1.8108924134562289e-06,1.7019977562262856e-05,2806.258558156452,24.74024600161784,1.2179754621899672,0.0780980652130808
2.232,-3.471,2.232,-3.471,1.3583125967988096e-06,1.5497850930136105e-05,199.85986954534584,20.379738009666653,1.1579507224062895,0.06558682077831,2.232,-3.471,1.8879904478582616e-06,1.8644719473321208e-05,3231.700139543103,23.545845330597228,1.1978456420727046,0.0812506633906636
2.157,-3.337,2.157,-3.337,1.5025908123746617e-06,1.6258270914982257e-05,233.88631587144744,21.490015095931906,1.1671354843090975,0.0613310777871756,2.157,-3.337,1.8401700136734572e-06,1.8618773040676587e-05,3476.902591218201,22.98144006456235,1.1970842147489122,0.0750702694471504
2.081,-3.203,2.081,-3.203,1.6064931888543444e-06,1.7561342330871607e-05,249.62238847154072,21.27117728738964,1.1643808928077064,0.0624279031158591,2.081,-3.203,1.9432595810274467e-06,1.993614742234787e-05,4077.509890630533,22.66521946898673,1.1887720121882277,0.0745115708738898
2.006,-3.068,2.006,-3.068,1.7784190663550223e-06,2.0039022501181164e-05,339.751870480225,20.63611409677626,1.1561017689201425,0.0660839435535377,2.006,-3.068,1.987756803166001e-06,2.0365772643409023e-05,4376.1422505239325,22.695131577419144,1.177980165421233,0.0775676756512841
1.93,-2.934,1.93,-2.934,1.6439177075832078e-06,1.9461424548130465e-05,278.6803396506346,19.64155169181789,1.1347172579757832,0.0652169860412926,1.93,-2.934,2.3140652902592167e-06,2.25316714743096e-05,5082.641421233299,23.88100202566032,1.197329690450941,0.0748100352376948
1.854,-2.8,1.854,-2.8,2.142785770374772e-06,2.187875987621263e-05,377.9841586344967,22.773322660237003,1.168193137204082,0.0702350898105251,1.854,-2.8,2.261549723506508e-06,2.416826873535921e-05,5879.946328174204,21.7585999307706,1.1628277355019878,0.0794265723180668
1.777,-2.666,1.777,-2.666,2.084591116431978e-06,2.2368316190973933e-05,412.8717714213029,21.66995138929049,1.1612266615978182,0.0593009505143797,1.777,-2.666,2.3660319641057514e-06,2.566859364327436e-05,6570.160708692123,21.43329198029529,1.1485561883082187,0.0784169172683634
2.644,-3.595,2.644,-3.595,1.4814139103447333e-06,1.4513015092485646e-05,161.37422660779688,23.73499360279577,1.19678843470383,0.0646000787875687,2.644,-3.595,1.7215047548459757e-06,1.64912453291844e-05,2555.850743219402,24.273093103903108,1.2173976700748776,0.0843851104872372
2.569,-3.46,2.569,-3.46,1.4371852520557136e-06,1.5403409845641083e-05,197.9276071908621,21.69532840526162,1.1748026608471371,0.0590039647432626,2.569,-3.46,1.6326121694902663e-06,1.7199786850335237e-05,2890.6308443044027,22.07142187939448,1.1917880601750646,0.0728554034957418
2.494,-3.325,2.494,-3.325,1.4992855249019965e-06,1.633486112413878e-05,255.491290759498,21.342203129163305,1.170335215951853,0.0627305568618326,2.494,-3.325,1.69707544838819e-06,1.7658018670410337e-05,3194.0239653830463,22.347529871374785,1.1830740038706842,0.0838873906290011
2.418,-3.191,2.418,-3.191,1.6480890916801002e-06,1.733684902888156e-05,258.62946010247083,22.10450862543677,1.1740519403387517,0.0565713725901677,2.418,-3.191,1.844362080358472e-06,1.923559735901697e-05,3604.500499689211,22.295173400151608,1.1813026608110333,0.0831415325459011
2.342,-3.056,2.342,-3.056,1.504075805057403e-06,1.7563635558784882e-05,168.81264582683443,19.9124938969455,1.1500286305483929,0.0733610808273425,2.342,-3.056,2.038186549908141e-06,2.1259315438001275e-05,4336.541710478892,22.292819673050182,1.174562536247972,0.0801227144640198
2.266,-2.921,2.266,-2.921,1.5694798145555556e-06,1.9139909211324343e-05,308.69485872914606,19.06716868260114,1.134563273856007,0.0663133683231938,2.266,-2.921,2.380762261453458e-06,2.286090521650242e-05,4952.224648633467,24.215472874126636,1.1842309170703351,0.0870810597618584
2.19,-2.787,2.19,-2.787,2.042862206768077e-06,2.1176595524950857e-05,335.7515064681724,22.431239890387925,1.165247761539983,0.0618965181701322,2.19,-2.787,2.224698041608445e-06,2.391666220068276e-05,5648.320547881874,21.629219623311496,1.1698779077351162,0.0779251630405306
2.114,-2.653,2.114,-2.653,1.922713826650066e-06,2.1527341404524828e-05,324.1473245968681,20.76799634082676,1.151827747643112,0.0727221844081405,2.114,-2.653,2.351203265601368e-06,2.54920209131676e-05,6419.655325594627,21.446491649611083,1.1608569623987754,0.081698019428747
2.038,-2.518,2.038,-2.518,2.157565553742972e-06,2.423149988047978e-05,378.10989275298886,20.703990061079303,1.1453353381279006,0.0534967366457058,2.038,-2.518,2.7005014243572534e-06,2.8460527287124125e-05,7749.579344428508,22.063368382630543,1.1711495914518886,0.0827215344780731
2.854,-3.31,2.854,-3.31,1.4911373114821772e-06,1.6173151670197264e-05,258.2782278038135,21.43844718166783,1.1802035769186028,0.0651006812930202,2.854,-3.31,1.5733995157760877e-06,1.729145210169664e-05,2976.397492914996,21.15815984303414,1.1712857400438113,0.0900963791208283
2.778,-3.175,2.778,-3.175,1.449153709989394e-06,1.6526309677673374e-05,257.9555722143828,20.389609771674653,1.156644576063327,0.0649838413612373,2.778,-3.175,2.131594520886603e-06,2.0303756913007683e-05,3744.4880434230167,24.411728860904223,1.2051102718081623,0.0832444103613781
2.702,-3.04,2.702,-3.04,1.611923371952962e-06,1.7651476747142097e-05,234.3658812739936,21.2340920160946,1.1631576473444682,0.0667855632301302,2.702,-3.04,2.00388290680748e-06,2.0400405050802304e-05,4105.475705244447,22.840410124380817,1.1843969292156669,0.0772722889036308
2.626,-2.904,2.626,-2.904,1.6313589309517896e-06,1.9179675128043508e-05,354.3018340386257,19.77782936988259,1.153450437141525,0.062639538655388,2.626,-2.904,2.254257093943534e-06,2.2846800589900263e-05,4865.86286205421,22.942904717380948,1.1963961163841463,0.0745058665148468
2.55,-2.77,2.55,-2.77,1.9407845836474675e-06,2.0282725241853463e-05,320.86990278682737,22.249557277255924,1.1729703343360454,0.0744843488769875,2.55,-2.77,2.0770680470747034e-06,2.230412114940349e-05,5029.709961007655,21.653891529000838,1.168101920862889,0.0824153769213891
2.474,-2.635,2.474,-2.635,1.8554663629725607e-06,2.0873938457813296e-05,275.0176470598414,20.668979497605925,1.1523020756584617,0.0676513269375302,2.474,-2.635,2.3374037097547585e-06,2.454259707866285e-05,5905.994753597053,22.14540152573265,1.1693475218170974,0.0772129576046066
2.397,-2.5,2.397,-2.5,1.8354473472095775e-06,2.129228469308466e-05,303.88494589965694,20.044259368415247,1.1401682162052125,0.0670997324174569,2.397,-2.5,2.685179249285751e-06,2.6082050795948887e-05,6790.435246333986,23.93877338589279,1.193079344335383,0.0810806961714714
0.953,-4.376,0.953,-4.376,1.1485213618026069e-06,1.1514304074076989e-05,95.59864363263416,23.19379052533533,1.204306025629046,0.0611578803488581,0.953,-4.376,1.2668301792814618e-06,1.201080067581188e-05,1457.855156429399,24.525438933529585,1.2285801555803373,0.0807228972407684
0.878,-4.242,0.878,-4.242,1.1607990326882006e-06,1.1893442065479828e-05,90.6942842436133,22.694458445363527,1.1931264939287247,0.0664906536520502,0.878,-4.242,1.3333590667614343e-06,1.3174184288484944e-05,1747.8976909449227,23.53389067806988,1.2189227866263,0.0759923613199535
0.803,-4.108,0.803,-4.108,1.1671548445590544e-06,1.2519900030905629e-05,109.39996519571368,21.67693939856997,1.1871669923480757,0.0597275567063496,0.803,-4.108,1.4192798854026633e-06,1.3926141201429828e-05,1976.449691572744,23.69777660224345,1.2179928860571965,0.0766859646033402
0.728,-3.974,0.728,-3.974,1.2655610354558774e-06,1.3181055904066476e-05,141.9476175467417,22.32560521093376,1.182578046111718,0.077431731971085,0.728,-3.974,1.414050115369747e-06,1.4534711045111296e-05,2141.007294118417,22.621882738545548,1.1952621659124096,0.0928058241037348
0.653,-3.84,0.653,-3.84,1.2532371482790385e-06,1.4274184294597792e-05,156.80470015142288,20.41513741974041,1.1649866421423924,0.06023253217146,0.653,-3.84,1.664221880228508e-06,1.625099929378199e-05,2627.9230080372054,23.812308680684385,1.213843116039717,0.0894913991232992
0.577,-3.706,0.577,-3.706,1.368425983950141e-06,1.539082394973448e-05,185.9918302082717,20.674251217241142,1.1689879119540112,0.0700121189680125,0.577,-3.706,1.875922246232994e-06,1.691214453723907e-05,2843.538090814398,25.792087864443108,1.2204375079547436,0.0827296442085204
0.502,-3.572,0.502,-3.572,1.646682333857762e-06,1.7036301884413952e-05,250.1917325079644,22.47526632298973,1.1990242887571518,0.055770405204305,0.502,-3.572,1.8091297280606349e-06,1.856829761939385e-05,3356.967131610464,22.6552035829041,1.190415466702416,0.0806461404254466
1.306,-4.348,1.306,-4.348,1.0768324959854333e-06,1.1268346105721522e-05,96.96417954738388,22.22073001732322,1.2001253488694743,0.0577233615224165,1.306,-4.348,1.1968136934468763e-06,1.1887470875939872e-05,1414.7446327639466,23.41032436730088,1.2150843885119778,0.0777847812515185
1.231,-4.214,1.231,-4.214,1.1417716355099174e-06,1.1718792796106963e-05,97.19437656840007,22.65513852341613,1.1929318954575263,0.0586604585181095,1.231,-4.214,1.3329024198668384e-06,1.3001041564125835e-05,1729.0882413461022,23.839138525961356,1.2202113990904362,0.0848823106565039
1.156,-4.079,1.156,-4.079,1.248123650733916e-06,1.3023951147244384e-05,120.51812973284612,22.283592185628603,1.1881878542823847,0.0633172981786434,1.156,-4.079,1.3521898420809515e-06,1.3856499108069648e-05,1920.6480971877047,22.69104507561892,1.2022416058700371,0.0834242007514289
1.081,-3.945,1.081,-3.945,1.330117359679437e-06,1.3878735434702098e-05,160.87518682232758,22.284885761272204,1.1891920848691748,0.0782160192619801,1.081,-3.945,1.7903892824813277e-06,1.514966012212447e-05,2314.9688544202672,27.479886038515417,1.236864856343297,0.0766661166432
1.006,-3.81,1.006,-3.81,1.3632654510466451e-06,1.468924317207221e-05,174.04901573631778,21.579995799065863,1.173269739635452,0.0620395666249214,1.006,-3.81,1.665197519578756e-06,1.6239796022735698e-05,2629.507079464348,23.84270540798389,1.2104732692075602,0.0801336105561972
0.93,-3.676,0.93,-3.676,1.3976572714010196e-06,1.53578030201158e-05,184.102573526092,21.161280447199903,1.163482887508489,0.0643822460426933,0.93,-3.676,1.705306806863433e-06,1.694635468549718e-05,2839.715062480681,23.398961414160997,1.2067234137761491,0.0784714877247386
0.854,-3.542,0.854,-3.542,1.4024256657125344e-06,1.596869664191978e-05,196.68877248695557,20.42117504855845,1.14769071808102,0.0657585141658721,0.854,-3.542,1.665676533690455e-06,1.732913191063455e-05,3147.847338270272,22.35034376722573,1.187400378753509,0.0725540547855066
0.778,-3.408,0.778,-3.408,1.7989525906519083e-06,1.7963015238331797e-05,245.94066737949973,23.28685438078834,1.1789289374127885,0.0649638837381161,0.778,-3.408,2.016311727972316e-06,2.1092245453765464e-05,4108.2943120436,22.228246648970025,1.185072910262041,0.0734568268974143
0.702,-3.274,0.702,-3.274,1.7101887405961316e-06,1.872101414161201e-05,256.8771813748064,21.24149203911512,1.163931124103556,0.0641626205056018,0.702,-3.274,1.87765442471628e-06,1.997757608504392e-05,4238.669745794616,21.854617971068087,1.1714395128682138,0.0809022450889427
1.569,-4.203,1.569,-4.203,1.0298910435338837e-06,1.1546497257729456e-05,121.40452877983029,20.740125124081857,1.1701519639387596,0.0666543790776199,1.569,-4.203,1.6061407187148226e-06,1.3930550570810268e-05,1797.7940263680814,26.809311374728157,1.2548961141206183,0.0741140412653463
1.494,-4.068,1.494,-4.068,1.4151831030393805e-06,1.2391615651554888e-05,131.9296619053557,26.555534527013094,1.2080306834136332,0.0625746051998062,1.494,-4.068,1.4299294524606004e-06,1.402710190288354e-05,1992.30095736762,23.703747214861057,1.213690658895525,0.0746971970170932
1.418,-3.933,1.418,-3.933,1.2529460982380146e-06,1.3610134185107851e-05,164.71993649104442,21.40623695897731,1.1750938081108089,0.067480341678073,1.418,-3.933,1.534198562920314e-06,1.5078580066711107e-05,2262.3224709465358,23.6587324381751,1.2080010716399114,0.0801821567997299
1.343,-3.798,1.343,-3.798,1.5261133582145948e-06,1.5058652912496226e-05,169.44971310612243,23.565193923867064,1.2009240533189345,0.0679988043127581,1.343,-3.798,1.6027445863468175e-06,1.5865975589494472e-05,2528.6770547547644,23.48918154010453,1.201098316189676,0.0808776812376289
1.267,-3.664,1.267,-3.664,1.3011175072017071e-06,1.4762694480983162e-05,190.6484679667896,20.49374066379231,1.1601913797773915,0.0674456468666857,1.267,-3.664,1.749737870317589e-06,1.7770727453844217e-05,3021.0236671535167,22.894867416376535,1.201297883262428,0.0756984963864299
1.191,-3.529,1.191,-3.529,1.6890871128854132e-06,1.7496935635020845e-05,260.9003834760292,22.44710829460149,1.1873944421540237,0.0616449791233879,1.191,-3.529,1.7369367124756156e-06,1.7195655457996138e-05,3108.080011171168,23.487435878642756,1.1871507189738844,0.0853157224202536
1.115,-3.395,1.115,-3.395,1.4568761100622903e-06,1.672403494819684e-05,250.01902414169783,20.255916726526323,1.1520685718768695,0.057313245584215,1.115,-3.395,1.6517747058984794e-06,1.779428250650274e-05,3476.8403776826863,21.584434639221943,1.173919834418267,0.0862906624915433
1.039,-3.26,1.039,-3.26,1.9719463697428768e-06,1.88476526623659e-05,267.390063004406,24.328099160199443,1.2012023601120714,0.0574824935891726,1.039,-3.26,1.9637598782064597e-06,2.0353189545440907e-05,4259.553688943276,22.43500925979467,1.1853007596211569,0.0719122872197827
0.963,-3.126,0.963,-3.126,1.7160546177571365e-06,1.9581679983694488e-05,273.1019410491859,20.37752830470168,1.1441449152764491,0.0605962361717814,0.963,-3.126,1.807707758783388e-06,2.0671085250894803e-05,4600.425200002909,20.33458397169371,1.14845448253116,0.0904650358853494
1.779,-3.918,1.779,-3.918,1.1918086993572218e-06,1.2804944020925251e-05,140.68472318666483,21.642090785237965,1.1694936039472803,0.0710940601961114,1.779,-3.918,1.5891022562736544e-06,1.530199800059739e-05,2295.299700089609,24.14760432231237,1.2223918928303612,0.0782059114129251
1.703,-3.783,1.703,-3.783,1.3543991153319698e-06,1.444294939881076e-05,165.3400278704517,21.805252461913405,1.177784452953138,0.0636862875680877,1.703,-3.783,1.349064224892522e-06,1.458251306125076e-05,2248.342471235963,21.51149525701525,1.180186852322631,0.0841196726491577
1.627,-3.648,1.627,-3.648,1.5684233000341171e-06,1.606507598762198e-05,224.63526853078287,22.701306321303417,1.1878893176569694,0.0692197343602,1.627,-3.648,1.5942255095488371e-06,1.6606138025798168e-05,2801.4055513065846,22.322943411422973,1.190605991917315,0.0788091224010517
1.551,-3.513,1.551,-3.513,1.50078073861073e-06,1.6374901969415677e-05,207.66352952122605,21.311248151192725,1.166467114960079,0.0642596387490509,1.551,-3.513,1.8789255769300504e-06,1.8413054008818195e-05,3222.090302934909,23.727615650208826,1.2091704166339994,0.0761776124498184
1.475,-3.378,1.475,-3.378,1.432776187171505e-06,1.5901485320671826e-05,175.602008154407,20.951301654643448,1.1612131311083216,0.072272271308925,1.475,-3.378,1.855902312002084e-06,1.839286410736118e-05,3551.44803892792,23.462597924393897,1.190653954430509,0.0866031994357726
1.399,-3.243,1.399,-3.243,1.7405258198626517e-06,1.8688124235948763e-05,247.3868171007736,21.656342197907968,1.1674135765793745,0.0708983039712773,1.399,-3.243,2.0640230751676626e-06,2.116277809263156e-05,4299.966012064617,22.67838990583323,1.1896180891887702,0.0742116507770255
1.323,-3.108,1.323,-3.108,1.6655282849992436e-06,1.915778149118116e-05,282.3252009226697,20.21515821059481,1.1452373685553092,0.0646065607860732,1.323,-3.108,1.9463888626917703e-06,2.157504064112177e-05,4655.955162746146,20.9772394687225,1.1582986403421434,0.0914868242237262
-0.113,-4.995,-0.113,-4.995,7.871309971480607e-07,7.988532854562234e-06,53.06686350739169,22.91133192344588,1.201649378330533,0.0499019120589097,-0.113,-4.995,9.942884222850792e-07,9.10427267477454e-06,827.3135492042027,25.39437178389771,1.249228283195799,0.0846474059737782
-0.188,-4.861,-0.188,-4.861,9.047886784144744e-07,9.03210433091587e-06,69.54465317742229,23.2931680362056,1.2193446350987542,0.0662883660759265,-0.188,-4.861,1.1576115205919608e-06,1.0187504430594748e-05,1004.4018452699048,26.42198107747752,1.257646298196203,0.0788512118875731
-0.263,-4.726,-0.263,-4.726,9.6375543011315e-07,9.969271252373042e-06,65.30400398811446,22.478833617168323,1.204609936601232,0.067725724130132,-0.263,-4.726,1.2408303600621846e-06,1.080714739567242e-05,1116.1436427869717,26.697566926936894,1.2645632302371863,0.0797259869791526
-0.338,-4.592,-0.338,-4.592,1.0416735763806358e-06,1.0099140541266653e-05,84.35519224005432,23.98377710579016,1.216801299326967,0.0663775429888304,-0.338,-4.592,1.3513580303199732e-06,1.2210367413453028e-05,1355.026055848725,25.734281195031112,1.2582530331304542,0.0799047411334167
-0.413,-4.458,-0.413,-4.458,1.257955104235028e-06,1.135438007860132e-05,101.2149687942139,25.7615542519358,1.2387877912731111,0.0615866899318493,-0.413,-4.458,1.2869681120564135e-06,1.1961252770236789e-05,1500.0505901314984,25.01851140283428,1.234848684503852,0.0770089939036192
-0.488,-4.325,-0.488,-4.325,1.120640821487695e-06,1.1241042321583922e-05,88.28489668210774,23.18089517682146,1.2009920650957735,0.0697958420708561,-0.488,-4.325,1.3913193548472447e-06,1.2953868823986337e-05,1649.1912017994518,24.97455044156457,1.240196927265927,0.077323023265286
-0.564,-4.191,-0.564,-4.191,1.063186684459868e-06,1.1767067606002217e-05,100.0882326118233,21.009302184310965,1.1749145590207646,0.0738447561641585,-0.564,-4.191,1.8495651884337264e-06,1.3776790042761038e-05,1879.7294370883692,31.21705650444842,1.2704869400329013,0.0865569048206517
0.24,-4.968,0.24,-4.968,9.13109740170196e-07,8.802354030584245e-06,62.00765235663536,24.12095459258272,1.218596479742273,0.086983459066462,0.24,-4.968,1.156003914645279e-06,9.618489533646552e-06,857.1895204358577,27.946200823013577,1.2626469492979902,0.0878063750813407
0.165,-4.833,0.165,-4.833,9.274238947407206e-07,9.673382721188089e-06,57.54964218417288,22.29308941964486,1.2065345986461544,0.0665900550392917,0.165,-4.833,1.0894651208775028e-06,1.0339203771499168e-05,1009.03994026663,24.501720631125824,1.2390244283712375,0.0821445643098884
0.091,-4.698,0.091,-4.698,9.929775176497667e-07,9.292667374221163e-06,45.71002678350348,24.846737458604192,1.225925521130117,0.0645818554225318,0.091,-4.698,1.17792784818968e-06,1.0854966272682012e-05,1123.3658679852915,25.23251607060521,1.2460707625356622,0.0786034020520678
0.016,-4.564,0.016,-4.564,1.0077961065798584e-06,9.734681191595798e-06,43.92098535657278,24.07250528564712,1.2114677858568648,0.05690266177706,0.016,-4.564,1.2407370066359422e-06,1.1385327319429783e-05,1263.1379960081483,25.339880510307037,1.2403362724406135,0.0858632523088132
-0.06,-4.429,-0.06,-4.429,1.248921795011994e-06,1.1128369482152684e-05,86.09235988956155,26.096006721518645,1.2233775696619344,0.0624969898461152,-0.06,-4.429,1.2971395355578622e-06,1.198422450665902e-05,1456.7232118773877,25.167907417684862,1.2325427297707667,0.086394785934687
-0.135,-4.295,-0.135,-4.295,1.2165055703675738e-06,1.1910411152093236e-05,95.32936430824334,23.74967635491185,1.2097106714666288,0.0621542596646856,-0.135,-4.295,1.2443644242012724e-06,1.247746547044403e-05,1612.857432733786,23.18950921152484,1.212276521284866,0.0818760491771446
-0.211,-4.161,-0.211,-4.161,1.2570813029462683e-06,1.259826894076362e-05,99.11243192293428,23.201862001579983,1.2086293830140524,0.0685652809374676,-0.211,-4.161,1.4766131864825326e-06,1.3875657901759155e-05,1917.6571812515244,24.74477482128276,1.2309396869888114,0.080658912449568
-0.287,-4.027,-0.287,-4.027,1.1298227773397647e-06,1.2562886032523314e-05,111.5437992738203,20.9117921434302,1.1744879523213492,0.0666911880742105,-0.287,-4.027,1.5760992000944843e-06,1.4892933856719968e-05,2229.05293268282,24.60784799769554,1.2110470060512797,0.088476158658881
-0.363,-3.893,-0.363,-3.893,1.209211086872074e-06,1.3173393145012124e-05,114.13041830184756,21.34395098770057,1.1684743377912925,0.0629412602715303,-0.363,-3.893,1.895734946527622e-06,1.6335278923756615e-05,2520.597118362594,26.984937045860036,1.2531645003494425,0.0731210100367357
0.503,-4.824,0.503,-4.824,9.372303640079132e-07,9.043464627228496e-06,61.99386082992894,24.09804736236826,1.2166262528137168,0.0586207829106029,0.503,-4.824,1.0878415516240668e-06,1.0134497848594437e-05,998.0835715851,24.959377868756057,1.2430121461249402,0.0818403446559492
0.428,-4.688,0.428,-4.688,9.77842300097119e-07,9.311081450651234e-06,65.82851621896332,24.41962790819935,1.2182893861107371,0.0659714016457234,0.428,-4.688,1.235374548316045e-06,1.0663173581752163e-05,1115.944046354265,26.939065000476173,1.257027147898068,0.0768718361978874
0.353,-4.553,0.353,-4.553,1.0114890133346748e-06,1.0162624667538055e-05,58.54692202847185,23.143318448673448,1.2032535644911164,0.0623287848621709,0.353,-4.553,1.1978972013004607e-06,1.1319880946026625e-05,1280.3727192483805,24.60639767390222,1.2323917771036708,0.078405428053443
0.278,-4.418,0.278,-4.418,9.91380221046838e-07,1.0544828809414175e-05,50.29445998960218,21.861052343025605,1.1866793902425763,0.0625633896061769,0.278,-4.418,1.3225481181153575e-06,1.2277177176255954e-05,1486.312487100028,25.04859126401195,1.2316776416313635,0.074868635736371
0.202,-4.283,0.202,-4.283,1.1339637704677351e-06,1.169329219749535e-05,61.771147668619605,22.549282353274965,1.188551709985168,0.057919749159645,0.202,-4.283,1.2821830868992784e-06,1.3014287261343137e-05,1701.232042425575,22.908676678431764,1.2095332067771898,0.0807860198853191
0.126,-4.149,0.126,-4.149,1.2048198963765214e-06,1.259527220893512e-05,98.17392574898982,22.242567669735237,1.189575406244587,0.0670109758684291,0.126,-4.149,1.8793621402742608e-06,1.4916285912656547e-05,2076.5809799972844,29.29679566888232,1.2615637953894807,0.0808929051522185
0.05,-4.014,0.05,-4.014,1.1484574472991443e-06,1.33230664326227e-05,123.2357684249025,20.043846238099334,1.1544765309434386,0.0780400960354999,0.05,-4.014,1.5100854571990676e-06,1.4672266551599404e-05,2175.5605816155057,23.931761410998607,1.2188648158557516,0.0822879909282524
-0.026,-3.879,-0.026,-3.879,1.270365578341732e-06,1.424657760931315e-05,120.78620147026363,20.734258893551527,1.167693326791729,0.0657017849495203,-0.026,-3.879,1.860615283947081e-06,1.6798876682396895e-05,2692.925932222631,25.754118502247664,1.23445820569673,0.0732941251885051
-0.102,-3.745,-0.102,-3.745,1.2920791688244126e-06,1.3879955337641373e-05,102.70225537029678,21.64568846883401,1.170180983651728,0.0606155113686096,-0.102,-3.745,1.560534676672382e-06,1.6353555285336058e-05,2745.037656712922,22.188686169958824,1.188827247123824,0.0853449971677197
0.714,-4.539,0.714,-4.539,9.074947230897676e-07,9.846403610862356e-06,80.99696052072677,21.43072296083419,1.1796620227073469,0.0674384939884824,0.714,-4.539,1.2542282236435144e-06,1.1777759996037578e-05,1342.618205124194,24.761914336401396,1.235910161532989,0.0819051535308814
0.638,-4.403,0.638,-4.403,1.0807036279518291e-06,1.1252386060671536e-05,93.7351756771137,22.3322423885971,1.188099391688299,0.0683903822388221,0.638,-4.403,1.2733433018052128e-06,1.2152959469543282e-05,1438.336867398497,24.363170592005133,1.226078066646076,0.0811213625875288
0.563,-4.268,0.563,-4.268,1.1123439055218376e-06,1.163707191692889e-05,81.76484932885896,22.22622512870749,1.1953173571194264,0.0677337823049331,0.563,-4.268,1.335436605915352e-06,1.2932687970896276e-05,1718.3639549495615,24.010700179348945,1.2201145550215682,0.0829794012200278
0.487,-4.133,0.487,-4.133,1.2650377091538284e-06,1.262063014557324e-05,85.23138137664009,23.30734363827508,1.1914118399975868,0.0570235703772685,0.487,-4.133,1.7810179511468854e-06,1.5640463077293453e-05,2161.605528290391,26.478235288065896,1.2671847389605877,0.0735242941164263
0.411,-3.997,0.411,-3.997,1.2449084341897333e-06,1.3118228679336516e-05,126.9077331294922,22.0664545240148,1.1927427291890311,0.0581098627635874,0.411,-3.997,1.7220865301980378e-06,1.557578390719502e-05,2295.746802487087,25.70842104580708,1.2410697688043546,0.069178547761213
0.335,-3.862,0.335,-3.862,1.2289000409273706e-06,1.4223436434775703e-05,142.09677366882332,20.090112561925608,1.1552693263052158,0.0690931409032484,0.335,-3.862,1.6772078113860525e-06,1.6197517164544775e-05,2552.5711463801767,24.077354946603148,1.2131012529227851,0.0830951370199462
0.258,-3.727,0.258,-3.727,1.2657958288149254e-06,1.4382581062277332e-05,152.41081780030652,20.46431336045284,1.1624156012540368,0.0604698824780329,0.258,-3.727,1.9008265504152755e-06,1.7307529954057172e-05,2851.17347273101,25.53746269078985,1.218930030067466,0.0788020631892885
-1.189,-5.606,-1.189,-5.606,7.214889692876015e-07,6.094146378205335e-06,25.150056847498675,27.52879246131844,1.2641559285418502,0.0654463439100419,-1.189,-5.606,1.0379428861760738e-06,8.095186026868302e-06,531.842935759062,29.813775097155627,1.3244980067250096,0.0708412834749766
-1.263,-5.472,-1.263,-5.472,7.233034774377871e-07,6.693404966537661e-06,37.99351503754278,25.127182786292536,1.2389674139100997,0.0635458078241836,-1.263,-5.472,1.0049137773017157e-06,7.987285129208699e-06,568.2150442608881,29.254990396807557,1.316821403344106,0.0734829674914933
-1.338,-5.337,-1.338,-5.337,8.394088364968607e-07,7.217269808408739e-06,44.4076655161917,27.04400099041548,1.2712804019982022,0.0649385018491811,-1.338,-5.337,9.065718847237348e-07,7.911473626405603e-06,593.6067442611637,26.644968379487004,1.2714831358336802,0.07744441737337
-1.413,-5.203,-1.413,-5.203,8.926130120797268e-07,7.94184800247789e-06,47.240618713401005,26.13436727745337,1.2480397910875367,0.0618333935067863,-1.413,-5.203,8.906450090523172e-07,7.901435568405946e-06,646.3732979519476,26.21011841832715,1.2632535492590076,0.0778658420492775
-1.487,-5.069,-1.487,-5.069,8.648190748956863e-07,8.178643029915858e-06,53.54310918752172,24.587498958423076,1.2391691139258452,0.0626898171498161,-1.487,-5.069,1.2162230023281235e-06,8.908670877865719e-06,774.8175305432086,31.7446575089382,1.3021105790785668,0.0775604982016612
-1.563,-4.935,-1.563,-4.935,1.0065068200464555e-06,8.994889829953979e-06,59.357439925326425,26.019037145824257,1.2560701488978367,0.057449030695482,-1.563,-4.935,1.1189186368395029e-06,9.82526838307586e-06,915.87139722214,26.480393406584263,1.2646307603919311,0.0815916356563316
-1.638,-4.801,-1.638,-4.801,9.984053719596413e-07,9.251474096742237e-06,56.36043193544882,25.093793481078905,1.2335323249689354,0.0532062969165087,-1.638,-4.801,1.1907830609345125e-06,1.0237911900368727e-05,1042.639827653492,27.04528782232931,1.272021971887291,0.0828938879572496
-0.835,-5.58,-0.835,-5.58,6.918123181737094e-07,6.53874330961321e-06,36.65719482590043,24.60165645320154,1.2439763761717608,0.0649551427816548,-0.835,-5.58,8.503592357253959e-07,7.25731034957576e-06,495.50516411283184,27.24564445709022,1.2878351188651205,0.0836104980078111
-0.909,-5.445,-0.909,-5.445,8.019626921582999e-07,6.949252589654525e-06,43.55579198449199,26.834061764767103,1.2615108374501718,0.060958263750216,-0.909,-5.445,8.189983919925533e-07,7.010462982193887e-06,515.3450087781033,27.164811529889736,1.275391534511346,0.0816305383063032
-0.984,-5.31,-0.984,-5.31,7.092868221887691e-07,6.940450253756596e-06,40.97714910083806,23.76318193385631,1.2210692216770664,0.0663235680884246,-0.984,-5.31,1.0467561219778797e-06,8.118213809673392e-06,629.7919590264911,29.98163909119328,1.3059967048230503,0.0723705581813534
-1.059,-5.175,-1.059,-5.175,7.779990167718098e-07,7.374967209765767e-06,34.2024309565816,24.529534238457,1.2319019910289717,0.0749568279951778,-1.059,-5.175,9.735675806523128e-07,8.751310645647548e-06,734.594113156761,25.86802970272121,1.2630077509955593,0.0819227886954148
-1.134,-5.041,-1.134,-5.041,1.0178833301959356e-06,8.313186634088509e-06,61.86692001110858,28.47087528272076,1.263805690777411,0.0649720976787689,-1.134,-5.041,1.127172501231329e-06,9.30194081967466e-06,837.2917775158265,28.17650747054081,1.279236804058223,0.0800205529345784
-1.209,-4.906,-1.209,-4.906,8.057082766624012e-07,8.013455753703102e-06,47.03712167987588,23.379129104546557,1.2160536747659068,0.0776412907762439,-1.209,-4.906,1.140226233155147e-06,9.789073428501715e-06,947.4078491445966,27.08443560080461,1.2707026193904063,0.0783126876591763
-1.285,-4.772,-1.285,-4.772,9.526734679473688e-07,9.187645547901612e-06,57.71432221653235,24.110720340490296,1.2230290686298717,0.0604474571530303,-1.285,-4.772,1.0503528868068727e-06,9.795023677891055e-06,993.2481063160276,24.934467094488845,1.2416943823649742,0.0764464668677116
-1.36,-4.637,-1.36,-4.637,1.0685062239600685e-06,1.017089877012986e-05,85.09561449423867,24.428009035718524,1.2352045225128043,0.0544901316675978,-1.36,-4.637,1.1156432242284264e-06,1.0571246447234266e-05,1138.8749024923527,24.539713161414063,1.2423630616180104,0.0824473600938192
-1.436,-4.503,-1.436,-4.503,1.09003336484221e-06,1.089812467910752e-05,60.2072736178373,23.25725030313297,1.2119786109721264,0.0621037554258582,-1.436,-4.503,1.1444090288188502e-06,1.1021736656575942e-05,1255.3440431096058,24.14357585146449,1.2325918098481838,0.0839264829630697
-0.571,-5.436,-0.571,-5.436,7.947828838501893e-07,7.101797102945748e-06,36.29850998204974,26.02259441295416,1.237152994344095,0.0772058905229682,-0.571,-5.436,9.861128511712854e-07,8.030030970280733e-06,595.0982951793503,28.554840978877177,1.2869627069146166,0.0801719269768361
-0.646,-5.3,-0.646,-5.3,8.310101778781097e-07,7.140401042136725e-06,39.64355038088943,27.061638343278712,1.2501025523602398,0.0614201596332753,-0.646,-5.3,8.419552191303988e-07,7.741457621158049e-06,601.1891505723331,25.289287882993,1.2542178161677513,0.0875857640581192
-0.721,-5.165,-0.721,-5.165,8.512238633043245e-07,7.91662820283793e-06,38.17652189985976,25.001950360338636,1.2415800019818963,0.0577254205977762,-0.721,-5.165,9.707624199812826e-07,8.683170414419355e-06,730.0875764870942,25.995907245624974,1.26373482951315,0.0815892768759613
-0.796,-5.03,-0.796,-5.03,8.702416688772276e-07,8.192192341449148e-06,45.05458886279808,24.700746665521287,1.2291119401658563,0.0602080649798505,-0.796,-5.03,9.463159186988528e-07,8.82856403851879e-06,765.006116602364,24.92392419988744,1.2414493401922866,0.0843646503119126
-0.872,-4.895,-0.872,-4.895,8.698530824674059e-07,8.748337380847785e-06,56.34155409307168,23.12015445411591,1.2148382105204316,0.0690393378909955,-0.872,-4.895,1.0321988963286175e-06,9.40838029443466e-06,894.7744690764331,25.510494334655974,1.2560686849464586,0.0760681517371069
-0.947,-4.76,-0.947,-4.76,9.253577660549016e-07,9.12841591177092e-06,71.01675363979567,23.571357914954547,1.2093617780447166,0.06975307334821,-0.947,-4.76,1.2024622719486963e-06,1.0473886896334098e-05,1098.936349822215,26.695245967097215,1.26569506005304,0.0863256570986394
-1.023,-4.625,-1.023,-4.625,1.1506430590005297e-06,1.051052740771401e-05,79.3093083273636,25.45578302499892,1.2452108780981184,0.0582857394695252,-1.023,-4.625,1.1683262537570454e-06,1.1136908058485604e-05,1203.674218283334,24.393260245913936,1.2355048661909451,0.0787723713552015
-1.099,-4.491,-1.099,-4.491,1.0452491234856164e-06,1.0483718693791262e-05,83.65615935622907,23.183275726952303,1.2038214896450588,0.0694113870118637,-1.099,-4.491,1.2296493504982226e-06,1.1458894006040902e-05,1342.8052770656416,24.95220501454176,1.2352657570102614,0.0817752789683962
-1.175,-4.356,-1.175,-4.356,9.665117612263196e-07,1.0701914696202348e-05,70.86922361671107,20.999840968954317,1.181482147035365,0.0680452436367413,-1.175,-4.356,1.3352851247388471e-06,1.2397604930021404e-05,1574.5757169470653,25.044165539870207,1.2401022752199025,0.0736533603067495
-0.36,-5.152,-0.36,-5.152,9.615729714611998e-07,8.718340718356878e-06,57.09279238837909,25.645948005464565,1.2509662769981114,0.068373725714446,-0.36,-5.152,1.116016833876901e-06,9.024778402121828e-06,753.7432948724926,28.75441564694546,1.2898974380092592,0.0710481863265102
-0.435,-5.016,-0.435,-5.016,8.610662298567374e-07,8.4154236598184e-06,57.99037030808062,23.79199828609539,1.2247117925063982,0.0637588248050907,-0.435,-5.016,1.1572005228026786e-06,1.0283479713139098e-05,951.2755450713852,26.166092546894284,1.2700396929278237,0.0797499998891415
-0.511,-4.88,-0.511,-4.88,9.022169425610608e-07,8.727001632616473e-06,61.93840952003424,24.038992874810848,1.2223685845957986,0.0674608380846169,-0.511,-4.88,1.0797785567010963e-06,9.428776940597436e-06,927.3956597678284,26.628682808197603,1.2634197558468685,0.09149817771929
-0.586,-4.745,-0.586,-4.745,9.692942161019463e-07,9.355799475772564e-06,61.83526090711995,24.09045839661758,1.2124014761136923,0.0730700298875258,-0.586,-4.745,1.1890171208386668e-06,1.059605064718372e-05,1089.0457758846312,26.092424184584484,1.2554110870561548,0.0755334273224771
-0.662,-4.609,-0.662,-4.609,1.0472224475192722e-06,1.0067990304022676e-05,74.76131597203883,24.18613662444578,1.2269411735446698,0.0641104341978364,-0.662,-4.609,1.095917192714106e-06,1.054818936435062e-05,1194.3954401000303,24.158511376544578,1.224876269678944,0.0957351044088456
-0.738,-4.474,-0.738,-4.474,1.0929887846088478e-06,1.0732177496310411e-05,72.51740502426192,23.68090014019604,1.2207720533922195,0.0564068026999322,-0.738,-4.474,1.1595856968533222e-06,1.1071589448268696e-05,1316.8671368113476,24.353603122751373,1.226232048866226,0.0841501820136982
-0.815,-4.339,-0.815,-4.339,1.1293601996025745e-06,1.1250358011220197e-05,81.94001247908474,23.341914996080664,1.198713115190525,0.0652916738138437,-0.815,-4.339,1.6221304291511374e-06,1.2979941897348366e-05,1680.0977424667688,29.0591810211722,1.2657523836408302,0.0800644542784692
-2.262,-6.218,-2.262,-6.218,5.739402128840564e-07,4.801299960464932e-06,21.77443870636853,27.79573501418489,1.2873473100074282,0.0665788533016422,-2.262,-6.218,6.065122001558811e-07,5.058864494110385e-06,236.6308263538906,27.877693708024697,1.30309288118523,0.0738441772248214
-2.336,-6.084,-2.336,-6.084,5.927960505894021e-07,5.061521835015256e-06,21.841442294861743,27.232940327402503,1.2781801372246735,0.0559718778846067,-2.336,-6.084,7.048901022389841e-07,5.3369348944404125e-06,273.2440763403126,30.71141701810227,1.318353731751254,0.0822284380217706
-2.411,-5.949,-2.411,-5.949,5.505194863379819e-07,5.064847428659887e-06,23.95284911245409,25.27415683857564,1.2516325655643057,0.0664153722530592,-2.411,-5.949,8.003985085197326e-07,5.792787778882018e-06,309.62091084873043,32.128392741407374,1.329552690098796,0.0800758297917639
-2.485,-5.815,-2.485,-5.815,5.609169241364485e-07,5.167049232481314e-06,23.20223809998112,25.242147016126648,1.2473603835407456,0.0763537172080992,-2.485,-5.815,8.14635704796154e-07,6.124079766077688e-06,346.87298407807754,30.9309279796084,1.3261899810832558,0.0811648144258151
-2.56,-5.681,-2.56,-5.681,7.044610579208367e-07,5.903927070643692e-06,24.68143737211171,27.745103808360795,1.281182563182813,0.0662710588988716,-2.56,-5.681,7.790270945475949e-07,6.4577644093814725e-06,409.9427619266093,28.05050685704863,1.29856294462329,0.0791584459427122
-2.635,-5.547,-2.635,-5.547,6.22693120284532e-07,5.745229973911401e-06,24.805126486442308,25.202115494872388,1.2383802570536584,0.0684855777059135,-2.635,-5.547,7.829110497158962e-07,6.500301529976063e-06,440.1965819458477,28.005882823564374,1.2997786699089682,0.0776051479466323
-2.71,-5.413,-2.71,-5.413,6.590172829046365e-07,6.257215342922766e-06,35.962948409135166,24.489845781171887,1.2423773536642573,0.0828963961906564,-2.71,-5.413,8.166221294425259e-07,6.74333159185942e-06,471.4738356928966,28.15898369060192,1.2937824255063817,0.083811889704513
-1.908,-6.193,-1.908,-6.193,5.905501554082106e-07,5.038718283529727e-06,20.33702613275605,27.252544547988165,1.2891372675164854,0.0595859599650897,-1.908,-6.193,6.237801184312511e-07,5.2763811824542525e-06,258.52898598625814,27.489428640545217,1.2977787337330666,0.0818326146714906
-1.982,-6.058,-1.982,-6.058,6.440650946717505e-07,5.2065174701864016e-06,22.7781856025913,28.76423184909968,1.2969685948135758,0.0596096413570218,-1.982,-6.058,6.84839138982984e-07,5.6042906896751855e-06,291.4038948759329,28.41438538293467,1.3031971781769098,0.08352439842006
-2.056,-5.923,-2.056,-5.923,6.41517183145415e-07,5.632563889765516e-06,27.26030319611988,26.48332526413987,1.2667727681080754,0.0542231743512488,-2.056,-5.923,7.332778678826997e-07,6.03793375382324e-06,332.23155569912615,28.239082417252103,1.30375650697744,0.0857253418784867
-2.131,-5.788,-2.131,-5.788,7.194108589890803e-07,6.364436688706524e-06,31.9531072379518,26.28375230779199,1.276404759587084,0.0600046582775476,-2.131,-5.788,8.006517544511684e-07,6.287468544813711e-06,380.5004007241095,29.609984623380857,1.312715843926323,0.0749017973862805
-2.206,-5.653,-2.206,-5.653,7.312804865669978e-07,6.0278131122606e-06,30.290366091229224,28.20944576484692,1.2802791332628802,0.065802889615485,-2.206,-5.653,7.804529455042376e-07,6.55905418600056e-06,424.30432222902266,27.6678780544001,1.2848311634353542,0.0873419533046288
-2.281,-5.519,-2.281,-5.519,6.785007820627395e-07,6.13302677998108e-06,35.334247252504056,25.72443465754219,1.250329573760722,0.0683276367840731,-2.281,-5.519,8.550364349919915e-07,7.0550269579152535e-06,479.1211094337077,28.180992954953677,1.2980496696749255,0.0906991975454471
-2.356,-5.384,-2.356,-5.384,8.160992436205626e-07,6.8561072018494695e-06,39.48951850813198,27.67806490016805,1.2625629054794174,0.0610903031552243,-2.356,-5.384,9.190931117466574e-07,7.479101706412944e-06,529.5051632553816,28.57461710904259,1.2889686642219158,0.0799935620309557
-2.432,-5.25,-2.432,-5.25,6.605401748301202e-07,6.646699045888349e-06,33.60679773921946,23.10806442696468,1.2183891451888589,0.0701071007377698,-2.432,-5.25,1.0303570784124551e-06,8.192382261958084e-06,633.4958956193783,29.244748980542752,1.3013258113429411,0.0781746368174741
-2.508,-5.116,-2.508,-5.116,8.687207886242662e-07,7.483198605942276e-06,48.519728069367886,26.99375428237125,1.2681800639225371,0.0653002249153387,-2.508,-5.116,1.051866559479036e-06,8.486016926056796e-06,697.1887093706048,28.822198331476866,1.2925877547815698,0.0794359187963132
-1.644,-6.05,-1.644,-6.05,5.540019635180655e-07,4.929870257091485e-06,23.57104746982565,26.13040624981692,1.2636009505098265,0.0627976050333828,-1.644,-6.05,7.029010732807412e-07,5.900234069354011e-06,318.65915933042027,27.70099143903377,1.3080784519914936,0.0797283706927709
-1.718,-5.914,-1.718,-5.914,6.586132076449836e-07,5.845033121091415e-06,29.12735247648829,26.200755041941683,1.2667204141514752,0.0717719795986582,-1.718,-5.914,6.727843345658384e-07,5.819758307323311e-06,329.3698774713018,26.880743033229425,1.286142262865177,0.0776421548316222
-1.793,-5.779,-1.793,-5.779,6.198773943715366e-07,5.707778997768314e-06,28.29357497461084,25.2527684916509,1.2470838511620927,0.0785909038818955,-1.793,-5.779,7.48117939939567e-07,6.3348084442802455e-06,383.20795386016766,27.46040447909695,1.2976781615622386,0.0832782005749207
-1.868,-5.643,-1.868,-5.643,6.798500433032202e-07,6.064192087912852e-06,28.851695904693813,26.068168988470003,1.2566090562047685,0.062113770729916,-1.868,-5.643,9.328855326407808e-07,7.368770733263726e-06,477.47138351784463,29.437685501375107,1.315389456646214,0.0718214832182417
-1.943,-5.508,-1.943,-5.508,7.046931710721379e-07,6.442130029317618e-06,34.54753128234198,25.435537765166277,1.2453743097146712,0.0633476492796471,-1.943,-5.508,8.220658520091782e-07,7.237376056061191e-06,508.8322061121914,26.411667218743247,1.2856565928437709,0.081725513954
-2.019,-5.373,-2.019,-5.373,6.993450450471184e-07,6.540297047846775e-06,24.5457771721687,24.8636209435854,1.2402270091204992,0.0602372774072858,-2.019,-5.373,8.599866006695744e-07,7.372689266543297e-06,548.0594640220004,27.12289869863304,1.278954363772293,0.0848582800387644
-2.094,-5.238,-2.094,-5.238,6.843692683975788e-07,6.928423433535343e-06,35.11657768423213,22.968171640835617,1.2185424658439628,0.0652230808592218,-2.094,-5.238,9.306159708542992e-07,8.110440862244657e-06,639.8219933140415,26.68064885184444,1.27684336025182,0.0736019778407275
-2.17,-5.103,-2.17,-5.103,7.843961943035655e-07,7.412468924329878e-06,30.803114242749277,24.60610879125466,1.238654985903193,0.0735627220645754,-2.17,-5.103,9.958359398267386e-07,8.570720249373127e-06,730.6492533630452,27.01723023032654,1.2711760823535592,0.0822835576817368
-2.246,-4.969,-2.246,-4.969,9.815007075791928e-07,8.309404720124623e-06,41.45206884067986,27.465724043417623,1.2530007596407478,0.0603538810569088,-2.246,-4.969,1.0065961271445304e-06,8.820771298216207e-06,786.387176906189,26.534996868322807,1.2722031608406212,0.0814026993773295
-1.431,-5.766,-1.431,-5.766,7.484525239292965e-07,5.963405103528256e-06,25.91976401321523,29.183695962763995,1.2903302654043989,0.0590758438581755,-1.431,-5.766,8.131527242417362e-07,6.542833897301514e-06,396.5661221275604,28.898584703340152,1.3059440738814836,0.0833313728437971
-1.507,-5.63,-1.507,-5.63,7.742639419288347e-07,6.374299172531826e-06,32.79616058017841,28.24404787721323,1.2819346488931835,0.0623534641469148,-1.507,-5.63,8.115536593391177e-07,6.924530850677597e-06,458.76722047526073,27.25192803516528,1.2793397079176316,0.0865149773813934
-1.582,-5.494,-1.582,-5.494,7.371877825311584e-07,6.608028710523654e-06,34.536172692124524,25.940393235383212,1.2527363728723029,0.0608360435164856,-1.582,-5.494,8.415875288337068e-07,7.354812237181534e-06,511.7185526399408,26.607131056751587,1.2750647788316185,0.0792388540979266
-1.657,-5.359,-1.657,-5.359,8.984563868323907e-07,7.287824670770868e-06,30.91660139272669,28.66615415209121,1.2636255074435012,0.068784451856344,-1.657,-5.359,9.049101780018244e-07,7.626890560210102e-06,577.3565440604342,27.588513821744986,1.2755088922287472,0.0830962060045947
-1.733,-5.223,-1.733,-5.223,1.0937223231426984e-06,8.027399298752665e-06,44.781122400508025,31.681268170733503,1.294561677112918,0.0572555745304082,-1.733,-5.223,9.615066827579665e-07,8.37939590889034e-06,668.4169900827552,26.681481741938985,1.280136201643568,0.0787300741261613
-1.809,-5.088,-1.809,-5.088,7.532772838545295e-07,7.357671278944316e-06,42.89409476427788,23.805912754100664,1.2274434220651909,0.0562551355302536,-1.809,-5.088,9.723364447254238e-07,8.74461452599713e-06,717.1490811906704,25.855101183475384,1.266597973095944,0.082751940774037
-1.885,-4.952,-1.885,-4.952,8.123441113275126e-07,8.151054681022413e-06,46.083575437525056,23.173763881411155,1.2173786693176367,0.0654494998411241,-1.885,-4.952,1.3177086209807094e-06,1.005271635334838e-05,908.0005791892778,30.47939246699216,1.2988344079714416,0.0671493610477604
-3.338,-6.828,-3.338,-6.828,4.3070977107346326e-07,3.47866561838477e-06,11.59108536172121,28.790047871262345,1.308559087620027,0.0626385896341563,-3.338,-6.828,4.947975874627247e-07,3.672768036630433e-06,124.0742252773573,31.32596229093729,1.3479368323162009,0.0832407222481937
-3.412,-6.694,-3.412,-6.694,4.618345247012043e-07,3.5658375522027785e-06,12.1850102533224,30.11585441583829,1.309044296686006,0.0646574356357563,-3.412,-6.694,5.591979886014482e-07,4.026063845207491e-06,142.47641479239348,32.296487398272205,1.355684056861446,0.0794295278104936
-3.486,-6.559,-3.486,-6.559,4.33177250178657e-07,3.6186571435525296e-06,12.182812383293518,27.83482855162484,1.2910789549877082,0.0558218366780363,-3.486,-6.559,6.207257154595289e-07,4.402438718045381e-06,171.03279621432944,32.78511912430948,1.3572383412776758,0.0707933019699201
-3.56,-6.425,-3.56,-6.425,5.044681636938587e-07,4.126585752599737e-06,15.356595633201549,28.42583539652931,1.3052324426999569,0.0617067180949653,-3.56,-6.425,5.969505265216099e-07,4.308893673929802e-06,178.6726687510115,32.21387058112989,1.3407253063580191,0.0834577702119911
-3.635,-6.291,-3.635,-6.291,4.60755109818766e-07,4.045876710293352e-06,14.986680056175002,26.480602578216644,1.2777401061342315,0.0728368732787803,-3.635,-6.291,5.988700796346081e-07,4.892725543968912e-06,216.32118848723783,28.461127997027173,1.321202137903444,0.0779185730588694
-3.71,-6.156,-3.71,-6.156,5.288270716887509e-07,4.529411999179767e-06,17.98763709674261,27.14827256051781,1.2823380735144596,0.0659854283029012,-3.71,-6.156,6.038134082468924e-07,4.7566773410635e-06,214.25290333628564,29.516809154353226,1.309534640054115,0.0929200215740793
-3.785,-6.022,-3.785,-6.022,5.36327803239308e-07,4.681357300565076e-06,19.255394179682764,26.63967176155376,1.2809918432495555,0.0608404697766154,-3.785,-6.022,6.356459056268923e-07,4.952803874124089e-06,242.92775223155647,29.842449717752384,1.3254595169633423,0.0820667123246606
-2.983,-6.804,-2.983,-6.804,3.996208766029041e-07,3.3427864550309503e-06,10.944464287904582,27.797765183045104,1.2923641469959308,0.0689139311593761,-2.983,-6.804,5.567704119467615e-07,4.015405566878487e-06,141.5421664328245,32.241636597043104,1.349282845792819,0.076491117135728
-3.057,-6.669,-3.057,-6.669,4.622699480198831e-07,3.590948381759922e-06,11.886568088558825,29.933454935678743,1.309994266435236,0.0625212231865941,-3.057,-6.669,5.351458711097415e-07,3.98721407254742e-06,148.34264702008434,31.20850559151651,1.3471641686490254,0.0832279234158583
-3.131,-6.533,-3.131,-6.533,4.870176785354574e-07,3.971256918786856e-06,14.767289800654432,28.51590041097371,1.3018155444954314,0.0558596643525707,-3.131,-6.533,5.151140220310012e-07,4.117241886248369e-06,162.9278789218657,29.091581896537,1.323611666924548,0.0799785323825471
-3.206,-6.398,-3.206,-6.398,4.454179024493406e-07,4.0543176161818426e-06,15.682221113892966,25.545843518903023,1.2646789755590122,0.0655885844340052,-3.206,-6.398,5.683740747934725e-07,4.580583814524895e-06,194.4596017007008,28.852521522758284,1.3188554362934657,0.0772711576413734
-3.281,-6.264,-3.281,-6.264,5.857749329770111e-07,4.430162086060133e-06,18.307623398196277,30.745496771716017,1.315371294927479,0.0622153756358413,-3.281,-6.264,5.431928004909573e-07,4.526756257849778e-06,201.55209314449985,27.902122564103237,1.3005230269423649,0.0809525707710428
-3.355,-6.129,-3.355,-6.129,5.125410948331686e-07,4.464360416270213e-06,19.053903171414664,26.69560643756853,1.270819029058004,0.0632874771584988,-3.355,-6.129,6.847385477247382e-07,5.190533636419072e-06,242.94516853453027,30.67489714690277,1.3375763946802952,0.0840826352152576
-3.431,-5.994,-3.431,-5.994,5.781426002106332e-07,5.069827497417919e-06,24.19149441789685,26.51625191763769,1.2804630605764264,0.07441963016075,-3.431,-5.994,6.188174537775134e-07,5.151891659130171e-06,266.0946616358598,27.92969419230228,1.301255009999941,0.0970776987891568
-3.506,-5.86,-3.506,-5.86,5.650771853788331e-07,4.987076598379321e-06,24.87886715307446,26.347055246949,1.266984856110586,0.0656873309997311,-3.506,-5.86,7.730470112670115e-07,5.6395638936612926e-06,309.9757714049855,31.87357163557307,1.3403745436856669,0.0837700356026924
-3.581,-5.725,-3.581,-5.725,6.967916759688822e-07,5.612381733939572e-06,25.828995507903493,28.868624987127724,1.296292620963423,0.0691675984570503,-3.581,-5.725,7.186978287789866e-07,5.743347899534273e-06,331.4046699209071,29.09722392115406,1.3038813108886878,0.0762310913667684
-2.718,-6.661,-2.718,-6.661,4.249769312872487e-07,3.571968290725853e-06,11.91155533190878,27.664836565008734,1.2884510847610935,0.0644927485990088,-2.718,-6.661,5.145650134622197e-07,4.001128614229353e-06,151.3486972474935,29.903917778230067,1.327844918447616,0.0812575580786154
-2.793,-6.525,-2.793,-6.525,4.6837938982013014e-07,4.026435280040656e-06,15.403885429146362,27.04876254390017,1.2847431294521217,0.0653902769216245,-2.793,-6.525,5.201582730454871e-07,4.162577451840232e-06,166.8178487315934,29.056515407553768,1.3187906941073475,0.0745899319827451
-2.867,-6.39,-2.867,-6.39,5.445477306856101e-07,4.4962928647203405e-06,16.85465040398514,28.16123579609702,1.29803123049415,0.0650349095835947,-2.867,-6.39,7.542285452832919e-07,5.312655915259487e-06,221.03673152492868,33.01122371837082,1.3653156937828737,0.072238926746852
-2.942,-6.254,-2.942,-6.254,5.204799493432777e-07,4.468435775365077e-06,18.476793477891963,27.084375797122235,1.280938915128761,0.0636847123637339,-2.942,-6.254,6.726911391427731e-07,4.78464807847402e-06,219.62400634809495,32.69159083569282,1.3440602601570415,0.0797814459067712
-3.017,-6.119,-3.017,-6.119,5.471757661685819e-07,4.613049227530257e-06,20.940658697493387,27.580943151510223,1.2863716230508524,0.0714451900883324,-3.017,-6.119,6.206813879678426e-07,4.978937261089897e-06,238.4062557719809,28.986942990824016,1.309408837970567,0.0893397300942353
-3.092,-5.984,-3.092,-5.984,5.430519923367101e-07,4.681645934991518e-06,22.066593539915758,26.972002626710324,1.266792911870419,0.0652890841753176,-3.092,-5.984,7.244606612133475e-07,5.605784234108169e-06,295.7583038395151,30.050297622878315,1.3198883038924272,0.0863834924993494
-3.168,-5.849,-3.168,-5.849,5.665708168677142e-07,5.074394150767381e-06,25.42279242260269,25.96213182527681,1.2612749718619638,0.059790496562026,-3.168,-5.849,6.779099462586062e-07,5.596312458663626e-06,308.9707722496167,28.16698736960062,1.300164412359094,0.0894097569909839
-3.243,-5.714,-3.243,-5.714,6.19992590861654e-07,5.483744311975987e-06,24.788117762927527,26.28933800286983,1.267068898867296,0.0747300231976425,-3.243,-5.714,7.782810560253709e-07,6.247498631009557e-06,364.6745577714205,28.966807781839567,1.3102305965362353,0.0756561369415378
-3.319,-5.579,-3.319,-5.579,7.612960719820415e-07,6.207871700274886e-06,32.56519429616456,28.51551397611139,1.2892774911371747,0.0609561744538885,-3.319,-5.579,7.778712604791117e-07,6.436363790510548e-06,394.8412866672456,28.102016913129283,1.2982628731746233,0.0912579087976349
-2.505,-6.378,-2.505,-6.378,5.035425216898963e-07,4.241458483058516e-06,16.441792729694015,27.60522413918669,1.2717621702089466,0.0808443441420055,-2.505,-6.378,6.403110934063495e-07,4.883519485969728e-06,215.71760253543036,30.487965805479853,1.3336202641541088,0.0835358577797181
-2.58,-6.242,-2.58,-6.242,4.706354622503458e-07,4.232954123263108e-06,16.62008731343228,25.85302903888159,1.2578737500193478,0.0739295819235482,-2.58,-6.242,6.002567798842071e-07,4.911975686696867e-06,231.4677002223692,28.41523245532908,1.300140478662207,0.0840553204502379
-2.655,-6.106,-2.655,-6.106,5.431557434542589e-07,4.802029150034523e-06,22.19583640496821,26.300858923815483,1.2666551634712084,0.0644543309131037,-2.655,-6.106,7.113867561409649e-07,5.40355462342164e-06,269.7003291251913,30.612343454254333,1.324781828881308,0.082091199985086
-2.731,-5.97,-2.731,-5.97,5.995553683125884e-07,5.063052408523399e-06,23.419688919943564,27.535135668595423,1.2823954948489271,0.0604026245886416,-2.731,-5.97,7.161477473874041e-07,5.649714008135344e-06,301.3791787469254,29.47450455478089,1.3228832789150011,0.0785533688824742
-2.806,-5.834,-2.806,-5.834,6.319611262697378e-07,5.274915272141545e-06,24.687847931487028,27.857697859390363,1.27522500713092,0.0586209013057358,-2.806,-5.834,6.860393490699003e-07,5.849403299267156e-06,330.0723574179692,27.27142352642641,1.296154292081555,0.0813760505976191
-2.882,-5.699,-2.882,-5.699,6.201706226924904e-07,5.584197960147966e-06,24.200151216085253,25.823834628652424,1.2647023705053784,0.0641344330086618,-2.882,-5.699,7.12095975948398e-07,6.055834112905971e-06,371.26047474522994,27.34229150243404,1.289243537969012,0.0770543205383989
-2.958,-5.563,-2.958,-5.563,6.854310950005642e-07,5.9457537133540776e-06,30.81742769738452,26.805705034429696,1.266834566861621,0.0539183515018905,-2.958,-5.563,7.505623132688013e-07,6.5571190017706095e-06,435.2319141251879,26.616076503681864,1.2807970491321383,0.085385502937472
4.213,-3.907,4.213,-3.907,1.0794382859357409e-06,1.0494921916199434e-05,85.90957852096906,23.91602251434996,1.2204063908022365,0.0645011323089318,4.213,-3.907,1.2686068701962037e-06,1.179875669323731e-05,1341.0170028540049,25.001217662376355,1.2338941513928774,0.0817436424181736
4.14,-3.773,4.14,-3.773,1.130556591715409e-06,1.118362208557392e-05,96.04596253970482,23.506077895228717,1.2115648529510972,0.0657396515628025,4.14,-3.773,1.50080424611794e-06,1.5534634614189995e-05,1898.236113697555,22.46432401408134,1.191099932610648,0.0647025866046977
4.066,-3.638,4.066,-3.638,1.238829667193865e-06,1.1470463201303833e-05,82.0937381360225,25.11313832551371,1.225613833320732,0.061195660026253,4.066,-3.638,1.433297909148128e-06,1.3704777744348154e-05,1818.3736872769816,24.318389945750432,1.2228287298891878,0.0838924263651561
3.991,-3.503,3.991,-3.503,1.1883704988174675e-06,1.184720828016746e-05,99.41565008764606,23.3241693407472,1.206846832719613,0.0647410895075288,3.991,-3.503,1.5371699575866765e-06,1.4986331587990235e-05,2065.2805223250225,23.850467600896245,1.224816923912866,0.0798690170578508
3.917,-3.369,3.917,-3.369,1.356299881480339e-06,1.3223443403185254e-05,146.02099029655378,23.849622573739392,1.2098851228624143,0.0578487321124683,3.917,-3.369,1.573351663685973e-06,1.523136165949525e-05,2240.091370183519,24.019138199160967,1.2146825306273483,0.0845775123830586
3.843,-3.234,3.843,-3.234,1.378988165978413e-06,1.4086316399680998e-05,183.7210344342712,22.763207000529373,1.1945984457327012,0.0662601619733719,3.843,-3.234,1.5107410408212378e-06,1.5568882777413785e-05,2467.553443140839,22.563316027184744,1.1939135000379644,0.0834528748232044
3.768,-3.1,3.768,-3.1,1.537541227096994e-06,1.4986322707900346e-05,156.70406561537794,23.856242291387627,1.2053309966055898,0.0696509014403142,3.768,-3.1,1.7633927303416228e-06,1.701866608484778e-05,2779.355847929579,24.093166192275092,1.218011967333377,0.077374221122677
4.567,-3.882,4.567,-3.882,1.0065954433380031e-06,9.642536920336916e-06,77.47297044724432,24.27358917115908,1.2297433262489217,0.0672089567840064,4.567,-3.882,1.3002133678530456e-06,1.1724779681631772e-05,1305.1317687105463,25.78578063410844,1.2528509738714453,0.0785013480859931
4.493,-3.747,4.493,-3.747,1.2285576519881323e-06,1.124972686583246e-05,85.08481649228447,25.393578731609725,1.2337131845621936,0.0614739581631463,4.493,-3.747,1.2467708828340423e-06,1.169095202710835e-05,1362.6971079746663,24.79745554336129,1.2363155563281305,0.0786427279240697
4.419,-3.612,4.419,-3.612,1.12620862915274e-06,1.1020919199158364e-05,69.93043076645012,23.76136468749297,1.2179325101662135,0.0616007495293409,4.419,-3.612,1.3237966177515654e-06,1.251181044533073e-05,1517.312210765341,24.602059162504197,1.2306512478737428,0.0844102079130236
4.344,-3.477,4.344,-3.477,1.3134321458237751e-06,1.211301268804895e-05,107.66054900244012,25.21307506086193,1.222306069533957,0.0715813295846027,4.344,-3.477,1.4983454135232802e-06,1.4224477925293392e-05,1830.463441932843,24.493224024103032,1.2343432513139496,0.077104390474552
4.27,-3.342,4.27,-3.342,1.3157424039416335e-06,1.2724955575855772e-05,146.08249001082424,24.04279448530156,1.2243810997538769,0.0538370690002814,4.27,-3.342,1.5748865704795178e-06,1.4101584596126516e-05,1952.6317686177115,25.968789743979773,1.2454079341675168,0.0779750764093347
4.195,-3.207,4.195,-3.207,1.458539490529476e-06,1.3414902717353284e-05,163.75884402096304,25.28139372678032,1.2268768284905789,0.0681829448105522,4.195,-3.207,1.5758175627340612e-06,1.5309141232069746e-05,2253.433496451817,23.93456035184796,1.2071748598163234,0.0811994950711327
4.121,-3.072,4.121,-3.072,1.3859757328784312e-06,1.3553055051922275e-05,159.31146798902842,23.778736339375023,1.2152421498121138,0.0578540291107336,4.121,-3.072,1.6456281921157292e-06,1.581920643067388e-05,2480.554003220459,24.18896984418443,1.2185662349074675,0.0812861340973319
4.046,-2.938,4.046,-2.938,1.385085862332325e-06,1.4345550257083366e-05,179.92009549583256,22.45069721421315,1.1937145483078946,0.0654514157353705,4.046,-2.938,1.844501537997292e-06,1.6903142522006184e-05,2840.602586900843,25.373589878670828,1.219701712428902,0.0792877121017675
3.971,-2.803,3.971,-2.803,1.6552594754069404e-06,1.5867235964773493e-05,216.38949266478497,24.256891741809092,1.2104172918338132,0.0602074184548966,3.971,-2.803,2.218674332838568e-06,1.8947178115746053e-05,3319.736669859707,27.22822739734035,1.248915394716852,0.0756428376690566
4.83,-3.739,4.83,-3.739,1.0831114216711015e-06,1.03186641925116e-05,82.90979089179625,24.407314879932738,1.234726115837996,0.0605441835333701,4.83,-3.739,1.2891876412943889e-06,1.1557805328407017e-05,1307.5927165436524,25.936484234509667,1.2505989534514603,0.0860233676831811
4.756,-3.604,4.756,-3.604,1.1704005439692408e-06,1.0660528637289916e-05,89.64438102791401,25.5285484395613,1.2485212399726464,0.0596851313699501,4.756,-3.604,1.3616478500574548e-06,1.21299120985241e-05,1393.481556778115,26.10222317371709,1.255874599224256,0.0805545762160857
4.681,-3.468,4.681,-3.468,1.049676435196927e-06,1.0644980140593713e-05,81.40937093016592,22.928779593792125,1.2194608615355964,0.0551376417234139,4.681,-3.468,1.3368925508028887e-06,1.289005076130971e-05,1623.2875527956082,24.11638582849583,1.2277382888431692,0.0789804676737504
4.607,-3.333,4.607,-3.333,1.0659378002909416e-06,1.1261581718354526e-05,99.24659094172122,22.009127100271613,1.1980372921024918,0.0682250841397257,4.607,-3.333,1.4299466820506983e-06,1.424040876631382e-05,1849.549312375457,23.348970485062907,1.2199707924598882,0.0790336444849594
4.532,-3.198,4.532,-3.198,1.280145247355757e-06,1.249967958276914e-05,117.91786754921704,23.81391040479425,1.2199768805675677,0.0630240188561693,4.532,-3.198,1.5038044419892591e-06,1.407887403544472e-05,1946.8157310700997,24.836694056202283,1.2327419817409548,0.0776307095525642
4.458,-3.062,4.458,-3.062,1.3799228788298076e-06,1.303150052789866e-05,139.16450339743702,24.62242010022621,1.2290098822129127,0.0672084390536089,4.458,-3.062,1.7251758391516887e-06,1.587256490890638e-05,2309.8340223469013,25.272988695911064,1.2356480617514232,0.080635123086403
4.383,-2.927,4.383,-2.927,1.4710786007099596e-06,1.426984114635907e-05,176.38209523763985,23.97105161528842,1.2243689351761295,0.0654903967794866,4.383,-2.927,1.804534813771202e-06,1.6535468720407505e-05,2621.975560285789,25.375762592303325,1.2365181595720984,0.0789435375051597
4.308,-2.792,4.308,-2.792,1.5005555284635652e-06,1.4916666507504326e-05,156.8646975433783,23.391099618197003,1.2180661675517608,0.0558605455815878,4.308,-2.792,2.099608659112903e-06,1.6930031567513085e-05,2777.142767438605,28.837056934481797,1.2541102701416285,0.0807718280112878
4.232,-2.657,4.232,-2.657,1.443356005621467e-06,1.4550153379771318e-05,136.89537052103458,23.06620989962476,1.203895762070442,0.0605144353294676,4.232,-2.657,1.976073580549315e-06,1.846603195812949e-05,3215.466901442229,24.88283596478073,1.2260634106734274,0.0816739421993704
5.042,-3.456,5.042,-3.456,9.992325298156951e-07,1.0014208168906931e-05,83.44388415436796,23.20172615231598,1.2121875588180016,0.0625809500929423,5.042,-3.456,1.510639156491313e-06,1.298819167929563e-05,1518.316579759151,27.04471417412345,1.267950514060435,0.0784494459915317
4.967,-3.32,4.967,-3.32,1.206870035453252e-06,1.139757678375912e-05,114.711861338209,24.62171644915165,1.2383823552519502,0.0659981137215442,4.967,-3.32,1.3856868747704232e-06,1.2532117769796758e-05,1548.7529529067938,25.71052728296706,1.24066068507871,0.0750510481652421
4.893,-3.184,4.893,-3.184,1.2539480990624565e-06,1.151953884460016e-05,94.52746897896608,25.311321221932243,1.24410295831482,0.0551950746259416,4.893,-3.184,1.3487704446128045e-06,1.2821181571690812e-05,1658.512548179782,24.4613452691563,1.2301116719091445,0.0802495994464829
4.818,-3.049,4.818,-3.049,1.2351695027445707e-06,1.1324131018034733e-05,63.48276985610367,25.36249779122312,1.243444470029982,0.0640760606523663,4.818,-3.049,1.8408930255306492e-06,1.4625597074221588e-05,1965.2111684599067,29.26747763791593,1.2741847502449586,0.0817889938861937
4.743,-2.913,4.743,-2.913,1.2461539317932128e-06,1.1974891185683373e-05,73.29271171391629,24.197498072302228,1.2280973520070686,0.0635044847701282,4.743,-2.913,1.7622587203429016e-06,1.5719902955807818e-05,2256.5667146240253,26.066946176982523,1.2506527811711403,0.0808826635733981
4.668,-2.778,4.668,-2.778,1.3302494162386156e-06,1.2681109012505997e-05,96.4812150117518,24.39193132625392,1.227730396780299,0.068030888510909,4.668,-2.778,1.8093201149106344e-06,1.6405880111005128e-05,2439.3960236815665,25.644027000185023,1.2452810748560723,0.0800166136246886
4.592,-2.642,4.592,-2.642,1.4666889141974134e-06,1.3594980403958364e-05,94.91664713376028,25.08590487363806,1.240440603291579,0.0581510221238227,4.592,-2.642,1.9929044227772702e-06,1.7133457710955773e-05,2705.0481374880733,27.04654540839969,1.2568900226865372,0.0811951114276105
3.139,-4.513,3.139,-4.513,9.961465032207166e-07,1.001495919945302e-05,75.55359340205264,23.12833547023898,1.2080326564144732,0.0633584066085691,3.139,-4.513,1.1322845729771193e-06,1.0412087245717505e-05,1066.8425434254202,25.286466120232685,1.2376538299901556,0.0832293975817766
3.066,-4.378,3.066,-4.378,9.456393532096e-07,9.505627864554056e-06,77.71953374734407,23.13210083342936,1.2071992815263717,0.0682090103045909,3.066,-4.378,1.279879302474476e-06,1.2686929871154e-05,1394.132406435724,23.45755937509702,1.2200810709899883,0.075332197570581
2.992,-4.244,2.992,-4.244,1.0099636708911767e-06,1.0269553594654113e-05,84.8518716876368,22.86780783329687,1.2000839676068336,0.0673357981917533,2.992,-4.244,1.1548299163672888e-06,1.1478146837984943e-05,1310.8422089424014,23.394652423032845,1.2128021098449993,0.0781599380049385
2.918,-4.109,2.918,-4.109,1.0669382707684112e-06,1.1363844169641744e-05,105.7527505749808,21.83153996619676,1.1901866171163429,0.0657448973478193,2.918,-4.109,1.3299111177003524e-06,1.287165750484922e-05,1567.8950206449215,24.024728521861025,1.2265331354468414,0.0707347495576692
2.844,-3.974,2.844,-3.974,1.1411448412825197e-06,1.1975729356386496e-05,107.4416295910338,22.156907580806813,1.188726049944352,0.0663987305542282,2.844,-3.974,1.4306972226716575e-06,1.361739953589334e-05,1796.302520995431,24.430024458047203,1.225523111752286,0.0833567111071001
2.769,-3.84,2.769,-3.84,1.1970767460684236e-06,1.2820457453294816e-05,127.80195810327986,21.711449574656385,1.1841386062549435,0.0640976720253643,2.769,-3.84,1.43509516742261e-06,1.3911857061963347e-05,1956.9284422583669,23.986448104607263,1.2145258024195411,0.0829241152657314
2.695,-3.706,2.695,-3.706,1.2993736968730782e-06,1.3884048062802373e-05,153.95966578487554,21.7614740802021,1.1789318125720047,0.0601080074202909,2.695,-3.706,1.360736641615816e-06,1.434726167167672e-05,2119.802867242812,22.05339254501365,1.1858165242332408,0.0871102233103861
3.493,-4.489,3.493,-4.489,1.0213273556152791e-06,9.797228682832388e-06,97.99944853800736,24.239969366906404,1.231963409566399,0.0549275757914044,3.493,-4.489,1.218171161768543e-06,1.0914147677184484e-05,1065.251658222296,25.953075838267484,1.2565175550874963,0.077840527073559
3.419,-4.353,3.419,-4.353,1.0320756581097982e-06,9.952317634176449e-06,96.71094355191218,24.113355803948355,1.2169094822807405,0.0825655380832306,3.419,-4.353,1.1605300009669052e-06,1.12692627449661e-05,1171.7393954390222,23.94590277406356,1.2309418851917997,0.0827670083780575
3.345,-4.218,3.345,-4.218,1.1674381002703432e-06,1.0770256675209031e-05,106.73439499071344,25.204504086753825,1.2252264218234528,0.0655209075297379,3.345,-4.218,1.2590884298824531e-06,1.1451085699209308e-05,1275.782513824047,25.56700849595471,1.2374567575060529,0.0858278041747871
3.271,-4.083,3.271,-4.083,1.0952642130264465e-06,1.1153665487184354e-05,105.92804923919944,22.83345494882809,1.2027490497045197,0.0574400273772112,3.271,-4.083,1.412607178561152e-06,1.2379813258471464e-05,1485.2327494216324,26.532468836587384,1.2458984789599816,0.0834282147839951
3.197,-3.948,3.197,-3.948,1.2594711789888595e-06,1.2196194833504403e-05,117.44376644469332,24.012325830788345,1.2134390045436496,0.0708767964286345,3.197,-3.948,1.3676187446036544e-06,1.2947483157312896e-05,1654.357476009386,24.56122578296685,1.2241365248879643,0.0814796890648446
3.122,-3.813,3.122,-3.813,1.2640248228302383e-06,1.2403224424696173e-05,118.65771271964994,23.696889768452856,1.207593084423885,0.0626644967229665,3.122,-3.813,1.4904202696066328e-06,1.4219979963451948e-05,1933.39044089476,24.371379446708445,1.2174593044103317,0.075814954690574
3.048,-3.678,3.048,-3.678,1.2800808139541218e-06,1.3116045930280654e-05,125.63923451512562,22.693673753066523,1.19538851311092,0.0609649210587995,3.048,-3.678,1.3359970136459074e-06,1.3881977519904e-05,1963.389138692065,22.37816636374661,1.1933226313827143,0.086186118385806
2.973,-3.544,2.973,-3.544,1.4229559226654356e-06,1.4519829086263938e-05,157.08953020052795,22.787689379021877,1.198217652376915,0.0621860387771453,2.973,-3.544,1.4673982605686108e-06,1.5455024536211798e-05,2437.9372155601422,22.077436719815477,1.1851411007728678,0.0811170827468763
2.898,-3.409,2.898,-3.409,1.4605105886405457e-06,1.5341073612534845e-05,207.6045206478545,22.137027453386512,1.1919999633202245,0.0687712588882323,2.898,-3.409,1.7093950417632165e-06,1.692755177378111e-05,2896.2400294336053,23.48111073880132,1.2035025106218395,0.0773897160826227
3.756,-4.346,3.756,-4.346,1.0357075856071348e-06,1.0107636044948684e-05,87.75836389268221,23.82637150840404,1.2268031186773278,0.0687066218025416,3.756,-4.346,1.3598061668047582e-06,1.1051386333281826e-05,1115.195797178023,28.610838953104874,1.280339713698913,0.0774600171283578
3.682,-4.21,3.682,-4.21,1.0472996358497796e-06,1.0279122797012468e-05,98.70813816796864,23.69110108721728,1.2171850794408243,0.0591084542478258,3.682,-4.21,1.2633891909585133e-06,1.1561388565201577e-05,1286.2190608612248,25.40958119098977,1.2434588724346085,0.0909952382155575
3.608,-4.075,3.608,-4.075,1.0111964013993154e-06,1.039664381681697e-05,92.45898846936386,22.615838668606514,1.2048665458521366,0.0678769534647856,3.608,-4.075,1.2838779643146863e-06,1.199189854651062e-05,1405.0035237246937,24.894656998118133,1.2399053955929171,0.0866617812797044
3.534,-3.939,3.534,-3.939,1.232616725742015e-06,1.1653291107780068e-05,109.1751194490556,24.59516885485569,1.2162221198358365,0.068278769120078,3.534,-3.939,1.4001540366067497e-06,1.3052299970681603e-05,1632.4932886587712,24.94359911668695,1.228324387174115,0.0843141104305764
3.459,-3.804,3.459,-3.804,1.195123473479808e-06,1.2096831271177351e-05,112.89431525911417,22.97267142581088,1.2065172320285855,0.0588389757677571,3.459,-3.804,1.6380305888422707e-06,1.4121014318086089e-05,1833.2157693970469,26.97282668259044,1.2414631540200811,0.0804003325307579
3.385,-3.669,3.385,-3.669,1.292144555484746e-06,1.3110450418360016e-05,153.43448273097022,22.9173204329167,1.2037409888384207,0.0625745350334024,3.385,-3.669,1.441373012674718e-06,1.453335122548128e-05,2052.405426227493,23.061150216309297,1.208641912276902,0.0810342305151571
3.31,-3.533,3.31,-3.533,1.2501402638843394e-06,1.3405549530940886e-05,150.09665902548497,21.68425315668768,1.1939584566582602,0.0661599166140334,3.31,-3.533,1.5792230273515734e-06,1.550837715757006e-05,2341.042102705226,23.678133304955523,1.21208074544348,0.0826153590126697
3.235,-3.398,3.235,-3.398,1.3653035403536037e-06,1.414207764244026e-05,203.06471508419955,22.448449332935077,1.1898702581228309,0.068053517271999,3.235,-3.398,1.6384425044348856e-06,1.6246205371913147e-05,2571.191899237877,23.450365416967315,1.2045463622311336,0.0798283418792778
3.16,-3.263,3.16,-3.263,1.300752038349408e-06,1.5045866506202066e-05,206.89416577623876,20.10238833945573,1.1581382080699982,0.0684501642194145,3.16,-3.263,1.6690836610094488e-06,1.7269796134941155e-05,2931.833218001486,22.473009866738643,1.1954777356073465,0.0771678148994316
3.969,-4.063,3.969,-4.063,1.0316161497254795e-06,1.0026025835457876e-05,85.85715856510986,23.9254249655458,1.2205346469824516,0.0631712210039658,3.969,-4.063,1.180287220140828e-06,1.1395337719963718e-05,1308.5586441501634,24.084123832574797,1.228106158718451,0.0758465168362259
3.894,-3.927,3.894,-3.927,1.1611785965492827e-06,1.0912163913502434e-05,112.41561282760377,24.743349448885823,1.2259465229341522,0.0692222829405508,3.894,-3.927,1.315330737837449e-06,1.2351031041389591e-05,1528.364736962077,24.762934196020407,1.234680074351115,0.0886039221105558
3.82,-3.791,3.82,-3.791,1.1430732993093378e-06,1.1701985376676271e-05,126.1210630991249,22.713542653349432,1.2041178700281214,0.0617209894596723,3.82,-3.791,1.2569091036305098e-06,1.2887856513493052e-05,1657.1240187624687,22.677413921117985,1.1994628385375008,0.0943003916137995
3.745,-3.655,3.745,-3.655,1.2328671334014733e-06,1.207472595776519e-05,135.42174464084806,23.74156478975101,1.1955356661088736,0.0668180685424537,3.745,-3.655,1.424723356745794e-06,1.3895436761588456e-05,1891.5838857385768,23.841231765871274,1.21991054751447,0.0872190759256629
3.67,-3.52,3.67,-3.52,1.3693877512832752e-06,1.323414387183968e-05,138.53740739402684,24.06029427876064,1.2052607483110058,0.0631919320837318,3.67,-3.52,1.381449647749761e-06,1.3930631058496791e-05,1999.505485829849,23.058689279490167,1.2042706199437594,0.0882564887089545
3.595,-3.384,3.595,-3.384,1.2798162373274794e-06,1.3746168368513996e-05,137.46168368513997,21.648923432013863,1.189893780282188,0.0660666566026464,3.595,-3.384,1.5596722167194148e-06,1.5127759557569242e-05,2414.904997187856,23.97336900999707,1.2118056814051776,0.0827656949038503
3.52,-3.249,3.52,-3.249,1.460051965415947e-06,1.4787007611091778e-05,216.5926939834668,22.95928528058685,1.2014967583697371,0.0684852613206681,3.52,-3.249,1.6075880158033704e-06,1.6137327028750662e-05,2669.806778180377,23.163997389528745,1.2004978538943318,0.0899070730717818
2.067,-5.124,2.067,-5.124,7.774991403469854e-07,7.46728032346222e-06,57.06598140329847,24.21072584617517,1.2217977993926166,0.065915450474476,2.067,-5.124,1.039557850664378e-06,8.867115218544796e-06,735.9361312591543,27.260678341849424,1.2757418275615309,0.0864514123572903
1.993,-4.989,1.993,-4.989,8.579069552169099e-07,8.216739791254038e-06,59.357075182903166,24.27789352573565,1.229172827103243,0.0623271201435693,1.993,-4.989,1.0110023241751123e-06,9.051619187190604e-06,828.7301965367665,25.97145179395636,1.2590458197670802,0.0805030297549585
1.92,-4.854,1.92,-4.854,8.110092080550557e-07,8.370234736993037e-06,66.72605405289376,22.52986010645736,1.2091525318149017,0.0637418952789911,1.92,-4.854,1.1370973840306642e-06,1.0298528168559456e-05,952.0658107761876,25.67395920388411,1.2479766562369896,0.0798065330765862
1.846,-4.719,1.846,-4.719,9.913860027959736e-07,9.530791250192798e-06,78.9737545203301,24.18712076497869,1.2142864339808002,0.0629402156368315,1.846,-4.719,1.194189798467387e-06,1.0318488503065171e-05,996.7941285604904,26.91086265922456,1.2497626550654777,0.0780898757353409
1.772,-4.585,1.772,-4.585,9.227774503538228e-07,9.848939588474051e-06,81.08490972570101,21.78601745472382,1.1969750245316852,0.0690788707502825,1.772,-4.585,1.1298087476771817e-06,1.04306173784266e-05,1106.0485577606948,25.186351838058616,1.2339821589864295,0.0881590726601733
1.698,-4.45,1.698,-4.45,1.2642177541161108e-06,1.1333717927335163e-05,99.76190898376724,25.937005426560454,1.2369414211108904,0.0638061274214006,1.698,-4.45,1.3351380295133936e-06,1.223513954931965e-05,1359.387887377365,25.37392119983079,1.243315651026461,0.0733212470918315
1.623,-4.316,1.623,-4.316,1.130309218867174e-06,1.13927886513882e-05,110.99444401341452,23.069467842603466,1.2031391754992675,0.0739230038725681,1.623,-4.316,1.444619037675374e-06,1.2804390349601084e-05,1558.2231700445095,26.234015814584044,1.2366208107050969,0.0819180370605581
2.421,-5.1,2.421,-5.1,9.252403001064938e-07,8.143227687627902e-06,59.57930864041344,26.419726070836983,1.2562569031168909,0.0633081899368797,2.421,-5.1,8.88368238872722e-07,8.256171348878247e-06,668.9232282664632,25.01984834872936,1.2465643064563596,0.0772022235237075
2.347,-4.965,2.347,-4.965,8.561486012686154e-07,8.26050434920665e-06,61.55715148832612,24.099772054980715,1.232998519563489,0.0682337667960623,2.347,-4.965,1.051959307948944e-06,9.213260242942787e-06,813.4616447030102,26.54947573492222,1.2562999384231208,0.0880682690534646
2.273,-4.829,2.273,-4.829,1.0045305851305305e-06,9.261858703429016e-06,76.60702802389125,25.21943546417835,1.239086907117222,0.0600736143272731,2.273,-4.829,1.062196637691645e-06,9.82846456230306e-06,927.0990408140208,25.12983249816028,1.244319736358125,0.0841825544074244
2.199,-4.694,2.199,-4.694,9.12519518215879e-07,9.170239810148632e-06,74.82581945998037,23.138319683344804,1.209707761151488,0.056338592070557,2.199,-4.694,1.1564937327600403e-06,1.0544630393163667e-05,1040.0387807596803,25.50247142232329,1.2486491296758782,0.0736615321546651
2.125,-4.559,2.125,-4.559,1.0274946641251608e-06,1.0051042431630364e-05,84.23027806841603,23.770527334078515,1.2156255635162316,0.0695335598430941,2.125,-4.559,1.210248604079276e-06,1.148365965446013e-05,1218.0153805100465,24.5055596535347,1.2408412562640432,0.0838027346491749
2.051,-4.424,2.051,-4.424,1.026175484500837e-06,1.0451837765484611e-05,97.92712861354951,22.82965364352808,1.201796320394828,0.0592153334749857,2.051,-4.424,1.29772998135472e-06,1.1741311278016377e-05,1326.385204040036,25.70029354811552,1.2419086989144883,0.079205037723833
1.977,-4.289,1.977,-4.289,1.0714093553824413e-06,1.091572610055041e-05,85.99106787573442,22.823022167905663,1.1950766192923905,0.0669040426500473,1.977,-4.289,1.4080574867643446e-06,1.3419744600016303e-05,1653.118496053971,24.397564966018734,1.2277444675246054,0.0766190433605368
1.902,-4.154,1.902,-4.154,1.116946471232224e-06,1.1723175308764007e-05,103.81866751380808,22.15427021497888,1.1916322881181094,0.0711716698760798,1.902,-4.154,1.1997156394493588e-06,1.2628744627282087e-05,1659.9778894129947,22.089632296727284,1.195986453956447,0.0849373015724117
1.827,-4.019,1.827,-4.019,1.2726811523669492e-06,1.3122475251423648e-05,136.57019295316044,22.55143580306959,1.1906445753520218,0.0576358202572717,1.827,-4.019,1.383104243998657e-06,1.3992131806353923e-05,1978.1186668069204,22.98483412706969,1.2010062306011269,0.0828525409705149
2.685,-4.958,2.685,-4.958,8.754643083386905e-07,8.360678440762865e-06,65.11575323710237,24.34822308817773,1.232135619222728,0.0648339474508801,2.685,-4.958,1.0152793553106125e-06,9.36072454095659e-06,823.5358767615023,25.220078702206216,1.2570843448669458,0.0769764519482479
2.611,-4.822,2.611,-4.822,8.751751682559936e-07,8.596803373069385e-06,74.30142167650895,23.671639632523878,1.2170197280895243,0.0647406160896356,2.611,-4.822,1.0265794072258465e-06,9.597272859300348e-06,885.2038077220932,24.8722488050211,1.242448860589346,0.0775698343024222
2.537,-4.686,2.537,-4.686,9.307981045967278e-07,9.054055225580422e-06,80.3674564967251,23.90466702521259,1.2148618283920805,0.0684755048063795,2.537,-4.686,1.1959909105672e-06,1.0435306399068697e-05,1032.2219149643695,26.649742765805044,1.2626703503811625,0.076290356138757
2.463,-4.551,2.463,-4.551,1.053809749420472e-06,9.724511509743108e-06,79.59165212590453,25.197924194474364,1.2323294978825556,0.0569365441414126,2.463,-4.551,1.3454018377579745e-06,1.1146066695980071e-05,1165.3207218250186,28.06730581783988,1.2586971199733716,0.0901244029596263
2.388,-4.415,2.388,-4.415,1.0875670625933357e-06,1.079331462717086e-05,94.1516272879668,23.429960525065223,1.212082708897409,0.0557209548902794,2.388,-4.415,1.1537790384582531e-06,1.1391967392073174e-05,1312.1902848109376,23.550181520471558,1.2241234830462329,0.0883353452431199
2.314,-4.28,2.314,-4.28,9.235335678137966e-07,1.020006705632381e-05,103.29069212727384,21.0532916198259,1.1769399291811844,0.0623983296706449,2.314,-4.28,1.2740044797764603e-06,1.2176741525618793e-05,1441.4287923471554,24.328213322470216,1.2199504726931167,0.0870441840517438
2.239,-4.144,2.239,-4.144,1.2979164348314092e-06,1.2146159007816324e-05,109.86892692386766,24.847237834990253,1.2160310684164686,0.0637586914604399,2.239,-4.144,1.4242516468755966e-06,1.2720891836961404e-05,1613.0693021661707,26.0339171225253,1.2265553578016628,0.0864104943216067
2.164,-4.009,2.164,-4.009,1.172349994065048e-06,1.2365279886491256e-05,132.46117327523535,22.045689286389734,1.1890972407332696,0.0648090216872885,2.164,-4.009,1.5526420526801853e-06,1.3883017827186198e-05,1865.8881600964585,26.005057052775623,1.2362030676261084,0.0736038241000161
2.089,-3.874,2.089,-3.874,1.2500070361798308e-06,1.3099852246900651e-05,136.26091624789,22.18791062934878,1.1801757323409927,0.0648800416360401,2.089,-3.874,1.490919851420231e-06,1.5584961722498874e-05,2293.7544470613266,22.244308265472775,1.1877319846021352,0.0787537130011654
2.898,-4.675,2.898,-4.675,9.56273734945264e-07,9.05929596792994e-06,72.89847002542322,24.544722526190583,1.224280934536196,0.0687783398957495,2.898,-4.675,1.1008554855715045e-06,1.0228708526079432e-05,1004.7539442563424,25.02533242500469,1.2483561380743975,0.0869204140501445
2.824,-4.539,2.824,-4.539,9.83013607653455e-07,9.820322423144275e-06,80.60485882713553,23.27577393199072,1.2114354048358364,0.0592762274237362,2.824,-4.539,1.179463974140595e-06,1.1187498354767058e-05,1166.0054768573525,24.514443755195792,1.244698911369577,0.0806466567660788
2.749,-4.403,2.749,-4.403,1.1716928436740569e-06,1.1022768675963374e-05,102.98925873519646,24.716867620737567,1.2252418545614898,0.0614247790127861,2.749,-4.403,1.2629214525481605e-06,1.167779776869737e-05,1255.7131680931225,25.14697430087694,1.2335999828919295,0.0838911133809064
2.675,-4.267,2.675,-4.267,1.1513379997993558e-06,1.1586114975936888e-05,124.90053869177466,23.10656307940616,1.210038935154225,0.0586942357397166,2.675,-4.267,1.2442227130822577e-06,1.1863156463293417e-05,1406.676966655571,24.38755232874855,1.2310056273771002,0.0838719517590267
2.6,-4.131,2.6,-4.131,1.040540871730901e-06,1.1621161239059311e-05,99.5517962246552,20.819963526423752,1.1783230062206993,0.064070950465531,2.6,-4.131,1.4601014373425732e-06,1.3497085586006072e-05,1706.9372909154686,25.15436591877351,1.2332462403425344,0.0783183085185336
2.525,-3.996,2.525,-3.996,1.1248664895684223e-06,1.13822981560968e-05,114.67622729980584,22.97954202127146,1.1965116901240174,0.0599961798791847,2.525,-3.996,1.2814409005432472e-06,1.3185691169986226e-05,1809.8007488216388,22.59779317372188,1.2050875460838837,0.0782111266067585
2.45,-3.86,2.45,-3.86,1.219056065992879e-06,1.3078198451252031e-05,141.85068647630038,21.674351105499905,1.1791474034009135,0.0735901236867014,2.45,-3.86,1.378385073304267e-06,1.4225592229077744e-05,2027.2078943255208,22.530485660725905,1.1981487451637978,0.0834896867747719
0.995,-5.739,0.995,-5.739,6.813572988674217e-07,6.288443291883288e-06,34.12736442151537,25.194289259362435,1.2469436143510293,0.0676652282688662,0.995,-5.739,8.299082608669572e-07,7.096085229812784e-06,450.4824312172913,27.194533424536058,1.2689010581064464,0.0762636783758868
0.922,-5.604,0.922,-5.604,6.647872859621691e-07,6.284937980315527e-06,39.03995396727881,24.59529614428604,1.2332626777141662,0.0786739734131089,0.922,-5.604,8.608210892660426e-07,7.253649430712417e-06,474.405480145467,27.59476395931895,1.2871464791056189,0.0766068801148914
0.849,-5.469,0.849,-5.469,7.11802994235251e-07,6.651172992835885e-06,40.90884506929028,24.88467163640742,1.245495671597105,0.060053732911443,0.849,-5.469,8.471377237779485e-07,7.177620583794572e-06,511.09446766555527,27.44377637911339,1.284179926875311,0.0955636037172919
0.775,-5.334,0.775,-5.334,7.852227789884926e-07,7.343541494423615e-06,46.83018080482044,24.86323782792493,1.2342900527557643,0.0550688340134352,0.775,-5.334,9.679391029422154e-07,8.396159375018346e-06,637.2232048371588,26.80635154645676,1.2775150234180153,0.077387771481476
0.701,-5.199,0.701,-5.199,7.796134192893734e-07,7.602955101241249e-06,52.98919130021798,23.84334746309041,1.2238644688048124,0.0636881005794031,0.701,-5.199,9.864212599349418e-07,8.469623784153493e-06,688.2071460354659,27.08124659603199,1.270805095207888,0.0802673906945775
0.627,-5.064,0.627,-5.064,8.572396200946276e-07,8.288086685832323e-06,49.01510056057659,24.050178164040428,1.229648115654216,0.0598194591130823,0.627,-5.064,1.0725609022389393e-06,9.073187429070056e-06,774.778682738347,27.48732180199526,1.2716029187327638,0.0812398364753977
0.553,-4.93,0.553,-4.93,8.421039862459164e-07,8.868292409268789e-06,59.917351138909474,22.07984733787741,1.201325756267558,0.0802195201026273,0.553,-4.93,1.031520197352248e-06,9.73257470950606e-06,908.8583640147068,24.6445184986181,1.244687284529542,0.0885219381709828
1.35,-5.716,1.35,-5.716,6.90541516680381e-07,6.241855409519173e-06,38.56876197300867,25.724470115745653,1.2579146743777576,0.0601388780501404,1.35,-5.716,7.972232035830626e-07,6.849366408592911e-06,431.63359335390953,27.06449192641005,1.276175319318939,0.0882572213895277
1.276,-5.58,1.276,-5.58,7.224222701345375e-07,6.554430367658906e-06,39.136217165150114,25.628696557653388,1.2465583122376074,0.0653671666140567,1.276,-5.58,9.58660081528402e-07,7.578939624975686e-06,505.819887370364,29.41213454287375,1.3045038678139824,0.0819600152178688
1.203,-5.445,1.203,-5.445,6.845344507108957e-07,6.711289250154092e-06,40.39795454607679,23.71699710260604,1.2338498931458366,0.0580985473918935,1.203,-5.445,9.134813799900036e-07,7.891013118329026e-06,559.2429717494445,26.91765865570332,1.2789890736584022,0.0768415808525279
1.129,-5.309,1.129,-5.309,7.651111196321658e-07,7.2178391409823455e-06,47.91254845880079,24.64833922308499,1.2261580016257183,0.0732626758004259,1.129,-5.309,9.39123112178462e-07,8.675036017178405e-06,648.0147386326037,25.172224120640493,1.256946553170901,0.0743236974879245
1.055,-5.174,1.055,-5.174,7.93140551337197e-07,7.849095887932826e-06,53.37802016055215,23.496375158097894,1.222928371776432,0.0622528008521574,1.055,-5.174,1.016613062943851e-06,9.088275703512665e-06,705.4701872207439,26.01025081188952,1.268612790774606,0.0772983996531898
0.981,-5.039,0.981,-5.039,8.897234602807152e-07,8.22924486801787e-06,59.51195106900187,25.140007591210654,1.233392088741802,0.0667626283516117,0.981,-5.039,1.1025093415649531e-06,9.4043470516017e-06,799.7253790048253,27.259882394475277,1.269202410590201,0.0835423221317394
0.907,-4.904,0.907,-4.904,1.0174305611699733e-06,8.96853384146868e-06,59.77401350957162,26.37871738645811,1.243924012522122,0.0671225187227527,0.907,-4.904,1.1607832638554738e-06,1.0184122497564953e-05,938.3075447373832,26.503172967353198,1.2612679056536316,0.0736676220950224
0.832,-4.769,0.832,-4.769,1.066338881862092e-06,9.33078628519486e-06,51.901624095951405,26.57341379946296,1.2456279783828903,0.0531625496549637,0.832,-4.769,1.1332828852842366e-06,1.0850766050509349e-05,1094.5728996137943,24.285568695660416,1.2301607803243608,0.0802399816536394
0.758,-4.634,0.758,-4.634,9.050836898695168e-07,9.654757134621596e-06,70.31283981923697,21.79805443206501,1.1925863494046725,0.0733873992934775,0.758,-4.634,1.1439184974698465e-06,1.0880413090070957e-05,1168.169445761212,24.446688907547586,1.2348152650171975,0.079121983287114
1.614,-5.574,1.614,-5.574,7.990947224185918e-07,6.802837105152175e-06,40.12596435589486,27.31357441130436,1.2702150435329265,0.0561044433800805,1.614,-5.574,8.586285711943238e-07,7.413787600507124e-06,494.12968053081767,26.92994978579781,1.276759743680561,0.0822982716949993
1.541,-5.438,1.541,-5.438,7.704110085034582e-07,7.157789133693588e-06,41.49427678004644,25.027295843619253,1.2439944287038598,0.0582939334510013,1.541,-5.438,8.235438629904614e-07,7.272539531275437e-06,526.0805549952786,26.33122063607908,1.265287760883372,0.076082989053174
1.467,-5.302,1.467,-5.302,8.130343885189871e-07,7.544698190718979e-06,48.00177544529902,25.057479934144453,1.2439208240273076,0.0582444651579801,1.467,-5.302,8.352446920207287e-07,7.794680698298878e-06,593.6924973098531,24.91642571661821,1.2518896926895098,0.0830960436827514
1.393,-5.166,1.393,-5.166,7.742371629838283e-07,7.607458932722764e-06,59.03736620447648,23.66490385562818,1.217438705064131,0.0693792022598628,1.393,-5.166,9.684373731687612e-07,8.394000949725166e-06,691.8817614501189,26.827047276413087,1.2638321059169533,0.0768095421685835
1.319,-5.031,1.319,-5.031,8.623132539686697e-07,8.59344601877289e-06,58.47877523541281,23.3328643245658,1.214881229584069,0.0659439052466105,1.319,-5.031,9.588418557048715e-07,8.92480905091807e-06,783.4039931545768,24.981493472641283,1.241972711373592,0.0797583365695445
1.245,-4.895,1.245,-4.895,9.11161731437475e-07,8.749257165343303e-06,62.735017346872006,24.21556669563154,1.2266527288038267,0.0642422301142354,1.245,-4.895,1.1115870368809702e-06,1.000940775410579e-05,958.5485064498064,25.82292533705932,1.2511555987896832,0.0829609579045798
1.17,-4.76,1.17,-4.76,9.239357578866938e-07,9.15364157536398e-06,66.5644808590279,23.470277255888654,1.2146204501994926,0.0675195159338145,1.17,-4.76,1.0580704609872866e-06,1.0345781335830811e-05,1049.934572242921,23.78053618243162,1.2291336216950313,0.0796917621689335
1.095,-4.624,1.095,-4.624,9.858267017384676e-07,1.0013429203360716e-05,83.44220954045724,22.892229600187136,1.2045251311710514,0.0648122660803427,1.095,-4.624,1.3057729528683422e-06,1.1409603684797068e-05,1239.079486925831,26.611383691743256,1.258941972502189,0.0849947083646043
1.02,-4.489,1.02,-4.489,9.417504254313714e-07,1.023939298084971e-05,90.10665823147744,21.386118130216506,1.1856296026625617,0.0601784563863741,1.02,-4.489,1.302064240600551e-06,1.1898258424419696e-05,1346.832456459563,25.44599057508278,1.245948560485225,0.0806769166296534
1.828,-5.292,1.828,-5.292,7.706693108405619e-07,7.298196021830336e-06,43.6210345486768,24.55403603111733,1.235583977777568,0.064177889194841,1.828,-5.292,8.986915711653343e-07,7.959655854579772e-06,608.105508583604,26.253470701245064,1.2596132912584082,0.0847000942629427
1.754,-5.155,1.754,-5.155,8.353217262791017e-07,8.046900018274462e-06,53.38149720773736,24.13767967570028,1.2329533869189544,0.0667290423525781,1.754,-5.155,9.33001625099406e-07,8.346153876969686e-06,701.1725835895451,25.993595734953686,1.258548900862746,0.0797079926570458
1.68,-5.019,1.68,-5.019,7.824559102810048e-07,7.80033633380314e-06,57.74241343135415,23.32474443589709,1.21166507926292,0.0621348829595934,1.68,-5.019,9.987804052398734e-07,9.031140653040612e-06,771.3072036101674,25.71566472657627,1.2488235415579148,0.0773520245641808
1.606,-4.883,1.606,-4.883,9.408382971627996e-07,8.958655670826203e-06,75.95958601725695,24.41982178394794,1.2252898900949547,0.0615244864918034,1.606,-4.883,1.0915660923407752e-06,9.753020418383306e-06,889.4971216509738,26.02443147252096,1.2582914635525717,0.083553009521
1.531,-4.747,1.531,-4.747,9.502474240153908e-07,9.355182778588844e-06,64.3577869758762,23.61863374078415,1.2153913410146424,0.0738153887554139,1.531,-4.747,1.104196416233694e-06,1.0093427880560949e-05,1017.1671507542042,25.43770910402774,1.2457118295244496,0.0770066250305412
1.456,-4.611,1.456,-4.611,9.2816484727053e-07,9.881276469462762e-06,73.56155775804693,21.84149759632727,1.192175550437887,0.0702371395150467,1.456,-4.611,1.1749409628416491e-06,1.0954004540205187e-05,1159.4299086269084,24.940977821610694,1.2354848105382723,0.0818877250446485
1.381,-4.475,1.381,-4.475,9.981976963043008e-07,1.042825753620102e-05,80.02178637959577,22.257437516716,1.1994459476690766,0.0648892981978304,1.381,-4.475,1.3557216550297938e-06,1.2472943129213692e-05,1435.0980874787278,25.27388112853639,1.2501730014692287,0.0831060346586917
5.323,-4.662,5.323,-4.662,8.201756208303542e-07,7.598604230116259e-06,49.20945306133223,25.09824639451166,1.255054379255259,0.0687825245061379,5.323,-4.662,9.24971977161654e-07,8.274476165964464e-06,620.0116276069579,25.99312012423791,1.2623855374783166,0.0883926904632917
5.25,-4.527,5.25,-4.527,8.371525195156188e-07,7.4170867606364605e-06,51.07653820107976,26.244697842108952,1.2587825163734658,0.072158706065593,5.25,-4.527,1.0158998999065265e-06,8.80916327469993e-06,695.0954610909723,26.815543613994816,1.2633023113753152,0.089037337022865
5.178,-4.392,5.178,-4.392,9.326358131952308e-07,8.091708982353971e-06,53.03001565815386,26.800455842336863,1.2620648540758028,0.0653553111036214,5.178,-4.392,1.0543383341140777e-06,9.015617169864055e-06,745.6111004583826,27.19285974372574,1.275486161863145,0.0741128161585648
5.105,-4.256,5.105,-4.256,8.408280631843554e-07,8.112433439839138e-06,57.45033152053868,24.100519222730053,1.2373271659668807,0.0686093416372962,5.105,-4.256,1.097000638582918e-06,9.438452013366564e-06,848.9922716737915,27.0256691513506,1.2658607250731655,0.0821014287291715
5.031,-4.121,5.031,-4.121,1.0019244996670803e-06,8.761124367925698e-06,63.447972719391096,26.59166301883525,1.251843064426987,0.0621134988638717,5.031,-4.121,1.155358475055253e-06,1.017386680347241e-05,934.7969363388412,26.405904876695097,1.2590764069675895,0.0886685078678411
4.958,-3.986,4.958,-3.986,1.001619209074091e-06,9.208415745616507e-06,77.46206690953157,25.29228539232661,1.2441279867221045,0.0618513203868763,4.958,-3.986,1.1265447551739443e-06,1.0484412249666156e-05,1045.7924299563645,24.984732751137997,1.23948951731941,0.0908455877972241
4.885,-3.851,4.885,-3.851,9.403060320211196e-07,9.438291676898798e-06,74.8116116303503,23.165739864820136,1.2145760890653303,0.0701185708453655,4.885,-3.851,1.3456681044702329e-06,1.143023301693719e-05,1226.826007603433,27.374942918901063,1.2612990277472358,0.0843306542374812
5.677,-4.641,5.677,-4.641,8.47072218287504e-07,7.175547929799931e-06,45.211496763946464,27.44958078103828,1.2830608229417224,0.0665682058646687,5.677,-4.641,9.528899731744676e-07,7.819428568242073e-06,547.0302979399145,28.33597025891871,1.293657783083612,0.0713648369584174
5.604,-4.505,5.604,-4.505,7.419403595874519e-07,6.866773163247959e-06,46.17872500615238,25.12387607797131,1.2437091750091138,0.0686985794804819,5.604,-4.505,1.0766800990508244e-06,8.359363372930614e-06,634.8846556806844,29.949103685791115,1.299018538823728,0.0816117845226359
5.531,-4.369,5.531,-4.369,8.758101778693566e-07,7.696448652045071e-06,48.21279031190305,26.46000726988957,1.2650302702636835,0.073668772477208,5.531,-4.369,9.91570815467341e-07,8.53078446023558e-06,683.8232768390852,27.027452594082064,1.2717042772405105,0.0808953378391582
5.458,-4.233,5.458,-4.233,8.225791365270983e-07,7.944707588690354e-06,46.996336041477626,24.075212016017904,1.2440177720579964,0.0619582976996554,5.458,-4.233,1.1002761576756709e-06,9.538037562398198e-06,815.2250541809284,26.82335029983713,1.2695426704613249,0.0919282066096619
5.385,-4.098,5.385,-4.098,9.510836246120714e-07,8.632882623607671e-06,55.80350480300079,25.617291827356382,1.2622716217407794,0.0621330013432034,5.385,-4.098,1.0976412504468535e-06,9.463290486266576e-06,839.5637200636502,26.970475047386365,1.2729848529237429,0.0774506147378844
5.311,-3.962,5.311,-3.962,9.635284440093913e-07,8.775993591437272e-06,59.72157242007491,25.52928137469588,1.2448490033793076,0.0590904513153192,5.311,-3.962,1.0408703574276847e-06,9.484056857242656e-06,879.8361018817038,25.519539850843618,1.2516164778778391,0.0905666906792235
5.238,-3.827,5.238,-3.827,1.0482959872755484e-06,9.113610474518797e-06,70.8405686595379,26.746305971628654,1.2583681329863097,0.0617072912959697,5.238,-3.827,1.057364863562594e-06,9.912645750491144e-06,985.0562374183266,24.803081263799864,1.239453411661825,0.0849382334406883
5.164,-3.691,5.164,-3.691,9.391504437249336e-07,9.176286283005252e-06,72.02296987380142,23.797895948548305,1.2303466773975822,0.0712898578152404,5.164,-3.691,1.3703109600000252e-06,1.1769576009060995e-05,1243.9032766655375,27.072518609742573,1.2656570044801445,0.0869416001856577
5.09,-3.556,5.09,-3.556,1.1215598851787092e-06,1.0115969014710324e-05,82.4800848824988,25.780143156046638,1.239814483769467,0.0770091633067827,5.09,-3.556,1.3134116672491203e-06,1.1689026339042409e-05,1253.2341399972263,26.127200629935757,1.2522909733157983,0.0727659095141955
5.942,-4.5,5.942,-4.5,7.315789757201382e-07,6.675901069084909e-06,46.34757244456421,25.48130531173308,1.2588548181541503,0.0664933337196097,5.942,-4.5,8.428841294364253e-07,7.297064173825386e-06,518.0616556688786,26.859013565045952,1.270492849206827,0.0941256965823577
5.869,-4.364,5.869,-4.364,8.557233543078174e-07,7.186320577892249e-06,44.05082311890909,27.68835442430631,1.2906928795336436,0.0550472612677246,5.869,-4.364,9.8248427316428e-07,8.555987013878615e-06,659.0873915554347,26.700896178414208,1.2748133189629836,0.0862237664775395
5.795,-4.228,5.795,-4.228,8.410658007308855e-07,7.370472476126977e-06,45.79294316968393,26.53413857860844,1.269432915461852,0.0682059803168108,5.795,-4.228,1.154939666567198e-06,1.0391468765172284e-05,830.8372484690029,25.84358202964623,1.272140724611893,0.0686866352634034
5.722,-4.092,5.722,-4.092,8.680022587639156e-07,7.734322204143561e-06,47.72241360003475,26.09569948920556,1.2670964547526458,0.061767196828734,5.722,-4.092,1.0274703858906362e-06,8.643063805493465e-06,724.1999494828823,27.64215779590688,1.2743977996782658,0.0755011917428671
5.649,-3.956,5.649,-3.956,8.590773662422239e-07,7.832642576394645e-06,51.68190728053055,25.50317879200048,1.2502245750722312,0.0691564963689056,5.649,-3.956,1.1911407122471015e-06,9.788045394014413e-06,884.2667450029363,28.296807574978228,1.2850655531611217,0.0860264789670137
5.575,-3.82,5.575,-3.82,9.261374357197578e-07,9.21252652577837e-06,59.25377915541053,23.375829749751528,1.241178487424957,0.066208871830877,5.575,-3.82,1.0994742569247963e-06,9.638951616775326e-06,894.6723384134278,26.52318121339948,1.265738358738301,0.0847319168834579
5.501,-3.684,5.501,-3.684,8.531766637159106e-07,8.446263997319744e-06,56.81093793341131,23.48792567381643,1.2288497534210172,0.0630462837468185,5.501,-3.684,1.1275910264806112e-06,1.0277851308965011e-05,1004.4155385930544,25.510538618768525,1.256231631172611,0.0756024053779728
5.428,-3.548,5.428,-3.548,1.0286634029619237e-06,9.191452084717905e-06,73.80054431566839,26.02312867271134,1.262538211407975,0.0612151720256439,5.428,-3.548,1.1923825522290729e-06,1.0610731969197956e-05,1112.4029044668562,26.13007256785229,1.2529702533288958,0.0817696026951437
5.354,-3.413,5.354,-3.413,1.1166848390621498e-06,9.728682487063246e-06,83.53934901576991,26.689899459209453,1.262303708593318,0.0647331156761745,5.354,-3.413,1.4568263372466737e-06,1.1825222549304712e-05,1305.888927921907,28.6463180195834,1.2863586792252213,0.0811206832688339
6.156,-4.218,6.156,-4.218,8.074086419643201e-07,7.170304584624515e-06,38.930319652680495,26.18340580902249,1.2759206261166858,0.0598599284009532,6.156,-4.218,9.95888951799911e-07,8.064024309517218e-06,604.576906209993,28.716362942074763,1.294777910235794,0.0780908055018759
6.083,-4.082,6.083,-4.082,7.711272750554253e-07,6.913652969674562e-06,40.29757818892707,25.93515427633301,1.265698449159245,0.0763818461548505,6.083,-4.082,9.788346458027133e-07,8.314906872207016e-06,663.0105685917272,27.372993287852875,1.2817509049860274,0.0831353944646537
6.009,-3.946,6.009,-3.946,7.427976898232437e-07,7.015035492068276e-06,37.92187334339691,24.621302235199256,1.246108579259212,0.0716339156894037,6.009,-3.946,1.085263801196356e-06,9.278467930857903e-06,769.3527325566848,27.1975255847085,1.2851094080555283,0.0749552337097466
5.936,-3.809,5.936,-3.809,9.086559705855072e-07,7.820219442075227e-06,46.7479802571952,27.01785659797873,1.266382087975528,0.0569044535995335,5.936,-3.809,1.0749442723020394e-06,9.371389201322894e-06,814.1685767567216,26.67179980184565,1.263677602270059,0.0951674481398266
5.862,-3.673,5.862,-3.673,9.83661354558327e-07,8.127011390318585e-06,36.22238215665155,28.143952464833927,1.2819309311086586,0.0601862844523577,5.862,-3.673,1.107129248420295e-06,9.774783339548346e-06,884.9108809565054,26.33671061960049,1.2715105730577685,0.0925349296248171
5.788,-3.537,5.788,-3.537,1.0486777610119994e-06,8.164469461249875e-06,42.56004918623459,29.866507247664277,1.2796476390861569,0.0628130411328049,5.788,-3.537,1.198649387458899e-06,1.0250200860687646e-05,997.6491039107844,27.19131052488061,1.27249570149742,0.0882862618767582
5.714,-3.401,5.714,-3.401,1.114088142399029e-06,9.469744285865833e-06,61.58912396502002,27.355940326683445,1.2764797452385497,0.0618933895266905,5.714,-3.401,1.17851636191471e-06,1.067008888288766e-05,1078.9539865757658,25.682537259232248,1.2578001026097527,0.0766731663940402
4.249,-5.271,4.249,-5.271,6.936728335401937e-07,6.296919124483952e-06,42.01017750854904,25.61515089800852,1.251857164568397,0.0643153543927965,4.249,-5.271,7.954835853915824e-07,7.076544508586248e-06,466.1514177823401,26.1384799141858,1.2644189933986163,0.090649534892219
4.177,-5.136,4.177,-5.136,9.221780408973936e-07,7.21470351658317e-06,54.30279681510982,29.72122019780759,1.2749492564224536,0.0646784236585971,4.177,-5.136,8.383800154111662e-07,7.510947112674439e-06,530.9121378063026,25.954732727676163,1.2646866752023815,0.0810832878740455
4.104,-5.0,4.104,-5.0,8.694886858393122e-07,7.639097644508702e-06,59.75861668841301,26.4662384759278,1.2603703817580536,0.0588050277332068,4.104,-5.0,8.9239180367836e-07,8.03030464533961e-06,616.0019873726673,25.84008268143422,1.2624982095352275,0.0835177105850472
4.031,-4.865,4.031,-4.865,8.594790773509133e-07,7.633906873397774e-06,61.46840328139768,26.17934635291189,1.2509149031354203,0.063337649805885,4.031,-4.865,9.536855986837016e-07,8.482690829485035e-06,683.9830285327819,26.142188006904263,1.261815059086491,0.0798339169464574
3.958,-4.73,3.958,-4.73,8.020987390119207e-07,8.17186473333233e-06,71.12548934567027,22.823225009370777,1.2175821462368877,0.0706009553229357,3.958,-4.73,9.678616885191334e-07,8.970954601919725e-06,758.0375265318985,25.086783850310248,1.2489303702602412,0.0774134532192929
3.885,-4.595,3.885,-4.595,9.29284330953429e-07,8.813104793881338e-06,76.43393322108575,24.51828154433037,1.2326076250872422,0.0642960316039968,3.885,-4.595,9.752053590974902e-07,9.30545353103205e-06,820.6415178222643,24.36850477036193,1.236711834974708,0.0781213327086447
3.812,-4.459,3.812,-4.459,9.859944160310264e-07,9.200878962665e-06,84.78693753539949,24.918132187926165,1.2321219600696471,0.0567131995396962,3.812,-4.459,1.1302118458401293e-06,1.0086638959969376e-05,962.411230572034,26.054558983863256,1.246924300620638,0.0848842615807838
4.603,-5.25,4.603,-5.25,7.810072655496519e-07,6.627050698679605e-06,37.7628696336415,27.40344281375986,1.2673770610449806,0.0696872541892397,4.603,-5.25,8.613742156071048e-07,7.230468745648959e-06,481.1430331786594,27.701020063578195,1.29411274993963,0.086352389444274
4.531,-5.114,4.531,-5.114,7.621781326680151e-07,6.587808021749105e-06,45.260681038313294,26.902082321616746,1.2634803427480596,0.075724164438614,4.531,-5.114,8.563990116908217e-07,7.50179156015064e-06,515.428367050776,26.54492557609782,1.272300689376281,0.0823975003624397
4.458,-4.978,4.458,-4.978,8.686828508214043e-07,7.518810437564986e-06,57.66315459245562,26.864728748060703,1.267410393334449,0.0576659229136232,4.458,-4.978,8.914997746459785e-07,7.99735490978026e-06,609.4858078786501,25.920609870234536,1.262213091746583,0.0804397053218599
4.385,-4.842,4.385,-4.842,6.954238085569018e-07,6.97997031843674e-06,54.798655011500095,23.16681480091175,1.219401430798531,0.0673569603713354,4.385,-4.842,9.88246768617641e-07,8.655003477249978e-06,685.0778285917761,26.550243216374238,1.2703246307144374,0.0788106946326555
4.312,-4.707,4.312,-4.707,8.877394749543802e-07,8.207719537604711e-06,64.11525762446861,25.149732587765303,1.237665839618581,0.0624853978574016,4.312,-4.707,1.0370995426891496e-06,9.060019389518868e-06,760.4393005607246,26.617156812684737,1.2688133323373707,0.0752163554664196
4.239,-4.571,4.239,-4.571,9.180484838420162e-07,8.561582625561155e-06,68.22511154744046,24.93342345970365,1.2409134095887957,0.0552846730975699,4.239,-4.571,1.4186146242197449e-06,9.764143081998223e-06,872.5230061521186,33.783189190150175,1.2961618674894415,0.0772317014896134
4.166,-4.436,4.166,-4.436,9.057334976404152e-07,8.553583712616917e-06,74.93757204798646,24.62196260869701,1.2361764447177452,0.0604105867203382,4.166,-4.436,1.1599911167826996e-06,9.95235306895192e-06,932.5468198403686,27.1018686648563,1.257229069660283,0.0798997344842877
4.092,-4.3,4.092,-4.3,9.787142062115242e-07,9.336424181731391e-06,88.27276213870877,24.3750584069022,1.231829324954571,0.0627895182901151,4.092,-4.3,1.1652624481287213e-06,1.0738983384126218e-05,1105.8461221976777,25.230794607889894,1.2418199623681658,0.0795331679895772
4.018,-4.165,4.018,-4.165,1.1313677988932396e-06,1.0308982202599176e-05,98.94673225189752,25.51868971882129,1.2359463052577189,0.0630361724204047,4.018,-4.165,1.1614835116067285e-06,1.1218744139922432e-05,1216.326765530725,24.07349539966396,1.224519726129035,0.0852856855706308
4.869,-5.11,4.869,-5.11,6.722072751771516e-07,6.217735208269313e-06,40.94505946264534,25.13861420438796,1.2513768275951005,0.0686098810552883,4.869,-5.11,8.829190356587776e-07,7.192842960961483e-06,482.0591562985276,28.54241058795017,1.2890778308783586,0.0893103832915614
4.796,-4.974,4.796,-4.974,6.807450653538407e-07,6.475093089263045e-06,43.110432092492175,24.446057729096157,1.240560526083292,0.0685141443129118,4.796,-4.974,8.792798686561544e-07,7.570266545360164e-06,534.5359118992583,27.00761950729267,1.2686161970153358,0.0787026783666998
4.723,-4.837,4.723,-4.837,8.026988631117744e-07,7.101847962816125e-06,46.90434872911849,26.28158932882199,1.2460736477700316,0.068391796972633,4.723,-4.837,9.380615804370598e-07,8.059248009780046e-06,601.7761532457121,27.06494669867947,1.2729266815987057,0.0799363283739953
4.65,-4.701,4.65,-4.701,7.898906564984728e-07,7.49948765622748e-06,50.85930614948194,24.49095552232357,1.2372920669104852,0.0679146349367702,4.65,-4.701,9.243863438554916e-07,8.264472193597502e-06,665.3848902554791,26.008107149454407,1.2643299849260408,0.0788470098529288
4.576,-4.565,4.576,-4.565,8.425614234562467e-07,7.936408643953887e-06,55.67190874500964,24.6858392871439,1.241145181400602,0.058356806864776,4.576,-4.565,1.1014535082526058e-06,9.61228746873663e-06,816.3091954629601,26.644634528765483,1.2708604060992137,0.072627964519532
4.503,-4.429,4.503,-4.429,8.332148294937202e-07,8.235693734838052e-06,71.01877603331936,23.52486557938034,1.2228383581802569,0.0653229184517216,4.503,-4.429,1.1224620451135095e-06,1.0258192436272572e-05,949.389068608542,25.443167113222515,1.247574153530687,0.0828070904845232
4.429,-4.293,4.429,-4.293,9.790838663610004e-07,9.555307219003622e-06,87.45814712629743,23.825695489126723,1.2303761921769918,0.0614590713085885,4.429,-4.293,1.0742762034844385e-06,1.0319538827270216e-05,1021.6868727878124,24.206166367872584,1.2395925681443185,0.0793427837020894
4.356,-4.157,4.356,-4.157,1.1621225554057718e-06,9.905541164273323e-06,91.89259469099326,27.27998146270476,1.253991785737048,0.062899173211538,4.356,-4.157,1.118916706434235e-06,1.0646450666482808e-05,1062.5368585955118,24.437864917742843,1.2324359973606345,0.0890718712007725
4.282,-4.022,4.282,-4.022,1.0415400612799305e-06,1.0423092214701204e-05,91.20205687863552,23.23537824137832,1.2207688255016438,0.064332752075178,4.282,-4.022,1.1969868640558317e-06,1.1746997168141456e-05,1283.1425549431958,23.693699052527524,1.2216197518823446,0.0826172930951469
5.084,-4.829,5.084,-4.829,7.378591059337461e-07,6.449142450810275e-06,42.039612169437326,26.6036863496406,1.2539950567624163,0.0727049300257114,5.084,-4.829,9.255038392185372e-07,7.899746055275194e-06,561.3248500814836,27.241777503202854,1.2799051149867842,0.0821631068568465
5.011,-4.692,5.011,-4.692,7.422234406942559e-07,7.219547573920612e-06,48.746065187016136,23.9053458380194,1.2360964645268733,0.067456351676845,5.011,-4.692,9.776593968224625e-07,8.300630975064332e-06,639.3948464714683,27.387148697346447,1.2755006920539915,0.080811817502871
4.937,-4.556,4.937,-4.556,8.666797714976664e-07,8.174144123190606e-06,60.45058305823437,24.653961700640792,1.245322459802657,0.0579174875696042,4.937,-4.556,9.931064171491675e-07,8.307926375532621e-06,694.4869708489719,27.795436370442804,1.2762290602871398,0.0849168739629987
4.864,-4.419,4.864,-4.419,9.622609171178175e-07,8.366551739161505e-06,63.17063653676389,26.74340451744483,1.2579235464829293,0.0639451997547246,4.864,-4.419,1.1796320485683175e-06,9.67237938887589e-06,834.6343677464694,28.358521695659665,1.279142778962333,0.0773543215716498
4.79,-4.283,4.79,-4.283,9.66135509898781e-07,8.633683174565535e-06,66.78149046691122,26.020299119329405,1.2553173485767166,0.0667965412261476,4.79,-4.283,1.0880242861866867e-06,9.621294980869622e-06,896.7561607493018,26.2951351391184,1.260427170146785,0.0841625550791853
4.716,-4.147,4.716,-4.147,9.370117843751116e-07,8.704357885363856e-06,66.05279509218289,25.03102658069866,1.2300619996868476,0.0584330699476096,4.716,-4.147,1.270856575292468e-06,1.0490218824411812e-05,1043.3990664784342,28.16970767658825,1.2608864239457702,0.0911957403275894
4.642,-4.011,4.642,-4.011,1.0776065436263207e-06,9.9473691433274e-06,80.05452457976634,25.189661574046088,1.2323345860750603,0.0754614676991322,4.642,-4.011,1.2089073550562456e-06,1.1251807389583338e-05,1123.5021998151838,24.982798100122693,1.2446907820338375,0.0759496874040189
3.171,-5.875,3.171,-5.875,5.707123492956273e-07,5.394016713543353e-06,26.283595463707,24.602278467231724,1.2436113354022051,0.0632541493038382,3.171,-5.875,7.51465687099296e-07,6.054940316491752e-06,330.7229517919015,28.858226373398235,1.300835267668584,0.0768314909334855
3.099,-5.739,3.099,-5.739,6.339567474687229e-07,5.9515766336840165e-06,35.48905788997839,24.76839962242679,1.2420141108602474,0.0713472704981002,3.099,-5.739,7.91906385051153e-07,6.805864160682851e-06,408.87223248231214,27.055833368511145,1.2926518812627286,0.0815333411837667
3.027,-5.604,3.027,-5.604,7.048674565351282e-07,6.127202911393753e-06,39.11252663474664,26.74949235582422,1.2640295785433988,0.0640821887425966,3.027,-5.604,8.100292900592284e-07,6.87589759615199e-06,427.3425090549254,27.39313075164219,1.2803004992105942,0.0820406477131989
2.954,-5.468,2.954,-5.468,7.236591976265368e-07,6.547857242500503e-06,44.537133047457935,25.69834952018249,1.245229088510679,0.070025231843288,2.954,-5.468,8.739198770597646e-07,7.72484756419606e-06,521.991330899451,26.30583227669428,1.264847369886892,0.1210424461520098
2.881,-5.333,2.881,-5.333,8.095983831173219e-07,7.175774756781055e-06,46.58579836998822,26.23440276069062,1.2513699423922957,0.0691799783936205,2.881,-5.333,8.886468922843482e-07,7.891488726049772e-06,558.6304741028644,26.18427983000485,1.2642602995773444,0.0806166876025402
2.808,-5.197,2.808,-5.197,8.731100661448865e-07,7.782586421329534e-06,54.63347877333264,26.08647457434504,1.2536875611677898,0.0625956067229441,2.808,-5.197,9.920318628442396e-07,8.706629931376116e-06,669.9066880485464,26.49389943298619,1.2695518597996864,0.0779296692778278
2.735,-5.062,2.735,-5.062,7.825818505696609e-07,7.625575608536659e-06,56.9174676432194,23.86313442472997,1.229490648896528,0.0687035559558193,2.735,-5.062,9.447848543338256e-07,8.834355008378284e-06,724.3865243453861,24.867287919801047,1.2467571252828091,0.0841540070662304
3.526,-5.855,3.526,-5.855,5.886767560428883e-07,5.428473737269891e-06,25.463930584234,25.215610911555952,1.2543857375231586,0.0769142003768839,3.526,-5.855,7.457633452821258e-07,5.9077390442871695e-06,328.50280314371645,29.352836657016457,1.308903291662511,0.0776743341921663
3.453,-5.718,3.453,-5.718,7.066843496911506e-07,6.038363171089255e-06,36.76972320293914,27.21301063579424,1.2724390227659,0.0624246379729318,3.453,-5.718,7.729794931216013e-07,6.550267397497335e-06,378.4639413874451,27.43969569010394,1.285383726564767,0.0851268112800722
3.381,-5.582,3.381,-5.582,7.39354776311483e-07,6.47521269427957e-06,38.60677970584469,26.5502852822344,1.272716653314681,0.0694251937929269,3.381,-5.582,8.958909223747924e-07,7.106166983305411e-06,434.39691858079584,29.31501192670303,1.3083083370139876,0.0788962874368255
3.308,-5.446,3.308,-5.446,6.4260071741419e-07,6.167629497851123e-06,38.24316397534756,24.22664507077412,1.2398658111952667,0.0706074253950514,3.308,-5.446,7.805228559112398e-07,6.868886886442271e-06,454.91680571272616,26.422238466624982,1.2724587530104143,0.0850103012367405
3.235,-5.31,3.235,-5.31,7.503186950001122e-07,6.995920548642955e-06,46.41534637760324,24.938552739881697,1.2509773978978935,0.076340794661212,3.235,-5.31,9.190033465683012e-07,7.953174712614825e-06,565.2811099545603,26.86871628255766,1.2749196258942064,0.0750567479983388
3.162,-5.175,3.162,-5.175,8.085818583292458e-07,7.41745430990722e-06,49.187232262413445,25.34775266952649,1.254151791674368,0.0647248322754527,3.162,-5.175,9.129442369391036e-07,8.266948182967138e-06,624.8326039125508,25.67848418556497,1.2551643678912914,0.0799224687711327
3.089,-5.039,3.089,-5.039,8.01755339398228e-07,7.904747154141378e-06,59.167661473720685,23.584367064093147,1.2236420365973433,0.0658433755395677,3.089,-5.039,9.696656348403097e-07,8.341019314728077e-06,673.0491874778692,27.031691668705697,1.272212692919467,0.0819534118798378
3.016,-4.903,3.016,-4.903,8.427530179832125e-07,8.119398547506918e-06,63.25047932872624,24.13497228197331,1.2245737460804664,0.078937729603699,3.016,-4.903,1.0530881215548143e-06,9.152048912791387e-06,792.9806350703857,26.75572534591165,1.2678526828725944,0.085237599542894
2.942,-4.768,2.942,-4.768,8.172462425932067e-07,8.749561983765337e-06,65.17443931431825,21.718857105136408,1.196260466138822,0.0717672989715045,2.942,-4.768,1.018753430890832e-06,9.56877171678874e-06,870.2275491134994,24.756157567551178,1.2387363579284352,0.0773037642277849
3.792,-5.715,3.792,-5.715,6.224682916153224e-07,5.485142774381164e-06,33.45222083072311,26.3875849600898,1.2574323247271266,0.0679275642487041,3.792,-5.715,6.569524312696441e-07,5.767519152425774e-06,333.5682756310144,26.4859299702985,1.2730029927039503,0.0769185417529233
3.719,-5.578,3.719,-5.578,6.479369960517105e-07,6.030757941209695e-06,39.51852055392479,24.982231489924228,1.2525876854867548,0.072662139134476,3.719,-5.578,7.584532080213207e-07,6.372397980333119e-06,387.6327111518426,27.67554926352378,1.2850090500162532,0.0882874297589901
3.646,-5.442,3.646,-5.442,7.657840761183794e-07,6.568161102167118e-06,46.06536316903249,27.110210040835145,1.2611367255814647,0.0677474049981154,3.646,-5.442,7.739433694006165e-07,6.67699873735198e-06,427.4660079721995,26.95244927329565,1.2661580497626943,0.0861960871607913
3.573,-5.306,3.573,-5.306,7.506385964410698e-07,7.434819853284888e-06,56.01862337290051,23.47636152754308,1.2333017124721557,0.062701294711153,3.573,-5.306,8.715999537590805e-07,7.488193205735844e-06,517.5098953643945,27.0651541420377,1.2761496395274652,0.0837964598079221
3.5,-5.169,3.5,-5.169,7.56591633154427e-07,7.197097272978741e-06,50.90431391982516,24.44412575939957,1.2325534448206397,0.0674263457815899,3.5,-5.169,8.372369266353964e-07,7.598128564156957e-06,572.4851186642793,25.62194441100836,1.259107362944878,0.0815502897838082
3.427,-5.033,3.427,-5.033,7.813080333495354e-07,7.675922995525096e-06,58.00038719695621,23.66802547336349,1.231193544367005,0.0688199565850592,3.427,-5.033,1.0110578552905283e-06,8.47690947473407e-06,655.5710888052629,27.733763640080426,1.2786170119269138,0.0814670492773763
3.354,-4.897,3.354,-4.897,8.11724171482731e-07,7.999727824525013e-06,64.88634544486288,23.59411081973335,1.2220245107048666,0.0659971930081782,3.354,-4.897,1.088178780498713e-06,9.36724790029376e-06,781.539569643686,27.01211479357848,1.2732126260909469,0.0753595867957984
3.28,-4.761,3.28,-4.761,9.0240068315648e-07,8.587114511751456e-06,70.89766888047838,24.435571940731844,1.227347142686328,0.0578452061101993,3.28,-4.761,1.056538782104117e-06,9.447830642090385e-06,861.6169288114133,26.00301407773956,1.2538113857635262,0.0905308521680804
3.206,-4.625,3.206,-4.625,9.503273237345304e-07,9.127374800649385e-06,79.79858026579299,24.21016109930797,1.222321023153459,0.0579072324874279,3.206,-4.625,1.0446720040175493e-06,9.893542671642584e-06,935.6683766979808,24.55265563257726,1.2361229092727617,0.0861907481448544
4.008,-5.434,4.008,-5.434,7.025596514020298e-07,6.363058587158297e-06,43.00904766188945,25.67365080118179,1.259925769220659,0.0669185466797069,4.008,-5.434,8.395722991385933e-07,7.099344138125047e-06,452.0017138869716,27.498576947393044,1.287751774804696,0.0695502823040494
3.935,-5.297,3.935,-5.297,7.13807562764288e-07,6.54125302423922e-06,46.95065336140607,25.37409397729175,1.2435382963586388,0.0681540995920142,3.935,-5.297,8.301031372183477e-07,7.137443003169133e-06,483.93294912463,27.04330396416053,1.2719402326739386,0.0887694932119637
3.861,-5.161,3.861,-5.161,8.119985559750422e-07,7.312343904289647e-06,52.99579585398507,25.8207585210663,1.2525178529859442,0.0523287326424644,3.861,-5.161,9.367722191773926e-07,8.084650658317365e-06,589.0460845812516,26.94282261728647,1.2768497439948483,0.0818508793880704
3.788,-5.024,3.788,-5.024,7.77441282400596e-07,7.692277305921742e-06,58.28792116935083,23.500819861007503,1.2322161409126626,0.06772660346202,3.788,-5.024,8.868002426241517e-07,8.04274446857608e-06,612.2154669249444,25.638456746319527,1.262664401727074,0.0829466021873134
3.715,-4.888,3.715,-4.888,8.58927143944763e-07,8.062982427895925e-06,66.86822706824846,24.7702826255778,1.2346062867745622,0.0759435149832678,3.715,-4.888,9.887332440456752e-07,8.323382035982886e-06,671.2558148143763,27.62165238186208,1.268477231935405,0.0892824947678366
3.641,-4.751,3.641,-4.751,9.581491399351223e-07,8.677693023663935e-06,70.8717246946138,25.674333541250142,1.2485313806760805,0.0686669437970579,3.641,-4.751,9.741576540950903e-07,9.336491536669818e-06,814.1194737116322,24.2614016064166,1.2430139319183229,0.0796651539916579
3.567,-4.615,3.567,-4.615,8.588227681421793e-07,8.711435904589471e-06,77.51008099673524,22.92367018582245,1.2178348037711038,0.0657718631628472,3.567,-4.615,1.103234843071756e-06,9.780698985134458e-06,936.7039599236032,26.22819621798415,1.250729544572305,0.0850040983784605
2.096,-6.486,2.096,-6.486,5.084679869166298e-07,4.4550013059830695e-06,19.41438481281769,26.53909608881956,1.273869493870462,0.0733461720533887,2.096,-6.486,6.108180987949508e-07,4.989270230138588e-06,214.9831260696685,28.4672304782126,1.3041807815116038,0.0865411684842335
2.024,-6.35,2.024,-6.35,5.551801937256976e-07,4.589526033102176e-06,21.64012274895546,28.127845895798405,1.2812564703912994,0.0665606782021134,2.024,-6.35,6.476311324419601e-07,5.1856010771022135e-06,241.0972126335576,29.04015709236869,1.3139257611568853,0.0828471524859127
1.952,-6.214,1.952,-6.214,4.82677269437255e-07,4.701419652655498e-06,22.019026617942117,23.87251508159897,1.2352795231677458,0.0643015925642161,1.952,-6.214,6.31724058188824e-07,5.309182267299584e-06,265.9219619876079,27.667513403386483,1.2922067211561543,0.0892606277639608
1.879,-6.078,1.879,-6.078,5.847555609856024e-07,5.274680349906934e-06,25.592173480873825,25.777960984152603,1.2576426380745656,0.0734916918987956,1.879,-6.078,7.022565802117764e-07,5.7209339760403325e-06,298.9413659155561,28.542974475292063,1.300130755780076,0.0798270319937837
1.807,-5.943,1.807,-5.943,5.711657080955452e-07,5.369792793564916e-06,27.422158734726224,24.732894503152817,1.2486319238655752,0.0684442913282923,1.807,-5.943,7.049740911843478e-07,6.171548256654316e-06,332.80406536210336,26.561302915459905,1.2691656789607266,0.083995753436567
1.734,-5.807,1.734,-5.807,6.34255302341443e-07,5.770465529241373e-06,30.93346707172797,25.5578079934863,1.2539495098321851,0.0635886336789958,1.734,-5.807,7.519805793724289e-07,6.355456595243825e-06,372.0915070523582,27.51251011278489,1.2861240594858403,0.0843029573558984
1.661,-5.672,1.661,-5.672,7.057974940128408e-07,6.530976059449507e-06,36.86093041997302,25.12883576013149,1.250524349227097,0.0669947871208503,1.661,-5.672,8.123671982582339e-07,6.688415730331238e-06,426.9347336061846,28.242261318029744,1.2871767965886447,0.0829389758775698
2.451,-6.466,2.451,-6.466,5.303263491687226e-07,4.5885329074035e-06,19.70231130775272,26.874457268726317,1.2841541643568226,0.0584763871471608,2.451,-6.466,7.097086346376852e-07,4.911874251154426e-06,213.8848064020517,33.59720867052935,1.3408643252534416,0.0798109052557682
2.379,-6.33,2.379,-6.33,5.433232541170509e-07,4.689159958341464e-06,22.33844127857388,26.94223332636065,1.275414038144776,0.0570153708792155,2.379,-6.33,6.167103884678214e-07,5.11926653484942e-06,238.57587672208103,28.011984027499548,1.2993681715141792,0.077231882424139
2.306,-6.193,2.306,-6.193,6.281568708981889e-07,5.165646643485911e-06,24.708476560551947,28.2757261715693,1.2949632158424698,0.0641886273279147,2.306,-6.193,6.557229680976064e-07,5.250413254783632e-06,252.45782945930384,29.040043058196368,1.2953143920840904,0.0883250330441003
2.234,-6.057,2.234,-6.057,5.341041960069005e-07,4.897447783350423e-06,23.4360708226335,25.358672982535538,1.2456420459028417,0.0720813418481113,2.234,-6.057,6.825195693936403e-07,5.638256577037926e-06,299.50061081777375,28.14755137597652,1.2847410673531794,0.0955374174098476
2.161,-5.921,2.161,-5.921,6.541272166592573e-07,5.665379477192418e-06,32.19350701838017,26.84748213389303,1.2628816144899715,0.0646403260584403,2.161,-5.921,6.923372957816544e-07,5.940792269209857e-06,335.0669955821284,27.098403690471063,1.279512197809791,0.0795558925679734
2.089,-5.785,2.089,-5.785,7.13259316093779e-07,6.197834601182727e-06,36.505501145764434,26.759489140563883,1.267175537941438,0.0661088633653155,2.089,-5.785,7.799498739009588e-07,6.574161216136069e-06,393.4114523587348,27.58650548661707,1.2878516392685908,0.082247114910772
2.016,-5.65,2.016,-5.65,6.830133083130296e-07,6.533681279597895e-06,36.93535919949392,24.30757129137437,1.2379518715567337,0.0675920645704162,2.016,-5.65,8.754265260232686e-07,7.4125568506134974e-06,477.0918547477448,27.46135815206889,1.2928932293869544,0.0792742949736973
1.942,-5.514,1.942,-5.514,7.490964398958627e-07,6.722674031987816e-06,45.37519951494321,25.9099173059608,1.2595445012480284,0.0678621031106536,1.942,-5.514,8.619913919828821e-07,7.552878415207505e-06,515.8804323822342,26.53754740113467,1.2700689897240034,0.0794364820780814
1.869,-5.378,1.869,-5.378,8.068313856072462e-07,7.197810297494631e-06,45.77885084586107,26.064700264431007,1.2481805570648656,0.0549142368352851,1.869,-5.378,7.544385716881443e-07,7.268630358586773e-06,527.6459640429025,24.1346857345698,1.2394203555154069,0.0918282079015858
2.717,-6.327,2.717,-6.327,5.454492483408423e-07,4.662913998926176e-06,22.02638056879521,27.19989888917633,1.2844612354288316,0.0653490850710242,2.717,-6.327,6.65593722929426e-07,5.4287775336381006e-06,249.6949000849151,28.508706973355142,1.319883878885458,0.0763511958478055
2.645,-6.19,2.645,-6.19,5.974063313568621e-07,5.003186963301801e-06,25.8431031855008,27.764728835350517,1.270903386555729,0.0748547352859511,2.645,-6.19,6.017432101143054e-07,5.204741799265796e-06,252.4871294826077,26.883286259108477,1.2803382871046407,0.0843118226581293
2.572,-6.054,2.572,-6.054,5.808913473764142e-07,5.340241590014255e-06,29.12169451785925,25.29323332673502,1.2561093702622068,0.060580338050568,2.572,-6.054,7.54236840682684e-07,5.723352154309112e-06,293.9074957106705,30.64274172193692,1.324939175072771,0.0820878533761331
2.5,-5.917,2.5,-5.917,5.950632027706342e-07,5.455872331272791e-06,32.222002643590635,25.361167582624468,1.2551942795764868,0.0693448123400193,2.5,-5.917,7.734066726349345e-07,6.178857508230976e-06,344.0806658627212,29.105166110686262,1.304891359561707,0.0792754724343994
2.427,-5.781,2.427,-5.781,6.750371627951128e-07,5.817318146909612e-06,35.10317328572211,26.982066879011565,1.2760573611823487,0.0713471076562084,2.427,-5.781,8.713226594148242e-07,6.595736987071943e-06,379.4178648278055,30.71751129331046,1.3096429758468884,0.0795733058096129
2.354,-5.644,2.354,-5.644,7.539026404607214e-07,6.603313020680914e-06,40.26944965237214,26.547505966818782,1.2598508182817645,0.0661019444532593,2.354,-5.644,7.826632819394289e-07,7.000409254810208e-06,440.5837897173807,25.996918758276585,1.2698721033964653,0.0790233846950561
2.281,-5.508,2.281,-5.508,7.568616852167694e-07,6.731803390505001e-06,44.8513200434622,26.143001301518822,1.2566548055689837,0.0586926641085724,2.281,-5.508,8.807541148758011e-07,7.76686410867857e-06,527.5259968087696,26.368129429156493,1.2724777062219264,0.0814878619320101
2.207,-5.372,2.207,-5.372,7.860570521931065e-07,7.188933989890738e-06,47.84640277082511,25.42493902701713,1.2489284205214348,0.0797941148158588,2.207,-5.372,8.236658117418224e-07,7.483230427830319e-06,548.693988578219,25.593652501879266,1.263171176577104,0.0826376284539638
2.134,-5.236,2.134,-5.236,7.133510277145738e-07,7.277616014086858e-06,49.13904456766135,22.792108385908243,1.2103291175178228,0.0692627303644886,2.134,-5.236,9.756308706699414e-07,8.336796232246197e-06,638.3647637413816,27.211763929226635,1.2751394266884433,0.0868342010015275
2.934,-6.047,2.934,-6.047,6.381625574389921e-07,5.519405578309392e-06,29.31136048170383,26.884957785496358,1.273765776609463,0.0613945285401087,2.934,-6.047,6.33131410694655e-07,5.429110938579338e-06,286.4719374638379,27.116616030102563,1.2918940514765054,0.0849046471367315
2.861,-5.91,2.861,-5.91,5.891629812295589e-07,5.444198370882297e-06,32.25897149395604,25.163546947083933,1.255378321355579,0.0606958826233373,2.861,-5.91,6.519316837169805e-07,5.915750561140208e-06,326.80600646425523,25.624923771735595,1.2753572059344984,0.0849564841917219
2.788,-5.773,2.788,-5.773,5.768892798270031e-07,5.655383401409624e-06,34.97441223653559,23.71923966796045,1.2263269339661738,0.0689763676124913,2.788,-5.773,7.678935236858018e-07,6.361035084098252e-06,370.5406157260935,28.070074253824718,1.2879271082395534,0.0926848230112699
2.715,-5.636,2.715,-5.636,6.68040902609324e-07,6.22813372323084e-06,40.05726080494789,24.94109250026048,1.243445252823151,0.0609152011833841,2.715,-5.636,7.401725847316986e-07,6.443387959736079e-06,397.0936048580616,26.710933220034818,1.2781942086932343,0.0833405214097748
2.642,-5.499,2.642,-5.499,8.643770671869973e-07,7.52694987259818e-06,52.176685802815165,26.70266208417904,1.2697017835114712,0.0642829803029286,2.642,-5.499,8.903110632721669e-07,7.323704288343617e-06,483.65788258614384,28.26710403715843,1.2879746321788232,0.0894842325859919
2.569,-5.363,2.569,-5.363,7.301849296980034e-07,6.88503351389157e-06,51.89723754189625,24.660231785368293,1.2372709940338755,0.0664023673252128,2.569,-5.363,8.18521496336381e-07,7.421578667138773e-06,531.530596962985,25.64508494014974,1.2562270004333982,0.08651316466525
2.495,-5.226,2.495,-5.226,8.186181194940023e-07,7.647152187462427e-06,56.29433932195296,24.89155151855258,1.247134185146198,0.064838571438961,2.495,-5.226,1.0043014723812424e-06,8.631358093712508e-06,672.2722955711622,27.055484291904463,1.2788098389168192,0.0715045630429046
1.022,-7.103,1.022,-7.103,4.167769882278425e-07,3.4430020896106305e-06,11.635075637894255,28.147303326262943,1.3007306193919468,0.0676079324967176,1.022,-7.103,5.277776989539452e-07,3.928602620596238e-06,123.40730864376948,31.238004338705387,1.3484261378715168,0.0732429006626764
0.951,-6.967,0.951,-6.967,4.605405285823678e-07,3.813879718907385e-06,14.282721852732552,28.07832589293942,1.3022849473775548,0.069613349493294,0.951,-6.967,4.996318292375975e-07,3.932944836737667e-06,137.6067266522354,29.539462593012747,1.3265825604934844,0.0855551390514637
0.879,-6.831,0.879,-6.831,4.760270364187689e-07,4.062722428424168e-06,14.81295986543419,27.244874737927045,1.2882340078816346,0.0667522296786476,0.879,-6.831,5.373019664080276e-07,4.164347306684196e-06,154.3686748768236,30.001421672521836,1.3212640247763856,0.0865447564802654
0.807,-6.695,0.807,-6.695,4.578530839706482e-07,3.9627457098916045e-06,14.918997066410506,26.86583152194745,1.2707732586715257,0.0645696388879003,0.807,-6.695,5.895845605540401e-07,4.4862840088515e-06,178.2040154025721,30.55833489668504,1.3332664508688323,0.0855296625020858
0.735,-6.559,0.735,-6.559,5.597481061076462e-07,4.52555381952076e-06,13.955921618578614,28.76015659291396,1.3053901143768778,0.0666608099626381,0.735,-6.559,5.768013023189749e-07,4.621163569829389e-06,195.44722585802748,29.02319627574288,1.3082070238690109,0.0812170043315035
0.662,-6.424,0.662,-6.424,4.98694026767859e-07,4.430318249044283e-06,16.32078688815234,26.173969340059312,1.2578900934699833,0.0634916766888111,0.662,-6.424,6.223881443896053e-07,5.06885007793622e-06,227.5383815769488,28.551058423228323,1.308597402188697,0.0839300060516238
0.59,-6.288,0.59,-6.288,6.101741615804128e-07,5.108851766786123e-06,23.09332718522383,27.771597277803043,1.2877257411043257,0.0615189870845363,0.59,-6.288,6.448656527854522e-07,5.498985444527418e-06,268.1920182012811,27.26823469975521,1.2963901625431726,0.085262730979373
1.378,-7.084,1.378,-7.084,4.957491827331466e-07,3.534808537160611e-06,12.669392858614078,32.61117592398739,1.337161106245622,0.0714340859026378,1.378,-7.084,5.588764787346133e-07,3.9525595823664165e-06,125.69331810591017,32.87817889445655,1.3498549020507271,0.0852663119776632
1.306,-6.948,1.306,-6.948,4.615239289280716e-07,3.7521369169632617e-06,13.424984506661565,28.60130788667428,1.3025349426946298,0.0561977664360754,1.306,-6.948,5.347241436378713e-07,4.101758513485865e-06,140.43143018746918,30.31307911756685,1.3267501974499156,0.0823569736562871
1.234,-6.811,1.234,-6.811,5.159628350260559e-07,4.11323172379888e-06,15.820122014611076,29.16792880517653,1.3050858914725234,0.0571383940306002,1.234,-6.811,5.49815098259173e-07,4.335533179641378e-06,162.06282416364948,29.487944130097667,1.319047459488312,0.0875774759084682
1.162,-6.675,1.162,-6.675,4.916327754896262e-07,4.1804115732498055e-06,16.114682689575453,27.34589452135519,1.2832841512409123,0.05812462954937,1.162,-6.675,5.624949398978604e-07,4.361514369619218e-06,172.83010212322887,29.988287090980187,1.320395059145984,0.0766133335072728
1.09,-6.539,1.09,-6.539,5.074595278464017e-07,4.463970089856766e-06,20.367401103623934,26.43324508000452,1.2710863030139763,0.0600162060119511,1.09,-6.539,5.524457015875183e-07,4.685832197791428e-06,194.1140783718746,27.41405086019256,1.2927227076810437,0.0917119996645393
1.017,-6.403,1.017,-6.403,5.499574508997643e-07,4.632094757397578e-06,22.330671325884037,27.6071772003178,1.2819120448203285,0.0673307902736251,1.017,-6.403,6.684260346957097e-07,5.23971865780596e-06,243.2571415833869,29.663045370793817,1.3248325777900654,0.0714892006202171
0.944,-6.267,0.944,-6.267,5.47034805602203e-07,4.880107870817727e-06,24.591697008423427,26.064889334137145,1.2671967242145374,0.0554518233107996,0.944,-6.267,6.782200085826473e-07,5.467925326866022e-06,262.5441861332954,28.841535000826763,1.3089767298870827,0.0771562967849401
0.871,-6.131,0.871,-6.131,6.958004401534515e-07,5.483022414634694e-06,25.48106536607128,29.507677308283476,1.2976177886663451,0.0546257767483734,0.871,-6.131,8.174603499858186e-07,5.832075575857773e-06,301.1955477471805,32.592216850869754,1.3417212601392925,0.0793942961337888
0.798,-5.995,0.798,-5.995,5.937988967567547e-07,5.345008777421028e-06,25.243941768579614,25.832195048969616,1.258714895259042,0.0634392460303369,0.798,-5.995,7.896879420592848e-07,6.4452709180298745e-06,353.050406728644,28.489490157018373,1.3087393402402492,0.0826010582794617
1.645,-6.946,1.645,-6.946,6.623248256478839e-07,3.771324068637617e-06,13.6293069351827,40.83640747152852,1.352931075300681,0.0637014546557176,1.645,-6.946,5.33632274237354e-07,4.0598185829831625e-06,141.80341947122855,30.56369157039996,1.3400464965427727,0.0724219544946123
1.573,-6.809,1.573,-6.809,4.336196632722721e-07,3.986120600795972e-06,14.446536450219908,25.29466203979646,1.265310635661203,0.0560290128827967,1.573,-6.809,5.083849822332754e-07,4.126932819440274e-06,156.17467167366556,28.64413166203933,1.3102603963775097,0.0738389475793754
1.501,-6.672,1.501,-6.672,4.7270503271848964e-07,4.187307607721392e-06,16.555619653012688,26.24978239214614,1.270824571384966,0.0691989528815614,1.501,-6.672,5.573366483981194e-07,4.535375114636739e-06,176.52349310894556,28.574243175656505,1.302725915282426,0.0907410256177615
1.428,-6.536,1.428,-6.536,4.997989842444235e-07,4.592159076265435e-06,18.79971843178626,25.307473616490515,1.2613247104021583,0.067823752113323,1.428,-6.536,6.03847791521216e-07,4.961329963523813e-06,209.79476022799625,28.30086555439028,1.3032600956377125,0.0840352865061009
1.356,-6.399,1.356,-6.399,6.199565596392766e-07,4.901199737306429e-06,21.747443779124723,29.412314798803525,1.3038162322646385,0.0574902091362636,1.356,-6.399,5.97615430463316e-07,4.936643304513118e-06,220.154661750548,28.14883345310355,1.2997021896720833,0.081419148296448
1.283,-6.262,1.283,-6.262,6.047957431719858e-07,4.863687065512498e-06,24.661024488583067,28.91435102310285,1.2891800317779494,0.0617699361421365,1.283,-6.262,6.807068078001648e-07,5.622794692179627e-06,274.4951834677212,28.149988088600228,1.3059471303071162,0.0719774973393255
1.21,-6.126,1.21,-6.126,5.729906391961834e-07,5.204155891184279e-06,26.40668783421304,25.60162766751817,1.2572842436692375,0.0663816396901138,1.21,-6.126,6.784827663624925e-07,5.521191653108198e-06,276.86815355896493,28.5743490643665,1.2986586145194103,0.0805478159961531
1.137,-5.99,1.137,-5.99,6.83349072680926e-07,5.579890508624731e-06,29.304511868205488,28.47654393716919,1.2876518176927565,0.061557238483141,1.137,-5.99,7.0662847001074e-07,5.816718789627021e-06,316.4335861107278,28.24772069902819,1.2973791066430698,0.0767180357172708
1.063,-5.854,1.063,-5.854,7.122291346143516e-07,6.166598159424418e-06,34.387529389542415,26.856192035258854,1.271553193785838,0.0572722588005592,1.063,-5.854,7.399555556033986e-07,6.436929315261731e-06,381.68110722890174,26.72989437938685,1.2825557602646984,0.0785118288657382
1.863,-6.666,1.863,-6.666,4.943244627310415e-07,4.059099528463949e-06,15.777474580423226,28.317359234148206,1.2901536815665084,0.063339883940941,1.863,-6.666,6.091080335320299e-07,4.32275126559199e-06,170.45834095065723,32.76456666050685,1.3314772893448157,0.0808499036160354
1.79,-6.529,1.79,-6.529,4.81071183352744e-07,4.3832426812228924e-06,16.710846490220995,25.52020591469967,1.254880615849575,0.0731542644376724,1.79,-6.529,5.967807079620851e-07,4.9279816957174965e-06,209.51212120550423,28.15892278104702,1.300244597948748,0.089416867153523
1.718,-6.392,1.718,-6.392,5.462202366904613e-07,4.685048317925502e-06,21.05815330697688,27.109659289202067,1.2847043266493037,0.054136194625856,1.718,-6.392,6.017677147558039e-07,4.973568088581093e-06,223.3030570383348,28.13397929879468,1.3036341845309294,0.0859667259299087
1.645,-6.255,1.645,-6.255,5.459234417134299e-07,4.83780300302228e-06,22.25932954761375,26.239400655774357,1.2640447159809065,0.0648604573452456,1.645,-6.255,7.661636134135666e-07,5.48043507163941e-06,263.5948398470633,32.50699566434213,1.341172767283606,0.0721222876798288
1.572,-6.118,1.572,-6.118,6.02367095305429e-07,5.3022623366342e-06,27.10289144697767,26.41620197905628,1.2632437411995991,0.0641682535940541,1.572,-6.118,7.10815400054759e-07,5.8088378822741415e-06,301.302472335345,28.453645732473365,1.3061511313615757,0.0760149136976392
1.499,-5.981,1.499,-5.981,5.880646607058344e-07,5.405330727725211e-06,27.05083083676924,25.297240963511392,1.2536656578562797,0.0643380827243944,1.499,-5.981,7.589560838816815e-07,6.060242907647122e-06,326.9434638284532,29.120374928409227,1.305535727259019,0.077227377100427
1.425,-5.844,1.425,-5.844,6.725121430765157e-07,5.905205280067551e-06,34.30234970017971,26.481066911462257,1.2588672634963034,0.0617569777534406,1.425,-5.844,7.73021982299016e-07,6.602637340557374e-06,390.9936690814219,27.223549411656847,1.285682690941515,0.079365906422201
8.608,-4.271,8.608,-4.271,5.213496855994557e-07,4.120685439922416e-06,15.77911528362744,29.419141858583853,1.3354866296767436,0.0821093951940264,8.608,-4.271,7.187840691342045e-07,5.2618081002108175e-06,229.08789716561856,31.76389746213061,1.351887505955739,0.0874721901934486
8.536,-4.135,8.536,-4.135,6.090402855780077e-07,4.619368815894902e-06,17.372363106666956,30.65728772138369,1.3513953395914795,0.061383628079057,8.536,-4.135,7.942112536620255e-07,5.585322769336295e-06,250.14805393795007,33.06420680016086,1.364172254475173,0.0812805397867746
8.464,-3.999,8.464,-3.999,5.993399959913249e-07,4.661742678883217e-06,17.050663721070507,29.894776489507347,1.343965538995266,0.0668734382075767,8.464,-3.999,7.73216723283962e-07,5.652891693136674e-06,263.56109069780666,31.80540436077088,1.3532181489670756,0.0832946280278867
8.391,-3.864,8.391,-3.864,6.376363312249841e-07,4.851347343186796e-06,18.669261713726154,30.56194795782097,1.3387805256073,0.0646702332841598,8.391,-3.864,8.56364779465486e-07,6.221053178883459e-06,314.3520868453176,32.00849326711761,1.3594109668143706,0.0870617745132022
8.319,-3.728,8.319,-3.728,6.675152796075393e-07,4.872043952065599e-06,18.29243836093157,31.858135956540217,1.3573987272672223,0.052235323073481,8.319,-3.728,8.79346931424894e-07,6.118827092889155e-06,319.8548068516337,33.416612222746664,1.3641829175489315,0.0830823472017597
8.247,-3.592,8.247,-3.592,6.852541306757228e-07,5.144265808633958e-06,22.57010430298407,30.974093773433367,1.3459953717260522,0.0724968662338185,8.247,-3.592,9.15942852032086e-07,6.45546206543145e-06,350.191100805096,32.9922087853714,1.3634196334824211,0.0823013521338976
8.174,-3.457,8.174,-3.457,7.616346531011116e-07,5.620409816597424e-06,26.86896224301401,31.510047614094773,1.362051860919537,0.060663864127887,8.174,-3.457,9.664126827117129e-07,6.774246710849572e-06,388.7796593479169,33.17202310556687,1.369347722384992,0.0820684858374869
8.961,-4.251,8.961,-4.251,6.234307725119508e-07,4.291215036653214e-06,18.27369328982359,33.78145139952227,1.385852036443159,0.0599543625657619,8.961,-4.251,6.604577312211721e-07,4.584025287670553e-06,188.52032283657087,33.501817706211966,1.3687045577924917,0.0863361468873686
8.889,-4.115,8.889,-4.115,5.820350791720514e-07,4.191499326623518e-06,16.216233953954927,32.28866633922917,1.3684685838854878,0.0634809553026673,8.889,-4.115,7.187671552192389e-07,4.915415545108375e-06,204.70368079885776,34.00152001644307,1.3729897307113448,0.084983397973657
8.817,-3.979,8.817,-3.979,6.060043482183437e-07,4.381154981209793e-06,17.511908643462355,32.16306819113613,1.3591056698445825,0.0754040117032351,8.817,-3.979,8.138324297852955e-07,5.498356801942967e-06,248.21317119442693,34.41695313378927,1.3761682818804577,0.0824879820477705
8.745,-3.843,8.745,-3.843,6.30891617465278e-07,4.512884695855697e-06,16.82075204818942,32.506549100946096,1.370287477906593,0.0647822444893592,8.745,-3.843,8.778713753882176e-07,5.618995089956539e-06,256.1871139084123,36.32809154253375,1.3844295984122887,0.0801215245351064
8.672,-3.706,8.672,-3.706,6.478565531507844e-07,4.664997546491023e-06,16.33401284451703,32.29221118130295,1.366680513247934,0.0653039840373018,8.672,-3.706,8.659590909939542e-07,5.974748625574171e-06,292.5740350560428,33.701411099482506,1.370310235782142,0.0775000560463033
8.6,-3.57,8.6,-3.57,7.098579213231254e-07,4.849097738359032e-06,18.899591973236472,34.03931742100504,1.37307791735015,0.0563394165389038,8.6,-3.57,9.380482976380168e-07,6.200757491454296e-06,307.1154952922521,35.17635216809485,1.387311474461204,0.086369178558491
8.527,-3.435,8.527,-3.435,6.575056686155042e-07,4.872068744792888e-06,20.4237501670119,31.380253050919368,1.3523503941024746,0.0800775986555291,8.527,-3.435,9.124323532540916e-07,6.2788004563306095e-06,330.1890235021805,33.790478565230934,1.3730897396626056,0.0907219228804363
8.454,-3.299,8.454,-3.299,7.075669885649502e-07,5.129878269729359e-06,19.893996809698397,32.0723550304959,1.36202416542994,0.0694973007814693,8.454,-3.299,1.0639787952435111e-06,7.017295853688413e-06,379.83443373172753,35.256040242652325,1.393027056216231,0.0742114410361104
8.381,-3.163,8.381,-3.163,7.799629575285024e-07,5.520263770068298e-06,21.61523262828877,32.8537157440864,1.3757474618845302,0.0640573642735017,8.381,-3.163,9.727450399525602e-07,6.747334929055823e-06,373.6142696846608,33.52255438858504,1.3751849947033157,0.0795363912453453
9.227,-4.112,9.227,-4.112,5.157094866358002e-07,3.6888994242781648e-06,12.88949104119112,32.507131899853945,1.3687488468901372,0.0625056159467576,9.227,-4.112,7.978810376371021e-07,5.052478398309491e-06,204.16858262898992,36.72011443660968,1.3999139395969784,0.0830158439066738
9.155,-3.975,9.155,-3.975,5.794943915665618e-07,4.205633014106046e-06,14.65911035746483,32.039683071789106,1.3663123394678456,0.0693051393642044,9.155,-3.975,8.002348662818612e-07,5.383971483091858e-06,220.6046128204406,34.560901824925025,1.3890012509717675,0.0762653851190172
9.082,-3.839,9.082,-3.839,5.961255982764416e-07,4.277901519180056e-06,13.616929770293275,32.4024117412195,1.37155707720745,0.0534906275755905,9.082,-3.839,7.023859688725359e-07,5.041572235702619e-06,216.5985859100265,32.39516384250441,1.362426495552409,0.0805513745477238
9.01,-3.702,9.01,-3.702,6.120282563483218e-07,4.292430763567331e-06,13.929057346532334,33.154197640749224,1.375548192510829,0.0749654469075011,9.01,-3.702,8.560754765658547e-07,5.622468232385191e-06,255.248343016778,35.404249574907745,1.3969171027075964,0.0785587476703542
8.937,-3.566,8.937,-3.566,6.92013593257684e-07,4.536777670048659e-06,14.23584169133679,35.46806341532606,1.3935751101616771,0.07776419750661,8.937,-3.566,8.408481237027567e-07,5.714079922753008e-06,271.8581663395824,34.21697373551305,1.382097617995076,0.073385215514181
8.864,-3.43,8.864,-3.43,6.97042372073587e-07,4.87484411628556e-06,17.14613538859937,33.24825017998224,1.385049268707402,0.07299315356092,8.864,-3.43,9.813429166195352e-07,6.482380755613959e-06,320.99620656144776,35.2011298331754,1.401198113228686,0.0692164315005288
8.792,-3.294,8.792,-3.294,6.330458520604855e-07,4.6493556474540025e-06,14.765176897977828,31.660133858261936,1.357198991303105,0.0754713171597899,8.792,-3.294,9.281544506246186e-07,6.388110835902747e-06,330.23955002141463,33.78455138246839,1.383958743091001,0.0785231923065128
8.719,-3.157,8.719,-3.157,6.870543444307777e-07,4.944172482524623e-06,16.057761144593474,32.31229644386023,1.3699460151992553,0.0761138420867912,8.719,-3.157,1.0849115578500216e-06,6.940830137920332e-06,374.9375804666192,36.34571923076936,1.401401252255862,0.0807536171136993
8.645,-3.021,8.645,-3.021,7.760338065001504e-07,5.336721233653191e-06,22.36484718291512,33.81243679965056,1.391756530869883,0.0675975969602226,8.645,-3.021,1.1694707525996023e-06,7.525388914203612e-06,424.4465708497337,36.13522499962234,1.4065510519206454,0.0830541133826881
9.443,-3.832,9.443,-3.832,5.876369573712315e-07,3.855380593166862e-06,10.07939316578759,35.44150797251785,1.401059701127059,0.0652647900002695,9.443,-3.832,8.32571863187164e-07,5.475243687339525e-06,213.2950299272724,35.35807593973149,1.4043597714185387,0.075336332689695
9.37,-3.695,9.37,-3.695,6.182238068575723e-07,4.1665641671342464e-06,12.137500975762965,34.50150167240558,1.391937084601555,0.0581379862769532,9.37,-3.695,9.164756040700392e-07,5.447546519181099e-06,226.97226441651333,39.11923099401579,1.4156175185696764,0.0833239480194144
9.298,-3.558,9.298,-3.558,6.469384775036742e-07,4.067865743204946e-06,10.562229697396672,36.97998398830933,1.40414115847708,0.0586466015373677,9.298,-3.558,8.242746526525741e-07,5.450405211106647e-06,238.27776897065527,35.165233170184315,1.3951687989665504,0.0830507636625207
9.225,-3.421,9.225,-3.421,6.583413699862264e-07,4.420196422400493e-06,13.395403823887282,34.63218763068688,1.3986093871600396,0.0587049974336438,9.225,-3.421,8.009424275098431e-07,5.499975366107743e-06,243.2010965166331,33.86186726228578,1.387776076505223,0.0832836041370817
9.152,-3.285,9.152,-3.285,7.623733039665859e-07,4.948378469069992e-06,18.11781298561763,35.824086032811934,1.4119866683634394,0.0589463292920436,9.152,-3.285,8.924076300916561e-07,5.840216244163335e-06,275.09574857815574,35.53077614937613,1.4041904933270797,0.0819974424166485
9.079,-3.148,9.079,-3.148,6.828594600430413e-07,4.624187018526753e-06,14.346836647224023,34.33731145314765,1.3978625413380568,0.0582042343007757,9.079,-3.148,1.0368987035480763e-06,6.676273056656268e-06,323.1215527891811,36.11375007803845,1.4154732018554306,0.0728425823541572
9.006,-3.012,9.006,-3.012,7.050438432371267e-07,4.706296317362895e-06,13.87080511520444,34.834309352677074,1.3966298568126112,0.0655016223636047,9.006,-3.012,9.719156003039828e-07,6.316878666428119e-06,319.2450355676981,35.77637759224901,1.4045782854633824,0.0863758690155167
7.522,-4.858,7.522,-4.858,6.210823705436713e-07,4.677736418820515e-06,20.310407501614204,30.87335331328262,1.3268773834733822,0.0564063749473564,7.522,-4.858,7.59921446825558e-07,5.567679612555008e-06,274.16284369632126,31.736922614397905,1.3360589705172177,0.0881968894341441
7.451,-4.722,7.451,-4.722,5.762691571874934e-07,4.666504583879265e-06,20.66008651944375,28.71468304730547,1.3148627514227118,0.0624185707010299,7.451,-4.722,7.936067558426705e-07,5.796031588907277e-06,293.5114962674118,31.837940007766598,1.335116582454771,0.0806091592022728
7.379,-4.586,7.379,-4.586,5.988693069261987e-07,4.854094458633356e-06,22.32002256050804,28.68759754751849,1.3151442771581074,0.063063157970539,7.379,-4.586,8.033005148717701e-07,6.11023015490278e-06,325.04351324093534,30.569675151075877,1.321435902619411,0.0846900232954495
7.307,-4.45,7.307,-4.45,6.247546342761269e-07,4.991199727990543e-06,26.068978809182788,29.1054879731468,1.3110437121639271,0.0714535593317854,7.307,-4.45,7.476052819651756e-07,6.0361753526034935e-06,340.7842049714301,28.79922898800892,1.3085991314017402,0.084839589600666
7.235,-4.314,7.235,-4.314,6.920775643683687e-07,5.534679581745609e-06,28.55513061827749,29.075864398651607,1.3140534736936602,0.0713045260054946,7.235,-4.314,8.080637361322604e-07,6.422886333656713e-06,367.2422376519879,29.254031749546208,1.3086914184655012,0.080304482254282
7.162,-4.179,7.162,-4.179,7.579405119906353e-07,5.981332082403958e-06,28.46783875154212,29.465075165241625,1.3119789338073862,0.0639227554856848,7.162,-4.179,8.681134477059463e-07,6.758211515343257e-06,416.5438544048045,29.86861269195713,1.3145008307413546,0.0878390187165242
7.09,-4.043,7.09,-4.043,7.254721404515004e-07,5.879169017438972e-06,29.42382780503131,28.69294601502208,1.310518090002189,0.0768387043622911,7.09,-4.043,9.332463553651844e-07,7.413101050562277e-06,484.5358190521599,29.272966109002617,1.3136624441601197,0.0835964139649877
7.876,-4.839,7.876,-4.839,6.135494255649919e-07,4.420402802619812e-06,20.06408278231537,32.27439097806983,1.329290558101106,0.0738668982384803,7.876,-4.839,7.561719017511927e-07,5.397885543690884e-06,244.96067307422427,32.57370894946415,1.346702008148272,0.084813607526134
7.805,-4.702,7.805,-4.702,6.204293315077147e-07,4.748612953313497e-06,19.863126811068486,30.38056848143753,1.3330397721182925,0.0613724033155588,7.805,-4.702,7.273801334045845e-07,5.556675211205592e-06,269.00763701173423,30.438046056823225,1.334121157277176,0.079597179067702
7.733,-4.566,7.733,-4.566,5.731855421110257e-07,4.620192824265694e-06,19.291467057715064,28.84732009940595,1.3166751098920253,0.0586304752587434,7.733,-4.566,8.512783762378419e-07,6.204166846080744e-06,316.5912300057663,31.904980297844773,1.3497444825578482,0.0734055500646115
7.661,-4.43,7.661,-4.43,5.901129064788372e-07,4.867988770196973e-06,22.170182676794774,28.18745676999732,1.309299108617436,0.0715354963499343,7.661,-4.43,7.089611952441409e-07,5.606281993076627e-06,298.8014563984456,29.404775885353416,1.311929265770305,0.0780466142871434
7.588,-4.293,7.588,-4.293,5.781871848115585e-07,4.843235926677337e-06,16.9620786866213,27.75895954414988,1.3029743013160062,0.0697772971515675,7.588,-4.293,7.596659869073211e-07,6.216516525031428e-06,343.5029184451077,28.41488724137889,1.3049088955394526,0.0820518749826127
7.516,-4.157,7.516,-4.157,7.214397263798812e-07,5.536682656395781e-06,24.667812045308,30.298474927996587,1.3221760152136055,0.0642750533181428,7.516,-4.157,8.869386263073547e-07,6.630500455123884e-06,388.6339747353314,31.104097691043886,1.3283111724371974,0.0789676960729232
7.443,-4.021,7.443,-4.021,6.944221290745359e-07,5.466252721700683e-06,28.66145207012676,29.539571624256805,1.3261459388030967,0.0654056684517403,7.443,-4.021,9.281185375614944e-07,6.910913027157402e-06,411.5760630475921,31.227582697979543,1.3348579637278253,0.0806430379616182
7.371,-3.885,7.371,-3.885,7.197340438921773e-07,5.878315288119885e-06,28.37435355382462,28.470134382309475,1.3053528679357933,0.0710912885504609,7.371,-3.885,1.002827179498613e-06,7.3626543222756575e-06,456.6446018550006,31.67101871345345,1.3346799237989808,0.0788353074560281
7.298,-3.75,7.298,-3.75,6.96908820848317e-07,5.904732688685791e-06,25.864824013429978,27.443915120639595,1.2963571090219836,0.0771503860657939,7.298,-3.75,9.720951301705434e-07,7.563885589494681e-06,487.2132228060304,29.88368596392758,1.3231559967666189,0.0909665831610554
8.142,-4.7,8.142,-4.7,5.860049157626671e-07,4.399878875962405e-06,18.814637549970648,30.969264106864983,1.3432269228049714,0.0644966188664882,8.142,-4.7,7.0036552708716e-07,5.294753779138894e-06,234.63423562936947,30.75738011908696,1.3440755933227857,0.0874673207440437
8.07,-4.563,8.07,-4.563,6.519427553417453e-07,4.818909966260063e-06,18.680102135620043,31.45799209299948,1.344917267299947,0.0588855518196986,8.07,-4.563,7.120480795692068e-07,5.193371217959963e-06,238.83983963828723,31.880879978210995,1.3473102502199727,0.0810291189329983
7.998,-4.426,7.998,-4.426,6.71061169924908e-07,4.823035362547595e-06,21.759740938005432,32.352810283633225,1.3521283298796782,0.0647387776313439,7.998,-4.426,7.737263837624748e-07,5.715511060753806e-06,275.78753646796645,31.47767770681451,1.343941399671424,0.0849771389041602
7.926,-4.29,7.926,-4.29,5.946405954764628e-07,4.810488941469913e-06,23.192362928192228,28.74323738541563,1.2955260209186348,0.068307345207169,7.926,-4.29,7.652725315923936e-07,5.802059081478507e-06,296.40193257010225,30.66933264239056,1.3347611952277854,0.084343666399565
7.853,-4.153,7.853,-4.153,6.720178471556225e-07,5.026606290114451e-06,26.505245895203963,31.086818976032816,1.3320214457386768,0.0819074188598648,7.853,-4.153,8.618722700274961e-07,6.316156542008692e-06,334.19970055609207,31.72929118344322,1.345573681772368,0.085211102041542
7.781,-4.017,7.781,-4.017,6.79425509932773e-07,5.455483759344526e-06,28.20512431340526,28.95869116571389,1.3209339520063688,0.0537058903900377,7.781,-4.017,9.420602134146549e-07,6.586547582977989e-06,363.44079863211,33.25762073021123,1.357439465032911,0.0759166980176363
7.708,-3.881,7.708,-3.881,6.511725233776355e-07,5.2132843042984965e-06,25.126453626378566,29.043904821528592,1.3211538122932718,0.0643612639739778,7.708,-3.881,9.647027609391443e-07,6.797006203404197e-06,400.2816868855362,33.002451595049635,1.3543374218475286,0.0798813055215641
7.635,-3.744,7.635,-3.744,7.828973926356379e-07,5.836929661528276e-06,25.988016748219035,31.18823044049088,1.3317958102734282,0.0642516679298384,7.635,-3.744,9.355851893753076e-07,6.95430270657215e-06,418.6095063620422,31.28240216780396,1.3416809551636577,0.0791324095677043
7.562,-3.608,7.562,-3.608,6.990187616587286e-07,5.532180442908413e-06,25.610350024550407,29.38074763961338,1.32189349125959,0.0655868842481103,7.562,-3.608,1.0110643311667226e-06,7.470276242834356e-06,469.2390223866155,31.471140013284533,1.340300684299891,0.0832214260655238
8.359,-4.42,8.359,-4.42,6.030418245608109e-07,4.366415574869709e-06,20.09359759916894,32.113875121853624,1.3530434620150464,0.0620916516635031,8.359,-4.42,7.056472249201019e-07,5.189644142168584e-06,230.56638707121945,31.61698160406535,1.3420561658883996,0.0780401356942283
8.287,-4.283,8.287,-4.283,5.43368757201043e-07,4.271702716665459e-06,20.198686338581496,29.57767211441559,1.3307353708759333,0.0657549051399443,8.287,-4.283,7.223910842986223e-07,5.502719495385423e-06,253.7130803659323,30.525680192088448,1.336346421845514,0.0777938241766724
8.214,-4.146,8.214,-4.146,5.927311532505753e-07,4.5819511430200025e-06,21.19829405884195,30.079987219185057,1.3293056320723229,0.0730651596051321,8.214,-4.146,8.078344359184074e-07,5.850444691312981e-06,289.6226365743344,32.10730337985138,1.3469736005208748,0.0756208545450157
8.141,-4.009,8.141,-4.009,6.959248381734286e-07,5.134954466350246e-06,22.663643585001783,31.51345992284829,1.3544454125019971,0.0543593743951545,8.141,-4.009,8.594298278828255e-07,6.042344637224382e-06,303.6876432149532,33.07312844794509,1.3523306463880185,0.0745436670597857
8.068,-3.872,8.068,-3.872,6.896003431315154e-07,5.112598925125028e-06,22.43496185062589,31.36361341225837,1.3438799227149094,0.061123400810796,8.068,-3.872,7.654040272394557e-07,5.914407425108735e-06,312.1059327234161,30.091916782622743,1.3294026476424423,0.0833315949619082
7.996,-3.736,7.996,-3.736,7.15647559990267e-07,5.160336821326086e-06,25.32329852089038,32.247161525924284,1.3362336810353874,0.069754367091369,7.996,-3.736,8.967691474418589e-07,6.602127586863494e-06,366.1654930761758,31.58399723960786,1.343058205108635,0.0812463692283696
7.922,-3.599,7.922,-3.599,7.426279876118581e-07,5.606328515381496e-06,27.808104757314915,30.80087948775954,1.34049074033889,0.068982866409773,7.922,-3.599,1.015966869798971e-06,7.288442961512674e-06,426.3718920496669,32.4126943768565,1.361079892542099,0.0727888299310685
6.435,-5.443,6.435,-5.443,5.209229207613643e-07,4.635718035908264e-06,23.39129053585159,26.129241451000706,1.2782530717122462,0.0748524235325742,6.435,-5.443,5.867957523080294e-07,5.126441009192402e-06,247.0619149523031,26.615911558334616,1.2777796700216977,0.0967704055213306
6.364,-5.307,6.364,-5.307,5.384803014362932e-07,4.774417612546795e-06,25.79919910715246,26.22525771525309,1.271419100229372,0.0677855031891377,6.364,-5.307,6.959375519827975e-07,5.642770207901755e-06,292.4042730624753,28.677959956197466,1.2999399211522424,0.083826645912839
6.292,-5.171,6.292,-5.171,5.739643604547295e-07,5.179228105326341e-06,27.687389371489232,25.76856505128587,1.2687963757393117,0.0699912949889782,6.292,-5.171,6.905941292723358e-07,5.775933312624735e-06,312.9285284803296,27.80168122102468,1.2919956589473456,0.0862664280457448
6.22,-5.035,6.22,-5.035,6.074143300752749e-07,5.460474937625186e-06,30.1081379027683,25.865743288917567,1.2722502199887222,0.068100733422003,6.22,-5.035,9.23152564453034e-07,7.436454251401679e-06,425.8034747416888,28.8654224276259,1.2420388971056269,0.2087177170816365
6.148,-4.899,6.148,-4.899,7.077639804678664e-07,5.9216889742499285e-06,32.13091784208398,27.79157829144685,1.288207049891318,0.0699275736370672,6.148,-4.899,7.849379470462294e-07,6.533069492470344e-06,391.6100496059174,27.937554962817742,1.2906620446507449,0.0829489884307222
6.076,-4.763,6.076,-4.763,6.487054997295797e-07,5.936517406554022e-06,30.520077280032204,25.408918599975635,1.25954150170149,0.0761446732897142,6.076,-4.763,8.797807368707694e-07,7.164122812884267e-06,459.39279958537054,28.55497432648965,1.2978567040618334,0.0803492806947209
6.004,-4.628,6.004,-4.628,8.003172100175007e-07,6.545412949760794e-06,42.73027297151038,28.43121714266849,1.2895429507034102,0.0596400427592263,6.004,-4.628,8.710033900909534e-07,7.420319217857403e-06,501.2700414243524,27.294026203405345,1.2863474241617965,0.0740708729975451
6.79,-5.424,6.79,-5.424,4.90995303902122e-07,4.329924125187633e-06,17.429537295402675,26.367405598605377,1.2754935803466034,0.066005094638889,6.79,-5.424,6.076485494424401e-07,5.13037844842293e-06,245.5027723785206,27.54060082274455,1.2946261144306035,0.0862759713002751
6.718,-5.288,6.718,-5.288,5.625968522258182e-07,4.609088485286674e-06,19.03098526228361,28.382627646905597,1.2998013290085173,0.0773635929541712,6.718,-5.288,6.679518972433805e-07,5.510614257899297e-06,272.59708046911817,28.18483675692567,1.3096965243244512,0.0736725483677967
6.646,-5.151,6.646,-5.151,5.504380312643351e-07,4.999036174643262e-06,22.760888280709565,25.603096963636343,1.2735966176320097,0.0680195682649439,6.646,-5.151,6.800203038829992e-07,5.526999856921972e-06,289.2686543964109,28.609006355020977,1.3027481387029356,0.0823629630164682
6.574,-5.015,6.574,-5.015,6.461416781682954e-07,5.377774172432669e-06,25.26972314604674,27.93801471968325,1.2892674381782838,0.0621035370094281,6.574,-5.015,6.731249380266689e-07,5.665116628687478e-06,300.859719950837,27.62849148214424,1.2907843452753451,0.0833168710323637
6.502,-4.879,6.502,-4.879,6.615165255051109e-07,5.630814541240506e-06,31.74236929803029,27.317428936118088,1.2865967665577236,0.0685898550118279,6.502,-4.879,7.157121170485696e-07,6.279041626037397e-06,353.4670272756049,26.504239989326287,1.2806868304689387,0.0856814557492221
6.43,-4.742,6.43,-4.742,7.455502360027763e-07,6.201647220426346e-06,34.38658233285024,27.953758042511627,1.3003104239692302,0.0609878201715146,6.43,-4.742,8.148861424448981e-07,6.753773105731494e-06,416.3480113033629,28.055680924863523,1.2998950686040356,0.0854250733111292
6.358,-4.606,6.358,-4.606,7.823378497516657e-07,6.283239544352016e-06,35.7748413696439,28.952166815768777,1.3015341269761744,0.0679572588589267,6.358,-4.606,9.102820738445876e-07,7.009476768769214e-06,452.6076076613193,30.196787106675224,1.301587612208628,0.0824610470567917
6.285,-4.47,6.285,-4.47,7.82083134942686e-07,6.3339412173002295e-06,32.54879401345741,28.711060860358323,1.296180214618837,0.0642389476852104,6.285,-4.47,8.765579646756927e-07,7.23772687754994e-06,490.4596841316327,28.161046988782463,1.285223599925305,0.0858668582771478
6.212,-4.334,6.212,-4.334,7.200145746560275e-07,6.630143655577774e-06,40.74846768792918,25.251588112075275,1.2571196805941105,0.0735645815919446,6.212,-4.334,1.0147232674694015e-06,8.041046465941163e-06,587.3424485712022,29.343059525887096,1.30421222949785,0.0802048647480136
7.056,-5.286,7.056,-5.286,5.265488484915554e-07,4.443381626034386e-06,19.17873988641669,27.554681794411096,1.2940465910813217,0.0710067672422591,7.056,-5.286,7.924307322966827e-07,5.7213356645928896e-06,273.4629502680384,32.205810233914605,1.353570654415336,0.0817722077291611
6.984,-5.149,6.984,-5.149,6.422099435910497e-07,4.9660009299048055e-06,23.40724297164583,30.070494961989613,1.3219628004491069,0.0689092671475427,6.984,-5.149,7.041039007182322e-07,5.402706601903364e-06,264.5512206308996,30.303703940349937,1.322697519820594,0.0779571967421631
6.912,-5.012,6.912,-5.012,6.002553337570502e-07,5.020978239625449e-06,24.77946838033393,27.79828711258727,1.2878427530311107,0.0676154634672241,6.912,-5.012,7.974172060512809e-07,5.814676287817639e-06,299.6323762907008,31.88822957366081,1.3271087581561345,0.0857491584901349
6.84,-4.876,6.84,-4.876,6.170160725813757e-07,5.192799070457843e-06,28.831086757631457,27.62900889716886,1.288784136517946,0.0619957489584932,6.84,-4.876,7.575388912413171e-07,6.123422151655807e-06,339.65549124088506,28.766106275163786,1.2996717121253183,0.088635465131523
6.768,-4.739,6.768,-4.739,6.38497845112476e-07,5.438383246632916e-06,28.826073031077176,27.29983197796109,1.290777599546191,0.0681093946415266,6.768,-4.739,7.851528060496154e-07,6.220729917253728e-06,357.14633001567654,29.348316133302845,1.310420383213882,0.0835087501000429
6.695,-4.602,6.695,-4.602,6.790286058572899e-07,5.883112943062075e-06,30.694163340624687,26.838066956522237,1.2807325831345449,0.0577726051074086,6.695,-4.602,8.615367123581603e-07,7.027169590933272e-06,421.7108663656095,28.50779987837979,1.3097334186162686,0.0771031248078697
6.623,-4.466,6.623,-4.466,7.348774416114545e-07,6.15919473589136e-06,30.57505564732297,27.7435050696583,1.2886539399704466,0.0761626448490796,6.623,-4.466,8.696608054455265e-07,7.13931435119871e-06,464.9229462729313,28.324597045086204,1.3013410992143577,0.0802782415647947
6.55,-4.33,6.55,-4.33,6.883603192689875e-07,6.20640377942068e-06,36.83174841547492,25.78969156672294,1.2717794756541083,0.0697376380370283,6.55,-4.33,8.38889732299624e-07,7.246589037955295e-06,496.47747755968544,26.91792592742996,1.2784228365613992,0.0848419338016379
6.477,-4.193,6.477,-4.193,7.538158622074168e-07,6.807517441782767e-06,43.54185117437019,25.74819898306084,1.2727137392244263,0.0642408555447404,6.477,-4.193,8.68835079833248e-07,7.321673812010399e-06,514.1096528385448,27.59289818257892,1.2866583645593723,0.083139602719113
7.273,-5.006,7.273,-5.006,6.012581137294574e-07,4.656869518656104e-06,19.80285408732037,30.021834607357118,1.3206465990951175,0.0604691877900458,7.273,-5.006,6.738635105394495e-07,5.267441204164515e-06,248.4447418245302,29.74696010756454,1.3159538016196128,0.0878128869181886
7.201,-4.869,7.201,-4.869,5.499979466801691e-07,4.665140228623711e-06,22.35121400064533,27.413640492059628,1.2917565982880712,0.068395576520626,7.201,-4.869,7.991929108703575e-07,6.128082212684261e-06,317.2787288750925,30.324761048598205,1.3272864254675365,0.0818911484431985
7.129,-4.732,7.129,-4.732,6.31732951822239e-07,5.1671249461863546e-06,25.105245306339064,28.428563479071,1.3114970500358447,0.0517566337124001,7.129,-4.732,7.628047958261063e-07,5.992238025442491e-06,328.3088734364233,29.600204139231963,1.3126764723406796,0.0795645168614785
7.056,-4.595,7.056,-4.595,5.74585933506603e-07,5.122878909293783e-06,25.934846707076996,26.08021977841196,1.2761897670170963,0.0740272130657844,7.056,-4.595,8.115458783867557e-07,6.406036305469694e-06,360.6192194970613,29.45737397553984,1.3136497394835376,0.0813942366358993
6.983,-4.458,6.983,-4.458,6.540597492582771e-07,5.498384569640043e-06,27.83639827687656,27.66003077574891,1.2962016005517256,0.0732855083218696,6.983,-4.458,8.291657899874557e-07,6.574713761276131e-06,391.42912329624255,29.32478745823436,1.31045821329373,0.0784121895025109
6.911,-4.322,6.911,-4.322,6.777363525191061e-07,5.646413252644003e-06,31.551594115204747,27.90991206973625,1.296497230542082,0.0645398473454912,6.911,-4.322,9.50501230056461e-07,7.128438966605786e-06,448.5643689657578,31.00477580085077,1.3293817058062176,0.0798406653428272
6.838,-4.185,6.838,-4.185,7.297945261117478e-07,6.037191894598275e-06,31.50572554577337,28.10838988162032,1.2915857280125385,0.0593016316506797,6.838,-4.185,8.623020343290967e-07,7.240277746764778e-06,463.4370009687884,27.69328860004551,1.2955830077564598,0.0831194716824264
5.346,-6.026,5.346,-6.026,5.02638901375771e-07,4.483281267760241e-06,19.263367973296543,26.06936537593468,1.274480418764828,0.064501185078253,5.346,-6.026,6.409656327848817e-07,4.805081120325723e-06,218.6453125950587,31.01732694596525,1.3288870467736729,0.0835365163326298
5.275,-5.89,5.275,-5.89,5.761443291509807e-07,4.902505515673598e-06,22.65368284471301,27.326470913898778,1.2854848306137,0.0583941516800266,5.275,-5.89,6.460406014608855e-07,5.262755649605805e-06,242.33460208854845,28.544139437830765,1.3031241121143065,0.0874541605666547
5.203,-5.754,5.203,-5.754,5.899986980894126e-07,5.084429781186836e-06,26.021284577931706,26.982311207475437,1.2794947581895506,0.0633599200863722,5.203,-5.754,6.77304931757048e-07,5.6643983381901225e-06,285.82843560082097,27.8035850790614,1.295102441337094,0.0866385277455804
5.132,-5.618,5.132,-5.618,6.115915258215134e-07,5.379825090305508e-06,24.882379351911982,26.434046568290952,1.2828649226310724,0.0542539984731874,5.132,-5.618,6.698786546253617e-07,5.710907349018425e-06,312.5257484551776,27.27478730551896,1.286402158554933,0.0799671864174574
5.06,-5.482,5.06,-5.482,7.16305059328451e-07,5.852206320702457e-06,31.558203583947567,28.46090707608401,1.2885814803255986,0.0605627968512801,5.06,-5.482,7.464933277827642e-07,6.172576328486353e-06,342.7426445598647,28.12093838849543,1.2902544010100514,0.0786191333712005
4.988,-5.346,4.988,-5.346,5.77007788874816e-07,5.690954787827183e-06,31.788628402275872,23.57582438708451,1.2382301201509336,0.0596679604658235,4.988,-5.346,8.647393271778091e-07,6.722573935630821e-06,407.5729609454365,29.91024502473517,1.3155367939227225,0.0778931121683644
4.916,-5.21,4.916,-5.21,8.054019238627871e-07,6.529740782119648e-06,40.805180840644354,28.680523176902252,1.2882457146697186,0.0644527206638285,4.916,-5.21,8.277984639740846e-07,6.806247843875927e-06,438.20765142141465,28.280507861851344,1.2884150820271532,0.0836347944546575
5.701,-6.008,5.701,-6.008,4.887745761580192e-07,4.404879235947702e-06,18.72187555299385,25.80149965247923,1.2751920235780123,0.0677381938141,5.701,-6.008,5.939655052293687e-07,4.870731828151551e-06,214.69332510648877,28.35550279643653,1.3098815074900088,0.0809346521450844
5.629,-5.871,5.629,-5.871,5.2996981584493e-07,4.633418815187084e-06,19.31452769310268,26.596220505374227,1.2822234248634137,0.0620503501044358,5.629,-5.871,5.830682458559162e-07,4.943965795998785e-06,229.84674042224657,27.4229568488382,1.28877275143153,0.0923675097281099
5.558,-5.735,5.558,-5.735,6.133869058153879e-07,4.985618529867023e-06,22.117317717428005,28.6078883718568,1.297663700310764,0.0686779394140119,5.558,-5.735,6.236152372124799e-07,5.318886836281313e-06,259.5151898966638,27.26253996222743,1.2829822776884323,0.0836296710069191
5.486,-5.598,5.486,-5.598,6.240565363911453e-07,5.345660862459562e-06,25.249162263741013,27.14518970018216,1.2857232119894002,0.058372484082189,5.486,-5.598,7.323736608407158e-07,5.944702568603043e-06,310.43268719431114,28.6465901128284,1.3036457801000876,0.0831368675352523
5.414,-5.462,5.414,-5.462,6.688744260219578e-07,5.622922357271603e-06,30.89685607981196,27.660043079811278,1.2871329189668224,0.0545045595380712,5.414,-5.462,7.019287465188115e-07,5.877083054665886e-06,320.9378383507493,27.771641353954845,1.2926700271315157,0.0820227536370665
5.342,-5.326,5.342,-5.326,6.321871599758601e-07,5.717805359598862e-06,32.71244412462811,25.70908682821696,1.2700499731918706,0.066301023124896,5.342,-5.326,7.922159509336447e-07,6.502109397260899e-06,386.04332790017264,28.33085347036747,1.287397457639467,0.0760798538860478
5.27,-5.189,5.27,-5.189,6.663610348236789e-07,5.88214933565962e-06,34.83692848822438,26.3417058241328,1.2670442351262554,0.073954637857151,5.27,-5.189,7.339868644080972e-07,6.251172472087062e-06,386.6503739229151,27.3021692085637,1.2800827217741235,0.0865926058442396
5.198,-5.053,5.198,-5.053,7.159556864176148e-07,6.501144690557045e-06,37.17414982962882,25.60746916760447,1.2663806877370951,0.0572495945511675,5.198,-5.053,8.809682422102266e-07,7.32155143638491e-06,476.85750193371337,27.978696850556343,1.289486125456897,0.0842997706946556
5.125,-4.917,5.125,-4.917,7.266116090091393e-07,6.8063443461450045e-06,43.47497718166674,24.823256947959887,1.251739845723003,0.0704059199799164,5.125,-4.917,8.836968923540174e-07,7.63264587637495e-06,550.8876452290808,26.9214570978254,1.273681942111237,0.0865850308391997
5.968,-5.87,5.968,-5.87,5.034177779317861e-07,4.402116617173803e-06,16.28367854333819,26.591164249595806,1.2829917984758263,0.0627541609863044,5.968,-5.87,6.697238431100076e-07,5.042968027499863e-06,225.05177545771065,30.88018500447084,1.3273469292004323,0.0760038477126683
5.896,-5.733,5.896,-5.733,5.632906027772872e-07,4.637641092922965e-06,15.298638424942917,28.242667824028626,1.2969289425975357,0.0683488824629434,5.896,-5.733,7.531904040578998e-07,5.6788665040776615e-06,260.81987279437453,30.8399358669776,1.325972723822781,0.08314448438556
5.824,-5.596,5.824,-5.596,5.073521820613882e-07,4.627559720275248e-06,19.116819256635832,25.4934051481888,1.2675483752847134,0.0591403941258665,5.824,-5.596,6.830527794325688e-07,5.464717299553703e-06,271.8240365330881,29.064102098870457,1.307872460937337,0.0755216153053836
5.752,-5.459,5.752,-5.459,5.320531545424581e-07,4.968190159115761e-06,22.565424269122293,24.90159467443408,1.2567796619349454,0.061881012403031,5.752,-5.459,6.968186043708447e-07,5.635617533416937e-06,296.6040716505469,28.75070995106149,1.2975472185357952,0.0862005693474091
5.68,-5.323,5.68,-5.323,6.355503829550441e-07,5.6483403220775485e-06,26.1506739644676,26.163719022562123,1.2724870336922065,0.0621337580864774,5.68,-5.323,7.807106119299248e-07,6.41195942128877e-06,368.3017344210864,28.31194232907769,1.2995968215782048,0.0807970888737364
5.608,-5.186,5.608,-5.186,6.941230334967837e-07,5.852826969253161e-06,29.25736074097733,27.57662533446186,1.2821056352019449,0.0708660018935955,5.608,-5.186,7.838185525995034e-07,6.419933425592792e-06,377.1007857342312,28.389344301493143,1.2931626040367383,0.0801485107207354
5.535,-5.05,5.535,-5.05,7.518571502468565e-07,6.458449327825375e-06,37.401217427071714,27.06932493709834,1.2725437758964864,0.0594723859257461,5.535,-5.05,8.421131430293112e-07,6.966460191934265e-06,444.1757731773653,28.10791511526712,1.2927570281515537,0.0786665413357499
5.463,-4.913,5.463,-4.913,6.884034285164999e-07,6.332275007535178e-06,41.31976756762856,25.27863414225254,1.25481781665608,0.0649302314645801,5.463,-4.913,8.252824714281355e-07,7.045979973445445e-06,490.8826659854964,27.235262416204023,1.2682107403062604,0.0877206444306723
5.39,-4.777,5.39,-4.777,7.457278807183015e-07,6.852638503952427e-06,41.79774121741946,25.304217152026297,1.2545993439504068,0.0709951489886027,5.39,-4.777,8.903956249337193e-07,7.534185108303591e-06,516.4086117605754,27.48002216717596,1.279400180804257,0.0802244571353433
6.186,-5.591,6.186,-5.591,5.352772492701347e-07,4.642708273565382e-06,19.7784214913623,26.808822372482418,1.2858704513276102,0.0706867601014682,6.186,-5.591,6.359012018655228e-07,5.12756527739386e-06,245.65747697557055,28.8369148765692,1.3067896432780115,0.0778281175891061
6.114,-5.454,6.114,-5.454,5.767612671652775e-07,5.101320183779856e-06,23.59428493946317,26.289592358247003,1.276217239986365,0.0611521816654898,6.114,-5.454,7.806810165382695e-07,6.065888286253426e-06,305.2924012317271,29.92606113169689,1.3179818819235511,0.0750414363422152
6.042,-5.316,6.042,-5.316,5.989133379815711e-07,5.147201634531891e-06,24.72418546466868,27.05597264543577,1.2834762512444258,0.0675434590227261,6.042,-5.316,7.076394891581108e-07,6.025639695979608e-06,335.17052209267547,27.30733061705576,1.2944813172562373,0.0775283980348683
5.969,-5.179,5.969,-5.179,6.223993576122344e-07,5.631013408685072e-06,30.453991826029743,25.70117163089817,1.2715946113907035,0.0695518857000741,5.969,-5.179,7.76234569541988e-07,6.408388953260239e-06,368.6761938483885,28.165305390738585,1.3019364726794491,0.078562011063052
5.897,-5.042,5.897,-5.042,6.90645710736318e-07,5.777793478259422e-06,29.748293084385992,27.79480632439676,1.2804300822440453,0.0692141642618072,5.897,-5.042,7.551164799764696e-07,6.266770233448539e-06,367.91249953886006,28.01821891680417,1.282858278473398,0.0793139382294213
5.824,-4.906,5.824,-4.906,1.011099628370734e-06,6.956496296934529e-06,39.81920328545225,33.79665668409026,1.34420327224927,0.0598364241385072,5.824,-4.906,1.0405968878963814e-06,7.66743788017973e-06,491.5803414153098,31.557500966142918,1.3279317900010357,0.0743693446497664
5.751,-4.769,5.751,-4.769,7.9002547629398e-07,6.595717258501786e-06,37.00888290009374,27.851552826218864,1.2842391323854294,0.0654381680014967,5.751,-4.769,8.804660053424994e-07,7.324123895139566e-06,490.1140769707916,27.95292491376388,1.289647104470304,0.0855182875368942
4.27,-6.636,4.27,-6.636,4.583309306354839e-07,3.7683494175523697e-06,12.22408289853652,28.28123357757029,1.2866275592439993,0.0650353116393696,4.27,-6.636,5.24805963849725e-07,4.134729504048859e-06,154.39173232693722,29.51358771536764,1.315518367948101,0.0807686949482064
4.199,-6.5,4.199,-6.5,4.928020356331116e-07,4.222080904973171e-06,14.69174668229724,27.14040284084317,1.286491668386427,0.0665912089395064,4.199,-6.5,6.656054692959951e-07,4.733734938188579e-06,191.42676019883035,32.695146914478784,1.343920469598444,0.0764551506382784
4.128,-6.364,4.128,-6.364,5.688286080619199e-07,4.482444224189895e-06,17.071519517019127,29.50780355477809,1.2949772290745736,0.0634066388738906,4.128,-6.364,5.965301605173218e-07,4.782863675890701e-06,205.91944926130031,29.00111874347525,1.3068559652613656,0.0852369848402144
4.056,-6.227,4.056,-6.227,5.009117359075153e-07,4.417414372879499e-06,18.405893220331247,26.367163645468903,1.2706285987768242,0.0670759143499233,4.056,-6.227,5.764553781617681e-07,4.851868467748795e-06,213.06235441195872,27.626573567930027,1.297456495236601,0.0772922167001066
3.985,-6.091,3.985,-6.091,5.362632759191789e-07,4.875762430862942e-06,20.715516732188696,25.5744243930338,1.2614161725433024,0.0566985677739853,3.985,-6.091,6.524991570865906e-07,5.284707434552137e-06,252.4870650474355,28.709746190701978,1.3065120530919316,0.0816758587212468
3.913,-5.955,3.913,-5.955,5.52319840240582e-07,5.07032867670444e-06,25.553594870910857,25.32939862974678,1.2547813130126906,0.0701183341238513,3.913,-5.955,7.25750633667641e-07,5.786975220505478e-06,296.675796063181,29.161250832947108,1.3070933395277464,0.0803617372120008
3.841,-5.819,3.841,-5.819,6.030912799671144e-07,5.4781625189846895e-06,32.18429107474563,25.59873381854584,1.2608876748251647,0.0610557842444619,3.841,-5.819,7.306091636145327e-07,5.977129426309104e-06,327.69652294951106,28.422534520336608,1.2874455740876871,0.0777438380242889
4.625,-6.619,4.625,-6.619,4.283682854159778e-07,3.8110751124967752e-06,13.050446776532434,26.136061850785957,1.2855147160100415,0.0606520986270341,4.625,-6.619,5.936367983850627e-07,4.360173890641917e-06,157.38595594563068,31.658282617787396,1.34351931812754,0.0785284885127171
4.554,-6.482,4.554,-6.482,4.847068886327036e-07,3.896828589968564e-06,13.708962907689068,28.922660291302083,1.3022309663107836,0.0659247315234644,4.554,-6.482,6.063977831788473e-07,4.577861752262586e-06,181.87497683628075,30.801032809125143,1.3297008506537644,0.0874507171698987
4.482,-6.346,4.482,-6.346,5.709589565592825e-07,4.302376068153088e-06,16.032689006829052,30.85793561188428,1.3158724428836894,0.059326185848923,4.482,-6.346,5.604196432147013e-07,4.752792363341065e-06,203.4214010526315,27.41794212171427,1.295175971548188,0.0838474458215988
4.411,-6.209,4.411,-6.209,5.071716922657071e-07,4.303679556807503e-06,18.008134011445918,27.40219962543874,1.2893226491796763,0.0594152372246992,4.411,-6.209,6.500160023272187e-07,5.046789571301703e-06,230.49435944693064,29.948784374483264,1.3175740352481151,0.0792972076368891
4.339,-6.072,4.339,-6.072,5.271540216621448e-07,4.743717266299046e-06,19.664954570183703,25.839795677509198,1.274758582676501,0.0723369048327898,4.339,-6.072,6.375372009094016e-07,5.298591984433168e-06,252.1640944407107,27.97791850171182,1.3013843773169451,0.09330185831279
4.268,-5.936,4.268,-5.936,5.903436675443681e-07,5.022193462558507e-06,22.636044531730693,27.332654913178427,1.285249837546418,0.0661187113599099,4.268,-5.936,6.21010670092916e-07,5.49629513705944e-06,275.30520555645734,26.27237682653564,1.2801706338681555,0.087233516925724
4.196,-5.8,4.196,-5.8,6.256589030336295e-07,5.456963632005929e-06,27.50309670530988,26.65980184116086,1.2682750810882717,0.0646377891863794,4.196,-5.8,7.94623988523391e-07,5.96569929603267e-06,327.4934349337244,30.972100545023515,1.3180603127111408,0.0810008302305777
4.123,-5.663,4.123,-5.663,5.96313673279378e-07,5.632891288851024e-06,32.91294973084954,24.61578814725154,1.243808122108094,0.061567574618938,4.123,-5.663,8.344757059937691e-07,6.487845641834554e-06,357.33906890862016,29.90773587319544,1.3182996554941604,0.0783825619419095
4.051,-5.527,4.051,-5.527,6.48293908554486e-07,5.716563920381116e-06,37.69291489424533,26.369823596650665,1.261706545108818,0.0651011182562134,4.051,-5.527,7.744441629666352e-07,6.715119388787316e-06,412.4486795178331,26.816785607295195,1.281712540371919,0.0796013319265145
4.893,-6.482,4.893,-6.482,4.217677998368267e-07,3.784455461932112e-06,14.555597930508124,25.91435293161217,1.266344252034376,0.0727689847565759,4.893,-6.482,6.015560504579574e-07,4.584172118761047e-06,179.75695793965286,30.513043730025757,1.3310648622389532,0.0747008069528859
4.821,-6.345,4.821,-6.345,5.076464906395139e-07,4.183296258187275e-06,17.107628297437664,28.21714784769642,1.2929260245263816,0.0653481808712917,4.821,-6.345,5.476723963542996e-07,4.441788262268198e-06,179.5005021281325,28.67037330437935,1.302714770523611,0.0752186077224467
4.75,-6.208,4.75,-6.208,4.836339863869729e-07,4.259830450309922e-06,16.711106783915586,26.39944801541518,1.279905578719314,0.0685940102947443,4.75,-6.208,5.899999115573125e-07,4.775598737267943e-06,208.8028172268753,28.72727722285533,1.3101732168090947,0.0817460937050385
4.678,-6.071,4.678,-6.071,4.9618373971058e-07,4.415128253974143e-06,19.980619627788865,26.131813607424988,1.269998968714553,0.0583301774160434,4.678,-6.071,6.137562836820798e-07,5.105309567808516e-06,233.5003851302015,27.95401653854377,1.298460526615329,0.0847770046383976
4.606,-5.934,4.606,-5.934,6.167560021845217e-07,5.2064340302724674e-06,26.344461916419423,27.545037144290344,1.2905558789828948,0.0550491684976861,4.606,-5.934,7.332698051647295e-07,5.695150747667195e-06,278.5062857051519,29.93842334857759,1.3182033082112523,0.0759661955783608
4.534,-5.797,4.534,-5.797,6.114353917493401e-07,5.318474323997235e-06,27.362726218465216,26.732147825120933,1.280594704188414,0.0753928623503549,4.534,-5.797,7.258757569772225e-07,5.921994662369903e-06,316.29822347058814,28.501297271644752,1.291020529412823,0.0841865386908242
4.462,-5.66,4.462,-5.66,5.959109702720369e-07,5.4140726910481815e-06,22.94452670997268,25.5933800418736,1.2639989931266034,0.079845929830431,4.462,-5.66,7.688438332062325e-07,6.092960818710819e-06,350.7378033043442,29.341350377215463,1.306361625680283,0.0775015640146631
4.389,-5.524,4.389,-5.524,6.901819960406519e-07,5.893209351115993e-06,32.781679480143005,27.23216090196202,1.2774409132937952,0.0657359327365938,4.389,-5.524,7.863292097957631e-07,6.4295700174416085e-06,384.8673244464544,28.43759246947885,1.2935677815808897,0.078145987079427
4.317,-5.387,4.317,-5.387,6.489099869860164e-07,5.900516666002315e-06,39.796281226687846,25.57200404079893,1.2453793994968283,0.0666382935993312,4.317,-5.387,8.267764168043969e-07,7.280617800642056e-06,449.3872277068455,26.40524458560384,1.2739861214356205,0.0831626336383562
5.111,-6.203,5.111,-6.203,4.4601089727209364e-07,4.089150545082022e-06,14.763985652243512,25.3619544199254,1.268619540710785,0.0679955668541794,5.111,-6.203,5.84915452244599e-07,4.864183674171375e-06,207.32165623169,27.961050023753774,1.3082912208071824,0.0848243335222481
5.04,-6.066,5.04,-6.066,5.339078060367098e-07,4.75562581845246e-06,22.232979909371608,26.10531523621392,1.275731860229974,0.0621140867325728,5.04,-6.066,6.45389054751279e-07,4.930910328271551e-06,217.72714331760585,30.434406622286,1.3183745043019606,0.0846079979147266
4.968,-5.928,4.968,-5.928,5.779098949913975e-07,5.02222243831555e-06,21.480200937225707,26.756822280045164,1.2826148003248825,0.0617039788731572,4.968,-5.928,6.545972676523915e-07,5.387223351043317e-06,255.178004187293,28.253974851096583,1.3010400058721612,0.0840760543805984
4.895,-5.791,4.895,-5.791,5.749213290504171e-07,5.048251499390065e-06,25.235859452147725,26.48120757103121,1.276399969922592,0.0651826423655635,4.895,-5.791,6.490321344097478e-07,5.519378528620335e-06,279.956161038381,27.34301291682949,1.289308073029097,0.0832610979062467
4.823,-5.654,4.823,-5.654,6.05163981026906e-07,5.291103147506765e-06,29.483915189618426,26.59482829950268,1.2655648919385591,0.0804812380560569,4.823,-5.654,8.131222029114613e-07,6.3498999486619565e-06,347.2878325967413,29.77551522480636,1.3115185055697491,0.089742735042626
4.751,-5.517,4.751,-5.517,6.200416988675111e-07,5.607794089027485e-06,31.11708533936539,25.709828910850373,1.2609288948060875,0.065652414367682,4.751,-5.517,8.51770606040359e-07,6.583208664900488e-06,374.524627490442,30.0853712814238,1.3065372691869552,0.0754940907020087
4.678,-5.38,4.678,-5.38,6.470839401597455e-07,6.0943119933044304e-06,37.55157979505934,24.68915834532482,1.249578133903092,0.0745566685235521,4.678,-5.38,7.361067958396777e-07,6.571287185253966e-06,394.03423087797927,26.047180956170827,1.26152331290551,0.09525860607797
3.187,-7.237,3.187,-7.237,3.748340456497565e-07,3.2298044559060484e-06,10.40685990684082,26.985666482096715,1.2934524020178997,0.0838674535602871,3.187,-7.237,4.499974576634934e-07,3.401273456665286e-06,100.95924988440012,30.763720562654555,1.336575734598625,0.0802927557661646
3.116,-7.1,3.116,-7.1,4.6252594031214005e-07,3.5743414534675844e-06,11.414274923522996,30.089183606219816,1.3237624904022307,0.0586179891558233,3.116,-7.1,4.423154530789714e-07,3.532468619057709e-06,110.4813627444162,29.11549295881222,1.3153568304678729,0.0833183261939151
3.045,-6.964,3.045,-6.964,4.570153522998194e-07,3.5807085925572957e-06,12.379592675944297,29.677831074797616,1.3112410542789716,0.0613427127122072,3.045,-6.964,5.459282227842639e-07,3.973503873905456e-06,133.8999350784403,31.947159745817824,1.3396750043317662,0.0895677905252728
2.974,-6.828,2.974,-6.828,4.245236704267758e-07,3.485215444814563e-06,11.561155468624282,28.32322015416947,1.298298623099948,0.0717562476093867,2.974,-6.828,5.177909466785721e-07,4.067481531199359e-06,148.85543194212315,29.60051115100099,1.31728525245358,0.0758406013026851
2.903,-6.691,2.903,-6.691,4.558576220768005e-07,3.947353606907438e-06,15.19649243356316,26.853044759377063,1.277763755212172,0.0638415813237329,2.903,-6.691,5.591798809608966e-07,4.323419420803327e-06,163.36433859028122,30.074229932420234,1.324442407568302,0.0752271676488701
2.832,-6.555,2.832,-6.555,5.466552061037702e-07,4.302643042413422e-06,18.78420485119084,29.54258669008412,1.3041665579609791,0.0585406613124865,2.832,-6.555,6.373700722888737e-07,4.652981714815153e-06,188.054346054344,31.851557163393263,1.3377954746296628,0.0695784296280496
2.76,-6.419,2.76,-6.419,5.35373590368018e-07,4.610830869409337e-06,20.90847036908369,26.999026142727853,1.2752394248861176,0.0629305264755277,2.76,-6.419,6.358897317823382e-07,5.066059727987762e-06,218.9954109260441,29.186488964201587,1.308867975348808,0.0842875666952939
3.543,-7.221,3.543,-7.221,3.858372097774712e-07,3.1348713797686505e-06,9.96934277056932,28.61901807483239,1.3082697099082217,0.0664389852537172,3.543,-7.221,4.843205651245884e-07,3.469272163231568e-06,103.48622676820575,32.4612236241541,1.3525711576743098,0.0797544251111683
3.472,-7.084,3.472,-7.084,3.7593192953425403e-07,3.1799774963302198e-06,10.538415089189735,27.48878311524127,1.2866931243863893,0.0722681161599403,3.472,-7.084,4.971401808624616e-07,3.878632499922866e-06,119.68516990813436,29.80372732465058,1.3304990462025323,0.0887859687810298
3.401,-6.947,3.401,-6.947,4.784666228583307e-07,3.7520939407703863e-06,13.696541758934815,29.651610849214787,1.321674772331218,0.0555145434516572,3.401,-6.947,5.141011973341865e-07,3.860671834889677e-06,126.42508693882554,30.96392990517151,1.332806330094893,0.0849235635869704
3.33,-6.81,3.33,-6.81,4.1483860517690966e-07,3.652077178334488e-06,13.492025999157248,26.41250341086656,1.280555712071398,0.0580045693348672,3.33,-6.81,5.361301832538387e-07,4.116193548503493e-06,145.3467689181062,30.28620222932005,1.3242434417734428,0.0817632701454156
3.258,-6.673,3.258,-6.673,4.629020581782989e-07,4.008106124186458e-06,14.540950103350502,26.85469642679358,1.2809845032394769,0.0717930615152683,3.258,-6.673,5.612098491215037e-07,4.451907252242769e-06,167.89038922106343,29.312274821357352,1.3212770409112378,0.076897727592547
3.187,-6.537,3.187,-6.537,5.407371475178451e-07,4.5319794118133735e-06,19.07790607205285,27.743971205136237,1.2956427900391323,0.060640522114234,3.187,-6.537,6.254724183927625e-07,4.7048623948941485e-06,190.58905347082987,30.912318887598065,1.325317808353048,0.0837970312622575
3.115,-6.4,3.115,-6.4,5.644410505705019e-07,4.609317318302923e-06,20.43520586988797,28.474252500309724,1.2907437895246214,0.0641602228867178,3.115,-6.4,6.026917261122856e-07,4.92630668041449e-06,218.453640035798,28.4475017129387,1.2988185655449267,0.0939918150377467
3.043,-6.264,3.043,-6.264,6.13953189135306e-07,4.925905244440627e-06,25.011717939240203,28.981412861677683,1.2901438646666867,0.0619245162101151,3.043,-6.264,6.094077859504428e-07,5.097619163991952e-06,233.348886121095,27.79783414221709,1.3000874643105107,0.0831866825124455
2.971,-6.127,2.971,-6.127,6.284115266613189e-07,5.289274446443128e-06,29.635513336633625,27.626024211047184,1.2777907995862872,0.0683268703598182,2.971,-6.127,6.125320085633913e-07,5.3222632431466185e-06,257.1300539256783,26.761027510069123,1.2837850356149487,0.0885826417096152
3.811,-7.084,3.811,-7.084,4.089482049693775e-07,3.324056930154785e-06,10.698898311895196,28.606860661208717,1.3089906523945525,0.0685141505930278,3.811,-7.084,5.51352901817408e-07,3.95582964535413e-06,121.90026604988144,32.408761249423,1.3482175963825294,0.0676233759443275
3.74,-6.947,3.74,-6.947,4.404357511963525e-07,3.65525524121132e-06,12.20084794512129,28.0178756524331,1.3047613206164477,0.0670811954865707,3.74,-6.947,5.06901116239017e-07,4.069997995031966e-06,138.02874556341072,28.96005617010419,1.3167224253432728,0.09065070561986
3.669,-6.81,3.669,-6.81,4.388494294035658e-07,3.559659860348321e-06,12.73217237194704,28.666679054954677,1.305619084609288,0.0598673409740665,3.669,-6.81,4.83962981035336e-07,3.916354939627505e-06,140.0926627132856,28.734288353622137,1.3165760183889896,0.0746854159118737
3.597,-6.672,3.597,-6.672,4.62361206280896e-07,3.977168043326334e-06,14.254483318075684,27.031976082388223,1.2885648435639192,0.0743200157894148,3.597,-6.672,6.444912235555115e-07,4.7990963758453054e-06,181.361200249968,31.22682890267837,1.3453471403808517,0.0753498008212426
3.525,-6.535,3.525,-6.535,5.218439211885999e-07,4.287846822809575e-06,18.19645390038185,28.29904071673929,1.2917133116259678,0.054881521096429,3.525,-6.535,5.980341110579716e-07,4.64133200029289e-06,190.171779029014,29.960818154854035,1.323706102954514,0.0800936321886782
3.454,-6.398,3.454,-6.398,4.919228447229759e-07,4.304337353877463e-06,19.49254480969007,26.57425127034944,1.269253104406899,0.0634263299565714,3.454,-6.398,5.714200610481553e-07,4.669372183486187e-06,194.6169461012676,28.45557324640559,1.3025305116588115,0.0802810667394323
3.382,-6.261,3.382,-6.261,5.19190351182258e-07,4.623529241739985e-06,21.95299630913336,26.110990795404323,1.272388457783891,0.0638670946629204,3.382,-6.261,6.062930701537486e-07,4.937337431820479e-06,230.32676547108767,28.55355209943561,1.300089766128229,0.0832428165671591
3.309,-6.125,3.309,-6.125,5.376501038660169e-07,4.785508571113419e-06,22.166493879967422,26.124138839741427,1.268453342829727,0.0742884383424587,3.309,-6.125,7.536337401604567e-07,5.8706836161500725e-06,290.00834749867886,29.84983983686501,1.327824521170828,0.0781535314065879
3.237,-5.988,3.237,-5.988,5.809341296068948e-07,5.1440427287077945e-06,25.2258232469633,26.259876061595143,1.260115202735168,0.0704290308953672,3.237,-5.988,7.283800233482656e-07,5.896108935536781e-06,309.5511804985409,28.725187684653147,1.302335711313518,0.081654390938495
4.031,-6.806,4.031,-6.806,4.6232855717731924e-07,3.7632277081159626e-06,11.646636340779477,28.56673260723492,1.305950544063429,0.0622904655505968,4.031,-6.806,5.179221602138578e-07,3.962699519740213e-06,139.29907989182686,30.390909605161628,1.3297573689591642,0.085442657196496
3.959,-6.668,3.959,-6.668,4.463576567283498e-07,3.7826385423717177e-06,12.372624210574983,27.43838168767197,1.2905918532765666,0.0696800925947135,3.959,-6.668,6.245605875709145e-07,4.577463859847403e-06,170.18672751330723,31.72634177327103,1.330364270224776,0.0953667292808774
3.888,-6.531,3.888,-6.531,4.46070684164323e-07,3.967693568734197e-06,15.040251336591773,26.141825197206845,1.2763941895598874,0.0688875117613848,3.888,-6.531,5.66071308541083e-07,4.588602808231524e-06,179.9192866907881,28.685407523204223,1.3147924515381824,0.0796227047152146
3.816,-6.393,3.816,-6.393,5.175646877335652e-07,4.4690467514320365e-06,17.82540238355278,26.92899138655691,1.277438602523016,0.0666911717448705,3.816,-6.393,6.638829045357914e-07,4.944627721710301e-06,207.91674802368115,31.219664641096,1.330684558985694,0.0846746662971575
3.744,-6.256,3.744,-6.256,5.477572003473908e-07,4.613331307238809e-06,19.23602614934505,27.60856271007788,1.285575208436962,0.0599102920140808,3.744,-6.256,6.537276343140369e-07,5.200972893014442e-06,231.3426861894881,29.22688973565001,1.3106535492723783,0.0935283027153264
3.671,-6.119,3.671,-6.119,5.625848874070225e-07,4.810159816801818e-06,21.522169691931865,27.19561618070492,1.2739617384621438,0.0787862844948456,3.671,-6.119,6.653183956774655e-07,5.6708647067410055e-06,272.2242070388181,27.280391149956458,1.293356659914608,0.082310143854084
3.599,-5.981,3.599,-5.981,5.660731539887699e-07,5.106645945579988e-06,25.476108408598144,25.77550353644122,1.2534086216025906,0.0697783459125127,3.599,-5.981,7.243519265967396e-07,5.629761062730916e-06,286.35294507745584,29.917824080037576,1.3041525286410918,0.0837227554495867
1.883,-1.042,1.883,-1.042,1.8245126654543836e-06,2.0136877656315904e-05,32.27365389922926,21.06808678256013,1.149780628542757,0.0691297027686361,1.883,-1.042,5.667331591591144e-06,5.371467238273928e-05,27126.208300070783,24.533303980395964,1.1862909495901897,0.0796171905423394
1.805,-0.91,1.805,-0.91,8.825426323729952e-07,1.1159520458898992e-05,9.986863532628508,18.38910144286447,1.089047727962924,0.0704324487874133,1.805,-0.91,5.256665132093355e-06,5.3800153845317365e-05,28295.85164999269,22.71941485675662,1.168303866966763,0.0885984483107419
1.727,-0.778,1.727,-0.778,1.177949219745913e-06,1.458053851751527e-05,19.5070574616746,18.78552565266044,1.0930791980507204,0.0755734564607296,1.727,-0.778,6.066093683309636e-06,5.864218180089577e-05,32941.407055019954,24.05300495506117,1.1955521741090795,0.07878440923728
1.649,-0.646,1.649,-0.646,7.580399657672349e-07,7.396913587054596e-06,5.663026893682306,23.8293340659232,1.198440330483086,0.0425867927410211,1.649,-0.646,6.185116493252011e-06,6.125425333252138e-05,36730.18701444548,23.479128947447578,1.1754837504218616,0.0879966160320525
1.571,-0.513,1.571,-0.513,2.493012749526715e-06,3.108535433227937e-05,17.199510772682494,18.64829045962112,1.2565574211956154,0.0054433575954095,1.571,-0.513,7.286801652283065e-06,6.835455216752078e-05,43783.39100761749,24.78790673216204,1.201296189164343,0.0799676784935306
1.492,-0.382,1.492,-0.382,1.2182459537714677e-07,6.424739078929888e-07,0.2872424498976538,44.09098796608159,1.4880325080039123,0.155881134012658,1.492,-0.382,7.386802945426101e-06,6.943501050607763e-05,49996.76605306295,24.737075564655644,1.197276612770559,0.0885043086201445
1.413,-0.25,1.413,-0.25,1.4618836787246264e-07,6.54071146642112e-07,0.2900078505341744,51.97065300198884,1.6301863213108756,0.0052514018937103,1.413,-0.25,8.395850329084794e-06,7.838075058005824e-05,65585.33287377443,24.907240685763828,1.19280225335095,0.0838244753510731
2.235,-1.006,2.235,-1.006,2.0972229122882425e-06,1.9221378773996967e-05,37.754388611184126,25.37058050211775,1.195964392748195,0.0664937827009085,2.235,-1.006,5.209691311481265e-06,4.9139852381768926e-05,22062.329305449584,24.65179178912516,1.2061699902808427,0.0802628755130615
2.157,-0.873,2.157,-0.873,1.5309439934274266e-06,1.6343100086822296e-05,26.36397981605207,21.78187243994086,1.1483773005857565,0.0601943956444834,2.157,-0.873,5.410240630393319e-06,5.258026133723797e-05,25395.9888353502,23.925674434191425,1.19882724979221,0.0788484660046859
2.079,-0.741,2.079,-0.741,2.606432895843056e-07,2.032999784913527e-06,1.039405959561157,29.811207203481235,1.282229359197076,0.0611383753028279,2.079,-0.741,6.221965412010032e-06,5.532297772148958e-05,28028.88366570518,26.15124638435103,1.221628673696215,0.0833674513308726
2.0,-0.608,2.0,-0.608,2.0163092087506973e-07,1.9849586390602567e-06,1.0356085333133906,23.61978931540544,1.2090556615724772,0.2467748772717304,2.0,-0.608,7.094553186281888e-06,6.367639682021013e-05,34197.33027456504,25.906987520966556,1.2229501877285691,0.0746851671533376
1.922,-0.475,1.922,-0.475,3.144401293610408e-07,2.610874958623677e-06,1.7496642151308792,28.00414005466712,1.2240053390418053,0.0641392334571938,1.922,-0.475,6.412744204215831e-06,5.951046597420482e-05,33966.02992163597,25.05652923902674,1.2157371303826612,0.0836301093785256
1.843,-0.343,1.843,-0.343,2.461899359968577e-07,1.4381444321275734e-06,0.8644768340549058,39.80504679248105,1.4439896742691507,0.0585628335972893,1.843,-0.343,8.47197047918574e-06,6.913453472951722e-05,44304.10894267436,28.49441445933837,1.250433975794453,0.0749787599598781
1.764,-0.211,1.764,-0.211,3.960266016353039e-07,2.0001974133168142e-06,1.2571123508402342,46.03857209169882,1.3960738157272603,0.0478575220077834,1.764,-0.211,7.935144060648747e-06,6.851742629307448e-05,49000.6073329517,26.929241556023968,1.2304524476016336,0.0842598178802911
1.685,-0.078,1.685,-0.078,1.3456029872485398e-07,6.841744962480594e-07,0.356600692026212,45.73202256120971,1.5308210999512055,0.0967635617630572,1.685,-0.078,8.588001296277025e-06,7.472303717974219e-05,62445.10562812712,26.724398128035624,1.221619281637753,0.0771318858459108
1.606,0.054,1.606,0.054,2.449611433220236e-07,1.2689797710340243e-06,0.8762987343948311,44.8862009006806,1.4140952868281396,0.0974432206927747,1.606,0.054,9.200574274580313e-06,7.826163458206339e-05,71166.26182070647,27.33608831353793,1.2339982582882356,0.0774277660609852
2.493,-0.855,2.493,-0.855,4.6123535803834763e-07,3.930848232511887e-06,2.205672782400489,27.283913495955225,1.2552490225343338,0.0510641784583966,2.493,-0.855,5.924817865852804e-06,4.827384828000381e-05,21312.850018028526,28.53865035687697,1.243397352043744,0.0760006172424905
2.415,-0.722,2.415,-0.722,4.494111184075071e-07,1.1750150539966643e-06,0.3531456000164567,88.93459455608719,1.8409343137063083,0.024015574772509,2.415,-0.722,5.942215029250274e-06,5.276181724567242e-05,24808.53658571353,26.18779699907974,1.2315764921754386,0.0853491361698361
2.336,-0.589,2.336,-0.589,2.3262268796647442e-07,9.93550921347308e-07,0.3761459874281806,54.441776319315125,1.5724366147976832,0.0724602706628294,2.336,-0.589,5.981242458373914e-06,5.389450633345229e-05,27026.444577231392,25.80579583003914,1.2337672750069597,0.0846157458046932
2.258,-0.456,2.258,-0.456,1.869382900064624e-07,9.982459366639265e-07,0.4863733750065488,43.54427481406007,1.4671379083745644,0.0779122222047352,2.258,-0.456,6.891531961470505e-06,5.95843901807077e-05,32171.238373863365,26.893889945792548,1.2436851820581978,0.0773475362226961
2.179,-0.323,2.179,-0.323,1.8279118041782097e-07,1.3703026440031136e-06,0.9946714367654178,31.017664152434183,1.2874648483414213,0.064443142327665,2.179,-0.323,7.604672510679459e-06,6.345201800399654e-05,36017.24294098346,27.86797581894152,1.2628321307997488,0.0792973130807263
2.1,-0.19,2.1,-0.19,1.8643621151504562e-07,1.055760893173361e-06,0.6938787797267126,41.06152225424032,1.4493987233492642,0.1230350707108815,2.1,-0.19,8.03017538280019e-06,6.661701284902526e-05,41830.606195109525,28.02916908322381,1.2558854499627932,0.0871144330665378
2.021,-0.057,2.021,-0.057,1.39202988539542e-07,5.070536585526533e-07,0.2399826350299146,63.83590006271024,1.6343048458104985,0.0178257317056907,2.021,-0.057,8.591283538820294e-06,6.957939790896937e-05,48082.96853929093,28.710961284961314,1.2666351651118748,0.0784690144942119
1.942,0.075,1.942,0.075,8.81577147124182e-08,3.9721903838779626e-07,0.1841344288219812,51.60604959618923,1.5823972079935178,0.0601414472081035,1.942,0.075,8.365166071225736e-06,7.027917056502351e-05,52697.23570355944,27.67695372215355,1.249554731470829,0.0785282618116555
1.863,0.208,1.863,0.208,6.465785494186115e-08,2.995305207388813e-07,0.1368697234063517,50.19385579393273,1.5762024268981394,0.0631006986009035,1.863,0.208,8.196869220770003e-06,6.980461118353676e-05,49353.88816950341,27.304500824644467,1.2399994663311042,0.0883524709710946
2.696,-0.565,2.696,-0.565,1.6861923726284742e-07,1.102229684054135e-06,0.5659111390539566,35.571760962396034,1.388896807045999,0.0682758355535414,2.696,-0.565,6.39689076218527e-06,5.385508658551647e-05,24422.07287705614,27.61929276346982,1.2712998086878728,0.0866931539605179
2.617,-0.432,2.617,-0.432,6.851112383692077e-08,3.075659597664384e-07,0.1209183076324734,51.79563615764307,1.5665715280838797,0.0735064371896867,2.617,-0.432,6.311382430145152e-06,5.272357023654274e-05,25832.816071005294,27.83492354403777,1.272496303174041,0.0877768627212787
2.538,-0.299,2.538,-0.299,1.1703786547784345e-07,7.578020138460607e-07,0.3596020175831946,35.91211516250166,1.3646190954347293,0.0324041833965508,2.538,-0.299,7.128337979569028e-06,5.752869166521034e-05,29645.174649135217,28.81204823967642,1.27862866156975,0.084009079110086
2.459,-0.165,2.459,-0.165,7.953929894415033e-08,4.472105942931442e-07,0.2364122885519787,41.35614249811563,1.471066170531073,0.0460936253400816,2.459,-0.165,7.48620247507772e-06,6.117177398613549e-05,34021.97221053168,28.45645795249808,1.2811138318579554,0.0820189616421014
2.38,-0.032,2.38,-0.032,1.1722025793847537e-07,3.413354483886441e-07,0.1812005413211554,79.85307179497333,1.7013637953384235,0.0277925040852556,2.38,-0.032,7.890821233308893e-06,6.67682815249079e-05,39205.01291430563,27.48035593592188,1.2688662370128108,0.081167808242219
2.301,0.101,2.301,0.101,9.230537558823701e-08,3.956384872357212e-07,0.1492507196471672,54.24988335447488,1.5853270937170485,0.110461465735605,2.301,0.101,7.828878724054875e-06,6.321953452761395e-05,38570.22687856189,28.795101864299525,1.274445048484384,0.0876088337669053
2.222,0.234,2.222,0.234,1.4176902255118557e-07,6.419773047350733e-07,0.3271603474743205,51.34900321773569,1.4497302374037944,0.1322114382884846,2.222,0.234,7.860922966539218e-06,6.464788056525235e-05,38802.53356074862,28.274152531432883,1.27218628193631,0.0722578547861209
-1.308,-2.891,-1.308,-2.891,1.9859199222261307e-06,2.1402499358308456e-05,217.60097227886183,21.5758337689242,1.1649394665628037,0.0568813250692219,-1.308,-2.891,2.2037989691425357e-06,2.3633110550380145e-05,5947.353547896591,21.6831031914362,1.1701233233558674,0.0825548737406066
-1.385,-2.759,-1.385,-2.759,1.7261520268870228e-06,2.051047779501449e-05,190.29802733045972,19.569224371342,1.134713164999942,0.069453432026535,-1.385,-2.759,2.788556583166964e-06,2.807666834117889e-05,7771.40989745461,23.09426989579492,1.186265413119672,0.0748822604680014
-1.463,-2.627,-1.463,-2.627,1.9073050816535863e-06,1.9421229845929804e-05,68.60369616872426,22.835671421173448,1.1656923317546812,0.057549874001421,-1.463,-2.627,2.813235725280409e-06,2.7741359258977514e-05,7892.36871374786,23.5802678966158,1.1764256495166194,0.0836620894944361
-1.541,-2.494,-1.541,-2.494,1.6069200966914653e-06,1.870086798657163e-05,58.79539678817,19.98033959153068,1.1307464275130998,0.066604686776426,-1.541,-2.494,2.711224516103418e-06,2.9688723027179213e-05,9183.233033086944,21.234611142362866,1.168352680195409,0.0837927482970849
-1.62,-2.362,-1.62,-2.362,1.8815866511057896e-06,1.9548727178614222e-05,55.15753289626294,22.38082468144831,1.1668468372045913,0.0622121725456383,-1.62,-2.362,3.228106988740605e-06,3.248877629545847e-05,10789.38943640361,23.10387966372415,1.1803409073255433,0.0852242831437135
-0.956,-2.856,-0.956,-2.856,1.8976276890127656e-06,2.1496752079205423e-05,186.56724033084117,20.52619774413076,1.1509735722928085,0.0599999324704968,-0.956,-2.856,2.765774120984093e-06,2.668121455853712e-05,7055.895943054999,24.103574990713277,1.205366672017929,0.0786992670254167
-1.034,-2.723,-1.034,-2.723,1.725777756611891e-06,2.1582312761576912e-05,149.51686840467582,18.593332375090935,1.116086661434159,0.065727641253088,-1.034,-2.723,2.5501826018065457e-06,2.6900443660544544e-05,7520.745319504523,22.04358282234278,1.1681062801432331,0.0840649405379077
-1.112,-2.59,-1.112,-2.59,1.7777684948899898e-06,2.0977276939927184e-05,170.92865187150093,19.705907565324328,1.126278123729705,0.0569801200856648,-1.112,-2.59,2.5345295689913773e-06,2.868862049341673e-05,8758.950589499487,20.54272461961624,1.1525274385232112,0.0920528005902838
-1.19,-2.457,-1.19,-2.457,1.9501067465046545e-06,2.2562613207055237e-05,178.92901449392147,20.097374902059336,1.13755860069341,0.0609308204031213,-1.19,-2.457,2.5756361273187447e-06,2.9503377827348037e-05,9661.79319689489,20.29939594640697,1.1409546925670888,0.0932946444978332
-1.268,-2.325,-1.268,-2.325,2.0676988228385667e-06,2.302690416168668e-05,153.39095555762734,20.87959520278549,1.1294307689838718,0.061019046282957,-1.268,-2.325,3.1881477746577997e-06,3.3412360443856184e-05,11512.350564070675,22.187155800736363,1.1713139246499575,0.075937708470932
-1.347,-2.192,-1.347,-2.192,2.2330374224597424e-06,2.584120479768343e-05,186.4181501807904,20.093407451156256,1.1342400518533515,0.0632149634563076,-1.347,-2.192,3.239231464646942e-06,3.5323889220288555e-05,12866.901594539217,21.322779497795384,1.1611219727218518,0.0774678385645782
-1.425,-2.06,-1.425,-2.06,1.6467372714270103e-06,2.0039663853923943e-05,19.45829993849892,19.10751593344701,1.1241894186092976,0.065609210979305,-1.425,-2.06,3.1202476974666897e-06,3.397034265404937e-05,13090.029122885508,21.357946357179657,1.155263534870888,0.0823391133459593
-1.504,-1.928,-1.504,-1.928,2.0702752629078314e-06,2.1583589765573e-05,29.794681089353737,22.30358946695577,1.1580365713142613,0.0654420745584051,-1.504,-1.928,3.648882128283171e-06,3.835959649089599e-05,16016.424970283544,22.118524472584557,1.1623368540122363,0.0744405077674474
-0.697,-2.705,-0.697,-2.705,1.7457656342591126e-06,2.1668124070976007e-05,236.0819779993458,18.734192307190312,1.1235526482633584,0.0632654499756118,-0.697,-2.705,2.665884305914074e-06,2.7904529201806697e-05,7912.968137103705,22.21452062774692,1.1665120017812791,0.0806616463137802
-0.775,-2.572,-0.775,-2.572,2.009883391244688e-06,2.350681546890837e-05,209.97373294667608,19.881420499388607,1.1316356398262588,0.0621719725224052,-0.775,-2.572,2.6346677451597523e-06,2.8892818591394143e-05,8745.657562285214,21.20343832934567,1.15360286213473,0.0778324573825209
-0.853,-2.439,-0.853,-2.439,2.3360404717972e-06,2.633458205215552e-05,356.96943514199194,20.626440104592056,1.1450707657643395,0.0582953815161805,-0.853,-2.439,2.714916227825713e-06,3.119278065732367e-05,10042.611365298832,20.23823757079069,1.1442944661031986,0.0850158563085819
-0.932,-2.305,-0.932,-2.305,2.172058604951494e-06,2.621429335013742e-05,311.4446373621884,19.26654013007976,1.117798172915034,0.0723849124022744,-0.932,-2.305,2.8443648692064518e-06,3.171429152159788e-05,10932.883279971596,20.854541191927314,1.1488220095019126,0.0856392986618026
-1.01,-2.172,-1.01,-2.172,1.963479565513698e-06,2.4767141799477093e-05,193.3318605244503,18.434053464935605,1.1032172102107465,0.0579172777446024,-1.01,-2.172,3.108360165341802e-06,3.3892631324666224e-05,12627.926947000638,21.325361149707422,1.1519669824995251,0.0808886287806784
-1.089,-2.039,-1.089,-2.039,2.1665301235993733e-06,2.5768978383930545e-05,133.80307700670315,19.549600109255756,1.1181403823678957,0.0709532330616488,-1.089,-2.039,3.2965549806125027e-06,3.865589239248661e-05,15257.008786782924,19.829646278294423,1.1088796684998428,0.1384844314449424
-1.168,-1.907,-1.168,-1.907,2.0643711469895444e-06,2.5690225998007417e-05,146.45829774564976,18.68487527678314,1.1100882000020975,0.0676661516887986,-1.168,-1.907,3.4538944324113334e-06,3.87736992978786e-05,16331.604507025591,20.712960119750623,1.1380585237160965,0.0805518075514606
-1.247,-1.774,-1.247,-1.774,1.97859925967962e-06,2.3688107920653748e-05,84.37224956008133,19.42217293819235,1.119839924368431,0.0638754269462165,-1.247,-1.774,3.4305873275426857e-06,4.062306622793698e-05,17779.00834491429,19.636592411556475,1.1294288770222811,0.0820758076339304
-1.327,-1.642,-1.327,-1.642,2.1149836776278374e-06,2.2843934797297557e-05,44.91952439809967,21.528137357957476,1.154552655922485,0.067734322338045,-1.327,-1.642,3.997256348864158e-06,4.4452644038371415e-05,21528.32941392186,20.909071643210183,1.1325727216832246,0.0870816249535894
-0.494,-2.416,-0.494,-2.416,2.2813388417476724e-06,2.773711901592305e-05,393.46859087666087,19.124883236981457,1.1229049633811763,0.0614640410797424,-0.494,-2.416,2.6541098174734928e-06,3.110440147244041e-05,10197.949809356514,19.841174979844595,1.1367353591224725,0.0769318520281609
-0.572,-2.282,-0.572,-2.282,2.0980629055449707e-06,2.5956205874157684e-05,259.4983937774509,18.79522992139148,1.1091012972086804,0.0683546031638828,-0.572,-2.282,2.980409415106248e-06,3.3292800560855155e-05,11982.679283829098,20.81593605403364,1.1482428784871102,0.081043039613604
-0.651,-2.148,-0.651,-2.148,2.1250953557499058e-06,2.510920753446485e-05,132.22999633285315,19.679577188950606,1.1173056749093848,0.0715957026457268,-0.651,-2.148,3.207364143566866e-06,3.591872123184306e-05,13650.406108432442,20.76336558171664,1.1398998543043162,0.0823857010968962
-0.73,-2.015,-0.73,-2.015,2.1583107585678035e-06,2.6719772982102127e-05,177.04136047777777,18.78242049644908,1.107214434026481,0.0605956877317217,-0.73,-2.015,3.46177659043592e-06,3.926063180129222e-05,15958.02866752144,20.502749243871637,1.1435642204074592,0.0833450142533741
-0.809,-1.882,-0.809,-1.882,2.241160755757482e-06,2.7565040114212903e-05,172.68673465620873,18.905350253987272,1.1035260123956625,0.0650953252770176,-0.809,-1.882,3.6671422248564976e-06,4.0590228086808286e-05,17561.334967667262,21.007608226900796,1.143236501458397,0.0898758473399818
-0.888,-1.748,-0.888,-1.748,2.2800864561135896e-06,2.9416689570653163e-05,272.0064764684985,18.023032462613727,1.0857876942760136,0.0699538281485448,-0.888,-1.748,3.692745878914401e-06,4.13209253184555e-05,18320.656882677024,20.780200396079294,1.1336454705876822,0.078160161807227
-0.968,-1.615,-0.968,-1.615,2.6940611851133117e-06,3.175635817345319e-05,246.1374686906809,19.726367093263004,1.102877530236035,0.0535001808226942,-0.968,-1.615,3.894517826717012e-06,4.528114640199932e-05,22831.29405704887,19.99892400741236,1.125576813715408,0.0802871241662571
-2.386,-3.5,-2.386,-3.5,1.37438703357255e-06,1.4183524471600863e-05,113.8255326296496,22.53176611336168,1.1836475704712752,0.065484914114158,-2.386,-3.5,1.7674911387717974e-06,1.724748535530964e-05,3168.4854103529938,23.82878001231642,1.210355655746642,0.0872115849812937
-2.463,-3.367,-2.463,-3.367,1.5122588898597126e-06,1.6146644867813138e-05,143.16583814590584,21.77780979192989,1.1835141823336792,0.0653887581645269,-2.463,-3.367,1.8120358987528397e-06,1.8295572954549467e-05,3514.631645630623,23.02985111332264,1.208850303698068,0.0835270583201031
-2.541,-3.235,-2.541,-3.235,1.5285504609425765e-06,1.69369592636488e-05,145.64057854953157,20.98527597548737,1.1775684783221028,0.0656890556238078,-2.541,-3.235,1.8817870894367744e-06,1.86375299187422e-05,3781.216444609368,23.47753402061369,1.2095496042721896,0.090699563012901
-2.619,-3.103,-2.619,-3.103,1.8338384774430288e-06,1.7605185566801703e-05,137.03434423342426,24.220930377336305,1.2140972037556412,0.0656676454061168,-2.619,-3.103,1.883589256206416e-06,2.025995119259221e-05,4449.586643768604,21.618131656007016,1.1891559935459084,0.0758568265517703
-2.697,-2.971,-2.697,-2.971,1.476720232168351e-06,1.6097440978651105e-05,100.98881049848448,21.331025320700206,1.1665942996326633,0.0597742364563732,-2.697,-2.971,2.462195160228171e-06,2.2324383948033243e-05,5163.663107584624,25.64562796222817,1.2263949710794195,0.0752429648753147
-2.776,-2.839,-2.776,-2.839,1.7674661154719803e-06,1.774491315465738e-05,136.45437452522762,23.16048053677627,1.183391695980726,0.0693165244898212,-2.776,-2.839,2.140156327812281e-06,2.202659185201727e-05,5261.412628619511,22.59272107553221,1.1937505242585404,0.0768219421544258
-2.854,-2.707,-2.854,-2.707,1.506065925336222e-06,1.4226154064652968e-05,29.475825424847734,24.61652936829029,1.2043146486233722,0.0595729184775646,-2.854,-2.707,2.380173175590434e-06,2.312464140632129e-05,6008.265038824493,23.93337232842664,1.2139871984472208,0.0815032557801186
-2.034,-3.464,-2.034,-3.464,1.5503216776217446e-06,1.5921881867411536e-05,150.87825100572735,22.641112877819108,1.1930406123094133,0.0793058315091892,-2.034,-3.464,1.7263763613411813e-06,1.695879541298693e-05,3377.433914282322,23.67068506994492,1.209279959448628,0.0819879664685691
-2.111,-3.331,-2.111,-3.331,1.3856586451854667e-06,1.5562944350568072e-05,149.84080985716332,20.70307420505656,1.1564751071600294,0.0718561213990861,-2.111,-3.331,2.2692523631067017e-06,2.0343311077096077e-05,4107.141350358471,25.9377024501889,1.243403537284134,0.0762110854376118
-2.189,-3.199,-2.189,-3.199,1.5575902350023043e-06,1.7139969401693195e-05,165.99445571259443,21.13068233128631,1.1669176870663809,0.0631521500975678,-2.189,-3.199,2.3021872181953658e-06,2.123300874505416e-05,4479.1894773135455,25.21154422453665,1.2317913758705017,0.0724277176573676
-2.267,-3.066,-2.267,-3.066,1.7122032857385484e-06,1.8042994668403453e-05,173.57098745173587,22.065666649493373,1.1799404657434889,0.0655067180441906,-2.267,-3.066,2.09964865037696e-06,2.144758772316839e-05,4927.515407284889,22.76347296022954,1.1915956118463475,0.0807904734005685
-2.345,-2.933,-2.345,-2.933,1.6878941847560576e-06,1.7916340663404e-05,100.81265325937996,21.906159876039045,1.1769523658961016,0.0532422534803296,-2.345,-2.933,2.1588283605600467e-06,2.2499016548906467e-05,5481.954520417072,22.311302639564484,1.1894523471563774,0.0797834257602677
-2.424,-2.801,-2.424,-2.801,1.375632233453917e-06,1.5257974662157231e-05,29.25180113457889,20.964079683265087,1.156061636586777,0.0637645308532608,-2.424,-2.801,2.319596380688818e-06,2.3285456037063653e-05,5838.381394920285,23.163171471493104,1.1985320539853184,0.079232780037064
-2.503,-2.668,-2.503,-2.668,1.4320555989892226e-06,1.5315884428182327e-05,25.00762337602541,21.741432056154373,1.1843558193735595,0.0620756320740693,-2.503,-2.668,2.40561828418275e-06,2.339476777577897e-05,6201.446906331881,23.90993111952745,1.194859396397446,0.0809448736090428
-2.582,-2.536,-2.582,-2.536,1.6978708496103642e-06,1.8449476350813316e-05,77.25876107654594,21.398875673446764,1.1680307961368124,0.0666846112322678,-2.582,-2.536,2.4655106794219938e-06,2.3972231359168613e-05,6640.419289683551,23.914911338921986,1.2036786030755366,0.0802117466570959
-2.661,-2.404,-2.661,-2.404,1.4680906049800398e-06,1.4480322676196904e-05,26.39858733372441,23.57463445233037,1.1887783037493098,0.062800708805992,-2.661,-2.404,2.6547370157787315e-06,2.5900185166251367e-05,7721.62722581109,23.83356365272361,1.204191884675378,0.0775353359347944
-1.775,-3.314,-1.775,-3.314,1.546188791892863e-06,1.687657018188452e-05,163.38083541715673,21.303388065327105,1.1619313648914869,0.061879843705316,-1.775,-3.314,1.8957425505638964e-06,1.913576215760612e-05,3916.9871554312376,23.035834051704363,1.1974191322958476,0.0840697393792527
-1.852,-3.181,-1.852,-3.181,1.5298189329621155e-06,1.68539161840913e-05,135.33711011329848,21.106175702776017,1.1623053368788203,0.0663435149360277,-1.852,-3.181,2.0150143995413646e-06,2.0362122555352147e-05,4528.852846753349,23.010468151216,1.1952923270434654,0.0873827270917484
-1.931,-3.047,-1.931,-3.047,1.539605683916234e-06,1.7726369127321905e-05,138.2592733580518,20.1957536591284,1.1477511441788153,0.0589164381630326,-1.931,-3.047,2.056780396514534e-06,2.191586432284185e-05,5036.504526250419,21.822257132236487,1.1889396043178349,0.0786259783606939
-2.009,-2.914,-2.009,-2.914,1.7265598719190226e-06,1.8838264615970488e-05,149.56017452959995,21.311356668779336,1.1581488006041691,0.0696249345267205,-2.009,-2.914,2.187004826238656e-06,2.2307940210866216e-05,5531.497868484173,22.79610334561756,1.193548237704274,0.0787814164460053
-2.088,-2.781,-2.088,-2.781,1.848867310247888e-06,2.0124817609217843e-05,136.37579856663305,21.362109569291604,1.1682944345739112,0.071523427090224,-2.088,-2.781,2.144184690568401e-06,2.260347956556281e-05,5860.368973538975,22.057548310599906,1.17898910508673,0.0804389121103933
-2.166,-2.648,-2.166,-2.648,1.535481355148295e-06,1.5570381665017138e-05,31.3601674868922,22.93061151403397,1.1821178091193318,0.070126000268832,-2.166,-2.648,2.504745258389581e-06,2.6188217022113e-05,7399.910966715016,22.23965160067821,1.1800839062794095,0.0815374617537568
-2.245,-2.515,-2.245,-2.515,1.3712347464511545e-06,1.5987201207398563e-05,16.070075483214485,19.94388293396802,1.1480304578703082,0.0617798137303878,-2.245,-2.515,2.575151633747378e-06,2.6989998184168343e-05,7999.789716027864,22.185555076367933,1.1800357337763885,0.0816348506285061
-2.325,-2.383,-2.325,-2.383,1.9114275379037645e-06,1.8154566799298444e-05,15.932582875885943,24.48174081721704,1.2070950720259663,0.0604652967007662,-2.325,-2.383,2.754119528186281e-06,2.8982292688069563e-05,9014.803567022973,22.096342560727532,1.180413603289433,0.0816373058566931
-1.571,-3.025,-1.571,-3.025,1.66882936804228e-06,1.7802126866525633e-05,147.6975283346106,21.797685876512297,1.1626190285786742,0.0631686369050229,-1.571,-3.025,2.3663250025820573e-06,2.3742925353503327e-05,5686.486010014795,23.174507478259606,1.2024343031047424,0.0757370552818618
-1.649,-2.891,-1.649,-2.891,1.832284934901482e-06,1.9571889179266227e-05,163.41025681403116,21.768605571697503,1.1656382176360411,0.0670224738407284,-1.649,-2.891,2.298058879944376e-06,2.369683490958908e-05,6124.283800586016,22.54972014818364,1.1745060490624777,0.0778133556812226
-1.728,-2.757,-1.728,-2.757,1.9309983053128405e-06,2.072831922627906e-05,146.01978165036908,21.66148128543689,1.166803980483422,0.0645908244753716,-1.728,-2.757,2.822125991945775e-06,2.5374993145065666e-05,7010.90734376265,25.86073194005308,1.2054847039857717,0.084126913802741
-1.807,-2.624,-1.807,-2.624,1.5842855554161304e-06,1.824675420168199e-05,60.97343835797787,20.189157141562305,1.1427316017203435,0.0642794707951244,-1.807,-2.624,2.681488148531412e-06,2.8320588922575017e-05,8224.314669849997,22.016280472581627,1.1871088504437648,0.0863973455009371
-5.541,-6.682,-5.541,-6.682,3.9417176429038977e-07,2.951212014651321e-06,8.89308415776718,31.056710128663383,1.33480567550263,0.0665365033257816,-5.541,-6.682,4.382107620671917e-07,3.268140463181993e-06,100.3498749277293,31.178317318196733,1.3508619366079933,0.0882878954753002
-5.616,-6.548,-5.616,-6.548,4.0802340539734155e-07,3.1404235779605675e-06,9.40943793969195,30.21114563408532,1.3246825085736456,0.0613479370101156,-5.616,-6.548,4.722359688414633e-07,3.4968389026736406e-06,112.31782097527775,31.40174520915941,1.3555289168794935,0.0698811937131467
-5.692,-6.414,-5.692,-6.414,4.013417434398959e-07,3.0850426095748037e-06,9.721928283506514,30.249870081393983,1.3275840855947831,0.0624908653214975,-5.692,-6.414,5.061625027619654e-07,3.6401557525175777e-06,125.88628521346904,32.3325792017353,1.3627152344589035,0.0818122137513069
-5.768,-6.281,-5.768,-6.281,4.964383766266656e-07,3.485078629115545e-06,10.186096639392872,33.12250035478391,1.3610676463187894,0.0686201718629365,-5.768,-6.281,5.463666372229961e-07,3.891294357109848e-06,141.5811770415573,32.64828970302721,1.3736323257442735,0.0826283186805162
-5.843,-6.147,-5.843,-6.147,5.046316060699525e-07,3.610557876690284e-06,12.53805123870388,32.499036398193454,1.344212854492652,0.0567970315152111,-5.843,-6.147,5.149113916776599e-07,3.881544456671573e-06,149.1924542073401,30.84595942669047,1.35354190854188,0.0962341482050093
-5.92,-6.014,-5.92,-6.014,5.061620335017298e-07,3.858188118431672e-06,13.342900576242869,30.50538528636043,1.3303597037103194,0.0936984753219861,-5.92,-6.014,5.501188055854001e-07,4.006749443706261e-06,163.1979869571127,31.925275496162037,1.3577232576909344,0.0871442139883673
-5.996,-5.881,-5.996,-5.881,4.442030843056637e-07,3.499977676979052e-06,11.93504498499258,29.511184610602324,1.318415629376973,0.0715584450810305,-5.996,-5.881,7.80326179475267e-07,4.447307302810933e-06,188.9370043962629,40.79898749919024,1.4003474646858285,0.0857633202199555
-5.187,-6.654,-5.187,-6.654,3.634985264147089e-07,2.917487567267949e-06,9.075523505675084,28.971033492113985,1.3095892392666195,0.0660826848839181,-5.187,-6.654,4.750812880430078e-07,3.568208341061303e-06,116.729492198288,30.95908159100627,1.3468046682281742,0.084222776680123
-5.262,-6.519,-5.262,-6.519,4.442515431742022e-07,3.3761671680024e-06,11.389637878047006,30.596753695659764,1.3331474056825583,0.066401887909404,-5.262,-6.519,5.14152306026251e-07,3.723598056670777e-06,126.87026248689396,32.10697135686888,1.3577425976216282,0.0820987388988156
-5.338,-6.385,-5.338,-6.385,4.158877935917995e-07,3.3184204990238145e-06,10.461698352318754,29.141714826157784,1.3199522407278674,0.0758502764865655,-5.338,-6.385,5.41029079233113e-07,3.925006419208071e-06,143.45998760495604,32.05166422623398,1.3629909578509174,0.0874593298554757
-5.414,-6.251,-5.414,-6.251,4.583451164308004e-07,3.539219982169114e-06,13.141689957431732,30.1130953074332,1.3193798563940482,0.0686644478017068,-5.414,-6.251,5.743820467727857e-07,3.931779601162209e-06,151.98807982920454,33.96894347142362,1.3622787163896768,0.0895610218999924
-5.49,-6.116,-5.49,-6.116,4.829452239911501e-07,3.855681710868117e-06,14.617222307775783,29.125074686194857,1.3152411787768898,0.0588735649454802,-5.49,-6.116,5.212298443993483e-07,3.979341128492069e-06,158.05866066889757,30.45709314144348,1.3375567013098917,0.0795324902466173
-5.566,-5.983,-5.566,-5.983,4.916669054052097e-07,3.918349768954845e-06,14.273192570704714,29.17683125561006,1.309773198542899,0.0667649137714851,-5.566,-5.983,6.560128186805186e-07,4.507850661193421e-06,193.43021556123907,33.83865972313122,1.3782273916626289,0.0668525179179447
-5.643,-5.849,-5.643,-5.849,4.918266772573164e-07,4.030724282614604e-06,13.498154086679325,28.37261320796531,1.312675858108699,0.0664072381451625,-5.643,-5.849,6.071828211419246e-07,4.507687167054679e-06,205.75207998088027,31.32103139349312,1.3520949909819775,0.0736527906619882
-5.719,-5.715,-5.719,-5.715,6.154883998568407e-07,4.752329152686221e-06,17.629351576450222,30.115058206699665,1.3293140645158517,0.0554794406794033,-5.719,-5.715,5.802795893513469e-07,4.4809347381770165e-06,213.53855376728544,30.111959932269208,1.3362872592912267,0.0834885413578321
-5.796,-5.582,-5.796,-5.582,5.801606971857652e-07,4.279100415393004e-06,14.829980660397274,31.52580420053008,1.333885024426126,0.0638686923439129,-5.796,-5.582,6.794790245008782e-07,4.781396712562679e-06,242.48756022610587,33.04392468128698,1.35762084176172,0.0796076415900945
-4.923,-6.508,-4.923,-6.508,4.084736026669756e-07,3.3785223611933395e-06,11.854104887757218,28.113022854306173,1.3052526416209187,0.0631682997074256,-4.923,-6.508,4.742653391081129e-07,3.591662372055183e-06,128.96890631363462,30.704089892508605,1.3359145727308055,0.08311828646001
-4.999,-6.373,-4.999,-6.373,4.574446141882455e-07,3.5829831949063905e-06,11.50326183627841,29.686848425478363,1.316668365738451,0.0701676489728157,-4.999,-6.373,5.098192540585336e-07,3.859211076809863e-06,141.85114568939036,30.71765427454787,1.3420834068886651,0.0828093064587934
-5.075,-6.238,-5.075,-6.238,4.67856468075997e-07,3.603760006288134e-06,13.906001693606218,30.187498342112697,1.312425709436328,0.0568352801792585,-5.075,-6.238,5.959792303964035e-07,4.2799867894626815e-06,172.1820213465198,32.378672875418964,1.3599038181197745,0.0871426408971595
-5.151,-6.104,-5.151,-6.104,5.692363221518796e-07,3.994619337700298e-06,15.612528616874938,33.135043991256765,1.3429285067330488,0.0561452146044958,-5.151,-6.104,5.645252886392739e-07,4.424333464103912e-06,190.2819472740868,29.66920412502405,1.3325762437445192,0.0813212830398901
-5.228,-5.969,-5.228,-5.969,5.209900346882547e-07,4.093849086009878e-06,16.519461414514932,29.59156505397386,1.319943976790198,0.0514430934146344,-5.228,-5.969,6.906827399053972e-07,4.784414455636611e-06,212.80639289290036,33.56758960183426,1.3699060244634114,0.0817586508169033
-5.305,-5.835,-5.305,-5.835,4.736375242539041e-07,3.995543146564677e-06,14.797412439924852,27.563897425906035,1.285424527930544,0.0742372634270014,-5.305,-5.835,6.277796403332879e-07,4.857173492225937e-06,225.1161916557068,30.05342398136516,1.3338337830643094,0.0883901182439522
-5.381,-5.7,-5.381,-5.7,5.190237483563904e-07,4.305500797783175e-06,14.108488262365425,28.030697416536835,1.302359784861264,0.0703659380729086,-5.381,-5.7,6.43503805577123e-07,4.902690314123179e-06,248.6847201393961,30.52017404655155,1.3388754271163306,0.0815382203881768
-5.459,-5.566,-5.459,-5.566,6.142872823417081e-07,4.804873708840178e-06,16.578978653025118,29.72760313988971,1.3168961743986851,0.0680232040235629,-5.459,-5.566,6.424759660487659e-07,4.962068604215936e-06,256.3787887580941,30.106791104805108,1.3292670640275808,0.0807876519162716
-5.536,-5.432,-5.536,-5.432,6.223556951549218e-07,4.821333213717488e-06,18.80694345057529,30.01524330068028,1.321513602936346,0.0718068263222499,-5.536,-5.432,7.574133795359369e-07,5.79535041338158e-06,317.3145234089966,30.38950454481535,1.346737776765652,0.0726945077033403
-4.713,-6.223,-4.713,-6.223,5.097103258509384e-07,4.005974902340214e-06,14.902226636705596,29.585952470330422,1.315693098169099,0.0820597415174222,-4.713,-6.223,6.315347634162087e-07,4.630380111194559e-06,193.8726082691508,31.713995865936766,1.3620529365086662,0.073379828745227
-4.79,-6.087,-4.79,-6.087,5.521446040954678e-07,4.236553197315877e-06,16.383176444267068,30.30473675336341,1.3150823673570935,0.0732466455958205,-4.79,-6.087,5.845001752127096e-07,4.447942366814444e-06,196.57921776081423,30.55595360362236,1.3353360735464348,0.0871574755009738
-4.866,-5.952,-4.866,-5.952,5.104675606705962e-07,4.279354374470322e-06,17.258131278086307,27.737048390784437,1.2915208015681303,0.0785906982623669,-4.866,-5.952,6.168366144959586e-07,4.584946380701834e-06,215.94991073839265,31.28284417120929,1.3400503769334646,0.084507618465244
-4.943,-5.817,-4.943,-5.817,5.282041581760935e-07,4.421797157290016e-06,16.702090673755738,27.776233039988607,1.2915811337696177,0.0673417049402563,-4.943,-5.817,7.206633356946052e-07,5.301226353306255e-06,259.50539273073605,31.61014055017092,1.3460632875314744,0.0850797464536333
-5.02,-5.682,-5.02,-5.682,6.291933165172889e-07,4.918474092238529e-06,19.87825223303201,29.74569086866901,1.315759999490921,0.0669037218103824,-5.02,-5.682,7.007574297409956e-07,5.236231306202135e-06,274.30624353709425,31.11854163876617,1.3309017748749514,0.0755234552041133
-5.097,-5.547,-5.097,-5.547,6.386523028162442e-07,5.099943778757043e-06,20.055553386806515,29.11852966270054,1.318908296405414,0.0554312993364246,-5.097,-5.547,8.053370226675638e-07,5.678072663198801e-06,311.5317142912872,32.97972776570591,1.3543161591578785,0.0739057136883034
-5.175,-5.413,-5.175,-5.413,5.9195718108562e-07,5.1603105767815e-06,18.94650904002176,26.673794456255045,1.2815170817675292,0.0689338141382274,-5.175,-5.413,6.985843825707351e-07,5.627699606670832e-06,324.1079501907944,28.864119388743894,1.3151289848819088,0.0893787214135964
-4.417,-7.436,-4.417,-7.436,3.4066416403449653e-07,2.439187005133537e-06,6.093537996480695,32.47518999316208,1.348440996788319,0.057742456711909,-4.417,-7.436,4.225199150152695e-07,2.74448721834514e-06,65.19202423588882,35.79779847372122,1.3874135272623336,0.0803768484236858
-4.49,-7.301,-4.49,-7.301,3.6429416426813204e-07,2.635245629062668e-06,6.7140330549323055,32.14411403539887,1.3480401661161687,0.0799645709060867,-4.49,-7.301,4.377502239391087e-07,2.856370443263828e-06,71.23964288425223,35.63544562018773,1.3950653725505355,0.0813838715080895
-4.564,-7.166,-4.564,-7.166,3.742845825707525e-07,2.640823813992801e-06,7.427947746874017,32.95587584508978,1.3484267994936745,0.0635679685838932,-4.564,-7.166,4.286875357566626e-07,3.0815735697326848e-06,80.19007531212111,32.34734670671418,1.360107676903329,0.0877514520404134
-4.638,-7.032,-4.638,-7.032,3.556428071740821e-07,2.8944937422935083e-06,7.226056810929644,28.570100110490184,1.2842298510786283,0.0619235185406392,-4.638,-7.032,4.256208720108332e-07,3.087792463872988e-06,85.14030228948421,32.05126403164923,1.3605165338752754,0.0849187460132596
-4.713,-6.897,-4.713,-6.897,3.9391304438878843e-07,2.9990691707099254e-06,8.385037962303219,30.541068549027884,1.335529403901702,0.0534850056132758,-4.713,-6.897,4.539287108699338e-07,3.320524138181169e-06,99.29534276752648,31.78713296435576,1.3606776100515292,0.0757753828278914
-4.787,-6.763,-4.787,-6.763,4.1588372708504905e-07,3.0784839130125948e-06,9.241905583719152,31.412708665155936,1.3314720267525628,0.0613857080388774,-4.787,-6.763,4.962452194143938e-07,3.460309985280348e-06,110.82309167517164,33.34660902276661,1.364537686197481,0.0783888414025445
-4.862,-6.629,-4.862,-6.629,3.880807932229222e-07,3.159866798514913e-06,10.032339858047724,28.557732495949125,1.3024631470012624,0.0616445395894385,-4.862,-6.629,5.054725923284807e-07,3.7129282809675553e-06,124.82454645142326,31.655661946748975,1.3565882854912703,0.0675011615224493
-4.061,-7.412,-4.061,-7.412,3.8527683159724e-07,2.725347762773386e-06,7.116185825019397,32.87163559778846,1.3525280671680695,0.0713632436155062,-4.061,-7.412,3.908367329295553e-07,2.8750737420473843e-06,68.6112850340755,31.60943503146616,1.3622960710917082,0.0894918796315875
-4.135,-7.277,-4.135,-7.277,4.018069715275396e-07,2.8327548680052914e-06,7.656943804445112,32.982139232919224,1.340602678141528,0.0652481485650566,-4.135,-7.277,4.0386313994150404e-07,2.889233893014218e-06,75.47175407885588,32.502881480587824,1.3714023778337845,0.0782624286027739
-4.209,-7.141,-4.209,-7.141,3.298834610070856e-07,2.6378637989913e-06,7.742486718120412,29.078936702328647,1.308983104868731,0.0705431072114059,-4.209,-7.141,4.898617208430791e-07,3.211271306260789e-06,84.30635243982306,35.47046260949696,1.383292662202367,0.0790517467688908
-4.283,-7.006,-4.283,-7.006,3.646644768552741e-07,2.8545149291029143e-06,8.368775977032463,29.70513211172923,1.3203672353760638,0.0602330938017515,-4.283,-7.006,4.062193284373114e-07,3.0678989352549268e-06,87.92763527503452,30.788595841617266,1.3445337646373796,0.0831398623121704
-4.358,-6.871,-4.358,-6.871,4.049751805847142e-07,3.1499532944317675e-06,8.332134520754996,29.89473038374319,1.321992208222853,0.0712280137348987,-4.358,-6.871,4.833375693399213e-07,3.557851955443381e-06,106.73555866330142,31.58879274653324,1.3583909916904948,0.0789857575762175
-4.432,-6.736,-4.432,-6.736,4.560976237766682e-07,3.371167505369047e-06,10.334233721815828,31.459210912236205,1.3351746337963266,0.0641635227324598,-4.432,-6.736,5.563555537949401e-07,3.902140894279147e-06,126.31461334444502,33.15277062924147,1.370091213575,0.0698007042595217
-4.507,-6.601,-4.507,-6.601,4.831183900701631e-07,3.5648780154093646e-06,11.628877939921583,31.512237674490255,1.3430267564733795,0.0636758067181329,-4.507,-6.601,5.145704303369337e-07,3.745402501778012e-06,131.96786323012333,31.946013974211024,1.3480341194139251,0.0788613966974202
-4.582,-6.467,-4.582,-6.467,4.329697391829867e-07,3.527217967891087e-06,12.463220421618423,28.542735527812763,1.2994328511777096,0.0571610241630852,-4.582,-6.467,5.659146953917999e-07,4.0273141704735735e-06,149.98640527393655,32.67426364454504,1.362996830596004,0.0771261261408932
-4.658,-6.332,-4.658,-6.332,5.004709337481636e-07,3.949394299527981e-06,13.969412345680242,29.46583226381065,1.3159327007984858,0.0637118287861163,-4.658,-6.332,5.674515417371555e-07,4.186232682981781e-06,164.5259604736136,31.519241940327014,1.3572091957154335,0.0806642638637639
-3.796,-7.27,-3.796,-7.27,3.6810972062091625e-07,2.705455442805085e-06,7.874765090817277,31.637870769330934,1.331722259225714,0.0560222536809397,-3.796,-7.27,4.133805234161057e-07,3.0112024150353014e-06,79.11786737543734,31.92128813590617,1.358502659522024,0.0868566449154942
-3.87,-7.134,-3.87,-7.134,3.4023750510640813e-07,2.673918876127422e-06,7.856339521780496,29.5872298524002,1.310362021630691,0.0704144678978967,-3.87,-7.134,4.231805161631236e-07,3.1857311490022824e-06,88.91580762786921,30.88779381599557,1.3424611148144234,0.091953146648844
-3.944,-6.998,-3.944,-6.998,3.718968463437712e-07,2.904002047668131e-06,8.852728709190954,29.778027380547407,1.314219578553713,0.0658349279596083,-3.944,-6.998,4.936349620335496e-07,3.56863157385722e-06,107.10871892525437,32.16433266730592,1.3533708057983551,0.0873905408381197
-4.019,-6.863,-4.019,-6.863,4.2602470021998245e-07,3.211329735918882e-06,10.360944186085844,30.84751800197294,1.3288289799699202,0.0721275838305112,-4.019,-6.863,5.026855926321941e-07,3.635475623758876e-06,116.24242253445234,32.151819033030094,1.3564011472395794,0.0775686022476552
-4.094,-6.727,-4.094,-6.727,4.026667308564513e-07,3.2696857432683488e-06,10.666031315742314,28.63585025555124,1.3075238619765326,0.0703842618722711,-4.094,-6.727,4.826384556958315e-07,3.5464215997817595e-06,121.8710348318288,31.64476733115788,1.3455284231905602,0.0852988514286998
-4.169,-6.592,-4.169,-6.592,4.0275510309432e-07,3.438169598849828e-06,12.608491448963152,27.23855744223453,1.289183353681835,0.0716134945423576,-4.169,-6.592,6.022535075280338e-07,4.084035898206375e-06,141.32729036061235,34.28941965270114,1.3625887498418456,0.0841875730341747
-4.244,-6.457,-4.244,-6.457,4.747501850009384e-07,3.77657092112854e-06,13.29242194054408,29.230607768821628,1.310296450233011,0.0593612903131904,-4.244,-6.457,4.980370065631863e-07,3.871653713812236e-06,146.0912932495586,29.91131147308939,1.3232831429891296,0.0928444444949043
-4.319,-6.322,-4.319,-6.322,4.3065801759916e-07,3.791928589814489e-06,14.166324766877366,26.408439218644087,1.2823238593165425,0.0755968375161721,-4.319,-6.322,5.71088641022297e-07,4.234782628541268e-06,171.98810581009582,31.35759500905214,1.3437223047370956,0.0891802277253707
-4.395,-6.187,-4.395,-6.187,4.5145164490953314e-07,3.877656969960921e-06,15.141327216037883,27.07149250729582,1.281976202391902,0.0738278675099196,-4.395,-6.187,6.708025582354754e-07,4.805020234921839e-06,212.13108315577173,32.4615936396867,1.3506880214753354,0.0792839830757598
-3.582,-6.987,-3.582,-6.987,4.209494117840198e-07,3.2344115733489025e-06,9.974874754527182,30.262511832044765,1.3301855666590348,0.0646984250844127,-3.582,-6.987,4.55534594246827e-07,3.4107181928623894e-06,103.10143561655669,31.05602542677226,1.3496854708004025,0.0872767874319019
-3.657,-6.851,-3.657,-6.851,4.0273479386241626e-07,3.125101333148634e-06,10.107787272597164,29.965766776709184,1.3225089632293197,0.0647410845009992,-3.657,-6.851,4.856024370003672e-07,3.58029030054594e-06,114.58011438028352,31.53791390074817,1.3497298374514997,0.0763502806510773
-3.731,-6.715,-3.731,-6.715,3.904944840539131e-07,3.244972927797609e-06,11.182958440744711,27.98170497356701,1.2959454954381782,0.0709250220615823,-3.731,-6.715,4.7459962181365554e-07,3.608528381877192e-06,124.7684773317858,30.5821215373471,1.3320692361848654,0.0791342844349534
-3.807,-6.579,-3.807,-6.579,4.328047914400563e-07,3.596858032086253e-06,12.014311325090862,27.97944599799241,1.2936098351955452,0.0738116545918616,-3.807,-6.579,5.056869297541677e-07,3.947416013415257e-06,143.63544871632004,29.78785133992259,1.3269835007199358,0.0826849396518211
-3.882,-6.443,-3.882,-6.443,4.333278844072741e-07,3.619679691310344e-06,12.422426208774349,27.836641927132845,1.289615154324266,0.0653180164230192,-3.882,-6.443,5.399792909021925e-07,4.25219939899985e-06,165.17415135878397,29.52798625619105,1.3304711878772957,0.0850142658354256
-3.957,-6.307,-3.957,-6.307,4.650370285710066e-07,4.019809101296985e-06,15.4138649158652,26.900010739559544,1.2797325162183113,0.0600987675237315,-3.957,-6.307,6.114854456703839e-07,4.333223609396823e-06,177.24146666396908,32.81295715537742,1.34487013192923,0.0734627557006947
-4.033,-6.172,-4.033,-6.172,4.987614811835594e-07,4.131715289339595e-06,16.66154794531384,28.06938299439836,1.296798592033117,0.0613496674120329,-4.033,-6.172,6.555946788502701e-07,4.872558161816492e-06,217.0729643255057,31.28590597068805,1.345151146375698,0.0796852744580925
8.577,-2.906,8.577,-2.906,7.655344972552526e-07,5.490863557542805e-06,22.106289761311174,32.41861535592342,1.3732355920052772,0.0619622792872536,8.577,-2.906,1.1673339891764587e-06,7.374157671927802e-06,430.42610935041336,36.80891865767679,1.4083316108608797,0.0914985540259474
8.504,-2.77,8.504,-2.77,8.117234284377946e-07,5.527758865351222e-06,19.39584036699986,34.145174679350795,1.3826310000771107,0.0637308714369446,8.504,-2.77,1.2612912788978204e-06,7.842185146130178e-06,476.16127817084015,37.3980234056011,1.4106356330509544,0.090929905947191
8.431,-2.635,8.431,-2.635,7.088891434429145e-07,5.097098789546783e-06,13.97032050433372,32.33892818061196,1.3756073140318896,0.0656997206674301,8.431,-2.635,1.33665687582183e-06,8.246810422117456e-06,535.1413866811191,37.688102573871255,1.4162066420086956,0.0808900031011153
8.357,-2.5,8.357,-2.5,7.836525810864411e-07,5.540095787698505e-06,12.132012365796246,32.89096701696633,1.35662047476237,0.0632378373410827,8.357,-2.5,1.534626915305546e-06,9.272714047337114e-06,632.1210971270368,38.48276700024582,1.4422265186335064,0.0816592327595173
8.284,-2.365,8.284,-2.365,8.941723933104794e-07,5.524807961783401e-06,13.302479597090958,37.63348331692944,1.4241120879599596,0.0614749450037918,8.284,-2.365,1.5322868609674051e-06,9.318411734453728e-06,667.279586028878,38.23565456128938,1.4289889639654731,0.0880037485995213
8.21,-2.23,8.21,-2.23,5.230773212071844e-07,3.5119253920877437e-06,3.4485955899353407,34.63306734756532,1.4031358984598563,0.0692807268875753,8.21,-2.23,1.5827802851791372e-06,1.0111214199354192e-05,774.1794330583222,36.39885053598451,1.4224548697968529,0.0740270103423659
8.137,-2.095,8.137,-2.095,6.071963732237401e-07,3.824978851213188e-06,3.0607341813831592,36.912246568225534,1.4356659479659228,0.0618479089934561,8.137,-2.095,1.6529943145998283e-06,1.008961254559754e-05,821.8089850979621,38.09493337263695,1.4334173227637743,0.0806767770216753
8.93,-2.882,8.93,-2.882,7.487075455617658e-07,5.015009993893692e-06,17.732583498548802,34.714487240516505,1.4053657499010273,0.0623251081073349,8.93,-2.882,1.2372559254278923e-06,7.335885794929117e-06,390.1181874743593,39.2172673055494,1.4314485734992957,0.0767078325276277
8.857,-2.747,8.857,-2.747,7.82226060022733e-07,5.197351095192663e-06,16.616818355629242,34.99617442651951,1.402869127205269,0.0674619741854269,8.857,-2.747,1.2639469846083516e-06,7.770268936659125e-06,439.5439288152695,37.82362553982364,1.43346041733964,0.0767276828065858
8.784,-2.611,8.784,-2.611,6.838503622616402e-07,4.714337804182789e-06,10.644422632191995,33.729564232441206,1.388794250838097,0.0609044112620077,8.784,-2.611,1.2228343874273718e-06,7.548447349651517e-06,461.48971704912327,37.66867641588839,1.427907014419354,0.0864483858701019
8.71,-2.476,8.71,-2.476,7.430565728855665e-07,5.221318810035842e-06,16.44479699707113,33.09116187065599,1.3865158443454606,0.0660344773347486,8.71,-2.476,1.322929708204769e-06,8.348227607390248e-06,540.7273208026879,36.84790794024519,1.423957155210242,0.079252862923178
8.637,-2.34,8.637,-2.34,8.895361164564762e-07,5.763871566559734e-06,21.05401590336268,35.885552596197094,1.4126785963119328,0.0706776000215327,8.637,-2.34,1.6259790985712193e-06,9.315390612678113e-06,653.208766848522,40.58674619750678,1.4558965880287469,0.0749627572727111
8.563,-2.205,8.563,-2.205,8.272867571690959e-07,5.533211038825347e-06,20.32381260105529,34.76555647228078,1.4065788397381431,0.0672966169092195,8.563,-2.205,1.6641347038299795e-06,9.898556609964583e-06,719.0117193986543,39.091915728309424,1.4529242490594394,0.0752160828073601
8.489,-2.07,8.489,-2.07,8.294419494420624e-07,5.530816591402856e-06,14.984952981219548,34.87121558646843,1.4057090913163832,0.0664491790018975,8.489,-2.07,1.7115658016021369e-06,1.007624729544604e-05,773.9275301932676,39.49709279719373,1.4485267088111289,0.0816522406989491
8.415,-1.934,8.415,-1.934,7.251090830686662e-07,4.475534302402585e-06,6.619560402157209,37.67287831692084,1.434721067487786,0.0714978897744675,8.415,-1.934,1.9117876060761984e-06,1.083160859155583e-05,883.2918910971123,41.04091467647047,1.4612967909398118,0.0837384518254129
8.341,-1.799,8.341,-1.799,8.388694117942303e-07,5.304470049621839e-06,12.605224946014484,36.772461733673005,1.427304968150067,0.0460901066081048,8.341,-1.799,2.078630973165934e-06,1.1620438391131652e-05,1010.1844913309964,41.59347726143366,1.4785183040793553,0.0696261977861148
9.194,-2.741,9.194,-2.741,7.109416834979842e-07,4.758786261046083e-06,12.87671576518352,34.73826523317218,1.401763490648985,0.0607280329818624,9.194,-2.741,1.3289295847742873e-06,7.647370930119524e-06,404.1862460079693,40.40733066245086,1.4557400799631788,0.0780052995293007
9.12,-2.605,9.12,-2.605,8.396307657151427e-07,5.419341607532257e-06,19.62402996178122,36.025678054572914,1.4198371601345847,0.0721115729132337,9.12,-2.605,1.346771801968051e-06,8.197584962945254e-06,450.8238453459058,38.2013258142529,1.4468837761408482,0.0743326558211325
9.047,-2.469,9.047,-2.469,8.03733894980602e-07,5.088225052670623e-06,15.900127698526388,36.72961020200095,1.4300044760421702,0.0887196123507816,9.047,-2.469,1.4345538258539654e-06,8.40774672430669e-06,502.45360201486375,39.67414489801409,1.4495602299979589,0.0830831969710134
8.973,-2.333,8.973,-2.333,8.49029201569714e-07,5.112510976508371e-06,11.183617761112062,38.61523852365392,1.442034448643803,0.0664294174883899,8.973,-2.333,1.5462565314281617e-06,8.480708973547657e-06,550.6822232039164,42.39549736684858,1.459105353940046,0.0800661061158734
8.9,-2.197,8.9,-2.197,6.496641799544012e-07,4.112898725157947e-06,7.440566785611231,36.72918180605996,1.41697258491575,0.071789357079399,8.9,-2.197,1.4036019626639183e-06,8.585634713900369e-06,584.9660534779196,38.01385444218815,1.4433909351369725,0.0828720524808187
8.826,-2.062,8.826,-2.062,8.609918207836347e-07,5.667494294620536e-06,16.077543715526158,35.32468369378,1.418542585207698,0.0716267454732881,8.826,-2.062,1.540269057750877e-06,9.234818445768986e-06,670.0788039341829,38.782747870678826,1.4558816221438071,0.0811474111911359
8.752,-1.926,8.752,-1.926,8.258627997720433e-07,5.114444841271248e-06,10.18083110094796,37.54738990837164,1.4396505216873956,0.0578263022523065,8.752,-1.926,1.7382519475705809e-06,1.0178666255866576e-05,791.6945565963337,39.7092969088653,1.46585109809826,0.081890246556648
8.678,-1.791,8.678,-1.791,7.721441166933441e-07,4.920374270735687e-06,9.527255307696278,36.48972374507391,1.4318901653645089,0.0654493433043738,8.678,-1.791,1.8327830132817585e-06,1.0825924770201263e-05,890.1970805596178,39.36555636060325,1.4640699857493764,0.0804385398115997
8.603,-1.655,8.603,-1.655,5.973692293450955e-07,3.402490323296821e-06,3.3052996491556006,40.82406972283847,1.4747833252872,0.066992093542565,8.603,-1.655,1.960792429716734e-06,1.1568637574852433e-05,1047.4564119993854,39.41120861508171,1.467041314481394,0.0877680220892598
9.407,-2.459,9.407,-2.459,8.334127217719529e-07,5.030500756824665e-06,16.25467290960476,38.52292493499534,1.4418876050315774,0.0601106455751515,9.407,-2.459,1.265174987847314e-06,7.387108792456189e-06,411.8935660962229,39.82414402968124,1.458340134033249,0.0801957768715566
9.333,-2.322,9.333,-2.322,8.048783955408008e-07,4.841374920000951e-06,12.889476362135005,38.65733419029692,1.446723723809595,0.0577707904516763,9.333,-2.322,1.4279696299956853e-06,8.308104945733697e-06,485.7010334876934,39.96569270422194,1.4589242175496504,0.0778448615324694
9.26,-2.186,9.26,-2.186,6.428340137076675e-07,4.129589284940783e-06,7.080044573546951,36.19614633952955,1.4210007933734412,0.0736810516474443,9.26,-2.186,1.4341236444872444e-06,8.325294629570443e-06,519.3270604941048,40.055054933339946,1.4642929956422897,0.0847012203115973
9.186,-2.05,9.186,-2.05,7.819269819961458e-07,4.860591566105346e-06,10.196200224826216,37.40652959235652,1.4413283591043788,0.059391726807528,9.186,-2.05,1.6959357738931757e-06,9.412989519661756e-06,655.1804776395885,41.894033308634725,1.487032418792873,0.0744660064838865
9.112,-1.914,9.112,-1.914,6.922061969113341e-07,4.380703627348441e-06,9.305836599050098,36.74192938638272,1.4260893163790316,0.064312287130284,9.112,-1.914,1.9654734820877694e-06,1.0298088985685693e-05,763.3523417264844,44.37934581195599,1.4988106183011545,0.0731222960269465
9.038,-1.778,9.038,-1.778,8.203070875599657e-07,5.237846710895444e-06,12.943016859159057,36.4161498226468,1.4420607317024916,0.0623104708080599,9.038,-1.778,1.941206598638719e-06,1.0869750965731329e-05,846.8575437348869,41.52623069500692,1.4815411893962396,0.0895050339924001
8.963,-1.643,8.963,-1.643,6.831837548993776e-07,3.846476477622056e-06,5.446758329518278,41.29950035545888,1.4762428185391876,0.0745263432133873,8.963,-1.643,1.935671372992843e-06,1.1178965403781726e-05,954.8064529720074,40.26246522297587,1.4780760910961572,0.0943276238519541
7.494,-3.492,7.494,-3.492,7.314222362840281e-07,5.945504019276532e-06,20.37048148301941,28.60551888035,1.3162694600397546,0.0840752582940692,7.494,-3.492,1.0478731359826658e-06,7.73960690189373e-06,518.176926651126,31.48184315975834,1.3474930902971651,0.0730134771801833
7.421,-3.357,7.421,-3.357,8.062364327890449e-07,6.362573366838996e-06,29.1686096937349,29.4645602542231,1.3276791717682297,0.0634331038350119,7.421,-3.357,1.1962825777684862e-06,8.461191247407356e-06,581.1226596604014,32.87551871933072,1.35599896954288,0.0755398486064849
7.348,-3.222,7.348,-3.222,7.724886053552474e-07,6.08681135762855e-06,20.05914893938486,29.510229521176825,1.3278372499584523,0.0714374781295911,7.348,-3.222,1.1891171746169595e-06,8.606615375546632e-06,624.216060204481,32.12644008645507,1.3489715453315618,0.078932701158507
7.274,-3.087,7.274,-3.087,8.387503261124463e-07,6.620796318507745e-06,23.52484099980905,29.457292158271933,1.3204934570391726,0.0734284465879989,7.274,-3.087,1.1904346952157736e-06,8.418245859581e-06,626.7509972699835,32.8817041927792,1.3514905249826714,0.0793302117048214
7.201,-2.951,7.201,-2.951,7.66252005529027e-07,6.273451162321263e-06,20.486216628645906,28.40111892352424,1.3064907060111095,0.0683100561659745,7.201,-2.951,1.2734380114474364e-06,9.227934307767453e-06,727.8612617963607,32.08807489014536,1.344315200378138,0.0791648865852789
7.127,-2.816,7.127,-2.816,8.456972166313349e-07,6.294333387019723e-06,16.95616340993068,31.241761070580857,1.3287467729063125,0.0697519265436903,7.127,-2.816,1.2964548667474898e-06,9.64867791726942e-06,804.6590201564261,31.243518808629315,1.3439856980959943,0.0773567581033583
7.054,-2.682,7.054,-2.682,8.783625263966085e-07,6.716195537247474e-06,17.688242926717084,30.41030773198097,1.3375204094405289,0.0647687884602296,7.054,-2.682,1.428107614238322e-06,1.0381706767082775e-05,899.8489372552773,31.986190855037982,1.352987654855677,0.0864529754511604
7.847,-3.47,7.847,-3.47,8.069218229654961e-07,6.028120564280657e-06,27.59283889627611,31.125753863746663,1.33981581108636,0.0628309243020003,7.847,-3.47,9.811335427219217e-07,7.1567709961831e-06,432.6019215825265,31.877286835741582,1.3425565794422127,0.0848211274667888
7.774,-3.334,7.774,-3.334,7.792160770371816e-07,6.014341649424791e-06,29.35923902345969,30.12590880791649,1.3363985323389984,0.0673172275798014,7.774,-3.334,1.0848401503334306e-06,7.732817411812155e-06,487.3182500718858,32.621080510273075,1.35835714095549,0.0761544325846994
7.701,-3.198,7.701,-3.198,7.91200950693121e-07,5.9766691481617225e-06,22.13041268140461,30.782077895397784,1.345080585426922,0.0592950585791862,7.701,-3.198,1.037369474659212e-06,7.735003233161868e-06,512.45767442013,31.184825083764117,1.341708536917464,0.088371398402419
7.627,-3.063,7.627,-3.063,1.0074418484155394e-06,6.758621077428464e-06,28.52388413973976,34.66029353379846,1.3776261591394412,0.0554115806741008,7.627,-3.063,1.135747136954398e-06,7.954699188601507e-06,548.0547966972883,33.19924727443624,1.358917868688029,0.0846496003107167
7.554,-2.927,7.554,-2.927,7.742899462096977e-07,5.866655439840749e-06,16.71766817425753,30.68904583096401,1.3482042596666657,0.0571838088578407,7.554,-2.927,1.2327430564624304e-06,8.894234995922181e-06,647.382657471015,32.22807107523031,1.3522307911896072,0.0845200863329513
7.48,-2.792,7.48,-2.792,7.525744481389623e-07,5.508263697031904e-06,9.496864362882668,31.76911328665648,1.3573225931836814,0.0528832132388605,7.48,-2.792,1.3428497056588869e-06,9.362013288934162e-06,717.9531210112567,33.35250843168713,1.376812162087811,0.0751961981874328
7.407,-2.656,7.407,-2.656,8.076216261282656e-07,6.456392561418365e-06,21.10294172122218,29.086291942289243,1.3257349395906148,0.0746117966693332,7.407,-2.656,1.4894367918418894e-06,1.016784310788564e-05,805.6690100631009,34.06148582409988,1.3743918272338127,0.0828115347730667
7.333,-2.521,7.333,-2.521,7.236541053074764e-07,5.006094954303489e-06,5.065002137778758,33.612614516630686,1.3733176466074977,0.0659542326852395,7.333,-2.521,1.3575487859836055e-06,9.810426048670542e-06,817.794627828955,32.17643502016772,1.3556094783066206,0.08379819588838
7.259,-2.386,7.259,-2.386,6.460992020965655e-07,3.96583599309521e-06,2.481645712156642,37.88216595082366,1.4168272891039309,0.060547898493557,7.259,-2.386,1.6111410764208475e-06,1.076897467215706e-05,1005.7625438759728,34.78800808008795,1.383688787873718,0.0796649124914861
8.111,-3.328,8.111,-3.328,7.950815771391127e-07,5.533350059489431e-06,23.96444467833601,33.411339856236566,1.3623824743158142,0.0742626796298052,8.111,-3.328,1.1607951584630689e-06,7.472587932283843e-06,432.2085336966669,36.120595477454266,1.3864600305167545,0.0792785785959728
8.038,-3.192,8.038,-3.192,7.821948527675159e-07,5.8182136703548885e-06,27.16972234759705,31.260479471787196,1.3532481296733712,0.0612029499194283,8.038,-3.192,1.01269801289003e-06,7.092918519215949e-06,439.8327492465364,33.199025392496864,1.3561589019849145,0.0855009509535994
7.964,-3.056,7.964,-3.056,8.984373479859605e-07,6.450476647348264e-06,28.87879750476371,32.386673086672765,1.3634334793806646,0.0574642929577281,7.964,-3.056,1.106905151901591e-06,7.749667370667087e-06,496.6226152586845,33.21220379481628,1.368446191936416,0.0738977423517561
7.891,-2.92,7.891,-2.92,8.633320788785072e-07,6.413848640279242e-06,27.794540498221853,31.298932035412893,1.3553391860517847,0.0594702425639842,7.891,-2.92,1.3007322967011312e-06,8.530443620285966e-06,579.1736632933663,35.45574819320335,1.3895241759117445,0.0862395298424996
7.817,-2.785,7.817,-2.785,8.514503845404169e-07,6.439192637948095e-06,18.651454537504826,30.746683383331117,1.358908494948956,0.0536394148017158,7.817,-2.785,1.251086817393346e-06,8.597704432601944e-06,616.4777376219761,33.83570925478581,1.3775925640686055,0.0853039554964025
7.743,-2.649,7.743,-2.649,8.067868727778148e-07,5.870649801850691e-06,16.21761693994235,31.955307152383227,1.359677206469001,0.0600918085262257,7.743,-2.649,1.3962165881675066e-06,9.526202973860818e-06,705.714229986857,34.08029224736803,1.385236154526775,0.0906255953298416
7.67,-2.513,7.67,-2.513,7.925336674062322e-07,5.677513026248951e-06,13.519381847034795,32.458610816219526,1.3646718839008558,0.0699936972815354,7.67,-2.513,1.404673486291089e-06,9.456932829457502e-06,743.3825324730068,34.53786027965314,1.3811791101850988,0.0821381464976033
7.595,-2.378,7.595,-2.378,8.008957965396771e-07,5.915096767492373e-06,12.097781245895112,31.483608845211386,1.3540571418322762,0.068130408831818,7.595,-2.378,1.5349243361534217e-06,1.0370552944399145e-05,868.9337346220859,34.41560483325894,1.3825929318437302,0.0922780858418401
7.521,-2.242,7.521,-2.242,8.323655560782299e-07,5.475122548560138e-06,9.16719138370882,35.35009650134022,1.3945459096758783,0.0673122001739819,7.521,-2.242,1.7394900421632829e-06,1.110806209114257e-05,964.218879465748,36.41279330069107,1.4032809035358067,0.0819599363976692
8.325,-3.046,8.325,-3.046,8.329574103769923e-07,5.49247352354082e-06,22.071053087480895,35.26348024419936,1.3872595135679402,0.0744774699826547,8.325,-3.046,1.198265612252461e-06,7.94424639009588e-06,475.267673452512,35.07282420395913,1.3925772059278063,0.0798971593229809
8.251,-2.91,8.251,-2.91,8.604749198073346e-07,5.842150304894791e-06,20.12348396822684,34.24804913601908,1.3891204590596076,0.065914537525698,8.251,-2.91,1.0933726512141509e-06,7.694606626054163e-06,478.9852344845562,33.0409200440831,1.3723844302458204,0.0836160716275743
8.177,-2.774,8.177,-2.774,8.376185867019505e-07,5.8907859201990605e-06,20.117972587070867,33.063088013363306,1.3812281943735707,0.0611028104736665,8.177,-2.774,1.220133990983415e-06,8.103928571429953e-06,544.4235861011999,35.0092066419878,1.4007808283904462,0.0741146050287706
8.103,-2.638,8.103,-2.638,7.338616222818001e-07,5.171558180726637e-06,11.706604949642644,32.996137846576595,1.376112252677444,0.0652334966720675,8.103,-2.638,1.3349441532376945e-06,8.775127324154656e-06,605.1507019311222,35.373661734323804,1.3979658910039223,0.0778700230598101
8.03,-2.502,8.03,-2.502,7.634641421919069e-07,5.505525786936487e-06,15.067754785299863,32.24483735669485,1.3689274351963057,0.0614577989103848,8.03,-2.502,1.5111519555284149e-06,9.570658685595813e-06,697.8330272652532,36.71441871821324,1.4113480116633887,0.0873111518610329
7.955,-2.366,7.955,-2.366,7.691841006234034e-07,5.4175924178491695e-06,13.004446686787842,33.013708900448286,1.374152235580413,0.0692643261849673,7.955,-2.366,1.4737859249206346e-06,9.783427849387654e-06,766.4814600194702,35.027868095497254,1.401325438548777,0.0773867646562421
7.881,-2.23,7.881,-2.23,8.667401067948638e-07,5.539703853031209e-06,12.285713944005025,36.38083749292812,1.3984259434666475,0.0646076425625423,7.881,-2.23,1.5111395625259246e-06,9.81034546836244e-06,800.2367582399054,35.81711672007093,1.406028341475596,0.0870849018441836
6.409,-4.078,6.409,-4.078,9.11504634525911e-07,6.945570947303632e-06,44.65391695688359,30.51555526547946,1.311934178210142,0.0607713562080843,6.409,-4.078,1.0149193245641782e-06,8.360122910505524e-06,604.5064404700772,28.22859135872843,1.2988970625064649,0.0764695683158884
6.336,-3.943,6.336,-3.943,8.254169693066989e-07,7.072183415865696e-06,34.66756576404753,27.138774044626217,1.2831648299342622,0.0620308115357232,6.336,-3.943,1.1053230478276885e-06,8.961443136840019e-06,700.2595776066274,28.68016331677143,1.2967287349705403,0.0807266529790194
6.263,-3.807,6.263,-3.807,8.258246546413787e-07,7.04240784323462e-06,27.57413365090025,27.26697873566789,1.2757458404909443,0.0631282071715161,6.263,-3.807,1.0801256904638683e-06,8.977229731600026e-06,736.2064937147276,27.9770748144735,1.290774349277234,0.0866909929885627
6.19,-3.672,6.19,-3.672,8.001738175042282e-07,7.137817457939287e-06,32.27383020854936,26.0668916741014,1.2713242702922205,0.0842793433192572,6.19,-3.672,1.1769112825978045e-06,9.423398763674847e-06,805.3741173792629,29.040661495082283,1.291978421679904,0.0805113938066406
6.117,-3.537,6.117,-3.537,9.330877240430392e-07,8.192346471466741e-06,38.28900595563954,26.48405688946722,1.2688515844807855,0.0626326326994717,6.117,-3.537,1.2268278727387048e-06,9.99497634446017e-06,922.1860652858766,28.54119884651161,1.2873317834826647,0.0802943206697794
6.044,-3.402,6.044,-3.402,1.012294453172621e-06,8.620096130126283e-06,43.28680122360412,27.306440740302524,1.2780076079521694,0.0653861501903282,6.044,-3.402,1.2310639671352898e-06,1.021162427305903e-05,957.7961774915342,28.03213270325845,1.28837526196129,0.0842368247819289
5.97,-3.267,5.97,-3.267,9.402687910658386e-07,8.192726820781853e-06,37.934433791642775,26.68663987840554,1.2755464819892328,0.0702301949307368,5.97,-3.267,1.284471659624285e-06,1.068301922699712e-05,1046.7605474705972,27.957662899217773,1.2863187110839571,0.0765773827546345
6.763,-4.056,6.763,-4.056,7.518949626830531e-07,6.425106129073003e-06,33.549778618183026,27.21117010104572,1.289830004947798,0.0619682131522661,6.763,-4.056,9.891297094817147e-07,7.827708453547522e-06,528.9281066324396,29.38251403679493,1.3089890954326748,0.0775141883931143
6.69,-3.92,6.69,-3.92,6.757952601515672e-07,6.304607982425497e-06,29.81108369757853,24.924554326637438,1.2606104605989543,0.0629524650423213,6.69,-3.92,1.0362951296294742e-06,8.140461083903461e-06,600.0839893607214,29.60089212236785,1.308980468669896,0.0751598988525988
6.617,-3.784,6.617,-3.784,7.571640510563698e-07,6.487178161393438e-06,32.00647948659126,27.13966660829516,1.2798043793684748,0.0749167339181439,6.617,-3.784,1.1219696761346862e-06,8.649594239041894e-06,663.1461856692645,30.161694172683468,1.3173637219601786,0.0800436646481445
6.543,-3.649,6.543,-3.649,8.897689337018297e-07,7.19470087843006e-06,33.23566644840333,28.756421659770343,1.3026849289227007,0.0507626157921048,6.543,-3.649,1.0868546260265092e-06,8.655324298304822e-06,677.5607520467107,29.19836014938144,1.3022372952953218,0.0806894359726675
6.47,-3.513,6.47,-3.513,9.140640510515094e-07,7.479016533507945e-06,37.52032315689862,28.418587179190794,1.2931364875260198,0.0662845501193957,6.47,-3.513,1.1911635283149884e-06,9.408761068290509e-06,798.9161306323389,29.43806738782151,1.3093900357683232,0.0854705294724749
6.397,-3.378,6.397,-3.378,8.909032078537061e-07,7.261464745424782e-06,28.30405986524993,28.528348887947352,1.2993309068189205,0.0564895940054595,6.397,-3.378,1.1594272563884292e-06,9.24505911717223e-06,798.9096936108713,29.16111736185654,1.2937518609696663,0.096102357170157
6.323,-3.242,6.323,-3.242,9.400652372732528e-07,7.731239843570732e-06,26.358554554396125,28.27347531441847,1.2892330323171963,0.070057221480097,6.323,-3.242,1.280891528641026e-06,9.860807968424986e-06,913.0141056960358,30.204399067477222,1.30695415175663,0.0772826557302575
6.249,-3.107,6.249,-3.107,1.0543354853611154e-06,7.979687123080601e-06,37.3950043611032,30.72297785796543,1.3064170555906784,0.057576480580207,6.249,-3.107,1.3178405745877264e-06,1.0586755444753113e-05,1025.591933710458,28.94478589344057,1.2997883276287674,0.0792162915632684
6.175,-2.972,6.175,-2.972,1.2070351965057416e-06,9.00623088304609e-06,40.65832707421768,31.16357015015479,1.320272614142975,0.0651867670373374,6.175,-2.972,1.2897789152601712e-06,1.068200683548004e-05,1072.598700409306,28.07584066398381,1.2865668793436924,0.090235002549043
7.027,-3.915,7.027,-3.915,7.706248767828867e-07,6.266516974508132e-06,26.63623355078739,28.594805817223545,1.309282274967861,0.064539167368111,7.027,-3.915,9.23464241970831e-07,7.491692189768452e-06,501.8694249260981,28.66226492252428,1.3107727906765811,0.0762233447359904
6.954,-3.779,6.954,-3.779,7.034800054173653e-07,5.942895769595279e-06,24.842579914555127,27.52478862084424,1.2963040604869365,0.0624719394685092,6.954,-3.779,9.671382939998169e-07,7.460867446729478e-06,528.7956964421228,30.141829090970127,1.3146332542011383,0.0865820347231463
6.881,-3.642,6.881,-3.642,8.910276994764187e-07,6.664327566153906e-06,29.99922536311128,31.08889007918966,1.3133752642139052,0.0606576868410504,6.881,-3.642,1.053153740386712e-06,8.017394883503336e-06,607.9467075405064,30.544206524012065,1.3256264411273977,0.0748694694238894
6.807,-3.507,6.807,-3.507,8.041721271866443e-07,6.869999325663851e-06,28.010361869097604,27.21840484216475,1.286604970019414,0.0565144071616668,6.807,-3.507,1.189148280404776e-06,9.035888959499942e-06,698.547017570441,30.60098982334584,1.3245524844741152,0.0742522721432881
6.734,-3.371,6.734,-3.371,9.102723048831604e-07,7.000040812647518e-06,30.358957963321977,30.23716744649489,1.3071443371040865,0.0655942226217345,6.734,-3.371,1.301873934457466e-06,9.64042042806596e-06,769.7433277056724,31.400987434084968,1.3304334729915,0.0782008136914411
6.66,-3.235,6.66,-3.235,8.529049096707505e-07,7.08008638377824e-06,23.098753039996453,28.01124457103587,1.2941577137829432,0.0643657354534894,6.66,-3.235,1.2991104849684338e-06,9.36115765422585e-06,789.9703215095361,32.269101724249346,1.3396429564787202,0.0742799615821749
6.586,-3.099,6.586,-3.099,9.125360004785594e-07,6.954877849050527e-06,22.65157198308218,30.509201951459243,1.3148899113806407,0.0652882637937442,6.586,-3.099,1.2657711876356275e-06,9.781269236527377e-06,869.9964367341648,30.09056483099856,1.3210705874168918,0.0753779427716185
6.512,-2.964,6.512,-2.964,9.332489763758916e-07,7.3514761416674946e-06,19.98308417010268,29.518434268901647,1.3094399552775255,0.0664034978108494,6.512,-2.964,1.3510433064071e-06,1.0793157269861962e-05,1013.3135422138582,29.10657552399304,1.3064339376011649,0.0826810591240852
6.438,-2.828,6.438,-2.828,7.652062755698399e-07,6.25850327511538e-06,11.107659573279989,28.43009997004516,1.2938621011993234,0.0670052996941644,6.438,-2.828,1.4354273379555868e-06,1.0931518656780136e-05,1067.753594215417,30.53311127316969,1.325350692100832,0.0896961231614467
7.241,-3.633,7.241,-3.633,8.202410845876876e-07,6.216875784354481e-06,26.39276148202663,30.678892392597064,1.3240174432165686,0.0703916574275747,7.241,-3.633,9.39677761274826e-07,7.38392879547953e-06,506.4820694447728,29.591146788981973,1.3139888700784947,0.0978123259045549
7.168,-3.496,7.168,-3.496,8.755866314731748e-07,6.930085484879626e-06,31.991234236006257,29.378585231128827,1.3232863091656664,0.0604479879060383,7.168,-3.496,1.0401458043015477e-06,8.20033726105874e-06,586.3409872876364,29.493944240502955,1.3088830623568135,0.0835432072456543
7.094,-3.36,7.094,-3.36,8.136252422386637e-07,6.459288102699216e-06,29.22893092981376,29.2893750822075,1.313718357748974,0.0702776458408205,7.094,-3.36,1.087237043497029e-06,8.134207338242258e-06,592.2528868191047,31.07988121320301,1.3344965688948485,0.0822232091917779
7.02,-3.224,7.02,-3.224,8.760965011160058e-07,6.954745042344982e-06,27.03224430486127,29.29146409602312,1.314123054162048,0.062572382547719,7.02,-3.224,1.2115043581321192e-06,9.215706796817092e-06,728.1649655075172,30.56797569543511,1.32588259487356,0.080957901497547
6.946,-3.088,6.946,-3.088,8.824223243017285e-07,6.921831150706271e-06,26.69849158129562,29.64325113195951,1.3209197716791623,0.0674140208724553,6.946,-3.088,1.3056090852781051e-06,9.729450226988767e-06,778.6251060752966,31.202918044883877,1.3297979013716918,0.0832255738165344
6.872,-2.952,6.872,-2.952,9.254318581624028e-07,7.192653126421104e-06,21.9663765201308,29.91752600404333,1.3170532356643792,0.0678960288737629,6.872,-2.952,1.226180992174536e-06,9.345578770671364e-06,794.1592041970786,30.508350329725445,1.321879189727651,0.0868560031711538
6.798,-2.816,6.798,-2.816,7.962353103202865e-07,6.547389574403299e-06,17.707939894741134,28.277668453076284,1.3095741059101127,0.0577168616211875,6.798,-2.816,1.4033822665197483e-06,1.0636723326761208e-05,954.5255859834148,30.67880712468902,1.333656701701901,0.0797872281193678
-0.053,-7.72,-0.053,-7.72,3.5089039214535e-07,2.573657459348144e-06,6.889188560892023,31.70232255204712,1.3267090184579289,0.061982114550274,-0.053,-7.72,3.924840406646134e-07,2.9310484462759927e-06,70.57518553756107,31.13646846046889,1.344258180335154,0.0815174849019326
-0.124,-7.584,-0.124,-7.584,3.352465749716255e-07,2.6975681428668066e-06,7.092401382316476,28.89763312014272,1.3124317093796247,0.0847371450905914,-0.124,-7.584,4.3730309827360164e-07,3.173771638783776e-06,82.62124362493105,32.03887270836133,1.3594371254716304,0.0786541132521568
-0.196,-7.448,-0.196,-7.448,3.768678364959809e-07,2.9284038952876342e-06,8.309971369084948,29.92460635750566,1.3230356758509023,0.0674388822498432,-0.196,-7.448,4.675328426562902e-07,3.312975753459507e-06,88.87052069950259,32.814380841940576,1.3623182094592807,0.0792174937312671
-0.267,-7.312,-0.267,-7.312,4.0848413817116e-07,3.2082491611993894e-06,9.925307376627494,29.605844606698827,1.3131199793884043,0.0533801110617849,-0.267,-7.312,4.597587586840097e-07,3.359317808209106e-06,97.10704059947184,31.8235970608044,1.3456219306929238,0.0777848938323699
-0.339,-7.176,-0.339,-7.176,4.0964102101995446e-07,3.360648707288784e-06,10.43802413648241,28.343316733481803,1.2995247097069489,0.0633315612990011,-0.339,-7.176,5.089215141057373e-07,3.610372963844363e-06,110.1372446051366,32.77699160133008,1.3473790315433345,0.0793658680773306
-0.411,-7.04,-0.411,-7.04,4.078234256218965e-07,3.4161590627119616e-06,11.736416034550022,27.759039305257428,1.288055275061149,0.0705535874681779,-0.411,-7.04,5.364665229585552e-07,3.88654544348367e-06,129.78868002724263,32.095875258336726,1.3490085358331148,0.0721390682411539
-0.484,-6.904,-0.484,-6.904,4.086010844538457e-07,3.5765295899459635e-06,11.887966480670904,26.56489110868653,1.278652847951501,0.0674975027553959,-0.484,-6.904,5.866676566488e-07,4.149538401947386e-06,148.48974231342606,32.87476866218883,1.3486273263105062,0.0734700145219315
0.303,-7.702,0.303,-7.702,3.167348763091903e-07,2.621776831013972e-06,6.617793562299209,28.09121433324808,1.3066643948870993,0.0748697884344753,0.303,-7.702,4.0771859392722805e-07,2.9486796783486485e-06,72.24444790497327,32.15165023253431,1.3605345988772857,0.0791905566236644
0.232,-7.565,0.232,-7.565,3.40047438035705e-07,2.790716742504448e-06,7.789357015040806,28.333100158134208,1.306351710024292,0.077058781836196,0.232,-7.565,4.414839279937194e-07,3.2549948226461e-06,85.01257145490273,31.538057698749324,1.3558520209073603,0.0751629880558684
0.16,-7.429,0.16,-7.429,4.428853284110996e-07,3.2849427183810486e-06,10.106987051878606,31.34973255474876,1.3433653961278338,0.0569028791783771,0.16,-7.429,4.310618190495664e-07,3.191321487520864e-06,88.90258748710964,31.407932469326838,1.3489833606885908,0.0996288341883517
0.088,-7.292,0.088,-7.292,3.769070854159831e-07,3.2293824763424727e-06,10.828367857212951,27.138457842642048,1.2943081758142083,0.0602115701489222,0.088,-7.292,4.603573685167782e-07,3.449532229460651e-06,103.0535742645278,31.03167652337894,1.3422601097589746,0.0789245939089628
0.016,-7.156,0.016,-7.156,4.1549721303528e-07,3.2517289808190243e-06,10.812748421549932,29.71146874065405,1.3187184159701644,0.0603342959929652,0.016,-7.156,4.4533234134810614e-07,3.4602612803229007e-06,107.16731538087431,29.925794581144796,1.332855515458795,0.0868585179395766
-0.056,-7.02,-0.056,-7.02,3.959672567889975e-07,3.37365318055295e-06,11.506316708070448,27.29161200057605,1.2847678240957077,0.0660712367870719,-0.056,-7.02,4.925674677215523e-07,3.7882835366584176e-06,129.48188930250447,30.23385987041808,1.3311705199654025,0.073918731476025
-0.128,-6.884,-0.128,-6.884,4.674536190881672e-07,3.6393033006712136e-06,11.4360374819046,29.866932658360884,1.3104283964298762,0.055280604672871,-0.128,-6.884,5.81418205813111e-07,4.305843053359766e-06,151.95577749848266,31.39791275155382,1.33256187703898,0.0864811824230875
-0.201,-6.747,-0.201,-6.747,4.847938879051953e-07,4.047115740896904e-06,14.489437959154484,27.85363361866688,1.2976460623302757,0.0657119415251892,-0.201,-6.747,5.301090095623056e-07,4.249531025588058e-06,163.8676173944768,29.006446554017323,1.320519477974009,0.0830701791884028
-0.274,-6.612,-0.274,-6.612,5.058528947864039e-07,4.281140861532562e-06,15.539239370392789,27.47483352443877,1.278224825121562,0.0580360637668333,-0.274,-6.612,5.704731324062471e-07,4.481192043898832e-06,184.1260507440127,29.60138194209753,1.3216871632017184,0.0750344515194615
0.571,-7.565,0.571,-7.565,3.502585915010239e-07,2.8282851036815557e-06,7.935623902525743,28.7962515267504,1.309717694455148,0.0598771709328713,0.571,-7.565,3.986005990292123e-07,3.114884428250978e-06,79.63543870329192,29.75543865164741,1.3339004032140795,0.083852782062011
0.499,-7.428,0.499,-7.428,4.009025224216883e-07,2.9857008354340597e-06,8.644913436491882,31.22215293584963,1.3271831528166695,0.0704121712893302,0.499,-7.428,5.044935266234525e-07,3.5780896358157176e-06,100.02178956385112,32.78496539144276,1.359676813531403,0.0826789743832161
0.428,-7.291,0.428,-7.291,4.1899039796654165e-07,3.1574838514428045e-06,9.52956956900719,30.85554912569783,1.3251835649837882,0.0619804265346042,0.428,-7.291,4.565865331113402e-07,3.4909034592615297e-06,101.70214201021189,30.41274404626189,1.3402386124914838,0.0825647809598794
0.355,-7.154,0.355,-7.154,3.9323721366445e-07,3.352616907707761e-06,10.110986538264312,27.273509575526205,1.2873108373492212,0.0579305752607588,0.355,-7.154,4.978529796554272e-07,3.9208149590771736e-06,125.563170976419,29.525353895270136,1.33309742167539,0.0832962828750264
0.283,-7.017,0.283,-7.017,4.164119971947266e-07,3.3998254119970315e-06,11.20455282837634,28.47980197802353,1.3024141315696962,0.0625605883940921,0.283,-7.017,5.416774470594061e-07,3.931017088419298e-06,129.0405929745326,32.041007955736575,1.3319964997945748,0.091495035167513
0.211,-6.88,0.211,-6.88,4.644750994601499e-07,3.832371830501168e-06,11.699151568235033,28.181567446258228,1.2880047337249871,0.05218390460414,0.211,-6.88,5.68651470440829e-07,4.3307283746051175e-06,154.435408075541,30.532022141307227,1.331503117316915,0.0800709736984095
0.138,-6.744,0.138,-6.744,4.795395790015879e-07,3.941632714591695e-06,13.651288264200398,28.289068769607123,1.2951912290827312,0.0642379007944004,0.138,-6.744,6.413634530964704e-07,4.749465035816747e-06,187.30941055616267,31.40001543379436,1.3488253401047738,0.0742873940050829
0.065,-6.607,0.065,-6.607,4.618339328115379e-07,3.893743833974797e-06,14.395052961967432,27.579653809346706,1.2831605288528325,0.0728782512785282,0.065,-6.607,5.818071391347967e-07,4.488690369828022e-06,184.01419338772808,30.13906289591321,1.3178093093629135,0.087850794150823
-0.008,-6.471,-0.008,-6.471,5.408834882596285e-07,4.634617616984561e-06,20.812945472207,27.136895561375614,1.2818583580810128,0.0574234271472294,-0.008,-6.471,5.955954522373409e-07,4.708708467266885e-06,203.7881517515997,29.41168580954124,1.3125784423831142,0.0771666251929585
0.79,-7.286,0.79,-7.286,4.4428453183948194e-07,3.3553720261151703e-06,10.663495124592306,30.788665212784924,1.3272432729732988,0.0687477389292641,0.79,-7.286,5.143687874607317e-07,3.732212989011975e-06,113.56158755807256,32.046347281947774,1.360406054982366,0.0769102976710484
0.718,-7.148,0.718,-7.148,4.0775220848928493e-07,3.317106712415791e-06,9.809045504625884,28.5829616363289,1.3039994671759223,0.0639235542088773,0.718,-7.148,4.987080756076641e-07,3.6544933426929874e-06,116.69904159771517,31.731424811801094,1.3454424686754929,0.0818245560655542
0.646,-7.011,0.646,-7.011,4.814855648867566e-07,3.7979051738638e-06,10.854766672085226,29.47877972037292,1.3064011613259483,0.0708314614737326,0.646,-7.011,4.763162664609441e-07,3.772273149332463e-06,126.47501596445072,29.36044464332905,1.317134550420786,0.0977536207229078
0.573,-6.874,0.573,-6.874,4.555507754326503e-07,3.7744864344336577e-06,11.02668052718396,28.063980437442893,1.2956741668757663,0.0783533595057534,0.573,-6.874,5.23215496099241e-07,4.075313241551753e-06,147.02555064240354,29.853135349574167,1.3260196169838785,0.082987677493225
0.5,-6.736,0.5,-6.736,4.245633639650892e-07,3.700128081321903e-06,12.36259009785711,26.680631565511103,1.2743476375845668,0.0741574117624712,0.5,-6.736,5.690422633958443e-07,4.364555826434196e-06,166.78978893082163,30.316203792658715,1.326796315261949,0.0774068548406976
0.427,-6.599,0.427,-6.599,4.367174027386834e-07,4.023196175349372e-06,15.092023048430782,25.240597784056696,1.260552797475926,0.0663853799866069,0.427,-6.599,5.231929966155185e-07,4.304811762787004e-06,177.50146398566295,28.26038693324313,1.3013446588671111,0.0861850333215367
0.354,-6.463,0.354,-6.463,5.716540348754267e-07,4.649195302101057e-06,17.903327124882587,28.590768594522228,1.2990583146485148,0.0636391673452304,0.354,-6.463,6.043447903790991e-07,4.910481555201988e-06,215.8486791807489,28.617457480118144,1.309144185979226,0.0769858241319123
-1.133,-8.33,-1.133,-8.33,2.779925595856768e-07,2.048206886484125e-06,4.188975933891864,31.55946975755456,1.3505225141069146,0.0536670310655277,-1.133,-8.33,3.0255605615741617e-07,2.2047632544145773e-06,37.376080843464365,31.909076552688312,1.3694496107667973,0.0769569300278143
-1.204,-8.194,-1.204,-8.194,2.64395549923347e-07,2.0850454970907707e-06,4.729727438952838,29.485530962806777,1.3139570645568406,0.0630777081703101,-1.204,-8.194,3.454921567575181e-07,2.3362690936791184e-06,42.952094358992525,34.3863181005819,1.382113203987697,0.0791773089316305
-1.275,-8.057,-1.275,-8.057,3.234098413780849e-07,2.3870100012778077e-06,5.639192657584837,31.50426415829008,1.3591671251630746,0.0593093631671462,-1.275,-8.057,3.483337292164046e-07,2.4794902410062297e-06,48.16546529748774,32.66656531932959,1.372992077616171,0.0831536963603181
-1.347,-7.921,-1.347,-7.921,2.965101359494114e-07,2.235683137781807e-06,4.849042222052448,30.83895407892644,1.3347100339145284,0.0750190486405088,-1.347,-7.921,3.159760913212518e-07,2.375159472412121e-06,50.31785147480169,30.933694762761142,1.3488251808543217,0.0902059992853496
-1.418,-7.785,-1.418,-7.785,3.290830368936095e-07,2.3973616939932427e-06,6.0655199932577,31.9184859411616,1.3431791545881273,0.0780237917989431,-1.418,-7.785,3.613792665277178e-07,2.6146660858159013e-06,59.660918949655205,32.1378889590178,1.3516505817255915,0.086957016967135
-1.49,-7.649,-1.49,-7.649,3.319360518673412e-07,2.572436148507785e-06,7.05833523860011,30.00406985341753,1.3244609388199085,0.0723873519394649,-1.49,-7.649,4.037610838284553e-07,2.992371251955252e-06,70.97706597621186,31.3746819006352,1.322003283847075,0.0861983861768958
-1.562,-7.514,-1.562,-7.514,3.564669381199769e-07,2.817435364433358e-06,7.835871332494696,29.41952400666218,1.316056869039946,0.0543019391436144,-1.562,-7.514,4.563675147861394e-07,3.044946485110574e-06,79.12165214276052,34.85021053674338,1.3721949547832448,0.0779354657474754
-0.777,-8.314,-0.777,-8.314,2.575374079525716e-07,1.9607989921273646e-06,3.819933898249085,30.540601964689586,1.344724597347981,0.0613471534528569,-0.777,-8.314,3.097366770390135e-07,2.230804365254817e-06,40.633208798968575,32.28505248065604,1.361261916592014,0.0824967998604058
-0.848,-8.177,-0.848,-8.177,2.6637988546877004e-07,2.06157409366059e-06,4.3792131624227135,30.045042821593317,1.3317714210408496,0.0694753875685557,-0.848,-8.177,3.328378699346006e-07,2.361350357813211e-06,45.37749776854167,32.774996399260736,1.3759053044066405,0.0722707629375257
-0.919,-8.04,-0.919,-8.04,3.0489011351667857e-07,2.249841203441071e-06,5.161611258027311,31.5109737134497,1.3397635041998233,0.0742186354573038,-0.919,-8.04,3.399481023349311e-07,2.527417640540308e-06,50.63332842792327,31.27562205773833,1.364539081281307,0.0708145503259694
-0.991,-7.903,-0.991,-7.903,3.112056127850103e-07,2.393418350463283e-06,5.942374688936936,30.23424668858818,1.3237858668882456,0.0681568258444139,-0.991,-7.903,3.642795292844314e-07,2.6039714323644373e-06,56.81273675919805,32.52886416266758,1.3667484248208444,0.0814382979473076
-1.062,-7.766,-1.062,-7.766,3.267575022796646e-07,2.5403176329481853e-06,6.666954036067615,29.909413192770582,1.3216218324542246,0.0509671083674404,-1.062,-7.766,3.553508073585118e-07,2.752486639882004e-06,64.04449273920757,30.019429494617768,1.3394566504650145,0.0817239196427359
-1.134,-7.63,-1.134,-7.63,3.3899699658719253e-07,2.6127659018293504e-06,7.16796209681661,30.16933229063524,1.3202636605535456,0.0569566019102764,-1.134,-7.63,4.351369319791778e-07,3.0351272961733346e-06,73.46809004873325,33.33645249240538,1.3655252188268632,0.0831745145202428
-1.206,-7.494,-1.206,-7.494,4.03021060520453e-07,3.0062616729121687e-06,8.377531671496667,31.172476703615008,1.328304782194648,0.0576568961181742,-1.206,-7.494,4.599167609481425e-07,3.20977411243893e-06,82.72013139134809,33.31770776280373,1.3737676175859543,0.074654364862304
-1.279,-7.357,-1.279,-7.357,5.018311276861767e-07,3.2756604199048437e-06,9.968508051375924,35.622883515552466,1.372957986573424,0.0623469468540931,-1.279,-7.357,4.0469836058355366e-07,3.2244854775602826e-06,86.67882353338595,29.18376821343729,1.3269497502283123,0.0855402991341124
-1.351,-7.221,-1.351,-7.221,3.7968736063941e-07,3.2333509731175523e-06,10.9884756645341,27.30509166997575,1.2962723030989074,0.0587636296555862,-1.351,-7.221,4.687920965707125e-07,3.504904459634989e-06,104.53471768723172,31.101006556452965,1.3458748193235417,0.0785893741111267
-0.508,-8.177,-0.508,-8.177,2.8423869186844935e-07,2.0545926544147874e-06,4.25609400639913,32.16827792161915,1.344982171736292,0.0612413744896856,-0.508,-8.177,3.5754105725473773e-07,2.371691720337972e-06,43.41949238984497,35.05403614621052,1.3819291652122936,0.076639531126704
-0.579,-8.04,-0.579,-8.04,3.024834525555096e-07,2.310893148523191e-06,5.020298683612007,30.436317374122677,1.3355526652983882,0.0494561997557964,-0.579,-8.04,3.551825689577697e-07,2.4302196307631694e-06,48.58214804198409,33.98415430385866,1.37796808237139,0.0778737171773253
-0.651,-7.902,-0.651,-7.902,3.030603640193267e-07,2.3473530756515406e-06,5.687964188202891,30.020717620092384,1.3222883937631067,0.0703223304052286,-0.651,-7.902,3.800983214682564e-07,2.699773614024129e-06,57.80025068705333,32.73700545950163,1.3712879222951366,0.0732272379771143
-0.723,-7.765,-0.723,-7.765,3.444882581133542e-07,2.623961486890241e-06,7.010474935598336,30.52722409169177,1.335729810084808,0.0664040386127776,-0.723,-7.765,4.2304490067868123e-07,2.8885233831151395e-06,66.7081899077019,34.05500312638684,1.3730064606443977,0.0920839146722047
-0.795,-7.628,-0.795,-7.628,3.923693905722493e-07,2.685052262711782e-06,7.23905873901453,33.97916670570662,1.3541612417874425,0.0647574035618602,-0.795,-7.628,3.780596283707277e-07,2.852426676917758e-06,69.51554851772434,30.81883099134093,1.3454150718718556,0.0798179295076396
-0.867,-7.491,-0.867,-7.491,3.273352113271606e-07,2.6791361623218018e-06,7.327906794382879,28.409807163313623,1.2973959368890464,0.0660551299047547,-0.867,-7.491,4.322824037633236e-07,3.071762478157348e-06,80.41615847753788,32.722786151979214,1.3576345514486117,0.0851009284398152
-0.939,-7.354,-0.939,-7.354,3.540838202663761e-07,2.933237335835912e-06,9.008369109372946,28.069147685458137,1.2985151502160253,0.0646282762923652,-0.939,-7.354,4.41275507370674e-07,3.2134529072857108e-06,90.74639590927907,31.930684657064344,1.3532434428842637,0.0746779762023921
-1.012,-7.218,-1.012,-7.218,3.7860071890242093e-07,3.066228967383064e-06,9.79169511379964,28.7109259891135,1.3010381843206271,0.0620787487065183,-1.012,-7.218,4.490100087778246e-07,3.4109645432006048e-06,101.63085604370468,30.609001628825936,1.3358467663149,0.0902245729860786
-1.085,-7.081,-1.085,-7.081,4.208581510065015e-07,3.4334443023388856e-06,11.827831690085953,28.5020490925926,1.298801309534641,0.0635774359733608,-1.085,-7.081,5.394232270008114e-07,3.914732694959743e-06,124.82221461797867,32.04039617016462,1.3569528355174505,0.075843572562856
-0.288,-7.899,-0.288,-7.899,3.1938811866028696e-07,2.4367355280669025e-06,5.766195570697764,30.47759603078048,1.3345978340511375,0.0609741459207221,-0.288,-7.899,3.90112161115667e-07,2.6521732911621746e-06,58.44195499604725,34.20250691451242,1.3826397757359496,0.0760298878165075
-0.359,-7.761,-0.359,-7.761,3.283945024022164e-07,2.5516164871195384e-06,6.594947228247422,29.92614845233112,1.3221655384737798,0.0545143142318731,-0.359,-7.761,3.811632083473934e-07,2.88833023013399e-06,67.61173903248674,30.68558983824089,1.3526540522631536,0.0821203148498537
-0.432,-7.623,-0.432,-7.623,3.3498164652183735e-07,2.694065613177104e-06,7.721943879629722,28.912336634217937,1.3116135883695763,0.0725007843654939,-0.432,-7.623,3.959101875629848e-07,2.9135614107156847e-06,72.95844352242963,31.596781604320785,1.3558171233565943,0.0852084188153719
-0.504,-7.486,-0.504,-7.486,3.7810329640970885e-07,2.910284233483225e-06,7.979811607937874,30.209629900271302,1.3127341365327416,0.0694686593051697,-0.504,-7.486,4.386167958047114e-07,3.2781236798507498e-06,88.148294445048,31.11216766292769,1.35042046517494,0.086983654721736
-0.577,-7.348,-0.577,-7.348,3.6107211474682893e-07,2.963656427219923e-06,8.500961033526647,28.329339048099808,1.3059949272882665,0.0635736685956868,-0.577,-7.348,4.306181420352726e-07,3.144632674587799e-06,88.65030377856121,31.841443490171343,1.3499139019583382,0.0888941472172177
-0.649,-7.211,-0.649,-7.211,4.154928025174285e-07,3.2322009798647093e-06,10.41306642795725,29.89065934056604,1.3088262135417192,0.0698563597633513,-0.649,-7.211,4.594458357860563e-07,3.484941215357309e-06,105.80075233093226,30.65555692693899,1.34670991836071,0.0821276896142366
-0.722,-7.074,-0.722,-7.074,4.168145294179264e-07,3.309822214570672e-06,10.811552918287612,29.282525515039968,1.3070462516942405,0.0641739464820127,-0.722,-7.074,5.041403340058724e-07,3.799719723922097e-06,120.07460280831208,30.85106985521485,1.3430177845189375,0.074560579620111
9.713,-7.777,9.713,-7.777,2.38087037988683e-07,1.6355598198649408e-06,2.6397637214233542,33.848518635829194,1.378326905900907,0.061964425681471,9.713,-7.777,3.3507999868542097e-07,2.118755285835724e-06,32.85305770402666,36.7737613763756,1.422061095215853,0.0871184496257827
9.644,-7.639,9.644,-7.639,2.6964484207533015e-07,1.847825347768656e-06,3.3817142663966315,33.931381690737524,1.390732117994664,0.0572436186924465,9.644,-7.639,3.0827998071346457e-07,2.0993730491476147e-06,33.3994867028021,34.14491635045598,1.390109411329696,0.081947847015721
9.575,-7.502,9.575,-7.502,2.653858569994638e-07,1.7252531159858677e-06,3.200320853304068,35.768053112134304,1.3884154350103763,0.0601491113572497,9.575,-7.502,3.496639732243629e-07,2.149970680975985e-06,35.49375056625165,37.81714147012122,1.4071257199651912,0.0756755176108324
9.506,-7.364,9.506,-7.364,2.875823097515175e-07,2.0224575709710984e-06,3.786010554934765,33.06382515724808,1.372857461688435,0.0608315396151961,9.506,-7.364,3.595103353625544e-07,2.3533635221432653e-06,40.06448422963669,35.52161560682883,1.4016884717980915,0.0835815017850239
9.437,-7.226,9.437,-7.226,3.145142527018833e-07,2.100287136409148e-06,4.107206337414053,34.8202597140826,1.3883023278878204,0.0747160654912305,9.437,-7.226,3.6883381695504826e-07,2.407881420257308e-06,44.91841798027895,35.61770929394027,1.3960980017349218,0.0786893369847864
9.368,-7.089,9.368,-7.089,2.907412525648557e-07,2.1289620619164306e-06,4.380768878505791,31.754778103482277,1.3629662938957012,0.0615730420856832,9.368,-7.089,3.947198621115049e-07,2.5227351445035878e-06,49.50161731775462,36.38209223702881,1.3999582540551316,0.080677262898502
9.298,-6.952,9.298,-6.952,3.39243652021637e-07,2.2523410265636957e-06,4.595053760983342,35.022563371273286,1.3959696495847391,0.0684305724487633,9.298,-6.952,3.975896668410554e-07,2.6959741845882306e-06,55.479684544052056,34.29175459368891,1.3858058630531327,0.0818696063988557
9.931,-7.49,9.931,-7.49,2.7283744297375684e-07,1.829197197886472e-06,3.580040206776277,34.682771194576254,1.3979676925240718,0.0701465872989257,9.931,-7.49,3.522473355196513e-07,2.2871899917735017e-06,37.14330660508716,35.8109483567322,1.4035048196369642,0.081098031449766
9.862,-7.352,9.862,-7.352,2.507721990097443e-07,1.7668595229240053e-06,3.5293969824357703,33.00256645740783,1.3801854465391694,0.0724433899278453,9.862,-7.352,4.06087785670092e-07,2.3683169743978634e-06,39.7411857701436,39.87038660381872,1.429391234095895,0.0781826392368141
9.793,-7.214,9.793,-7.214,2.783986101415212e-07,2.0160449990382737e-06,4.089489880666548,32.10976956297212,1.3689170724408324,0.0640400592609367,9.793,-7.214,3.246517285888645e-07,2.208990557933929e-06,39.09996715637983,34.17387351118119,1.3845639037179132,0.0866018816222546
9.723,-7.076,9.723,-7.076,2.652001746268051e-07,1.89285138597208e-06,3.682997346843241,32.5782413129276,1.3726449401673504,0.0592761569451037,9.723,-7.076,3.421983423499781e-07,2.3023619242396325e-06,42.79744444128628,34.56007327351222,1.385646860730279,0.0810489787188922
9.654,-6.939,9.654,-6.939,3.043920495365115e-07,2.0977685914472344e-06,4.825071823421192,33.740077336195014,1.3826871509511225,0.0700890366330985,9.654,-6.939,3.961981168159785e-07,2.590228748337349e-06,50.81759189349576,35.56678710361636,1.4036430540045215,0.0753202070792761
9.584,-6.801,9.584,-6.801,3.089337977260329e-07,2.1816483219688954e-06,4.799877216706724,32.92691377989437,1.3713957294335306,0.0651479106797415,9.584,-6.801,3.918866303972684e-07,2.6072337835325936e-06,52.96303252276607,34.95029292522741,1.3938445437804134,0.0786430951265283
9.515,-6.663,9.515,-6.663,3.1723898184445575e-07,2.2235825741261464e-06,4.913163476493251,33.17444248725053,1.377158950570582,0.0582672177379991,9.515,-6.663,3.713287574532273e-07,2.665336076322885e-06,57.24584188303444,32.394923167522464,1.3572803146984134,0.0948872336443692
9.993,-6.942,9.993,-6.942,2.70843883133562e-07,1.8880115353520836e-06,3.664411339056282,33.3568272553754,1.3784900372394,0.0663255076053576,9.993,-6.942,3.441737982869363e-07,2.3557307407937536e-06,43.78724003161752,33.97210854549093,1.3787125283984931,0.0896114276628864
9.923,-6.804,9.923,-6.804,3.410425822961003e-07,2.23794553466216e-06,4.521496946304334,35.43475568967852,1.4006992695938738,0.0523663344932235,9.923,-6.804,3.862261390140155e-07,2.600138448557455e-06,51.640296139101125,34.539459483417936,1.396331461161272,0.0848718492460966
9.853,-6.666,9.853,-6.666,3.368938031824792e-07,2.4324441142282363e-06,5.221155295691922,32.20479204566092,1.3579447774749345,0.0567507572773038,9.853,-6.666,3.841543952453467e-07,2.5950423122588345e-06,51.61751656344124,34.421652079835226,1.385874561850432,0.085530085777694
9.783,-6.529,9.783,-6.529,3.040245873475802e-07,2.183692239899746e-06,5.3116205019879015,32.373348650078725,1.3700594219984203,0.0777865569083458,9.783,-6.529,3.9262531640237373e-07,2.710184734890465e-06,56.83297839583736,33.68602387937432,1.3830459446592778,0.0725082165117825
-0.075,-6.357,-0.075,-6.357,5.152358344771215e-07,4.643726287505146e-06,20.196254839210333,25.799411203097343,1.266934706334636,0.0697094749872463,-0.075,-6.357,7.067350273169342e-07,5.334374157531941e-06,246.1137091653757,30.80658014949831,1.322727828176943,0.0811741282352319
-0.148,-6.222,-0.148,-6.222,5.3707222613341e-07,4.685797522527325e-06,21.544072323078996,26.65136905627976,1.2667818162995166,0.0672313960136155,-0.148,-6.222,6.489132159754568e-07,5.292125825675593e-06,264.1484421236393,28.51194242505005,1.3034624842723552,0.0758895382642333
-0.221,-6.087,-0.221,-6.087,5.78712915171341e-07,5.132448090749619e-06,24.352581285763705,26.218567322940142,1.2636035877843472,0.0720914693578904,-0.221,-6.087,7.766864997574907e-07,5.947696829423331e-06,319.3528756801672,30.364580164744847,1.322571277418706,0.0802015852769217
-0.295,-5.952,-0.295,-5.952,6.552747667017911e-07,5.676383999469112e-06,26.860137335566176,26.842442091701862,1.2739578431191527,0.0662987191979543,-0.295,-5.952,7.029667577318419e-07,6.121186170707932e-06,348.4557120801657,26.70358361702695,1.2766703198761424,0.0815291171638852
-0.368,-5.817,-0.368,-5.817,7.387103175472462e-07,6.25520704265047e-06,30.06258128020921,27.46014482195062,1.2785884340838598,0.0607389919118947,-0.368,-5.817,8.49706540212325e-07,6.787319088133055e-06,417.9412223473989,29.109921998195404,1.3036664242832985,0.0720507844330835
-0.442,-5.682,-0.442,-5.682,7.08502774985118e-07,6.535601393090804e-06,34.943441306324736,25.2073009515967,1.2497631005312904,0.063567100920401,-0.442,-5.682,8.961985886598047e-07,7.167553644987651e-06,462.7573889636423,29.07392402033859,1.3001451536737303,0.0721346238337637
-0.516,-5.548,-0.516,-5.548,7.663177574731927e-07,7.111017819481737e-06,37.01417375893849,25.058061453467392,1.2503521726725149,0.0610613117540915,-0.516,-5.548,8.010920643170397e-07,7.077575645006644e-06,493.08824025583016,26.31893172044565,1.2685463693608807,0.0831253686842815
0.279,-6.335,0.279,-6.335,5.014268275613971e-07,4.529340567347676e-06,20.946358329672925,25.74203856041583,1.260033894468297,0.0645457172997029,0.279,-6.335,6.248638674768273e-07,5.184810248154002e-06,246.47050523261285,28.02353339679995,1.3015494779925736,0.0899250818399818
0.206,-6.199,0.206,-6.199,6.250340186370895e-07,5.183003610357039e-06,25.81014747347412,28.04093505098186,1.281353089050266,0.0663781189434409,0.206,-6.199,6.72434923148415e-07,5.443639179852258e-06,268.9798182985822,28.72309780075031,1.3052467959110412,0.0786931609030899
0.133,-6.064,0.133,-6.064,5.975850610224694e-07,5.371422424140279e-06,28.26818051150517,25.869067364001392,1.2627593956478618,0.0663950964311361,0.133,-6.064,7.040148372709932e-07,5.714810721576527e-06,311.47306860525805,28.64509776525121,1.3013411061460955,0.0935823201418136
0.06,-5.928,0.06,-5.928,5.629746693729923e-07,5.215037640157335e-06,26.77843955997116,25.101620232643832,1.2528665577275526,0.0677196884542628,0.06,-5.928,7.466606454225898e-07,6.256730846371129e-06,360.961962168352,27.74892327816308,1.287194230371508,0.0797562849225028
-0.014,-5.793,-0.014,-5.793,5.810386793572267e-07,5.607143329531605e-06,26.27943555342733,24.09537745707599,1.2415280508696296,0.0708154425024061,-0.014,-5.793,7.57489017462336e-07,6.470238267847936e-06,394.57907682765136,27.222400191732635,1.2823502879559685,0.0826954674811753
-0.088,-5.657,-0.088,-5.657,7.413706574961217e-07,6.6893066084230615e-06,33.52882679652473,25.77060641850068,1.2566886158851238,0.0615995805158711,-0.088,-5.657,7.868877036659793e-07,6.822399862575523e-06,450.3886477352038,26.81920725704328,1.2832226212025355,0.0807417971073206
-0.162,-5.522,-0.162,-5.522,7.486574609372345e-07,6.695747190495804e-06,32.91656168961785,25.998869065014915,1.2543075989608388,0.0616107523534161,-0.162,-5.522,8.255832980804155e-07,7.2188938665728145e-06,503.61882115866126,26.59258702696909,1.2772351920679166,0.0758030993872023
-0.236,-5.387,-0.236,-5.387,7.819084448664823e-07,7.217982965185134e-06,43.91819302031658,25.18896938076199,1.2390490573988864,0.0678630225279367,-0.236,-5.387,8.9490887975254e-07,7.81023755763338e-06,594.2808940347826,26.643110213651,1.2799180836613089,0.0718877197631194
-0.311,-5.252,-0.311,-5.252,8.009763190364823e-07,7.455224064840839e-06,45.98560021741648,24.98212190712913,1.2340631292599955,0.0771091714498429,-0.311,-5.252,9.113503738325778e-07,8.222249403796411e-06,649.0837935277746,25.77300616420457,1.265619437538228,0.0765679914061364
0.545,-6.194,0.545,-6.194,4.827238899534679e-07,4.802009673265612e-06,22.364474290816236,23.374703437338155,1.233592686346895,0.0692697710537144,0.545,-6.194,5.920314732526478e-07,5.216830651396832e-06,258.7527114882012,26.388117166964797,1.2755195818952958,0.0921232981404705
0.472,-6.058,0.472,-6.058,6.250957285685114e-07,5.562284718844901e-06,27.18000810920019,26.13145929753157,1.2640978290235798,0.0570565114000303,0.472,-6.058,7.151061429587887e-07,5.968165375578155e-06,323.30954154867896,27.861212172391337,1.2996221464606748,0.0814646758586175
0.398,-5.922,0.398,-5.922,5.824646183389291e-07,5.540942488416926e-06,28.09396619050732,24.44309830973381,1.2382516556087348,0.0750008330288408,0.398,-5.922,7.662135414742991e-07,6.2810291630883495e-06,356.58280405832016,28.36542929945201,1.2987667850209548,0.0772899664088589
0.324,-5.786,0.324,-5.786,6.054431207465203e-07,6.078625281748408e-06,34.661261270704806,23.159987705231757,1.224711350119585,0.0598160855340431,0.324,-5.786,7.485601558237768e-07,6.2937618655964194e-06,381.2885116020656,27.655833237337937,1.287949553855499,0.0757311897280384
0.25,-5.65,0.25,-5.65,6.890611002428759e-07,6.285668201305386e-06,32.43204051970943,25.490398703048307,1.2516485809735591,0.0741415965941567,0.25,-5.65,8.046529701366774e-07,6.876710787741239e-06,451.3655089212559,27.20809946386236,1.2785619937933206,0.0844347565113771
0.176,-5.514,0.176,-5.514,7.612366483603827e-07,7.014251870131621e-06,39.08366835930427,25.23531204876024,1.246968531068413,0.0552895284159041,0.176,-5.514,9.34036408520442e-07,7.596859780012122e-06,525.8213743369073,28.589070946244057,1.2941880688494225,0.0813348850427786
0.102,-5.379,0.102,-5.379,7.541355290909516e-07,6.887384398619723e-06,36.75382313847633,25.46041199149371,1.254655860821728,0.0493411266989051,0.102,-5.379,9.233940222866328e-07,7.909110115314433e-06,585.4849121528835,27.14749640256254,1.2817250765545751,0.0821830890324142
0.027,-5.243,0.027,-5.243,8.757150825635104e-07,8.018919254806397e-06,51.61209671138901,25.393194362449883,1.2431885557308964,0.0708787675414354,0.027,-5.243,9.443974683304908e-07,7.94941094880747e-06,661.6663665384161,27.624232024077724,1.266646493277786,0.0829791269724739
-0.047,-5.108,-0.047,-5.108,7.81030170212847e-07,7.995533728714827e-06,49.50412516185785,22.713847120456315,1.2088085872097496,0.0705591683313198,-0.047,-5.108,9.151132775083328e-07,8.37382817121908e-06,708.9434547454571,25.410965067983025,1.2499737648180118,0.0871072167876295
0.76,-5.912,0.76,-5.912,6.182498985018349e-07,5.677639679616318e-06,27.79503839440708,25.320167474869905,1.2524150136587184,0.0602454648338253,0.76,-5.912,7.738083611118728e-07,6.429050352014416e-06,366.7967558273767,27.98703806347028,1.2910472786085632,0.074117006656891
0.686,-5.776,0.686,-5.776,6.877378667746582e-07,6.2918438066468345e-06,35.03255505071781,25.41647697025733,1.2562216177803716,0.0679448087698802,0.686,-5.776,7.987405073440724e-07,6.74599696167595e-06,407.2038103239569,27.53150268859516,1.292006388851807,0.0826147500326463
0.612,-5.639,0.612,-5.639,6.796897071733103e-07,6.343354879509309e-06,34.206788423189124,24.91506543620197,1.2430244515045166,0.0646394793765278,0.612,-5.639,7.775316553865379e-07,6.821578312702124e-06,448.4927826836149,26.50352000839659,1.2760786714579957,0.0852073864214697
0.538,-5.503,0.538,-5.503,7.106343130228025e-07,6.774722196762888e-06,43.16168387961904,24.390742984134555,1.234858713651365,0.0680866932850411,0.538,-5.503,8.705014266061585e-07,7.3605058062720655e-06,517.5582485080851,27.499967155978595,1.2794473094257317,0.0807527374710228
0.463,-5.367,0.463,-5.367,8.713886045577451e-07,7.730886294777102e-06,48.89988766575322,26.20915010014512,1.2588883498633918,0.0634390763037438,0.463,-5.367,9.935247098937134e-07,8.330455595529825e-06,643.1246436204428,27.73194094466788,1.281129497074042,0.0820980755607886
0.389,-5.231,0.389,-5.231,8.340100297975925e-07,7.649915372599484e-06,54.16875559535182,25.350410150415943,1.2375274234139522,0.0560395291975434,0.389,-5.231,1.016097626668282e-06,8.604291973868344e-06,688.0444247777755,27.45937483315067,1.282156051328304,0.0796229966301461
0.314,-5.095,0.314,-5.095,8.178321210684554e-07,8.121031462489595e-06,56.84290742199303,23.41657201386531,1.2208636563920794,0.0637692614215175,0.314,-5.095,9.95529864615076e-07,9.383779462612749e-06,814.5615838997312,24.66873319933866,1.2530927832075591,0.079033391515417
5.286,-3.3,5.286,-3.3,1.104617795691881e-06,1.0198776001578108e-05,85.03441408139928,25.184557800235687,1.2424880380342822,0.0686759680212611,5.286,-3.3,1.4348002691101994e-06,1.2451853225766962e-05,1445.9606469418188,26.793398546118425,1.2561455922465738,0.0845568747525749
5.212,-3.165,5.212,-3.165,1.0744295766231227e-06,1.0043320633854474e-05,80.39681307901017,24.875451650580956,1.235451805678394,0.0711320307922032,5.212,-3.165,1.569524228213196e-06,1.318278830302011e-05,1648.135536171484,27.68414362844936,1.2681571708463613,0.073766488199477
5.138,-3.031,5.138,-3.031,1.2472878026457467e-06,1.104849921513453e-05,71.41615462254262,26.250267522845125,1.2492969008237762,0.0605254226895166,5.138,-3.031,1.6846221436877966e-06,1.3751022345933624e-05,1745.6361908982954,28.48641944908295,1.274541915176874,0.0804716708031883
5.063,-2.896,5.063,-2.896,1.254176132159129e-06,1.1602389741204208e-05,86.43667858266225,25.135146983481043,1.2393678212849195,0.0740273390111582,5.063,-2.896,1.5355363472557315e-06,1.3912236434507243e-05,1836.7154416867704,25.66454083977208,1.246660914122917,0.0911123258452866
4.989,-2.762,4.989,-2.762,1.3475122731563068e-06,1.2085655175619307e-05,97.8555469340647,25.925842483904447,1.2451894691850744,0.0502335536103895,4.989,-2.762,1.762492744329216e-06,1.4963216848998163e-05,2113.6161093634373,27.38878176441793,1.264596395297032,0.0745535945673093
4.914,-2.627,4.914,-2.627,1.339139658907058e-06,1.2331255884934296e-05,83.67281321113313,25.25160049079833,1.2447445074581822,0.0673379084409969,4.914,-2.627,2.154176055388113e-06,1.6600335618532562e-05,2502.946083726485,30.17412417649681,1.2831288881528256,0.080779339202054
4.84,-2.493,4.84,-2.493,1.3205888284612882e-06,1.1529329014020028e-05,56.03678629511814,26.63384903276642,1.2493686204867993,0.0630330706912671,4.84,-2.493,1.913879417941684e-06,1.6929721042688542e-05,2615.0771516373024,26.286642421614985,1.244959588012367,0.0839130777073473
5.639,-3.275,5.639,-3.275,1.2059747819042929e-06,1.0076851149381547e-05,71.13791637655747,27.828111227978493,1.2909622618417127,0.0671488665157892,5.639,-3.275,1.3886771002374565e-06,1.167322206647658e-05,1260.461257217696,27.66182783840752,1.2780903113135749,0.0795586342066536
5.565,-3.139,5.565,-3.139,1.061454173421318e-06,9.620323668688356e-06,80.97303843271227,25.65558445684629,1.2492275043760557,0.0665562759776308,5.565,-3.139,1.6165981076038349e-06,1.343080308895966e-05,1475.7570681553243,27.98790761985924,1.2865620086136793,0.0801607716498497
5.491,-3.004,5.491,-3.004,1.1206606993600809e-06,1.0217648380329469e-05,68.05315051292669,25.503133024833684,1.257766088258686,0.0625004141541372,5.491,-3.004,1.461047991638347e-06,1.254655862482344e-05,1496.969893066159,27.077602529577234,1.2663095003141005,0.078733236624716
5.416,-2.869,5.416,-2.869,1.1458337874511774e-06,1.0377258061504395e-05,71.65249613895894,25.67493512588539,1.2566635960037251,0.0653869951808575,5.416,-2.869,1.7159820530432467e-06,1.3707626495569457e-05,1682.6898495605096,29.108567053036545,1.2931145676583398,0.0808450518272849
5.342,-2.734,5.342,-2.734,1.99153433525126e-06,1.4406633448357211e-05,122.48000989670165,32.14368322278678,1.3528864664570754,0.0493540173839756,5.342,-2.734,1.6949749874640244e-06,1.4154083725462124e-05,1818.5695050578408,27.84529870625428,1.2726480387640686,0.0863551957401251
5.267,-2.6,5.267,-2.6,1.3759891895289629e-06,1.1874569416951724e-05,82.55412659479084,26.94433682033453,1.2683779784301072,0.0609681624696372,5.267,-2.6,1.779316647726527e-06,1.5423429469314408e-05,2086.8450024012936,26.825179574203577,1.2690664006622066,0.0792182023602197
5.192,-2.465,5.192,-2.465,1.3744220556662058e-06,1.2060784680457284e-05,76.54846307443519,26.4981100359455,1.262628781936771,0.0555237253412909,5.192,-2.465,1.7693153919998214e-06,1.5170952108233812e-05,2201.506780400111,27.118319043024563,1.2681009212276635,0.0779845710736138
5.117,-2.33,5.117,-2.33,1.3625704889456998e-06,1.251633955091216e-05,85.28270712728786,25.3134878879773,1.2571566681914057,0.0633837439320363,5.117,-2.33,2.2577591533297107e-06,1.7745508362510894e-05,2730.7220959872534,29.584178484354148,1.2892620378307735,0.0823682272332746
5.042,-2.196,5.042,-2.196,1.6376125407461064e-06,1.403742437933004e-05,111.70643280570592,27.12651941732298,1.2693196088891412,0.0580928105459026,5.042,-2.196,2.2308058886831508e-06,1.819084312628366e-05,2914.7327870806816,28.51538904526774,1.2880057759867698,0.0823261375796023
5.902,-3.131,5.902,-3.131,1.0220385952206028e-06,8.65280461083157e-06,30.83408112625024,27.46507231986396,1.2832998786915677,0.08225950741816,5.902,-3.131,1.5742718103373194e-06,1.213173940461748e-05,1287.6077200757356,30.173590603484254,1.307392196079829,0.0778138458036264
5.827,-2.996,5.827,-2.996,1.111509328306664e-06,9.393861678146782e-06,50.251299280068615,27.51308553846058,1.281350141925074,0.0629232798196542,5.827,-2.996,1.507232102521342e-06,1.2277365038112986e-05,1325.1603930468557,28.54600348087722,1.2902349856271969,0.0820803207131544
5.753,-2.86,5.753,-2.86,1.1281153520109062e-06,9.818340869143424e-06,73.95923257005201,26.71688070523302,1.2692929404746096,0.0719892955086892,5.753,-2.86,1.5205049538836603e-06,1.2526163990645965e-05,1454.4005302684725,28.22539925843412,1.2841244175555795,0.0823169573570639
5.679,-2.725,5.679,-2.725,1.1817213539545315e-06,1.044832878733652e-05,76.424310753324,26.29896157105789,1.2614655589711246,0.0654184672994856,5.679,-2.725,1.709146611548561e-06,1.3627445628177515e-05,1673.6639318670273,29.16320213284557,1.2955690110001703,0.0800282818522638
5.604,-2.59,5.604,-2.59,1.290847085332926e-06,1.0663561654347284e-05,75.10127273389062,28.147696638067607,1.279883641449483,0.0660817171367391,5.604,-2.59,1.6800705723072106e-06,1.3902525768760436e-05,1728.318294065428,28.099860490818127,1.2854384050861871,0.0848494423890973
5.529,-2.455,5.529,-2.455,1.537443609782444e-06,1.2627989785913518e-05,100.13462323196212,28.309703534367248,1.2938177014431365,0.0701531211570597,5.529,-2.455,1.7379978534641724e-06,1.4330435161914991e-05,1924.6780848289804,28.200720536240205,1.2904401066793316,0.0796336838946169
5.454,-2.32,5.454,-2.32,1.2416423841616178e-06,1.042250789809702e-05,42.06891642458941,27.70094874609098,1.2863181566768795,0.0687358608690282,5.454,-2.32,1.8283397122755949e-06,1.5105237169672897e-05,2153.181053904011,28.14489879919463,1.276813316258862,0.0890054399665398
5.379,-2.185,5.379,-2.185,1.2883233769973094e-06,1.1264554838418998e-05,70.29264088878213,26.59384916721166,1.2685484562327436,0.0655304810510237,5.379,-2.185,2.084532083510908e-06,1.6371871063064065e-05,2481.4528735285626,29.60606005261601,1.2990675014503024,0.0795896461996598
5.303,-2.05,5.303,-2.05,1.084067931892591e-06,8.737820541916615e-06,17.989630527475388,28.84853239690856,1.307207631959357,0.0634765684945851,5.303,-2.05,1.983703737001752e-06,1.6736985451404273e-05,2602.1921677571704,27.55941029167029,1.2777601158103515,0.088680212319745
6.113,-2.847,6.113,-2.847,1.0495862692041004e-06,8.733602706253545e-06,41.78914274834751,27.944417184011023,1.2885342330220486,0.0830628748451491,6.113,-2.847,1.396404171917318e-06,1.1986032577337058e-05,1287.01953881653,27.08981451894577,1.2838101728911302,0.0893839087782642
6.039,-2.712,6.039,-2.712,1.140371139820015e-06,9.101939668633628e-06,57.4532722863393,29.13282585861632,1.2932256453492788,0.0641601641845621,6.039,-2.712,1.6691875778428465e-06,1.2820994806678077e-05,1409.448959284476,30.27288194791725,1.3163550373019366,0.0814079718212113
5.964,-2.576,5.964,-2.576,1.1479891680876194e-06,9.413983879398302e-06,49.35025161332044,28.355328797816107,1.293599534175414,0.0631813741003173,5.964,-2.576,1.5144214429609944e-06,1.2594044853600326e-05,1466.7095930079192,27.960946087344094,1.290940039667555,0.0895385856407821
5.889,-2.441,5.889,-2.441,1.1854962817750664e-06,9.691868850667397e-06,41.6763062896982,28.442188808215576,1.2944847978382936,0.0633028814157094,5.889,-2.441,1.7240976100680288e-06,1.376125269102259e-05,1625.3826707858948,29.13226338477254,1.2999499160547665,0.0869375038441048
5.814,-2.305,5.814,-2.305,1.4338864292423776e-06,1.0574979056660669e-05,57.63210127622227,31.528665293257426,1.32444438732327,0.0579594262221576,5.814,-2.305,1.7111218940469267e-06,1.3928277135121891e-05,1774.858107918101,28.566293651858555,1.29621854886778,0.0892680014620686
5.739,-2.17,5.739,-2.17,1.1307686776634818e-06,9.116628343017173e-06,32.25511514635634,28.84097029793188,1.2908018407738266,0.0699044360361745,5.739,-2.17,2.1767520784970416e-06,1.5875843701917114e-05,2146.450483304754,31.88177560808722,1.3380816185336135,0.0810851484685936
5.663,-2.034,5.663,-2.034,8.660000563935352e-07,6.546181438462429e-06,7.2568592615187,30.76098440507193,1.3415644879307989,0.0714661108386554,5.663,-2.034,2.133895939100773e-06,1.6074600956431146e-05,2304.678250717528,30.86763696896552,1.3258345421808917,0.0813468605884004
-1.152,-6.967,-1.152,-6.967,4.477080359572989e-07,3.642426960194756e-06,12.294755607049137,28.5808002966483,1.303797238608473,0.0579787958912072,-1.152,-6.967,5.480090144705512e-07,3.982951841994726e-06,132.70753754306517,31.992854778549884,1.3508560738428463,0.0785130175057049
-1.225,-6.832,-1.225,-6.832,4.003106126036834e-07,3.5277076585585557e-06,11.127908209022683,26.38607930797552,1.2734361515203705,0.0737624900994131,-1.225,-6.832,5.347921230130091e-07,4.08977662562046e-06,144.55538531023188,30.40575284501448,1.331508096240336,0.0821003453623454
-1.298,-6.696,-1.298,-6.696,4.360440516023215e-07,3.826208569978229e-06,13.814182045236857,26.49915794986382,1.2764403782383482,0.0611374247578214,-1.298,-6.696,5.800918755524457e-07,4.413761473822316e-06,170.42348679206063,30.560346288354364,1.3293642116415865,0.072645193695194
-1.371,-6.561,-1.371,-6.561,5.197739407521468e-07,4.194008726607219e-06,16.0946977486768,28.817448110766616,1.295317398277882,0.0620326411943892,-1.371,-6.561,5.563903137837009e-07,4.4699920478774194e-06,185.31482476480227,28.942974221121027,1.31430212809432,0.0905599919108051
-1.444,-6.426,-1.444,-6.426,5.234855666987474e-07,4.490470942826315e-06,17.927407986715423,27.10710694008434,1.2861576058173814,0.0494562447047121,-1.444,-6.426,6.840587773090878e-07,5.214481468456896e-06,228.1707101988755,30.503708283977847,1.321489316902385,0.0931438273775796
-1.517,-6.291,-1.517,-6.291,6.223951902258517e-07,4.958625919231643e-06,22.328662821929317,29.186043756222887,1.299388069666222,0.0673227208830517,-1.517,-6.291,6.641923503759599e-07,5.230575783049703e-06,248.94153611955,29.52668686235329,1.313078617639141,0.0864852581806161
-1.591,-6.156,-1.591,-6.156,5.672305510408737e-07,4.846283054136193e-06,22.75598525813866,27.215805048161045,1.276121274881712,0.0646086863004572,-1.591,-6.156,7.201978250744622e-07,5.231234174596826e-06,260.06778178802404,32.01238206835486,1.3258046900908016,0.0862207242158837
-0.797,-6.946,-0.797,-6.946,4.613786523929613e-07,3.7074967770612034e-06,13.175375009486496,28.93657072838053,1.3051960661689743,0.0692205507841983,-0.797,-6.946,5.225757056426556e-07,4.082050156038578e-06,140.95437457155165,29.76742216123316,1.3320890296526728,0.0802635625243185
-0.87,-6.81,-0.87,-6.81,4.732915166168434e-07,3.855475087065521e-06,13.88450397695443,28.54441629448593,1.2959795549500726,0.0628912382509029,-0.87,-6.81,5.561884289415214e-07,4.31442310942785e-06,159.42501282592207,29.97571586795125,1.3252675230176294,0.0888619485180759
-0.943,-6.674,-0.943,-6.674,5.026382861033946e-07,4.272123089031451e-06,17.446104819924113,27.35786210981685,1.2943022975880307,0.0628152655061647,-0.943,-6.674,5.861091056849234e-07,4.484762454381291e-06,178.76933994057282,30.38850755967498,1.334311969946878,0.077931086634579
-1.016,-6.538,-1.016,-6.538,5.455606663450156e-07,4.360510053854675e-06,17.02878926260241,29.092169320978392,1.2956888271313276,0.0544937131354276,-1.016,-6.538,5.792354098036529e-07,4.463364098807059e-06,192.10710682502568,30.176101719661307,1.3222536420793465,0.0899453724966193
-1.089,-6.402,-1.089,-6.402,5.014962803769971e-07,4.389312010905083e-06,17.132890730066034,26.56694461227153,1.2690384035244886,0.0616861515850867,-1.089,-6.402,6.079896327335682e-07,4.813598412204712e-06,214.21962813350785,29.369507659443503,1.3178095173213649,0.0764735277782626
-1.163,-6.267,-1.163,-6.267,5.260259917271715e-07,4.562101365488392e-06,21.89808655434428,26.810975805630697,1.2595686186395607,0.0671489296934788,-1.163,-6.267,6.748726526107131e-07,5.185077191741079e-06,245.12008219523636,30.264740273212325,1.3191801054151044,0.0756930252180574
-1.237,-6.132,-1.237,-6.132,5.984352908614775e-07,5.048290512802615e-06,22.481946589476184,27.5640611781711,1.275886364690084,0.060925516675971,-1.237,-6.132,6.623394275141455e-07,5.386412771402207e-06,275.4639884393966,28.59244699851665,1.3064118367147777,0.0806325542195114
-1.311,-5.996,-1.311,-5.996,6.117063616036048e-07,5.2599755278148045e-06,24.85341364957252,27.04142793957446,1.2687560401430835,0.067192641031009,-1.311,-5.996,6.68974888936468e-07,5.674091676450218e-06,304.3785307387512,27.414720043867373,1.29087979899353,0.0884072654960009
-1.385,-5.861,-1.385,-5.861,6.064486225187722e-07,5.506212038613365e-06,27.19285676050376,25.61010917752668,1.2490486168731447,0.0739227941015642,-1.385,-5.861,7.933025321658654e-07,6.449385939256115e-06,371.4645649605071,28.601632469284255,1.3027131059425996,0.087596251133642
-0.531,-6.805,-0.531,-6.805,4.396690283210116e-07,3.725300740129466e-06,13.695046384157722,27.443208330318605,1.281045155291515,0.0736215119607919,-0.531,-6.805,5.392933237189025e-07,4.291398303215006e-06,159.2915665777095,29.221100391433957,1.3150274928222887,0.0845489964385114
-0.604,-6.669,-0.604,-6.669,4.433498357889441e-07,3.753989967202988e-06,15.409300729346088,27.46147068328183,1.276474566188727,0.0602310818458942,-0.604,-6.669,5.467031460963269e-07,4.4306777395676455e-06,176.15749378670992,28.691401138550575,1.3147530008865904,0.0864320757245863
-0.677,-6.533,-0.677,-6.533,4.98962330706967e-07,4.29617674466675e-06,17.175889786784673,27.00573286106781,1.2805090423547638,0.0651357647002684,-0.677,-6.533,5.951037140552737e-07,4.6929502591411655e-06,193.8757582205833,29.48608119909248,1.324401199269337,0.0814496073299241
-0.751,-6.396,-0.751,-6.396,5.735637644211996e-07,4.715699592752207e-06,17.849935821116993,28.28172681119656,1.2916894447520595,0.0604735666216922,-0.751,-6.396,6.563356566905328e-07,5.027849950821693e-06,229.1520339927509,30.353867782033333,1.324271531886741,0.0828334737728891
-0.824,-6.26,-0.824,-6.26,5.451304834177641e-07,4.637111989817274e-06,16.155241487251658,27.33526139670348,1.2705368298665964,0.0617413207183578,-0.824,-6.26,6.835327017482194e-07,5.471815490169487e-06,264.61240816179696,29.04679368961665,1.3131578227468466,0.0824210771348038
-0.898,-6.125,-0.898,-6.125,5.413460271260543e-07,5.038291670499972e-06,19.345635612860523,24.98400142214163,1.243723316449561,0.0674641749272265,-0.898,-6.125,7.20787731250764e-07,5.800563058892177e-06,296.3392104313146,28.893994175669462,1.3120395063750203,0.0750374577808974
-0.972,-5.989,-0.972,-5.989,6.296986180846264e-07,5.351762225875878e-06,21.66898736177575,27.359381666880097,1.268136251643168,0.057024289280384,-0.972,-5.989,7.210659936321101e-07,5.868167970809789e-06,314.43306472789715,28.572143663398403,1.300646310687723,0.0824741659132319
-1.047,-5.853,-1.047,-5.853,6.569487119913772e-07,5.7559016742168025e-06,24.748046874567795,26.539237845428943,1.260740304528983,0.0687663020824166,-1.047,-5.853,7.811003393934558e-07,6.145585500735104e-06,357.78586183784006,29.55383939472805,1.3072357897313718,0.0831141145005146
-1.121,-5.717,-1.121,-5.717,6.683693157823603e-07,6.1299802747681005e-06,22.25609777317997,25.352907631689646,1.2456256387188032,0.0619816544491005,-1.121,-5.717,8.457230568553933e-07,6.833683733761321e-06,437.4114548258229,28.776875832285427,1.3029943816423264,0.0882759355302724
-0.315,-6.524,-0.315,-6.524,4.540718235867297e-07,4.100771208053411e-06,13.593572797657997,25.747161758757866,1.2637356127816977,0.065034702152844,-0.315,-6.524,5.994714324387268e-07,4.847070283408424e-06,210.4008480650239,28.758055814201875,1.3105084779435037,0.0787734535334528
-0.389,-6.387,-0.389,-6.387,4.7305235675151276e-07,4.383812527367568e-06,16.346604424189014,25.09155546112053,1.2590410315109568,0.0706126209587243,-0.389,-6.387,5.92661553949435e-07,4.898120029859905e-06,224.3620688663989,28.13504923878621,1.3035018211021074,0.0805032304677916
-0.462,-6.251,-0.462,-6.251,5.753704779571838e-07,5.086203573701956e-06,21.743164764744524,26.30414461474382,1.2726094822274352,0.0541875170624049,-0.462,-6.251,6.56887845989986e-07,5.162973322491066e-06,250.6108314902053,29.584326921069376,1.3115892239906235,0.0798362214197636
-0.536,-6.114,-0.536,-6.114,5.482029709630409e-07,4.969941961930428e-06,22.91899066552292,25.648408100710068,1.2535999442156962,0.0630611154722671,-0.536,-6.114,5.82280066798048e-07,5.373736847734092e-06,278.2397176226352,25.19566791112536,1.264353759325607,0.0827586486517089
-0.611,-5.978,-0.611,-5.978,6.459054873692097e-07,5.562111890476815e-06,24.937806250938824,27.00222803721673,1.2782738177447643,0.0562098465940268,-0.611,-5.978,7.006022386862101e-07,5.8656451599650266e-06,327.94461418626474,27.773210215039757,1.2887050303306355,0.0826433385548816
-0.685,-5.841,-0.685,-5.841,6.128298623037026e-07,5.5755217865076746e-06,27.455741742100894,25.557875491086147,1.2475041860273406,0.0634905190353313,-0.685,-5.841,7.49450638128119e-07,6.191883614870339e-06,376.9311314336082,28.14430941513267,1.2897795994808583,0.0834045948731572
-0.76,-5.705,-0.76,-5.705,6.140670112297371e-07,5.790900256633496e-06,26.377361750023308,24.656988344412994,1.2477982085419088,0.080276399747371,-0.76,-5.705,8.877739713258493e-07,7.074927882901072e-06,439.0740512322412,29.177678730357915,1.2975554279019643,0.0848364028319822
-2.229,-7.58,-2.229,-7.58,3.044882336517576e-07,2.478127507553821e-06,6.44281723587233,28.5704587597768,1.2979873743538757,0.0710340190793058,-2.229,-7.58,4.2569403290385627e-07,2.9270695317900306e-06,69.74630933817706,33.81698392311576,1.371655744998162,0.0806518962646335
-2.301,-7.444,-2.301,-7.444,3.596790406056908e-07,2.852721628228133e-06,7.487930567722349,29.317442626901887,1.320329673795529,0.0659401054650769,-2.301,-7.444,4.524185578505609e-07,3.1560384942930328e-06,81.41037950436643,33.33254445075823,1.3694637749271248,0.0833511996725671
-2.374,-7.309,-2.374,-7.309,3.607584048890472e-07,2.8819519524213014e-06,8.49079020103126,29.10717584204695,1.3032196797108393,0.0662916141461811,-2.374,-7.309,4.689934594224948e-07,3.353240647571446e-06,92.18709298030072,32.5216380249412,1.3656439954721216,0.0775586523853083
-2.446,-7.173,-2.446,-7.173,4.288185795418693e-07,3.371400379046919e-06,9.496028313589443,29.575603149057823,1.3260876542615054,0.0550948429090265,-2.446,-7.173,4.646370592641953e-07,3.4207728973032503e-06,100.53075538741372,31.583477836030305,1.3486617171751427,0.0900499634096858
-2.519,-7.038,-2.519,-7.038,3.6901524377513045e-07,3.1039384626361984e-06,8.86589746792424,27.6440425004219,1.2962307857214663,0.0721856924401728,-2.519,-7.038,5.116840897373365e-07,3.668755708161061e-06,118.31130641527476,32.43048671105304,1.3568807386441124,0.0778274910447017
-2.593,-6.903,-2.593,-6.903,4.322896645596758e-07,3.4159690694576662e-06,11.162898923406305,29.42600268267275,1.3122425753522482,0.0703912870547092,-2.593,-6.903,4.699233579586723e-07,3.690294172853897e-06,124.01174047001764,29.609862638470545,1.332199865010943,0.0756177115980528
-2.666,-6.768,-2.666,-6.768,4.6991848645167357e-07,3.587397778623482e-06,12.092813100163797,30.4588388429852,1.3133692895547795,0.0598264336216794,-2.666,-6.768,5.256621173693316e-07,3.9434050665540965e-06,139.95611432681923,30.995998952597382,1.335710611263392,0.0826629553311161
-1.873,-7.559,-1.873,-7.559,3.477302351969613e-07,2.687562521310137e-06,7.247588568419333,30.08529163659037,1.3234509184345875,0.0621423010571199,-1.873,-7.559,3.735318403738802e-07,2.88570431282544e-06,71.93016333134824,30.098589691755727,1.334955191802469,0.0882655162634854
-1.945,-7.423,-1.945,-7.423,3.47453456311067e-07,2.750878457645788e-06,7.030228829721873,29.36943430098423,1.3090291448191094,0.0722504079948299,-1.945,-7.423,4.295481091750568e-07,3.089280460372331e-06,82.3038208632529,32.33142315750594,1.352324044171828,0.0878275840110516
-2.018,-7.287,-2.018,-7.287,3.365705396248073e-07,2.83068876660362e-06,7.884327369728549,27.6474018640904,1.2904044424415149,0.0584303808714012,-2.018,-7.287,4.5456368086146885e-07,3.1833355823030576e-06,89.09522172721616,33.2034076183222,1.3601988744053897,0.0790801974831865
-2.091,-7.151,-2.091,-7.151,3.595330063844529e-07,3.0141276275384152e-06,9.115846996099815,27.7362329453774,1.2950034616648058,0.0665954313396162,-2.091,-7.151,4.7472030568370244e-07,3.462732808112318e-06,103.54273820198694,31.8778611357744,1.3495746598009193,0.0802120401942247
-2.164,-7.015,-2.164,-7.015,4.0326519570183014e-07,3.338958060858336e-06,11.00114753384844,28.08342838650493,1.2975253176734554,0.0608387322830141,-2.164,-7.015,5.018592212423823e-07,3.703438262116543e-06,119.48985782927588,31.50990884149027,1.3452858996065018,0.0802031083230832
-2.238,-6.88,-2.238,-6.88,5.001497209892416e-07,3.814121635458318e-06,12.78076343743364,30.491292877541664,1.3228060268608135,0.0530810448093467,-2.238,-6.88,5.025037890861116e-07,3.921066112074329e-06,134.26489283764195,29.799263026227408,1.3306293600382813,0.0953353271092619
-2.311,-6.744,-2.311,-6.744,5.043386620303014e-07,4.093562503799065e-06,13.964053666644546,28.647793901217717,1.3151952828134104,0.0536664704134813,-2.311,-6.744,5.301715517042874e-07,4.078896551566612e-06,150.82837505322087,30.22345275239478,1.3252023072082664,0.0885280641908068
-2.385,-6.609,-2.385,-6.609,4.626179106498724e-07,3.9202884854752855e-06,14.691046952395435,27.439409650651847,1.287403181022835,0.0603986312965107,-2.385,-6.609,5.528240755203157e-07,4.212815056127083e-06,162.24399573827688,30.512999507313104,1.3266928246695031,0.0790092757691123
-2.459,-6.473,-2.459,-6.473,5.241645307486149e-07,4.399176497406139e-06,17.085940179064295,27.70553818392413,1.291409379820836,0.0647401382051815,-2.459,-6.473,6.36136900639898e-07,4.74902704079462e-06,197.5558647606086,31.147005081838092,1.3365952091287403,0.079841211738473
-1.606,-7.42,-1.606,-7.42,3.7669711061382813e-07,2.8350631497067027e-06,8.106726603061542,30.89583233167033,1.3209443806338357,0.0721297503858746,-1.606,-7.42,4.872591504705959e-07,3.3596153784144406e-06,89.91911748109237,33.72413279269459,1.3782212018492157,0.068556890744706
-1.679,-7.283,-1.679,-7.283,4.199232524005775e-07,3.1813654654530145e-06,9.835380215799663,30.692107359645963,1.326767562159554,0.065642931454471,-1.679,-7.283,4.4927678782412965e-07,3.2915463292706478e-06,92.62155802044045,31.73835082515429,1.3543734663984388,0.0788884205438902
-1.752,-7.147,-1.752,-7.147,4.479272363302177e-07,3.2693252221808813e-06,10.578566232821752,31.858086948963603,1.325335511380058,0.0607790775444994,-1.752,-7.147,4.567116444164732e-07,3.5166008551716027e-06,106.63560399085762,30.198776978997955,1.337540650270637,0.0823844734808652
-1.825,-7.01,-1.825,-7.01,3.732635063788223e-07,3.2315288421309684e-06,11.407087652279465,26.85825807584189,1.2808474203974862,0.0653831765612978,-1.825,-7.01,4.982363792026646e-07,3.740590940665769e-06,120.78223515007969,30.971737135815737,1.338444057075774,0.0839850905115437
-1.899,-6.874,-1.899,-6.874,4.479112289204199e-07,3.530150719081674e-06,12.125164947815804,29.503195005468797,1.314680988851558,0.0602707389144248,-1.899,-6.874,4.998181084739411e-07,3.841547131529066e-06,130.34595755406127,30.253537846777725,1.3365083745053803,0.0743007953040083
-1.972,-6.738,-1.972,-6.738,4.372493558287418e-07,3.5930033216200377e-06,12.961358202304584,28.29709854333862,1.292382875709147,0.0629030355787159,-1.972,-6.738,5.012422949493692e-07,3.879272510768792e-06,142.73353818248532,30.04469283870699,1.31911524224165,0.0790053565671076
-2.046,-6.602,-2.046,-6.602,4.671629782792292e-07,4.096662130611826e-06,15.743889991584854,26.516037149028744,1.2814199879508423,0.0625145529580064,-2.046,-6.602,5.948817270730894e-07,4.3697227826798444e-06,167.99513807561243,31.655347874019423,1.34822073651837,0.0793877218253057
-2.12,-6.466,-2.12,-6.466,4.860755780434728e-07,4.08590456608906e-06,16.736116301444525,27.6621498880175,1.284650659367603,0.0636298467947364,-2.12,-6.466,5.675012177819854e-07,4.526572511176246e-06,188.28800657065807,29.151953573789918,1.31224051076432,0.0862981988481572
-2.195,-6.33,-2.195,-6.33,6.292097133915405e-07,5.122155411058397e-06,22.316314132161427,28.56360474082839,1.316346772081986,0.0548135538636462,-2.195,-6.33,6.830750979585933e-07,4.92980699196972e-06,219.8372030417772,32.21876463276986,1.330301499259569,0.084465991779348
-1.389,-7.139,-1.389,-7.139,4.2469491553343844e-07,3.4056996021043683e-06,12.070740121171564,28.99619893054612,1.30625925371222,0.062804306120559,-1.389,-7.139,4.561939477458093e-07,3.430345987646943e-06,107.38949381710016,30.923022843940288,1.3415108990072495,0.0893922797530367
-1.463,-7.002,-1.463,-7.002,4.104532118892937e-07,3.4923483537515736e-06,11.581357162485292,27.32854115828374,1.290897890298205,0.0612605586597948,-1.463,-7.002,4.950862372751054e-07,3.82947121842506e-06,126.9298910895818,30.06162074542248,1.327942984452072,0.0903046777681111
-1.536,-6.865,-1.536,-6.865,4.4027874105329225e-07,3.591056438704216e-06,12.532965630602028,28.50859621164953,1.300846217245158,0.0554800461470594,-1.536,-6.865,5.126502459069801e-07,3.891625493692521e-06,135.75512812574158,30.6309508084578,1.3354588028581913,0.0785698390335125
-1.61,-6.728,-1.61,-6.728,4.642283188869032e-07,3.87436496400582e-06,13.66846208505718,27.861304621193984,1.2923239950097494,0.0617139215946067,-1.61,-6.728,5.845132649309323e-07,4.400697000461959e-06,169.81242305182766,30.884690372751905,1.338884101786537,0.0802766679394085
-1.684,-6.592,-1.684,-6.592,4.730432301891618e-07,3.9230650876367e-06,15.1733363971557,28.03791182331768,1.2835014390617825,0.063806449004049,-1.684,-6.592,5.235864822375025e-07,4.4013221627926266e-06,180.3820558521568,27.66149283752072,1.2937490973913928,0.0761997256577784
-1.758,-6.455,-1.758,-6.455,5.229685222781779e-07,4.379494600192475e-06,17.365500832484667,27.76654870336641,1.2899310730274964,0.0596293769040486,-1.758,-6.455,6.338620614336169e-07,4.846707283624246e-06,207.1624576948863,30.41013267688961,1.3312251891497164,0.0790382695903918
-1.833,-6.319,-1.833,-6.319,5.921483448606784e-07,4.701600265596489e-06,19.155875809580937,29.28567004960408,1.304577926337018,0.0605027810533526,-1.833,-6.319,6.366575602003076e-07,4.939189843612974e-06,227.8002069356016,29.972331620892422,1.3160170024040785,0.086379412647687
-5.603,-5.327,-5.603,-5.327,6.171567524845948e-07,4.902455197844976e-06,20.580920537111577,29.27198670347476,1.3081123301679474,0.067275329464682,-5.603,-5.327,7.601160478779465e-07,5.774678966859237e-06,337.6386145617801,30.607115599297,1.3501955683103732,0.0784621166514901
-5.68,-5.195,-5.68,-5.195,6.579931595633934e-07,5.22424179442848e-06,21.250037984263603,29.28656638178224,1.313567830230419,0.0714441973587884,-5.68,-5.195,7.241639271265193e-07,5.684442502805687e-06,336.2803509553372,29.622339632707337,1.3266226533633516,0.0799364569429078
-5.758,-5.062,-5.758,-5.062,6.928336569888437e-07,5.2380519951764974e-06,23.880999790884,30.75597643454229,1.3259997406093198,0.0564592669683994,-5.758,-5.062,8.579098785775622e-07,6.207664152510431e-06,380.7036858985619,32.1354069155932,1.354434228981133,0.0708475309806482
-5.835,-4.93,-5.835,-4.93,6.679292893789574e-07,5.345821839157268e-06,26.113736497182646,29.05269031780538,1.310891331914373,0.0678002727636041,-5.835,-4.93,8.648150689653335e-07,6.194578989030433e-06,413.6367908191895,32.46248790354031,1.3590573999775382,0.0749279896141161
-5.913,-4.798,-5.913,-4.798,7.114927315841006e-07,5.665558789191997e-06,23.42197911750722,29.201022907208163,1.3118518189938284,0.0605896837635469,-5.913,-4.798,8.805267225802233e-07,7.051881902688694e-06,484.4858272653423,29.03406585980352,1.3193010943796044,0.0808576888703815
-5.991,-4.665,-5.991,-4.665,7.013087545427268e-07,5.633481404032315e-06,25.18066047172361,28.946945457222167,1.3162349564587552,0.0586472166907574,-5.991,-4.665,8.276972803538867e-07,6.4263506950089485e-06,460.3969211419155,29.94866402933859,1.3259274699521937,0.0820594665813771
-6.07,-4.534,-6.07,-4.534,7.379476774899781e-07,6.039318698731536e-06,26.879658483682764,28.41240323276828,1.309053421571557,0.0556414534733799,-6.07,-4.534,8.683208871758476e-07,7.019890534011194e-06,520.9279326958333,28.762077728100817,1.321526479661172,0.078746057675894
-5.25,-5.293,-5.25,-5.293,7.261467639041272e-07,5.80284470866821e-06,25.94395241952695,29.097374611374715,1.3037758636594856,0.0540317340366725,-5.25,-5.293,8.211666485605871e-07,5.647392734792972e-06,333.50001994148465,33.810660827067395,1.3536347308288792,0.0824251286077956
-5.327,-5.16,-5.327,-5.16,7.355332869364331e-07,5.873087281962692e-06,28.19370724939059,29.1209959680917,1.3005594876894335,0.0562951190504856,-5.327,-5.16,8.200772557413245e-07,6.033901076185063e-06,380.6149881685677,31.602899423650328,1.3413891708218897,0.0810828170118251
-5.405,-5.027,-5.405,-5.027,6.679531340996301e-07,5.653099291573864e-06,26.87461149054738,27.47449547211066,1.2954697167796565,0.0708498425346548,-5.405,-5.027,8.355532567575309e-07,6.626143938794325e-06,449.6498559948271,29.32132678201988,1.324124359100986,0.0842511231096208
-5.483,-4.894,-5.483,-4.894,7.293404517585297e-07,5.925426898987303e-06,28.053358010178755,28.62074963487907,1.3150514251387997,0.0649417240320924,-5.483,-4.894,8.173336709407789e-07,6.447798493195964e-06,450.8536961654583,29.47530323218295,1.3162637626666809,0.0796260476973259
-5.561,-4.761,-5.561,-4.761,7.207276616155071e-07,6.080107614903349e-06,33.934312741796035,27.56324034695932,1.287159003601366,0.0654065477706989,-5.561,-4.761,8.147526317734794e-07,6.607624071944508e-06,494.0700726522143,28.671524985690777,1.318317674481938,0.0706987315600893
-5.639,-4.628,-5.639,-4.628,6.592409201068544e-07,5.854519953787153e-06,24.718539668145564,26.183229590362583,1.2618738965843366,0.0731753349795661,-5.639,-4.628,9.015233511448392e-07,7.081768593419009e-06,518.6237261498258,29.600946387567607,1.3196082889877812,0.0813186857710537
-5.717,-4.496,-5.717,-4.496,8.231238351546185e-07,6.378814691034063e-06,30.16370046003019,30.00513185042435,1.3156070840872829,0.0708152099426359,-5.717,-4.496,8.630420465650459e-07,6.995482243444642e-06,569.4235454843441,28.68696764887661,1.3060518587173335,0.0903929000054426
-5.796,-4.363,-5.796,-4.363,7.9676711344533e-07,6.961899645697705e-06,30.76437034592508,26.611783962154934,1.297724444099753,0.0567432644522356,-5.796,-4.363,1.000023658453664e-06,7.497697336443981e-06,610.1605952063386,31.01363826967707,1.3317043429143611,0.0752983562100457
-5.875,-4.231,-5.875,-4.231,7.752485240694153e-07,6.375435193718606e-06,35.59594506081952,28.27492490530497,1.3009105505107146,0.0599058413692187,-5.875,-4.231,9.698784292115575e-07,7.633058604533066e-06,656.4585701192527,29.545344021703272,1.3211314956835427,0.0850230187550405
-4.99,-5.144,-4.99,-5.144,6.666613177298e-07,5.545499890164904e-06,27.89779676738458,27.95341698282181,1.2932252062647618,0.0799830970772205,-4.99,-5.144,8.150544685840182e-07,6.64791286971655e-06,436.2380150155861,28.50832240217075,1.309636905914512,0.0894834684247718
-5.067,-5.01,-5.067,-5.01,6.528296065542715e-07,5.786357649638525e-06,32.239421944282064,26.234024271372693,1.2764878740805472,0.0664801081996668,-5.067,-5.01,9.182680558494882e-07,7.233313551050616e-06,516.631351726942,29.51906061365629,1.3298413168135983,0.0800978539920869
-5.145,-4.877,-5.145,-4.877,7.027090250532689e-07,6.161920241873233e-06,37.168908868458175,26.517330790424225,1.2778089388511518,0.0618625444820997,-5.145,-4.877,1.0246213565107565e-06,7.549307637534253e-06,594.3731673908665,31.559246671972943,1.3461449789922388,0.0717829751198326
-5.223,-4.743,-5.223,-4.743,8.418503172904127e-07,6.874765847488397e-06,43.90685170277991,28.473923682450945,1.298721134434072,0.0583054423290643,-5.223,-4.743,8.997280782830782e-07,7.086387693299126e-06,548.1106796824556,29.52274346646572,1.311682299983021,0.0858315370891016
-5.302,-4.61,-5.302,-4.61,8.349097400767948e-07,6.873125328319749e-06,44.05033541094598,28.24591266780588,1.3086584454651875,0.0553953555096341,-5.302,-4.61,9.823801899511112e-07,7.5669637751062045e-06,611.2397541794357,30.187579293701702,1.3294204842626471,0.0796160847398604
-5.38,-4.477,-5.38,-4.477,9.455324478712484e-07,7.424441164521388e-06,51.65345863860257,29.6130414629718,1.3215482668860137,0.0613487246222509,-5.38,-4.477,8.927816239811775e-07,7.415142637029789e-06,634.0006850804549,27.996006181575627,1.3006785641235932,0.0874918937428043
-5.459,-4.343,-5.459,-4.343,8.54347665107959e-07,7.0887392908461965e-06,43.58791684317499,28.024377872259866,1.295685187377372,0.0652595260294765,-5.459,-4.343,1.1190899648512658e-06,8.598198871379872e-06,735.5705832249305,30.264106949762485,1.3230707975911928,0.0828908388400333
-5.538,-4.211,-5.538,-4.211,7.93077607823969e-07,6.965414753172967e-06,41.55052975263493,26.47518808365704,1.279123729646164,0.0657374857263543,-5.538,-4.211,9.77611325141245e-07,8.264610229249092e-06,732.2557780106713,27.505161236259493,1.294894221429181,0.0866981849586376
-5.617,-4.078,-5.617,-4.078,8.826464594955029e-07,7.238711300881955e-06,39.80481516234417,28.352794811374665,1.2969157655021566,0.0663328284611093,-5.617,-4.078,1.001247632757705e-06,8.411533838714709e-06,788.6162289984354,27.67812417952065,1.2996503366015562,0.0770465059524784
-4.785,-4.855,-4.785,-4.855,7.534704892796738e-07,6.585898806102678e-06,36.34286198473488,26.60244423143595,1.2747493480298449,0.0678709070426551,-4.785,-4.855,9.38232007478403e-07,7.496767947909591e-06,585.0150140316696,29.100906943255616,1.3058085008638252,0.0884934526353449
-4.863,-4.721,-4.863,-4.721,7.58542832786994e-07,6.547921454541661e-06,38.118676421804125,26.936861641966768,1.276113087982392,0.0566539338813917,-4.863,-4.721,8.908902654658777e-07,7.321887713218417e-06,615.4899367198235,28.292511217767423,1.2943622895600893,0.0935697778037692
-4.941,-4.587,-4.941,-4.587,8.064680758701131e-07,7.038614164267497e-06,42.00017184324951,26.642217467282038,1.2759931969662528,0.057444938707851,-4.941,-4.587,1.0167045301358517e-06,8.090633052882324e-06,716.3900179023377,29.22016081974906,1.3191946560763688,0.0709339232491712
-5.02,-4.453,-5.02,-4.453,8.111967409990149e-07,7.443739365894191e-06,45.301993754248656,25.33992857332316,1.260335012420695,0.0657272774634934,-5.02,-4.453,1.003006452424368e-06,8.18132581057742e-06,748.7778270636927,28.50692586080324,1.3037130736521028,0.0744796239976283
-5.099,-4.32,-5.099,-4.32,8.5181923615487e-07,7.685510857727716e-06,59.73461573535176,25.77181768508208,1.2691601895735407,0.0755486415549411,-5.099,-4.32,1.0454388041148813e-06,8.694779548947612e-06,839.8321390413702,27.95827603360501,1.2973123550548835,0.0911536357477907
-5.178,-4.186,-5.178,-4.186,8.973231602474999e-07,7.703017498892186e-06,53.009691045416986,27.08683987056864,1.28423280770796,0.0558716043223541,-5.178,-4.186,1.0616537578527883e-06,8.66053183166022e-06,846.1895780475354,28.50418884506921,1.3010012006937326,0.0884801556784127
-5.257,-4.053,-5.257,-4.053,9.903458285651208e-07,8.204834393598507e-06,46.14866419936944,28.066444855249877,1.290543812052597,0.0681156260593609,-5.257,-4.053,1.1118794340801514e-06,9.120019775139656e-06,973.2774585343273,28.3486423543382,1.304937167200802,0.0837101833623351
-6.68,-5.931,-6.68,-5.931,4.778257259394018e-07,3.5015627185892585e-06,11.858107875495536,31.730576755680048,1.359615073617363,0.0559213602798367,-6.68,-5.931,5.240915336745757e-07,3.707454569131828e-06,138.26084151042616,32.870147558803104,1.3701792911498878,0.0933357678707464
-6.757,-5.799,-6.757,-5.799,4.605631790093665e-07,3.5562014635904284e-06,10.48492252008626,30.114330011773568,1.3470566466808498,0.0604432842158986,-6.757,-5.799,5.279714176140648e-07,3.952578961706544e-06,154.64050774691586,31.05991085822851,1.3574227277877924,0.0825866675788652
-6.835,-5.666,-6.835,-5.666,4.1594744178224673e-07,3.2875079891624837e-06,10.429837293050886,29.419953926296696,1.3207020540612675,0.0752097650816759,-6.835,-5.666,5.81293941574224e-07,4.107637391116409e-06,169.7314354470117,32.90592061880657,1.3695301560562805,0.0755768927425263
-6.912,-5.534,-6.912,-5.534,4.522374882502722e-07,3.642371039226233e-06,11.85720310549063,28.870394858379484,1.3309242187904258,0.0651440932339499,-6.912,-5.534,6.019736629763224e-07,4.117152949383127e-06,172.41614385777734,33.997801770472975,1.3812475178454713,0.0819916396423001
-6.99,-5.401,-6.99,-5.401,4.656841473372254e-07,3.504607786674878e-06,10.510971767033036,30.897431643943445,1.3445654852624471,0.0596163618225647,-6.99,-5.401,6.599094286042217e-07,4.496050435959572e-06,191.8540784858796,34.12899554040674,1.3808167405328278,0.0829491222931233
-7.068,-5.269,-7.068,-5.269,5.14814233484997e-07,3.877194638001531e-06,11.62867747124747,30.87473863324307,1.3495759616490328,0.0678530481870168,-7.068,-5.269,6.138591674440958e-07,4.23152176236023e-06,192.57170725654728,33.73203286996933,1.376275786369112,0.0926598090249823
-7.146,-5.137,-7.146,-5.137,5.270473728076972e-07,3.852554325986748e-06,12.077887868191011,31.81055372064409,1.355789862784038,0.0662880004833449,-7.146,-5.137,6.401304974896195e-07,4.549935525726715e-06,217.94548371042748,32.71399806092248,1.359998764685511,0.0881858128816574
-6.327,-5.898,-6.327,-5.898,4.617830390849174e-07,3.581555759303119e-06,11.581112118248177,29.98034376588579,1.3275401783167362,0.0585458668022963,-6.327,-5.898,6.399501325257613e-07,4.292761349078771e-06,171.48427566191805,34.66408459151554,1.390285139997166,0.0732559485006108
-6.404,-5.765,-6.404,-5.765,5.181720555683228e-07,3.905705723574876e-06,13.529465663313132,30.84926475125788,1.341585692502976,0.0566271702181901,-6.404,-5.765,5.762913446771727e-07,4.013441031487672e-06,168.03527835129702,33.38839618368792,1.3607245658689398,0.0850414194816907
-6.481,-5.631,-6.481,-5.631,4.97976497411844e-07,3.838028077686484e-06,13.052618432166676,30.169703788791068,1.3365414833355185,0.0641870987761226,-6.481,-5.631,6.285031421354495e-07,4.480826793421027e-06,199.0280395319897,32.615169828272656,1.367817107845603,0.0798696306003558
-6.559,-5.498,-6.559,-5.498,4.853049481631564e-07,3.76403094853338e-06,14.86728210538907,29.980017454366333,1.332202669668287,0.057514614642779,-6.559,-5.498,6.877395238555277e-07,4.587801184392404e-06,210.41220312649224,34.85697877873928,1.380854403639757,0.0813363450900432
-6.637,-5.365,-6.637,-5.365,5.289515302466059e-07,4.009103733416918e-06,13.325421787181408,30.678839821445877,1.3335192522181385,0.0638273535028067,-6.637,-5.365,7.056571458682787e-07,4.892386312772423e-06,227.7915709260354,33.53847790359196,1.3806065903041516,0.072258334636655
-6.715,-5.233,-6.715,-5.233,5.104550981103311e-07,3.9627904356161535e-06,12.346249835984487,29.952066210153586,1.3349420856653804,0.0653265562266782,-6.715,-5.233,6.546502473753931e-07,4.759189601105944e-06,237.5993970334465,31.98502370488378,1.3584850131738904,0.0860656882433046
-6.793,-5.1,-6.793,-5.1,5.784949112182852e-07,4.285642839269707e-06,14.552494376336387,31.38729693384477,1.351555939732045,0.062778483216807,-6.793,-5.1,6.525404614946333e-07,4.843451345521021e-06,247.0087643259972,31.32729176711176,1.3552375078101415,0.0883635645908897
-6.872,-4.967,-6.872,-4.967,6.271461982163253e-07,4.493050615529136e-06,17.789123999005,32.45621192093863,1.3581645574214576,0.0694803497481947,-6.872,-4.967,6.67468822699509e-07,4.941130312560408e-06,260.50712536576924,31.410512652702444,1.3504019496155215,0.0941179101619117
-6.951,-4.835,-6.951,-4.835,5.947251889763794e-07,4.2493779549740775e-06,16.80818309913014,32.54327978939564,1.3501232855325898,0.0707434688347868,-6.951,-4.835,7.053498000038589e-07,5.153778480971115e-06,275.3844465777897,31.823588293697146,1.3606982499442166,0.0893115517841938
-6.066,-5.749,-6.066,-5.749,5.443489971670094e-07,4.085876114829094e-06,13.412332463895504,30.978656579184943,1.3354016458447404,0.0584088161597934,-6.066,-5.749,5.942038453109267e-07,4.621870822775746e-06,210.53405698190343,29.89427342042363,1.3486600633372223,0.0793673849736949
-6.144,-5.615,-6.144,-5.615,5.279556508560329e-07,4.01630499858171e-06,14.29778199823505,30.56617564721604,1.3329260427538483,0.0790556086390125,-6.144,-5.615,5.976262838597264e-07,4.466627900328524e-06,212.31869782452176,31.111450738024075,1.346686095957697,0.0888380708643117
-6.221,-5.481,-6.221,-5.481,6.759676221686107e-07,4.732366263281281e-06,17.733742616495334,33.213748464016774,1.367384768614072,0.0560650684455297,-6.221,-5.481,7.360056804202702e-07,5.012840230931898e-06,243.9999237777428,34.140324974403384,1.376457094196971,0.0798331463746839
-6.299,-5.348,-6.299,-5.348,5.17921355668407e-07,4.137043490923982e-06,14.966249179912436,29.110125644996504,1.3280619705039405,0.0712476025088307,-6.299,-5.348,6.222421362099992e-07,4.85359728757441e-06,250.53491961414755,29.810277930947347,1.3359825170893922,0.1046946562768081
-6.378,-5.214,-6.378,-5.214,5.707114391334419e-07,4.356181946943571e-06,14.108357806466431,30.463578249022596,1.335128409018757,0.0713922627821151,-6.378,-5.214,7.079280647000452e-07,5.161386742688603e-06,269.95871038994585,31.89283126782719,1.3566387843447358,0.0772863454930371
-6.456,-5.081,-6.456,-5.081,7.198793700328893e-07,5.233923502182463e-06,18.9480744763221,31.981785392825845,1.364953294088945,0.0568382485981471,-6.456,-5.081,7.549080832576838e-07,5.434318525614786e-06,295.4484365782725,32.30125027639694,1.3654654253852243,0.0893965534756785
-6.535,-4.948,-6.535,-4.948,6.142435705354794e-07,4.631906707965629e-06,18.80428370310752,30.835511951065133,1.3448210717741615,0.0616488193306734,-6.535,-4.948,8.441511065999561e-07,5.7178127066577785e-06,326.4989966109736,34.32895759899881,1.3730449657796016,0.0725770053006721
-6.614,-4.815,-6.614,-4.815,6.277111107401657e-07,4.702836124416831e-06,18.441839355011897,31.03632692748561,1.3379343788968836,0.0625520902173388,-6.614,-4.815,7.393794395116579e-07,5.57147682426435e-06,333.17510944815655,30.857972587682927,1.3479567165866095,0.0839487496432762
-6.693,-4.682,-6.693,-4.682,6.893223917784498e-07,4.912089129674967e-06,20.64522166560449,32.630707881399,1.3497635616801409,0.0802454550253663,-6.693,-4.682,8.417003923161663e-07,6.000369817116577e-06,369.5847457993765,32.617439038077045,1.3636373063244602,0.0780401404406856
-5.86,-5.461,-5.86,-5.461,6.465747184423654e-07,4.797918721186426e-06,19.848067673963392,31.335467642548217,1.3399296821005235,0.0612276076577544,-5.86,-5.461,6.322853802529435e-07,4.90920532799562e-06,256.1193047620752,29.94830799290522,1.3353761648272449,0.0838061801755322
-5.939,-5.326,-5.939,-5.326,5.445016244198171e-07,4.49206650416074e-06,17.68489884316436,28.185344668835093,1.3025385958819566,0.0695192307074362,-5.939,-5.326,6.833959275164578e-07,5.044425638725569e-06,269.82117574557924,31.501483727223164,1.337002690893828,0.0771311293741176
-6.017,-5.192,-6.017,-5.192,6.226015546488684e-07,4.925469525657209e-06,19.23163150421471,29.392255349365684,1.326832269213433,0.0511545902889787,-6.017,-5.192,7.115807368925622e-07,5.375602074887269e-06,309.5697036574337,30.77991509553381,1.3457651289165282,0.0910548938664836
-6.095,-5.058,-6.095,-5.058,6.836084445648536e-07,5.186505445542076e-06,21.58680293837923,30.64805569881967,1.3332595578117952,0.0767431576302915,-6.095,-5.058,6.9473724561313e-07,5.452661851806261e-06,324.9613737167187,29.626637552403427,1.335329731898701,0.0773187802079428
-6.174,-4.924,-6.174,-4.924,6.306524913771286e-07,5.117498000418624e-06,21.422703537893877,28.655156300633237,1.3174943694573398,0.0604492646577611,-6.174,-4.924,8.07213754505125e-07,6.164627834347962e-06,374.451544705552,30.447527973836127,1.3445806259474236,0.075738118896285
-6.253,-4.791,-6.253,-4.791,6.757381894379123e-07,5.27826663571594e-06,24.76448909253225,29.768536646858703,1.324428646313931,0.0743026686257975,-6.253,-4.791,7.771766109237455e-07,5.96109376946658e-06,386.5432102600197,30.315456767253497,1.3351367978242337,0.0879157759138479
-6.333,-4.657,-6.333,-4.657,7.096613536054457e-07,5.776992730288201e-06,23.60666510945824,28.56404323908504,1.3179883495943765,0.0688286091609913,-6.333,-4.657,9.062123257982192e-07,6.584619749703189e-06,436.1283238334775,32.00144671184101,1.3543872483659327,0.0802686377967269
-4.605,-3.38,-4.605,-3.38,1.4049391163744996e-06,1.1532226783906105e-05,81.33118255956666,28.32791936833016,1.271554811821218,0.0627908157821477,-4.605,-3.38,1.5395809771630729e-06,1.3407984729035294e-05,1987.1081855417435,26.699884170062248,1.2652142132390187,0.0785956883148497
-4.684,-3.248,-4.684,-3.248,1.3232922863628302e-06,1.1725015153343644e-05,94.55257283391012,26.242953799050117,1.258807693496026,0.063731198541501,-4.684,-3.248,1.62828587645558e-06,1.353956567609553e-05,2070.816121190157,27.96380533691836,1.2788510185025004,0.0811793436206426
-4.764,-3.117,-4.764,-3.117,1.1993083331475425e-06,1.1506434871052152e-05,81.47298239341765,24.235970503619768,1.2458685014112685,0.0640080919677525,-4.764,-3.117,1.724854234964405e-06,1.4329126514318838e-05,2247.179649530461,27.99000846170784,1.2866733669537074,0.07760916301331
-4.843,-2.986,-4.843,-2.986,1.4188039343185635e-06,1.2285174924098308e-05,82.74931950114014,26.854148553703265,1.272372259490726,0.0654649905176596,-4.843,-2.986,1.656152316319707e-06,1.4214641756410244e-05,2277.3516604644715,27.09160313736624,1.27378712287755,0.0902660318347343
-4.923,-2.855,-4.923,-2.855,1.442315388384394e-06,1.21661729860444e-05,76.36890535775976,27.56618062263548,1.2857232099647251,0.0565426454226293,-4.923,-2.855,1.6770809769045124e-06,1.4470535818591968e-05,2338.930018575777,26.948820878382787,1.278761267045778,0.076150224620037
-5.003,-2.724,-5.003,-2.724,1.416850324545237e-06,1.2053862278136798e-05,80.51041722496895,27.33179133616948,1.2740527133382502,0.0671734349205659,-5.003,-2.724,1.7234330035941386e-06,1.486887817269581e-05,2462.3198817111856,26.951723955052305,1.2812609930018843,0.0909947076094075
-5.083,-2.593,-5.083,-2.593,1.2275564037785095e-06,1.1219005940046371e-05,69.76052449613071,25.442361898168123,1.264744661972523,0.0695365841354184,-5.083,-2.593,1.916021273043926e-06,1.5521178599075737e-05,2601.210767701062,28.704235065466488,1.3024938152747556,0.0784548875125149
-4.254,-3.34,-4.254,-3.34,1.227958936601708e-06,1.1903188095919162e-05,77.93599916059617,23.98782629139894,1.2300329834769124,0.0654119486845465,-4.254,-3.34,1.4636228561520203e-06,1.3411160062982104e-05,2148.4824499725,25.376585417462877,1.24701969497382,0.0839903815892987
-4.333,-3.208,-4.333,-3.208,1.310949641598275e-06,1.223624681547418e-05,82.20258132379443,24.911973213329365,1.2485919814401087,0.0644160969532522,-4.333,-3.208,1.5886535015222266e-06,1.45203283210959e-05,2396.784963257817,25.44035079820512,1.2531157161793136,0.0721514902722238
-4.412,-3.076,-4.412,-3.076,1.2752908668722832e-06,1.184842309800982e-05,83.20164086795272,25.027590641614864,1.234409841852634,0.0669477265202613,-4.412,-3.076,1.723984244713582e-06,1.506950243172548e-05,2535.8292252066103,26.601414306429856,1.2666632283005257,0.0809463151441975
-4.492,-2.944,-4.492,-2.944,1.4472674898446458e-06,1.321289678209662e-05,91.81293094020089,25.46954061648609,1.25362113797328,0.0750610910864103,-4.492,-2.944,1.9013483410273988e-06,1.5581731281404184e-05,2680.424872093467,28.373723178964784,1.2843956144620818,0.0832003533950953
-4.572,-2.813,-4.572,-2.813,1.3482927628735555e-06,1.2470921906033836e-05,109.84895776532498,25.139462697456025,1.2368979061956735,0.0646634334178914,-4.572,-2.813,1.7644057342976786e-06,1.539268301683634e-05,2722.353228612088,26.653514466964616,1.2655351982863996,0.08047205785509
-4.652,-2.681,-4.652,-2.681,1.615862939400386e-06,1.3330904541186264e-05,100.63497196033148,28.184818944101732,1.2786371508458618,0.0682541038222425,-4.652,-2.681,1.681427818695174e-06,1.5188050196198885e-05,2774.4042179793896,25.742252872662,1.2550852727043962,0.0810778599521091
-4.732,-2.55,-4.732,-2.55,1.6308800321125318e-06,1.3932391084339282e-05,102.30408324054376,27.218657847453684,1.2807485162538854,0.0645678152738817,-4.732,-2.55,1.930998494652447e-06,1.6747279108446205e-05,3040.3694461838845,26.810692060325135,1.2766502774576327,0.0765746084441729
-4.813,-2.419,-4.813,-2.419,1.2957843016669246e-06,1.1526761846872053e-05,62.8285365733506,26.13940763195894,1.2624640667378464,0.0635937615506085,-4.813,-2.419,2.097247921462624e-06,1.7298611205743924e-05,3227.3996950099377,28.19089619477857,1.2910357939896582,0.086639698575089
-4.894,-2.287,-4.894,-2.287,1.41384799834901e-06,1.1834522897187808e-05,50.98891047950381,27.779365034129597,1.2897919797223605,0.0652108216757808,-4.894,-2.287,2.118089543217979e-06,1.7638158833622107e-05,3396.826391045974,27.922957453184047,1.293701706825009,0.0809196389017278
-3.996,-3.187,-3.996,-3.187,1.3213505782079354e-06,1.3547143799112394e-05,115.56805136683558,22.67987548576367,1.2097019805840172,0.0644397399720715,-3.996,-3.187,1.6600513700572183e-06,1.5641750765186894e-05,2714.901854044235,24.67780416139977,1.2405817750510983,0.0761195814481786
-4.076,-3.054,-4.076,-3.054,1.4748009329953669e-06,1.4006426829346538e-05,109.77525825943384,24.483663073987557,1.23537649332597,0.0715331108697878,-4.076,-3.054,1.88687747462404e-06,1.6339232879099648e-05,3035.948609176458,26.852355290024946,1.2698049170362071,0.0753659076917804
-4.156,-2.922,-4.156,-2.922,1.484979278231962e-06,1.4249694507110142e-05,113.17658600297356,24.23177273722744,1.2351573350639242,0.078758050257878,-4.156,-2.922,2.0810619197267567e-06,1.7281474142322917e-05,3237.9687268987755,28.001065925120283,1.2830433348132162,0.0785156656322967
-4.236,-2.79,-4.236,-2.79,1.5800945900456788e-06,1.456326148045694e-05,146.55781704275603,25.22869500166984,1.2431790381879215,0.0707754765311479,-4.236,-2.79,1.8940043525441864e-06,1.707297529885762e-05,3265.8562585730447,25.79539059041879,1.2545550407372457,0.0758796787371486
-4.316,-2.657,-4.316,-2.657,1.483897935590246e-06,1.4230662348224872e-05,109.79985263397656,24.24651156974304,1.2323551059852724,0.0620788000543619,-4.316,-2.657,2.0258711939288288e-06,1.770022127035436e-05,3635.698247545288,26.61359118104288,1.2639432303083789,0.0806047667631597
-4.396,-2.525,-4.396,-2.525,1.5501225904303162e-06,1.4152334362987094e-05,81.8609625783916,25.468789990351056,1.2460717872170284,0.0586378990065097,-4.396,-2.525,1.8500025825417749e-06,1.7722439756441274e-05,3499.8860227794908,24.27276065565794,1.2383120190753216,0.0842338131413692
-4.477,-2.394,-4.477,-2.394,1.5360662773901251e-06,1.3550774015892464e-05,71.428158044726,26.3582273550306,1.2590362827003,0.0709606795735844,-4.477,-2.394,2.262760442505354e-06,1.8421754541357423e-05,3885.2989711362425,28.56129757544168,1.2928180473538426,0.0756666480174027
-4.558,-2.262,-4.558,-2.262,1.4460869461749857e-06,1.2556895252401944e-05,51.54814010441758,26.778267886956115,1.271019410996165,0.0667203537862669,-4.558,-2.262,2.3410271394296075e-06,1.8943334325008217e-05,3975.502493629098,28.73560677251939,1.294713507099571,0.0844134425000299
-4.639,-2.13,-4.639,-2.13,1.3995187970464072e-06,1.3088882917608622e-05,59.54743223907945,24.862597576348072,1.2581996894119838,0.0607593213830294,-4.639,-2.13,2.3245050365760023e-06,1.8985643908972568e-05,4032.208108264478,28.469216035304687,1.2928297094197032,0.0701786762896479
-3.796,-2.895,-3.796,-2.895,1.3176289438232764e-06,1.340794621694334e-05,103.1673750655388,22.85078976116612,1.2024415622044504,0.0686871025702634,-3.796,-2.895,1.94490014126838e-06,1.9000931614385683e-05,3818.340079196613,23.800866070760136,1.2311149906820154,0.0758341521192006
-3.876,-2.762,-3.876,-2.762,1.3103069783629418e-06,1.2412315047131255e-05,41.25330460898557,24.54655849727424,1.224455555868952,0.0731896408425608,-3.876,-2.762,2.0485969222483905e-06,1.881370089460495e-05,4049.2000468137194,25.31935443217569,1.2416881789087564,0.0739012053319761
-3.957,-2.629,-3.957,-2.629,1.621315203863748e-06,1.517384803444994e-05,73.09430536960714,24.84517571418477,1.234259177229713,0.0671564149869524,-3.957,-2.629,2.180765767667749e-06,2.0244995720577294e-05,4396.398478965602,25.04734394905887,1.246597221440915,0.0785853360060624
-4.037,-2.497,-4.037,-2.497,1.7401814473715125e-06,1.571808687645708e-05,142.1364682507454,25.74335803902688,1.2398147264392634,0.0585039389984322,-4.037,-2.497,2.065314569402031e-06,1.9155393238811663e-05,4383.278094548923,25.07064367017999,1.2304884667883784,0.0943350038043229
-4.118,-2.364,-4.118,-2.364,1.882251018076731e-06,1.6101553585770903e-05,142.30380503454322,27.181918538206805,1.2656612097658864,0.0626443982747538,-4.118,-2.364,2.053073759505921e-06,1.9526598463695503e-05,4415.826300170957,24.44827962571555,1.2397534677831306,0.0803987570171386
-4.199,-2.232,-4.199,-2.232,1.6163191170162792e-06,1.545741342616482e-05,91.42147065643242,24.314236370752003,1.2402083666378754,0.0662480627565728,-4.199,-2.232,2.578189709259257e-06,2.145486739772811e-05,5016.242597908619,27.942121932086557,1.2734684660295592,0.0796130040410176
-4.28,-2.1,-4.28,-2.1,1.3626592028989314e-06,1.0918174276862916e-05,14.746720707392976,29.020679633246395,1.2971093278539407,0.0580850195341357,-4.28,-2.1,2.644241003665373e-06,2.202079441518343e-05,5180.681633466838,27.921477811606977,1.2714949069203498,0.0775246960433479
-5.677,-3.989,-5.677,-3.989,8.186892987418447e-07,7.169338696072237e-06,44.11235391339877,26.55280238466056,1.2806784711654713,0.0592330562698252,-5.677,-3.989,1.1054200422826592e-06,8.607903225252338e-06,830.7863263561961,29.86072213686015,1.3203601685773076,0.0796271758759366
-5.756,-3.857,-5.756,-3.857,1.0411348736905983e-06,8.144173352288489e-06,49.82214647292928,29.72557964896956,1.3206024563508048,0.0740579716409503,-5.756,-3.857,1.1346048495996163e-06,8.9822510983539e-06,888.9069723871579,29.37174786981285,1.327151216404962,0.0765225226136114
-5.835,-3.726,-5.835,-3.726,1.0214590395383649e-06,7.749672973975854e-06,35.88639424890527,30.648408494553983,1.3277648353313305,0.0620663975096402,-5.835,-3.726,1.1518724449680046e-06,9.333399727937172e-06,949.2727927152328,28.696892494232884,1.3153953389899364,0.0852131890293755
-5.915,-3.595,-5.915,-3.595,8.893019998018284e-07,7.603908981299e-06,35.23784169036802,27.19460197457525,1.297880595292027,0.063190452463151,-5.915,-3.595,1.1756815858280228e-06,9.365265673780992e-06,940.3364898489992,29.19039432012444,1.3217640360154086,0.08174957534427
-5.995,-3.464,-5.995,-3.464,9.36390425141201e-07,7.565563910801472e-06,33.71724324009878,28.77968309786819,1.309048148783247,0.0512585022014651,-5.995,-3.464,1.1737747562701684e-06,9.096005531334936e-06,949.3370573376684,30.005743811187948,1.3227434814637085,0.0753242297046307
-6.075,-3.333,-6.075,-3.333,1.0374664017110194e-06,8.38435504042244e-06,34.228720744409834,28.772309818014666,1.3192985314355057,0.0598463740261639,-6.075,-3.333,1.378003510578875e-06,1.0115939673803638e-05,1066.224792125403,31.67484080077375,1.3501371862617446,0.0734710913907921
-6.155,-3.202,-6.155,-3.202,9.47955202107277e-07,7.092840031769027e-06,29.52092432083496,31.076921922210875,1.3184816391381158,0.06506218620091,-6.155,-3.202,1.4684162231396364e-06,1.0658649913457509e-05,1150.123093428419,32.034453809733634,1.345049619633263,0.0746762115492458
-5.325,-3.95,-5.325,-3.95,9.408728464998284e-07,8.13635523683876e-06,52.90197052856665,26.888797518601518,1.2806128319536412,0.061220229359602,-5.325,-3.95,1.1771193712856663e-06,9.17194648646514e-06,939.9575047769372,29.84209730535293,1.3050199680082786,0.0847776222278688
-5.404,-3.817,-5.404,-3.817,9.819614610565362e-07,8.908866545050459e-06,65.3683738367324,25.629630068768225,1.2717975661333518,0.0599095291118924,-5.404,-3.817,1.3090745905893186e-06,1.0475422934766048e-05,1122.1558619076825,29.05782972785229,1.309050257150431,0.0805923792169853
-5.484,-3.686,-5.484,-3.686,1.0059480564819738e-06,8.301310826963434e-06,51.33685341715967,28.177290403679567,1.2907541550328865,0.0633939887335831,-5.484,-3.686,1.3738789485834392e-06,1.0517838447399964e-05,1201.0729282194284,30.37332385393275,1.3225145262185996,0.0795529528530043
-5.563,-3.554,-5.563,-3.554,9.129884850433422e-07,8.215466731043125e-06,35.695036028073304,25.8406483692429,1.2751086801103304,0.0647963354087664,-5.563,-3.554,1.2132920134780063e-06,1.028871109088336e-05,1153.99217459551,27.42045860879489,1.291688465180561,0.0767063748340607
-5.643,-3.422,-5.643,-3.422,1.0390485567792757e-06,8.532012622645651e-06,42.47470546337717,28.31748647459588,1.293407563145074,0.0648470184823952,-5.643,-3.422,1.5108353267487875e-06,1.1079854282953804e-05,1271.4179395918943,31.706874223772687,1.3367123425967582,0.0817583429322892
-5.723,-3.29,-5.723,-3.29,1.145364240351949e-06,8.835379234863726e-06,53.86997245998431,30.143159543049507,1.3254993958617256,0.060577434021469,-5.723,-3.29,1.2704037701061064e-06,1.0143166146389638e-05,1207.2288107105735,29.12316576396922,1.3043924693369768,0.0791766275730509
-5.804,-3.159,-5.804,-3.159,1.0716685490478023e-06,8.90671356932838e-06,45.30056878653987,27.97778618739842,1.3042618440081906,0.0657300062225253,-5.804,-3.159,1.58642320538484e-06,1.1647056893715656e-05,1364.3101157559818,31.671833418632268,1.3441586164982735,0.0779827464025063
-5.884,-3.028,-5.884,-3.028,1.0236754508101528e-06,8.544596263292884e-06,33.32436004516693,27.85743264235248,1.303437625590339,0.0546699699148212,-5.884,-3.028,1.3483573255983697e-06,1.06481523937324e-05,1287.1324474766425,29.44429013955185,1.309370821942493,0.0879540341058056
-5.965,-2.897,-5.965,-2.897,1.1290255011163395e-06,8.807524698687806e-06,48.41563284658793,29.807134633697704,1.3292241689253683,0.0519445078556921,-5.965,-2.897,1.5965981638883757e-06,1.1425671191382995e-05,1390.1405928228448,32.4925840719756,1.348102888870126,0.0835565169820226
-5.068,-3.796,-5.068,-3.796,1.1406250076918276e-06,9.75570942058904e-06,63.51806408566083,27.18656764248081,1.2880783113444725,0.0633685448890148,-5.068,-3.796,1.1617085174646843e-06,1.0052456604670138e-05,1140.114335935816,26.871710631183063,1.2865899582512312,0.0912606832902756
-5.147,-3.664,-5.147,-3.664,1.28225547136946e-06,9.921741172735026e-06,76.46393953922583,30.050867595248786,1.3058784873925406,0.0561056774922967,-5.147,-3.664,1.3240635373698812e-06,1.0691566168979647e-05,1320.455407770778,28.796376650863674,1.2987155786069755,0.0740950468790703
-5.227,-3.531,-5.227,-3.531,1.186379509507595e-06,1.0099283529833491e-05,76.29921140747037,27.315139316287155,1.2891698179411766,0.0644733086826104,-5.227,-3.531,1.3597036400398543e-06,1.1041400007504724e-05,1353.3299793082358,28.634556695803195,1.305391266601908,0.0861505652931214
-5.307,-3.399,-5.307,-3.399,1.3287024065388264e-06,1.0265352931599025e-05,70.27132418608777,30.097067604664392,1.310900686943223,0.0643040946245415,-5.307,-3.399,1.2566135485951374e-06,1.1076835865495104e-05,1381.8895724355411,26.37888077570552,1.27702124704895,0.0843948270782685
-5.387,-3.267,-5.387,-3.267,1.1220808381170682e-06,9.827127491111277e-06,69.38180702998824,26.55020649452993,1.2787521350639106,0.0708939206208483,-5.387,-3.267,1.640365507378937e-06,1.2183185990305873e-05,1550.0691096212618,31.307623464716777,1.3272379673048773,0.0782344708423902
-5.467,-3.135,-5.467,-3.135,1.1593666869158723e-06,9.643620379672934e-06,59.01929718680682,27.954456872054383,1.287552729698341,0.0618995313582714,-5.467,-3.135,1.47781776771064e-06,1.1677623855242566e-05,1575.216373094266,29.42637391252429,1.3116024357303009,0.075278707175629
-5.548,-3.003,-5.548,-3.003,1.1478496266972596e-06,9.933009637014232e-06,59.43696556053039,26.87042206114532,1.2880796559625,0.0629609387591531,-5.548,-3.003,1.4144317280640777e-06,1.1803199760264318e-05,1548.946046110909,27.864585045999437,1.3079088311808529,0.0813672842571356
-5.629,-2.871,-5.629,-2.871,1.1603492249965467e-06,1.0112548226834535e-05,63.201535514906055,26.680776098613617,1.2886543354645192,0.0635163054182005,-5.629,-2.871,1.4131168977966411e-06,1.1353838842227496e-05,1532.4702426812307,28.94047878466061,1.3072666333186949,0.0907023653865325
-5.71,-2.74,-5.71,-2.74,9.809156587658794e-07,8.728750056571366e-06,53.72272886380408,26.13063460826564,1.278489983300863,0.0687180051488568,-5.71,-2.74,1.6144491876954568e-06,1.2583065972056248e-05,1739.298963816277,29.833778075009988,1.3244342558226163,0.0800868763177181
-4.867,-3.505,-4.867,-3.505,1.432408986501238e-06,1.2701507624231669e-05,113.41260000525676,26.22298408123247,1.2925984688020464,0.0521468650179534,-4.867,-3.505,1.4961126983681483e-06,1.2175807715786946e-05,1632.416514763419,28.571752252407887,1.2912485202427626,0.07723698305435
-4.947,-3.372,-4.947,-3.372,1.2175745708131002e-06,1.0759422595616502e-05,87.70850740890951,26.313399006894997,1.2667626223245363,0.0685828989791148,-4.947,-3.372,1.3655253043139172e-06,1.2068536249635004e-05,1649.4610221173955,26.3096760533568,1.2690503340855324,0.0763772725784018
-5.028,-3.239,-5.028,-3.239,1.1973435384970952e-06,1.0644671959757488e-05,64.54008875281706,26.155127427361933,1.272472484775374,0.0578421470204238,-5.028,-3.239,1.5522574828181738e-06,1.2460112303005544e-05,1741.9466875264327,28.96757586393868,1.3068259271373996,0.0772157322138938
-5.108,-3.106,-5.108,-3.106,1.2127496965174896e-06,1.064142768947895e-05,73.83024789259535,26.499740672138618,1.2704294713729765,0.0643476132605379,-5.108,-3.106,1.5543916227894326e-06,1.3095473100172366e-05,1930.6782781030072,27.60003302944159,1.2832840097137252,0.0866181881052162
-5.189,-2.974,-5.189,-2.974,1.288304459349938e-06,1.0879997213155264e-05,53.725048273396965,27.53341454109015,1.2884441271981937,0.0582960706644139,-5.189,-2.974,1.7127324908820866e-06,1.3273484588815096e-05,1999.5846485251493,30.00370827039309,1.309837809691373,0.0796759946194592
-5.27,-2.841,-5.27,-2.841,1.3908062196299355e-06,1.0599264016795368e-05,52.45333840678018,30.511338606943884,1.321509569476501,0.0656612798418512,-5.27,-2.841,1.8074463052450657e-06,1.3775661855306436e-05,2100.853290099275,30.50867019338498,1.3218426329460784,0.0818255770089541
-5.351,-2.709,-5.351,-2.709,1.1838344370969703e-06,9.951501417638945e-06,39.01559815971523,27.661307691268156,1.275729659864798,0.0664707200322115,-5.351,-2.709,1.8803171364983928e-06,1.467035959957092e-05,2259.559770578213,29.803048685095167,1.3211217811292697,0.0802034471539348
-6.751,-4.595,-6.751,-4.595,6.980060026020912e-07,5.313374760869422e-06,22.99336881811532,30.546331214757483,1.3413205627483828,0.0661790128150944,-6.751,-4.595,8.945388783410835e-07,6.208696590947316e-06,380.8451502451266,33.501876324624696,1.374731874325947,0.0788750465738926
-6.83,-4.463,-6.83,-4.463,5.954550508248976e-07,4.860517800039564e-06,19.694429074038084,28.48634915321479,1.3194428529299262,0.0712325392142585,-6.83,-4.463,7.907583431020015e-07,5.980309805718807e-06,373.3452111498431,30.74612917263781,1.3525465273184467,0.0772800110744077
-6.91,-4.332,-6.91,-4.332,7.186192952417425e-07,5.123344993298706e-06,18.854449311845823,32.614867643785345,1.3577600032213084,0.058356586930061,-6.91,-4.332,8.818407301858754e-07,6.326566051750939e-06,401.0017907938281,32.41100180224908,1.3672004222598746,0.0831363717463874
-6.989,-4.201,-6.989,-4.201,6.094879968379062e-07,4.713908292499706e-06,12.585156365642217,30.06452699403654,1.3362854520407557,0.0605222977564025,-6.989,-4.201,8.63694574922352e-07,6.583881036823916e-06,446.19330049906335,30.50342208215212,1.3527697689154856,0.080541345592358
-7.069,-4.069,-7.069,-4.069,6.786737347744463e-07,5.093773256930835e-06,16.440850265193983,30.98073953988049,1.3516959229712506,0.064112536026577,-7.069,-4.069,8.788323114732073e-07,6.342524969768673e-06,418.5722595264144,32.219157354446374,1.3632447414679272,0.0854251737444863
-7.149,-3.939,-7.149,-3.939,7.826480272915395e-07,5.315131073046127e-06,17.197020858920215,34.23914125132171,1.3897604410105855,0.0644709624644863,-7.149,-3.939,9.452692450148e-07,6.638746579401782e-06,447.5485649799651,33.108521326039686,1.3709891991902612,0.0800228156123536
-7.229,-3.808,-7.229,-3.808,7.006408992049046e-07,4.976389781053162e-06,11.653571006263734,32.7379471451986,1.369515393006504,0.0663424844459053,-7.229,-3.808,9.489426055495056e-07,6.645509917873311e-06,463.1583264858612,33.20335609358452,1.3791245274826844,0.0708999644074095
-6.399,-4.556,-6.399,-4.556,7.160651137093416e-07,5.5378593885202405e-06,21.217653301215723,30.06636592912233,1.3296464339082574,0.0609873906143149,-6.399,-4.556,8.443135373805038e-07,6.172424305997742e-06,401.315113414348,31.80667911192547,1.3455038581211307,0.0760341720521753
-6.478,-4.424,-6.478,-4.424,6.223823580354941e-07,5.162802150492442e-06,22.18916977898428,28.031228976263844,1.3026295536462575,0.073427821084653,-6.478,-4.424,8.783687319309558e-07,6.601807401878574e-06,468.2003526397305,30.93743933849333,1.3429434223616823,0.0841641760887228
-6.558,-4.292,-6.558,-4.292,7.717317242476709e-07,5.818198744568793e-06,26.000329549260048,30.84239883043612,1.3492952265675295,0.0606793701323513,-6.558,-4.292,9.175628114224716e-07,6.699101573770728e-06,482.359068990832,31.848544402396648,1.3516279376818778,0.0747438476743345
-6.637,-4.16,-6.637,-4.16,6.844708556715415e-07,5.470199421232764e-06,22.644792017505463,29.09525375303665,1.3161030231739943,0.0730272790843631,-6.637,-4.16,9.873121331038464e-07,6.835302476405577e-06,502.0348173489605,33.586680572163985,1.3615094492989734,0.0817758218308738
-6.717,-4.028,-6.717,-4.028,8.325082138398766e-07,6.150504927394779e-06,26.55480343277556,31.473721959822228,1.3533257009310948,0.0614075568542688,-6.717,-4.028,9.162053517538031e-07,6.809371082494117e-06,511.5155545075915,31.28644151320535,1.3523962793947453,0.0798256239382201
-6.797,-3.896,-6.797,-3.896,8.859886670665038e-07,6.112475859041481e-06,23.381127301071785,33.70399311536292,1.3705008162886156,0.0490373452057706,-6.797,-3.896,1.0408109966503957e-06,7.482109371375872e-06,557.1185663381283,32.34582014466783,1.362062120402895,0.0834988076615398
-6.877,-3.765,-6.877,-3.765,7.741356907195314e-07,5.792163733486583e-06,18.589190873149576,31.077538142068494,1.3487453797648803,0.0614594683133763,-6.877,-3.765,9.531879765520904e-07,6.998128365672387e-06,543.7488421131151,31.67138084874895,1.3539532183996013,0.0788186646912535
-6.958,-3.634,-6.958,-3.634,8.213336653926601e-07,5.624251733628282e-06,13.974866265901412,33.95667992995568,1.3808863499280517,0.0593492785230902,-6.958,-3.634,9.763615353782252e-07,7.195561077041424e-06,551.9671851833057,31.55123369118743,1.3552774398582974,0.0796277915963451
-7.039,-3.503,-7.039,-3.503,7.242061793469867e-07,5.237481669058719e-06,9.804825932014271,32.15215284643605,1.3583056560328477,0.0566453728037137,-7.039,-3.503,1.1302433271257369e-06,7.865731151606107e-06,615.3822262426254,33.412056026785805,1.3777636925895267,0.0783360684932835
-6.141,-4.403,-6.141,-4.403,6.959033218402174e-07,5.69062591187892e-06,25.74368828955337,28.435392027758613,1.3093187015453245,0.0673809793664706,-6.141,-4.403,8.116777117015447e-07,6.541496138435633e-06,490.51625649838087,28.852063464916466,1.3182797990926851,0.0989205964330782
-6.221,-4.27,-6.221,-4.27,7.489412535845322e-07,6.135519852350816e-06,29.969974855444963,28.383551464226887,1.3077577684054758,0.066534264716346,-6.221,-4.27,9.510741966585626e-07,7.161771892548313e-06,548.7469389734713,30.879073581214925,1.3298830314712369,0.0877538770026087
-6.3,-4.138,-6.3,-4.138,7.01180111705457e-07,5.848980956293302e-06,25.34867922076557,27.87531151692298,1.3120449813117048,0.078002466390336,-6.3,-4.138,1.1041606381333697e-06,7.84025182073983e-06,614.1530592912866,32.74708119616023,1.3515730476700036,0.0824054028801433
-6.38,-4.005,-6.38,-4.005,9.416324658907372e-07,6.753607165155718e-06,28.598002818754523,32.420221361670365,1.3492013487131167,0.0678023839856737,-6.38,-4.005,1.0052504083839651e-06,7.682076615812075e-06,626.208830069036,30.427479014986844,1.3433615339226397,0.0750951592864558
-6.461,-3.873,-6.461,-3.873,8.58517336615333e-07,6.39694509696355e-06,20.3004109864424,31.20662439906532,1.348835774099131,0.0550686437868878,-6.461,-3.873,9.931403382525764e-07,7.79685302883298e-06,631.4386373870444,29.618401886586497,1.3292178763298337,0.0839688198135366
-6.541,-3.741,-6.541,-3.741,7.857472249404426e-07,6.040103782615544e-06,23.03957112956445,30.248845423971936,1.3346687783399038,0.0612570392514485,-6.541,-3.741,9.549771596556804e-07,7.474894664640199e-06,610.5228806875593,29.706962991004875,1.3268320636787512,0.09140122458781
-6.622,-3.609,-6.622,-3.609,8.738033320957295e-07,6.448602118072006e-06,24.73605010939834,31.507827743979103,1.3557365403990462,0.0583148458394349,-6.622,-3.609,1.0457625227116337e-06,7.800709969173698e-06,672.068518683762,31.172331804263404,1.347388731018854,0.0841991404286872
-6.702,-3.477,-6.702,-3.477,8.018556303922646e-07,6.264797592544931e-06,20.43417201326736,29.761820055395678,1.3353480087581548,0.0624878732887459,-6.702,-3.477,1.1786280216821804e-06,8.450554517352556e-06,724.7492588433745,32.43111661610748,1.3630497037085654,0.0745287562060579
-6.784,-3.346,-6.784,-3.346,7.981541638981051e-07,5.945503169155935e-06,12.39335013025834,31.215372102168843,1.3515687919707378,0.0550758197065435,-6.784,-3.346,1.2684864398434443e-06,8.508189512238216e-06,726.5891686802061,34.667220411137144,1.387505971818649,0.0814828874820583
-5.941,-4.111,-5.941,-4.111,8.07398154915026e-07,6.73906401935668e-06,38.07792607870348,27.858550633920714,1.3003134420366924,0.0577220339283249,-5.941,-4.111,1.0016119330927906e-06,7.880949289874883e-06,689.3306840439241,29.552301205425813,1.3199944077556507,0.0760790892598373
-6.021,-3.978,-6.021,-3.978,8.604168144688557e-07,6.794888012980346e-06,34.670342566584274,29.44400840078829,1.3153979410564998,0.0670236107790973,-6.021,-3.978,1.0214095611357412e-06,8.102229776083736e-06,724.1157466620211,29.31336737976924,1.3263664473684416,0.079642239693274
-6.101,-3.845,-6.101,-3.845,9.293231050024816e-07,6.941637225972131e-06,26.08702309986741,31.12971674142515,1.330875677985279,0.051814050989577,-6.101,-3.845,1.1052802208011935e-06,8.36195138462263e-06,736.2477749507996,30.735133765653853,1.335983681125215,0.0815081475767049
-6.181,-3.713,-6.181,-3.713,9.01936407401054e-07,7.019424851153814e-06,23.95444702494314,29.87753312695658,1.33173311841162,0.0600540473467592,-6.181,-3.713,1.2016557938856567e-06,9.015866879311748e-06,844.2328352320534,30.991524615215056,1.338343794312577,0.0889995162535926
-6.262,-3.58,-6.262,-3.58,8.894312992757715e-07,6.896902103773683e-06,27.987769970603782,29.98670134703283,1.3213627927760914,0.0719415354333573,-6.262,-3.58,1.127888940869091e-06,8.540107283085391e-06,810.4203890972859,30.709543416242024,1.333748710284473,0.0858832978239757
-6.343,-3.448,-6.343,-3.448,8.285385331315915e-07,6.88577068025065e-06,32.33008670136957,27.978891464837226,1.3085297460610932,0.0616521755190074,-6.343,-3.448,1.1681800255578084e-06,8.855514183361137e-06,865.3870596643236,30.67371235759834,1.3408478422909471,0.0800382115138102
-6.424,-3.315,-6.424,-3.315,8.344098927378025e-07,6.810766007697196e-06,21.865874988007626,28.48746680930745,1.320763879318635,0.0528488351445366,-6.424,-3.315,1.272106214626953e-06,9.1655031738112e-06,872.8837373935023,32.2728567094112,1.3651439443745164,0.0837721923156869
-7.829,-5.197,-7.829,-5.197,4.8623510368144e-07,3.261448740308552e-06,8.514841695203627,34.66618895346595,1.3842248606341787,0.0652874543300703,-7.829,-5.197,5.706786286946355e-07,3.930654278853671e-06,154.51804320611774,33.759585792650896,1.388006926411094,0.0986982907644389
-7.907,-5.066,-7.907,-5.066,4.598769497787598e-07,3.3165779473637146e-06,9.785203865590072,32.24198570122173,1.3686302182195789,0.0753405006163309,-7.907,-5.066,5.569878330209593e-07,3.964040816170222e-06,159.61299907152986,32.672166861867645,1.381725048928394,0.0880431347775083
-7.987,-4.934,-7.987,-4.934,5.39397261392114e-07,3.449918688034299e-06,8.075252150310373,36.3555086730037,1.404657686415699,0.0589057221351482,-7.987,-4.934,6.869258689687488e-07,4.243504529786693e-06,171.31232421669827,37.64051434354381,1.4248561608170716,0.08159280618363
-8.066,-4.803,-8.066,-4.803,4.886442520408871e-07,3.347944301177125e-06,7.234615742684096,33.93789627018896,1.3913989344294508,0.0640138777063428,-8.066,-4.803,6.868540489224914e-07,4.538028176407763e-06,186.77915728089283,35.19391835592155,1.4132014135365203,0.0766934359489776
-8.146,-4.672,-8.146,-4.672,4.887406792982713e-07,3.186531789827348e-06,6.529721814594883,35.6640434463569,1.3955553255189364,0.0767340382000211,-8.146,-4.672,6.624541947159391e-07,4.399990644951427e-06,186.54004380736652,35.0085762435582,1.4032189753369728,0.0769207934726371
-8.225,-4.541,-8.225,-4.541,5.561603280013974e-07,3.596167240116147e-06,7.431833323067898,35.96089348631166,1.4171579729664572,0.0655538925675382,-8.225,-4.541,7.310398573233635e-07,4.681745253743993e-06,198.9803759142916,36.30810850518948,1.425612001779438,0.0707007525605543
-8.305,-4.41,-8.305,-4.41,4.667447129045644e-07,3.251974704153493e-06,6.39812585130199,33.37356461965298,1.3909080763798125,0.0747338756261364,-8.305,-4.41,7.059804101632041e-07,4.635864303999221e-06,203.22541562155527,35.41051821890578,1.4150954709925962,0.0763778182977415
-7.476,-5.159,-7.476,-5.159,5.442895947283331e-07,3.827555012039862e-06,12.149145348102914,33.06579265722763,1.3776495153304122,0.0551214429477809,-7.476,-5.159,6.094043559225999e-07,4.151782664742748e-06,172.14153683386468,34.1303931141868,1.3864978720927983,0.0994624010902352
-7.555,-5.027,-7.555,-5.027,5.87901811502187e-07,3.898963167851029e-06,12.981071816773865,35.0611384232305,1.3956945389950202,0.0747807988231306,-7.555,-5.027,6.572392670171631e-07,4.598237293278825e-06,209.5133824756812,33.23551944257856,1.3874990137684464,0.073755926960631
-7.634,-4.895,-7.634,-4.895,5.405543700387042e-07,3.8265637914173005e-06,11.10691205402224,32.84738286193878,1.3814378171824342,0.0755709274410087,-7.634,-4.895,7.14285699457081e-07,4.490516561011653e-06,203.68193354537425,36.98673540604033,1.4152402645585445,0.0754616397799514
-7.714,-4.763,-7.714,-4.763,5.807290640714447e-07,3.9139380894874085e-06,9.133468290043858,34.50086293756772,1.3919229592708997,0.0529019844174909,-7.714,-4.763,7.614178404933769e-07,4.871871221231503e-06,223.70386226770648,36.341060438522746,1.4089003460776846,0.0806602017354125
-7.794,-4.631,-7.794,-4.631,5.369093881119251e-07,3.790441434741716e-06,8.104998750483308,32.936811522820925,1.36914368211106,0.0631367380754237,-7.794,-4.631,7.007296897296916e-07,4.7836605272895e-06,225.0714474444405,34.061244677857886,1.3947920435533618,0.0802853614523965
-7.874,-4.499,-7.874,-4.499,5.817998852006837e-07,3.825881649795344e-06,10.264410821937563,35.36001555616241,1.4008630517321423,0.0663020737179741,-7.874,-4.499,7.532454473458915e-07,4.741458010279091e-06,224.66289689923747,36.93983524987102,1.412842458928727,0.0986621153844985
-7.954,-4.368,-7.954,-4.368,6.190273201059314e-07,4.150847881598592e-06,9.48208442972824,34.677145947829736,1.3982563551993854,0.0582411635838163,-7.954,-4.368,7.302299422273235e-07,5.060660741488617e-06,253.63249937501,33.55233585718822,1.386199660834339,0.07192888419107
-8.034,-4.236,-8.034,-4.236,7.846139602344262e-07,4.422625416256381e-06,11.174011902637483,41.2521151344395,1.4329930653549203,0.0654930779317038,-8.034,-4.236,7.765769560556872e-07,5.12332195254749e-06,254.9785089026266,35.24546127592851,1.409725187401564,0.088665101467915
-8.115,-4.105,-8.115,-4.105,5.693978208634999e-07,3.8455524960612495e-06,7.097176856846311,34.42923745459371,1.4036215303014086,0.0715327257689251,-8.115,-4.105,8.297507025650551e-07,5.261032320149836e-06,265.89913256748326,36.67304797269646,1.4114260764158757,0.0899385261062587
-7.218,-5.006,-7.218,-5.006,6.368798500309341e-07,4.368484783939092e-06,14.474259690208894,33.899791639723645,1.3897803784093037,0.0516792839426229,-7.218,-5.006,7.196843719900892e-07,5.16259027817226e-06,251.37868518099668,32.41490554158396,1.310390152414553,0.0652324333172094
-7.297,-4.874,-7.297,-4.874,5.367902112768226e-07,4.044169626997029e-06,12.10905470751223,30.86352823908678,1.3545366760355542,0.0585814330149056,-7.297,-4.874,6.424663736832176e-07,4.702399802264078e-06,236.17896024518055,31.768828412792097,1.3625553520100029,0.0891661438730739
-7.377,-4.741,-7.377,-4.741,6.565862034049964e-07,4.44582475662449e-06,14.305838793958594,34.34074878358685,1.387392505567273,0.0542898833868868,-7.377,-4.741,7.561643936935628e-07,5.190559875719495e-06,262.2653558500156,33.87445883271736,1.3868385328065755,0.0839031574601137
-7.457,-4.608,-7.457,-4.608,5.981463672563109e-07,4.297485903210047e-06,12.615869719077605,32.36408672509016,1.365089875368959,0.0600377382287899,-7.457,-4.608,7.365666483522142e-07,4.959171411910177e-06,250.33917334503624,34.53609879150831,1.3828685924859243,0.0814759424230833
-7.537,-4.476,-7.537,-4.476,6.302958029192914e-07,4.258769644850067e-06,11.620223264268082,34.41364012986846,1.3803288043690154,0.0679681179383644,-7.537,-4.476,7.391460264494765e-07,5.159546931544647e-06,268.7209766088435,33.31110404407661,1.3673287902154745,0.0982075853194816
-7.617,-4.344,-7.617,-4.344,6.898797085406705e-07,4.608772074827063e-06,15.184426412970472,34.806350403261426,1.4013034744989803,0.0515535321892402,-7.617,-4.344,9.204611503121718e-07,5.881387586110559e-06,315.97142161838764,36.39116928154016,1.418925803911037,0.0824052857257507
-7.698,-4.212,-7.698,-4.212,6.109783783168319e-07,4.126008509283695e-06,10.518942616336934,34.43230286491351,1.3910559080807283,0.0664928550028086,-7.698,-4.212,7.377954803795629e-07,5.408119445711576e-06,295.89952487011766,31.721963642260203,1.3722338529982658,0.0826782048757233
-7.779,-4.08,-7.779,-4.08,7.2533300918759e-07,4.699454825922152e-06,12.87632651156108,35.88891348659662,1.4048689434764126,0.0625698679896223,-7.779,-4.08,7.650206397431843e-07,5.400825014373644e-06,304.1011731759496,32.936950977181844,1.3835918690459352,0.0817672018652017
-7.86,-3.948,-7.86,-3.948,6.760731823069771e-07,4.308215621911293e-06,9.596107672914744,36.48939187702692,1.4092047910041017,0.0770318526786822,-7.86,-3.948,8.141723987504072e-07,5.314156309159412e-06,300.941030852313,35.62479700663921,1.4002119681815337,0.0926424830646347
-7.017,-4.715,-7.017,-4.715,5.913896202010488e-07,4.393563559410923e-06,16.79589590232744,31.298759990673595,1.3477072318686278,0.0560102796127125,-7.017,-4.715,7.713903909874822e-07,5.475292934223863e-06,302.36576637043163,32.75949609751914,1.3673615541117885,0.0840453924242924
-7.097,-4.582,-7.097,-4.582,5.637063448854743e-07,4.400539449476739e-06,13.079731391376898,29.786354370343684,1.333000596011417,0.0607287006489673,-7.097,-4.582,7.630232268866529e-07,5.299877960576052e-06,306.2997258452486,33.47666887564717,1.3700839610260258,0.0758785540588659
-7.177,-4.449,-7.177,-4.449,7.542018022364795e-07,4.850155731183535e-06,16.580681079540437,36.15781930318728,1.387595414992174,0.0638236232658884,-7.177,-4.449,7.359450672228467e-07,5.4094537207147165e-06,314.0468870081164,31.634599214187972,1.3518933786858875,0.0817550201001775
-7.257,-4.316,-7.257,-4.316,6.429488819881345e-07,4.530796079554617e-06,13.379402098171964,32.99683438505055,1.368442386566792,0.0585396416824656,-7.257,-4.316,8.243310972184417e-07,5.623883001050982e-06,337.84109929390445,34.08283829489343,1.3704640334907283,0.075358089352375
-7.338,-4.183,-7.338,-4.183,6.205374366513247e-07,4.654977426804329e-06,12.614817056254978,30.9970779617198,1.3482152153968538,0.0642229630657567,-7.338,-4.183,8.629427525947424e-07,6.00202548118331e-06,358.28279452926347,33.43139496286502,1.3829620547688048,0.0793920656494014
-7.419,-4.051,-7.419,-4.051,6.455632421816171e-07,4.557668205070554e-06,8.269117707802636,32.93566494784685,1.378576268936161,0.0587972628244397,-7.419,-4.051,8.649037389397384e-07,6.047711742502796e-06,370.5701300509846,33.254240956012865,1.383142545474706,0.0783812783756068
-7.5,-3.918,-7.5,-3.918,6.618335152848079e-07,4.47902345191026e-06,10.329176531956316,34.35862435227103,1.3905091089569843,0.0556590260606563,-7.5,-3.918,9.368247791044696e-07,6.154667753528853e-06,380.8012110371176,35.39354825473118,1.3943449614375591,0.0843460207383565
-5.763,-2.664,-5.763,-2.664,1.238478720591696e-06,9.656079222747142e-06,44.51257730462919,29.82346337470886,1.3238173827283712,0.0748436286448751,-5.763,-2.664,1.7018193939638692e-06,1.2907790463195223e-05,1797.7068109916445,30.65715922052452,1.336291314400591,0.0828157023100313
-5.844,-2.534,-5.844,-2.534,1.067248832430096e-06,8.459809195332707e-06,38.520168670390994,29.334282357330867,1.3206067724224886,0.0626949057096917,-5.844,-2.534,1.690425462014158e-06,1.234563268808122e-05,1719.8773114558835,31.838531007916465,1.3465686403515431,0.068742885268657
-5.925,-2.403,-5.925,-2.403,1.2796580907958855e-06,9.960647948101236e-06,55.0585161479563,29.87285314799075,1.335170861088316,0.0703245772455493,-5.925,-2.403,1.9562832340299504e-06,1.3410072208771493e-05,1847.329696471308,33.9211809876308,1.3704283071533068,0.0693911908597798
-6.006,-2.273,-6.006,-2.273,1.064427692688394e-06,8.550791597345866e-06,36.00146745490238,28.94544233008301,1.319195404129487,0.0593298690251484,-6.006,-2.273,1.8482380315038228e-06,1.3866998372832323e-05,1898.5945430572085,30.9917275535366,1.3544652658289786,0.0731418952271597
-6.088,-2.143,-6.088,-2.143,1.3238442774370334e-06,9.565704689894629e-06,43.54912924609923,32.180314244631106,1.3620553865606984,0.0648243205405325,-6.088,-2.143,1.8369240865923929e-06,1.3842822972168171e-05,1963.8705373729856,30.85580572454228,1.3471649065300144,0.0917567706112133
-6.17,-2.014,-6.17,-2.014,1.2608158719454378e-06,8.941584979789904e-06,37.66538357637427,32.78743982529771,1.3603771086148704,0.0751221356020617,-6.17,-2.014,2.165911033221821e-06,1.4179933770474294e-05,2049.5535478174897,35.51703954064367,1.396474057603637,0.081475812309638
-6.252,-1.884,-6.252,-1.884,1.2114501606173797e-06,7.539069270328107e-06,17.787019017731126,37.36441316340803,1.4092854752851278,0.067742921366595,-6.252,-1.884,2.3523735464726428e-06,1.5966127206007286e-05,2327.1192996684995,34.25918675099406,1.39903581994035,0.0768035429175806
-5.412,-2.62,-5.412,-2.62,1.2041351610011668e-06,1.0330309168391928e-05,46.946531872638936,27.10392995157395,1.2854631726998271,0.0662637889662055,-5.412,-2.62,1.7853508508319597e-06,1.3945284213827394e-05,2161.646059374702,29.769158098172383,1.3101758980495335,0.0892357484462488
-5.493,-2.489,-5.493,-2.489,1.429809647775192e-06,1.1035962629445736e-05,49.70759039617441,30.12578342254868,1.322612908364883,0.0646032619898096,-5.493,-2.489,1.8629079377965024e-06,1.46083784023916e-05,2271.6594631936086,29.652391869932316,1.3091046964438688,0.0706670987617865
-5.574,-2.358,-5.574,-2.358,1.4053208651157633e-06,9.974447857652109e-06,35.25877457789411,32.76098701434559,1.3421437615665663,0.0617900520060738,-5.574,-2.358,1.812602637208998e-06,1.4475743489430116e-05,2251.2820356812,29.116024510535414,1.3184520750627673,0.0780908154468077
-5.656,-2.227,-5.656,-2.227,1.188206736808899e-06,9.14917665988925e-06,28.5790535948484,30.19815045555521,1.3288610060533474,0.0543091646025327,-5.656,-2.227,2.132099179881547e-06,1.52935020637736e-05,2407.5968062293664,32.41684949406452,1.3474585025964814,0.0813840902159419
-5.738,-2.097,-5.738,-2.097,1.334682337286559e-06,1.0361078547091372e-05,53.4324058510548,29.95320471496624,1.3266138559736664,0.0650663743124503,-5.738,-2.097,1.8845835828029289e-06,1.440648766156008e-05,2297.8943129595827,30.41778875475624,1.3290527674754014,0.0961896443856539
-5.819,-1.966,-5.819,-1.966,1.1912602583429534e-06,9.523968837084796e-06,34.77933498980127,29.084328108191976,1.3228150255722355,0.0971310509298593,-5.819,-1.966,2.004981534227651e-06,1.5280674236995522e-05,2402.989600905516,30.50971898114937,1.340750911475436,0.091971685045487
-5.902,-1.836,-5.902,-1.836,1.1403615454700496e-06,8.561953066435401e-06,27.08420737347768,30.969918937261507,1.3485589963183169,0.0607363119875345,-5.902,-1.836,2.136972262912354e-06,1.544687046752409e-05,2513.7595807999105,32.16834575825827,1.3572549466057318,0.087242761524011
-5.984,-1.706,-5.984,-1.706,1.1545562837357812e-06,8.219640071017507e-06,20.061384192317256,32.66123904286293,1.3735581807228463,0.0611433443774946,-5.984,-1.706,2.329718550712281e-06,1.574541998551386e-05,2594.3430000541557,34.40484107921677,1.3876271951290082,0.0816975666672335
-6.067,-1.576,-6.067,-1.576,8.920920172322501e-07,6.1789961811020896e-06,9.605240991788504,33.57082962314168,1.3988978768982263,0.0630514022399776,-6.067,-1.576,2.5867763502049853e-06,1.7087444250876392e-05,2897.895366156046,35.20076635873314,1.4040852410081857,0.0710704770386666
-5.157,-2.463,-5.157,-2.463,1.5136726837344183e-06,1.2352955589952715e-05,68.27097351455454,28.4925580030251,1.3050562209922276,0.0707215121831944,-5.157,-2.463,1.8745470639439877e-06,1.4786141271485348e-05,2478.3553449535,29.47893876464515,1.2991099623931257,0.0944676956782159
-5.239,-2.331,-5.239,-2.331,1.2999177585455452e-06,1.0892288281767622e-05,49.299718722120375,27.750262605114013,1.2945949002588784,0.0668028413195424,-5.239,-2.331,2.1429576519513928e-06,1.710652770778724e-05,2952.417481167974,29.128764960730383,1.3128043678662316,0.0835012243541535
-5.32,-2.2,-5.32,-2.2,1.465630479997444e-06,1.157030157809826e-05,46.9069818446776,29.454398406679505,1.3185258169682308,0.0595549157140411,-5.32,-2.2,2.01417573657686e-06,1.597505854573946e-05,2771.169560501224,29.31738627388699,1.3204642556332034,0.0791254167388419
-5.402,-2.069,-5.402,-2.069,1.1613186383019305e-06,8.714335672709121e-06,20.900235963001546,30.98756558822953,1.3364983718096672,0.0513162681141346,-5.402,-2.069,2.275307692399448e-06,1.6830816079203356e-05,2897.5862894378724,31.43440964330861,1.339246984884216,0.0808443506776392
-5.484,-1.938,-5.484,-1.938,1.0374869105009429e-06,7.641417438573666e-06,11.12757006216826,31.57032469440649,1.350186829777822,0.0652021643022131,-5.484,-1.938,2.260377499689812e-06,1.6683453547836385e-05,2984.7797221182964,31.503975909191627,1.346041281679656,0.0759596956763681
-5.566,-1.807,-5.566,-1.807,9.342946425699124e-07,6.594048027630132e-06,7.655048838774114,32.94595493959292,1.3785150869754443,0.0614593471626765,-5.566,-1.807,2.29619809710733e-06,1.6811429733412922e-05,2905.1594136810168,31.7596019407339,1.3511477887038947,0.0813504183267827
-5.649,-1.676,-5.649,-1.676,1.1469970091343496e-06,7.352707723429043e-06,11.708840223724737,36.27315488391894,1.397525116895681,0.0595805443469504,-5.649,-1.676,2.352242042056057e-06,1.6866488972506224e-05,3148.8969908929544,32.428560349397365,1.365140777218333,0.0917950927488496
-5.731,-1.546,-5.731,-1.546,9.897276186851703e-07,7.537094733692004e-06,18.04762134679833,30.533884832762016,1.347177900848652,0.0539083934270643,-5.731,-1.546,2.453587286052104e-06,1.7555108573820548e-05,3196.308283748839,32.49887596390668,1.369068450044917,0.0930619580076374
-5.814,-1.415,-5.814,-1.415,8.741042873372978e-07,5.862586253429648e-06,8.23533479890863,34.66924249280365,1.4058927799987897,0.0616423490663335,-5.814,-1.415,2.8672673464309623e-06,1.91325990500952e-05,3641.028522004917,34.84693345621115,1.3961098637535811,0.0779321553254818
-4.961,-2.168,-4.961,-2.168,1.364176500145989e-06,1.095963098729427e-05,35.018483842829305,28.943095651954295,1.2908812789777655,0.0668778845384251,-4.961,-2.168,2.024011587915356e-06,1.6814105083032027e-05,3170.8426521950023,27.99043093874561,1.2953401596018947,0.0822745892446883
-5.043,-2.036,-5.043,-2.036,1.5729124259007942e-06,1.2412512889535888e-05,71.09435297992161,29.46559250220935,1.3128483100096309,0.064904254746055,-5.043,-2.036,2.380631856518232e-06,1.820757868206686e-05,3547.9454357841746,30.40257671588988,1.3207053098972483,0.0876047063140586
-5.125,-1.905,-5.125,-1.905,1.5271506380634384e-06,1.182139496076017e-05,60.69851179364826,30.03886353315082,1.3216798757831572,0.0644160819826123,-5.125,-1.905,2.387859342880272e-06,1.8445784842885567e-05,3605.5983718704224,30.10107113226021,1.3228399192846243,0.0873530550027779
-5.208,-1.773,-5.208,-1.773,1.050938652417077e-06,8.245223610052808e-06,17.440774859024984,29.63775302036744,1.3177599317445323,0.0692093136018282,-5.208,-1.773,2.554838389456357e-06,1.9711973189509944e-05,3859.538836616658,30.137254187200394,1.3200597076596288,0.0760996182574613
-5.29,-1.642,-5.29,-1.642,1.12483372752006e-06,8.207951328070247e-06,13.525106471849227,31.865732423961852,1.362187969145663,0.0600096404191646,-5.29,-1.642,2.6067495996976345e-06,1.876877126374816e-05,3738.136577199768,32.29489088500977,1.3602621286997054,0.0753559712507817
-5.373,-1.511,-5.373,-1.511,9.989142276990871e-07,6.965799990435364e-06,7.359902305482674,33.34475617562484,1.380655367836101,0.0642883003913201,-5.373,-1.511,2.551236990597245e-06,1.9071725592609936e-05,3886.4930102610792,31.10506844564119,1.3473575754259408,0.0856837741054058
-5.456,-1.38,-5.456,-1.38,1.3233225738728134e-06,8.971215564621293e-06,20.942314622325146,34.29926205210637,1.3878746249001126,0.0641043372093198,-5.456,-1.38,2.961593373402885e-06,2.054502029250877e-05,4163.427953316346,33.51885715545376,1.3729826162299066,0.0835876318360926
-6.834,-3.274,-6.834,-3.274,7.949358185010286e-07,6.03420271574506e-06,15.060863020978626,30.632505321257383,1.3450786568662465,0.0760885084355652,-6.834,-3.274,1.1660400157669192e-06,8.27721882033095e-06,713.2515688908569,32.75664134922633,1.3636712494630552,0.084523338513393
-6.915,-3.144,-6.915,-3.144,8.894274203901844e-07,6.045781936403274e-06,14.499309737616343,34.20805511045398,1.3844353656829709,0.0598278094725343,-6.915,-3.144,1.2136313797314552e-06,8.849421916344242e-06,778.1848397784833,31.889098580382058,1.3668701956572102,0.0815056074380052
-6.996,-3.013,-6.996,-3.013,9.152879475508845e-07,6.082175748838565e-06,13.976606501977344,34.9920290286544,1.394430139649189,0.0549642550330138,-6.996,-3.013,1.230267951990151e-06,8.772582766803513e-06,778.9066123350053,32.60938319135562,1.3708432534339368,0.0765678477256898
-7.077,-2.883,-7.077,-2.883,8.654507462980714e-07,6.243960006849399e-06,18.954238159792688,32.22942754059111,1.370644514562113,0.0829401343862094,-7.077,-2.883,1.3342990691696238e-06,9.302727823152526e-06,828.0563500741761,33.35133448226807,1.3796286113899865,0.0749946409479349
-7.159,-2.753,-7.159,-2.753,8.858164962963652e-07,5.961540963239043e-06,14.854097513867236,34.55059882482059,1.3922747756493,0.0642923882256234,-7.159,-2.753,1.3147921831705764e-06,8.647148241280252e-06,791.0197245194286,35.35530243916485,1.3989761208780058,0.0831183202835181
-7.241,-2.624,-7.241,-2.624,8.584650539271862e-07,5.837349934839353e-06,14.322419964733562,34.19615204144421,1.3840348895321108,0.0648512880327691,-7.241,-2.624,1.265276251182933e-06,8.53170199949544e-06,756.0106391046152,34.48418976962271,1.3976163620648574,0.0692222833163029
-7.323,-2.494,-7.323,-2.494,9.24552598642178e-07,5.61663193570995e-06,10.457961917104107,38.27595243228158,1.424224097956724,0.0681492311494086,-7.323,-2.494,1.4959795811635285e-06,9.642934060156915e-06,879.9123924188378,36.073378313162046,1.4181919082186882,0.0784813841420213
-6.483,-3.23,-6.483,-3.23,9.851495571449826e-07,6.80658105140106e-06,19.865203264075067,33.654527196587075,1.3562579328285709,0.064349831341157,-6.483,-3.23,1.2044816706221494e-06,9.388189059040162e-06,929.3943036088356,29.83243590381021,1.329412717111336,0.0906938064817714
-6.564,-3.099,-6.564,-3.099,9.498349169065736e-07,6.912566479251132e-06,19.60325198492225,31.950610228436695,1.36808084665404,0.0628300204417928,-6.564,-3.099,1.3931993728273277e-06,9.405420622702732e-06,915.6378304803898,34.44335083281829,1.3751626331558982,0.0763096221400747
-6.645,-2.968,-6.645,-2.968,8.792619976474791e-07,6.5340008570964e-06,20.797585706843005,31.29028101379696,1.3390393757855137,0.0703917255872982,-6.645,-2.968,1.3086837521970165e-06,9.305864756404254e-06,920.3950929673128,32.7000428319942,1.3654293131756825,0.0882220329770943
-6.727,-2.837,-6.727,-2.837,1.1088577951431458e-06,8.370675208177792e-06,30.5592907958058,30.8024818476512,1.3468649153053762,0.0573408613821286,-6.727,-2.837,1.2401951466717443e-06,9.560851716257131e-06,969.3247288984728,30.16225397210832,1.3465789294564183,0.0952205447083386
-6.808,-2.707,-6.808,-2.707,8.7707584609794e-07,6.2310927926548925e-06,12.258292613413293,32.72979460382094,1.3812553863361434,0.0691805706577953,-6.808,-2.707,1.2556741706642487e-06,9.176296136050472e-06,924.6077855716256,31.81851360683396,1.3511550183271623,0.081320380809724
-6.89,-2.576,-6.89,-2.576,1.0347967018891244e-06,7.117489633064568e-06,19.70700892499776,33.806369985513,1.3893722095010583,0.0617440048368495,-6.89,-2.576,1.4959512048386911e-06,1.014955673839652e-05,1027.7384908905292,34.27209868875378,1.386432227295309,0.0870905837324615
-6.972,-2.446,-6.972,-2.446,9.021677608477004e-07,6.490103108110678e-06,19.80267446620068,32.32258264226716,1.3805555098969955,0.0667094865230742,-6.972,-2.446,1.3249385111859558e-06,9.3556976919212e-06,950.2546617718442,32.929860513508416,1.3710978531654263,0.090702943003393
-7.055,-2.316,-7.055,-2.316,9.862342749606175e-07,6.273028551682708e-06,13.709381326024298,36.55722106701982,1.423721942165263,0.0431986997135491,-7.055,-2.316,1.597971497342627e-06,1.024842132389938e-05,1049.5590662759607,36.2562100926115,1.416645984964162,0.0892790984349119
-7.138,-2.186,-7.138,-2.186,9.97519746420512e-07,6.278824518841241e-06,14.475606909831251,36.94141304242,1.424668720864067,0.0590751548092535,-7.138,-2.186,1.7798425785444086e-06,1.1394483897682462e-05,1190.220225829623,36.32095680152715,1.4241921071823649,0.0768540998159512
-6.228,-3.073,-6.228,-3.073,1.0265671350699966e-06,7.773654215108188e-06,29.45027617055108,30.706653295006376,1.3393898780642652,0.0627688130966726,-6.228,-3.073,1.3392010118917186e-06,1.0244432192427563e-05,1097.9998472562704,30.39682506873514,1.337236620037373,0.0841646242318726
-6.309,-2.941,-6.309,-2.941,9.666714825809683e-07,7.473936290737359e-06,24.67248286885458,30.07460021160708,1.333073715641836,0.0642959246909899,-6.309,-2.941,1.3910468249098382e-06,1.0315114589152373e-05,1147.045164656547,31.357255165460945,1.343764042393126,0.0892631119617881
-6.391,-2.81,-6.391,-2.81,1.1009337021204275e-06,7.88001610678303e-06,23.52301837816915,32.48661106864789,1.3557890282912384,0.0655087280356592,-6.391,-2.81,1.6015848040303087e-06,1.111500021277634e-05,1260.1326346316907,33.50509176689088,1.3779757936599082,0.0791806534836277
-6.473,-2.679,-6.473,-2.679,1.100233784580064e-06,7.538868765308884e-06,20.61374265379981,33.935100590508405,1.375809631576914,0.0779589778946783,-6.473,-2.679,1.8001128103507506e-06,1.133571041233289e-05,1265.94951883763,36.92507001205952,1.403702962355044,0.0821861470260353
-6.555,-2.548,-6.555,-2.548,9.38746672721693e-07,6.782014005549084e-06,19.67340724865504,32.185486343109346,1.3602141008424775,0.0558033665771419,-6.555,-2.548,1.6695414439306776e-06,1.1232928826142816e-05,1264.4100789226084,34.56006452899342,1.386020201150972,0.0844506466234251
-6.637,-2.417,-6.637,-2.417,9.784189082405309e-07,7.333108756815992e-06,24.748577341712565,31.02466198381949,1.3573432664069465,0.0585333795117796,-6.637,-2.417,1.6125279982800267e-06,1.1050605791206025e-05,1238.177924424182,33.93059887528427,1.3841049126375289,0.0781290262196411
-6.719,-2.286,-6.719,-2.286,1.0985711199453128e-06,7.515364829443373e-06,27.01982768359742,33.9897881172921,1.393237153777389,0.0545427750483949,-6.719,-2.286,1.610176775474061e-06,1.1279867302405445e-05,1312.1929665795465,33.19249627991508,1.382474019995369,0.0797891002780362
-6.802,-2.156,-6.802,-2.156,1.0450507702233197e-06,7.472807148627375e-06,24.69655240216332,32.5180101831649,1.3841083860988384,0.0677008592270341,-6.802,-2.156,1.688687149209962e-06,1.1323355699762005e-05,1292.357403942014,34.67722976580823,1.3998424611785536,0.0852198142188792
-6.885,-2.025,-6.885,-2.025,1.0436895249915736e-06,7.410525978722237e-06,22.77008023685008,32.74859242097099,1.3887501292262054,0.0718906106622855,-6.885,-2.025,1.738364299610385e-06,1.1547828997269888e-05,1378.820666293138,35.00344569406525,1.4028052674529317,0.08149154405695
-6.032,-2.778,-6.032,-2.778,1.1713498811766774e-06,8.640843613845398e-06,41.5902864795541,31.52106193186294,1.3376066754218705,0.0640225612199505,-6.032,-2.778,1.5077931580278902e-06,1.1408178632736764e-05,1475.911826694959,30.732352292257108,1.344477626988489,0.0846890416272201
-6.114,-2.647,-6.114,-2.647,1.0407340025072829e-06,8.291156478674416e-06,42.64279829924583,29.18737109351841,1.3189251442465564,0.0648914297626481,-6.114,-2.647,1.5364816744393668e-06,1.1417010351931832e-05,1418.7232857253368,31.292865793051096,1.3449243091674707,0.0783167193351996
-6.196,-2.515,-6.196,-2.515,1.2648702636685269e-06,9.07838132172112e-06,42.08250567674506,32.39723228049579,1.3576404849313377,0.0610909254386037,-6.196,-2.515,1.6632955685214257e-06,1.1740091375181958e-05,1443.8962955683558,32.94339100260889,1.358576243382588,0.0756288930793147
-6.278,-2.383,-6.278,-2.383,1.1166864079287714e-06,7.92177857615459e-06,29.832885715530026,32.777730373982294,1.3559499608066128,0.0607500079149102,-6.278,-2.383,1.937176849428765e-06,1.277828906213184e-05,1607.40113256205,35.25063215243532,1.390011646938044,0.0864599662347729
-6.361,-2.252,-6.361,-2.252,1.1138021971207588e-06,8.096962441425408e-06,33.44762168600119,31.9857319253347,1.3635170114285935,0.0754848717829477,-6.361,-2.252,1.786416524092232e-06,1.2679610968152208e-05,1613.261194249806,32.760245373445606,1.3700706224996917,0.0843532240734761
-6.444,-2.121,-6.444,-2.121,1.0036106063402046e-06,7.017054964040139e-06,18.374599615417683,33.25681936867473,1.372046436591613,0.0740408599092773,-6.444,-2.121,1.8940422085885416e-06,1.2888418434035646e-05,1645.6004828439404,34.17121124050066,1.3843174420661035,0.0905587180115664
-6.527,-1.99,-6.527,-1.99,8.648919771242302e-07,6.135942961384283e-06,11.858613805631366,32.77561898192758,1.3820021138909644,0.0808671995581577,-6.527,-1.99,2.0918023617846867e-06,1.402001407105554e-05,1818.1716300893288,34.69305519671687,1.4066227343478437,0.0704638539368822
0.179,2.182,0.179,2.182,1.928891297342195e-06,2.0821664464007683e-05,44.70119655944452,21.540841125455152,1.1490375741544243,0.0642958578122254,0.179,2.182,3.243188982042018e-06,3.580020355241265e-05,13135.589051343995,21.064788722461437,1.1507595217293654,0.0785096658167142
0.096,2.312,0.096,2.312,1.7660740254014549e-06,2.039326918758794e-05,36.11239669879368,20.13689005458036,1.1356149960016055,0.0589214403395049,0.096,2.312,3.352160778375955e-06,3.579259342263333e-05,12497.854180416738,21.77719905102762,1.16567375573977,0.0841300840355496
0.014,2.441,0.014,2.441,1.6821386562796494e-06,2.1327641192749863e-05,89.4646870042044,18.339576938300144,1.1053302953089343,0.066245472111271,0.014,2.441,2.9633714264451465e-06,3.130072984583638e-05,10100.3576762568,22.01415258618938,1.1619907258479962,0.0813300140702189
-0.069,2.571,-0.069,2.571,1.7453923181129969e-06,2.204063129650494e-05,139.00205182170797,18.41362855474946,1.1126233197012028,0.0642740043865542,-0.069,2.571,2.9026716795178578e-06,2.9923967120802067e-05,9023.078382834265,22.55532526602154,1.1745232721722143,0.0834754819851693
-0.152,2.7,-0.152,2.7,1.4924802280598397e-06,1.839809184573549e-05,71.07018765573316,18.86279962775931,1.113684547653786,0.0715456742544989,-0.152,2.7,2.7274098509280253e-06,2.914215654207052e-05,8378.095494197363,21.762013009526303,1.169116637549673,0.081233062784625
-0.235,2.829,-0.235,2.829,1.5761973783512216e-06,1.7948943591597458e-05,63.60093815130721,20.41935669646481,1.140210824101367,0.0717876277916398,-0.235,2.829,2.3731171630841263e-06,2.595221606738284e-05,7028.1810155162575,21.262536862911837,1.1598661870417384,0.0839798857683553
-0.318,2.958,-0.318,2.958,1.6416066529980802e-06,1.8526153274212023e-05,95.76773026766872,20.604126058001896,1.142351397235241,0.0566038323920802,-0.318,2.958,2.229025563500843e-06,2.4212366867173367e-05,6147.351100331763,21.40662252788996,1.1631548310531108,0.0803720070394598
0.529,2.23,0.529,2.23,1.992752357141288e-06,2.1911827995570044e-05,67.98459852435806,21.146820016905345,1.123612138020654,0.0648456609663721,0.529,2.23,3.390930033729853e-06,3.5061573220048734e-05,12416.157369358623,22.48835960914952,1.172163078365862,0.0712811153622939
0.446,2.36,0.446,2.36,1.699231141462808e-06,2.189603478477305e-05,112.95977635090284,18.04501851243152,1.0953960858813028,0.0630981195554415,0.446,2.36,2.838940532301143e-06,3.250841482989984e-05,10912.922250249812,20.306302426866207,1.138960550961837,0.0879684624839984
0.364,2.49,0.364,2.49,2.091385862066189e-06,2.308575070905524e-05,121.93660611904544,21.06495393642135,1.1552378571593878,0.0573218211265603,0.364,2.49,3.0567840562206257e-06,3.185176522461988e-05,10116.676437953933,22.315242007706477,1.1638369718104955,0.0809261250710064
0.281,2.62,0.281,2.62,1.9608777963687554e-06,2.2345342643455628e-05,150.30658315827674,20.40487120929536,1.134421236196881,0.0720347810712209,0.281,2.62,2.633606005808478e-06,2.8804599776343304e-05,8618.50098153179,21.25980643997921,1.162946570766275,0.0859671799493963
0.198,2.75,0.198,2.75,1.7592748592967222e-06,2.1313865154861997e-05,161.0906660039519,19.19295434614221,1.1250964845259608,0.0638858889256585,0.198,2.75,2.303230398202813e-06,2.6921953633034477e-05,7466.462533380092,19.89304016027633,1.1389617632325584,0.0857517421266493
0.115,2.879,0.115,2.879,1.4531888986638952e-06,1.6999748399803963e-05,69.97069931030424,19.87695824042664,1.1355014524864326,0.0554522758402451,0.115,2.879,2.3403519744887564e-06,2.528012859026773e-05,6788.117746291029,21.52644165561602,1.1651315837005043,0.0801878413246187
0.032,3.009,0.032,3.009,1.4737668515310851e-06,1.5697892846709092e-05,22.47020130609282,21.830202851397907,1.1626272234480115,0.0662229743749708,0.032,3.009,2.202816889304033e-06,2.38052006866764e-05,5793.131388583129,21.51676110865773,1.1731096811657995,0.0902607289170241
-0.052,3.139,-0.052,3.139,1.347819536703398e-06,1.4696277071534754e-05,30.833262521459677,21.3252810519928,1.1611327987154505,0.0612764476006775,-0.052,3.139,2.0826701345693894e-06,2.289046336704807e-05,5204.656451704725,21.15613125568661,1.1683520314361868,0.0800005009310021
-0.136,3.268,-0.136,3.268,1.5464398932891712e-06,1.6245656404087553e-05,59.73219311639328,22.134317155168283,1.1692187832845662,0.0619507341684892,-0.136,3.268,2.074865919908987e-06,2.142931657513301e-05,4616.013672721944,22.513969024128645,1.193151215832654,0.0729526977908603
0.782,2.389,0.782,2.389,1.7939410648856572e-06,2.0105941903974563e-05,71.6089383068947,20.74694213256852,1.1294392810806144,0.0594272324311851,0.782,2.389,2.812984388418101e-06,3.088415646938221e-05,10218.21525836749,21.178828102170524,1.1505473499878198,0.082781011708351
0.699,2.52,0.699,2.52,1.8511383316140728e-06,2.175774582114041e-05,117.1004592546506,19.783144469845062,1.12399851478885,0.0733061829309613,0.699,2.52,2.8997805062078093e-06,3.0872799299354424e-05,9175.018021718815,21.84034346780148,1.167164488440276,0.0791287582532839
0.617,2.65,0.617,2.65,1.7941047746865323e-06,2.0439610085927444e-05,102.94040914946513,20.41011927972601,1.1341824607856152,0.0511705683220271,0.617,2.65,2.600955002966521e-06,2.8341757707048318e-05,8306.703874762674,21.339115078892373,1.1587362259389016,0.0887579674767984
0.534,2.781,0.534,2.781,1.909594812360923e-06,2.2041261174847707e-05,153.0010990392035,20.145364655794683,1.1370630045264396,0.0579949540943634,0.534,2.781,2.537037814963085e-06,2.685693393100072e-05,7275.966423211769,21.96548805071429,1.164336411154436,0.0793427397739363
0.451,2.911,0.451,2.911,1.716286372999943e-06,1.9420516788968454e-05,131.66052246139122,20.54940820740929,1.1392478759067102,0.0695198610156945,0.451,2.911,2.119176084074292e-06,2.35348086644024e-05,5882.107666868595,20.93759137824276,1.157580171659358,0.0894340543437097
0.367,3.041,0.367,3.041,1.7140972894988114e-06,1.909219298696159e-05,137.75502634829743,20.87613035927421,1.157462450477606,0.0657553689918379,0.367,3.041,2.33755209469635e-06,2.441677597802719e-05,5760.83308231579,22.260931195179865,1.1802149071049344,0.0710503481647293
0.284,3.171,0.284,3.171,1.5569637601094931e-06,1.7404799631081417e-05,73.58653915256122,20.80078972246358,1.152811349391337,0.0625448386025239,0.284,3.171,2.093860477363372e-06,2.1932719899166317e-05,4883.133864342688,22.19860046334896,1.176072878501591,0.078450634839107
0.2,3.301,0.2,3.301,1.1463872346414142e-06,1.4210435283781602e-05,41.14346113146168,18.758335878116267,1.123664033133708,0.073984094620272,0.2,3.301,1.9210267868387984e-06,2.0256737158311606e-05,4212.634370060904,22.051303942311637,1.1855522183677154,0.082555356563787
0.116,3.43,0.116,3.43,1.2759404695378709e-06,1.3963987841343554e-05,34.500453667389,21.24669081052945,1.1547467739260608,0.061161620971658,0.116,3.43,2.064284996633316e-06,2.0252597965820467e-05,4050.519593164093,23.700595709824384,1.2032375027301256,0.0819562801627615
0.975,2.686,0.975,2.686,1.5422416177588754e-06,1.727341079526518e-05,48.41676231557344,20.760827720337787,1.1410039320815826,0.0600085048074682,0.975,2.686,2.4226344760308435e-06,2.671117561229017e-05,7436.391290461583,21.08944924738149,1.156882520493751,0.0843684905509256
0.892,2.816,0.892,2.816,1.6168401099117323e-06,1.8950381347653644e-05,81.14003506248335,19.838985870197625,1.1317278148176373,0.0622161714617281,0.892,2.816,2.35587599675232e-06,2.566537419050004e-05,6726.221238790754,21.34396865318999,1.165117320856904,0.0795827661154072
0.809,2.947,0.809,2.947,1.5884168939293191e-06,1.7529001342831195e-05,78.54658457024209,21.0706372657287,1.149035249056576,0.0646185883843875,0.809,2.947,2.366242378415688e-06,2.495907661125223e-05,6071.303563628328,22.044541050747952,1.1679805180628853,0.0859247049999059
0.726,3.078,0.726,3.078,1.492639849022374e-06,1.6908410677138612e-05,75.10008775048124,20.526863380019694,1.137195645680764,0.0696741330689036,0.726,3.078,2.1138637366755604e-06,2.2450148714195435e-05,5206.959674405548,21.894151245210367,1.1758291877008435,0.0806661873414547
0.642,3.208,0.642,3.208,1.340817120005415e-06,1.5900444163277735e-05,76.73032459871757,19.60787989444245,1.132536082547706,0.0598495091915217,0.642,3.208,2.052594708990665e-06,2.1070626664172363e-05,4503.617420916145,22.65145482321345,1.1751589406236853,0.0991539285674104
0.558,3.339,0.558,3.339,1.6074761419163766e-06,1.7209705914172932e-05,101.83810774402004,21.71908047208143,1.164655320909254,0.0684759735671969,0.558,3.339,1.963222421045517e-06,2.0205942679209056e-05,4204.261616791066,22.592315079752893,1.1955060938785729,0.0723496514676092
0.474,3.469,0.474,3.469,1.3080051095702586e-06,1.4673471278024362e-05,65.93184238993932,20.72749990314285,1.150569960710195,0.0622658331453862,0.474,3.469,1.80153707946311e-06,1.878800998584558e-05,3568.0609707908507,22.2962985240263,1.1943834944652147,0.0863397780809748
-1.188,2.757,-1.188,2.757,1.7147747683239569e-06,1.9176978296363048e-05,83.89793380246442,20.792047344163336,1.1413624931091118,0.0612499636206206,-1.188,2.757,2.4935607229895744e-06,2.6408239829268084e-05,7280.448264422151,21.955879608424336,1.174812531071452,0.0833291974303307
-1.272,2.885,-1.272,2.885,1.555229008054893e-06,1.778742353920042e-05,77.17675727880133,20.33066804892735,1.1400140860022383,0.0626953733698975,-1.272,2.885,2.56023528832493e-06,2.65816613768048e-05,7140.9590659397045,22.395878648100908,1.1867736204357238,0.0840483519296467
-1.356,3.014,-1.356,3.014,1.785585791518975e-06,1.9232930190510787e-05,136.48099501716192,21.587662204526577,1.158680634449567,0.0613333941643851,-1.356,3.014,2.345600484536476e-06,2.379393940035873e-05,5823.043329409485,22.922291921412057,1.197872851444188,0.0804544556024825
-1.441,3.142,-1.441,3.142,1.5774754489177475e-06,1.8203559444369172e-05,136.37330412199933,20.1500737521286,1.1461439264755646,0.0697414581765993,-1.441,3.142,2.106984599741841e-06,2.1928165684218296e-05,5108.967365961998,22.342378501138857,1.1823375972260493,0.0821886208085711
-1.525,3.27,-1.525,3.27,1.648350141039082e-06,1.7065602215934377e-05,106.56811722780525,22.45940252481693,1.158954268940684,0.0669020237361911,-1.525,3.27,2.259992656919025e-06,2.136149579036692e-05,4519.878521048517,24.600600917738674,1.2205775809239778,0.0757678623444394
-1.61,3.399,-1.61,3.399,1.454430118445299e-06,1.5358925087982035e-05,59.05924775951831,22.01924302609673,1.1770319598971586,0.0433308722408737,-1.61,3.399,1.663657119656176e-06,1.780953686730004e-05,3550.6057107203146,21.72108647593793,1.1885581763692743,0.0759503536630996
-1.695,3.527,-1.695,3.527,1.3892939856529176e-06,1.4842212190660524e-05,75.21005600459708,21.76536061357992,1.174057423530762,0.0637789721190427,-1.695,3.527,1.8756169819111196e-06,1.7612986191682347e-05,3248.6564760331344,24.761759955653226,1.2178863381020812,0.0873584009550454
-0.838,2.809,-0.838,2.809,1.5814171485969822e-06,1.83218995814058e-05,65.07040535172449,20.06995011107606,1.1263840076511222,0.0645979769090275,-0.838,2.809,2.695401474583885e-06,2.5904748436094494e-05,7088.274871748309,24.19437624450885,1.184204245278755,0.0818344785428524
-0.922,2.938,-0.922,2.938,1.7715113183977284e-06,1.934015305741489e-05,101.16255747423315,21.29876257116006,1.1565251467121571,0.0631706113615809,-0.922,2.938,2.400652544163764e-06,2.535850914460372e-05,6559.909821127993,22.012832944895013,1.1725502721414125,0.0815708399797218
-1.007,3.067,-1.007,3.067,1.5053832549406672e-06,1.7507651307924145e-05,94.00772873646646,19.993532826664083,1.1378670470873995,0.0630086392512859,-1.007,3.067,2.2136790983794634e-06,2.194214616004525e-05,5217.291674277252,23.45880625208019,1.193071599966228,0.0772692812143018
-1.091,3.196,-1.091,3.196,1.5732753656577644e-06,1.7450787442457703e-05,106.45238037122807,20.963319886836885,1.1575157442499298,0.0662868616544842,-1.091,3.196,2.180625921656412e-06,2.1524898004924452e-05,4857.818836307563,23.55648111311527,1.1926343288522494,0.0830493729202474
-1.176,3.325,-1.176,3.325,1.393581027978943e-06,1.5961210857445337e-05,88.41103833192233,20.301902508409665,1.1558595774524092,0.0592382845511627,-1.176,3.325,2.029862769702442e-06,2.0143525795437348e-05,4211.621552379371,23.431577973860776,1.2045575053275892,0.0716552417193784
-1.26,3.453,-1.26,3.453,1.3644510965002111e-06,1.4796988017384163e-05,61.99901099502144,21.441491891594023,1.170170250141831,0.052659187940617,-1.26,3.453,1.930182984723941e-06,1.868799654273772e-05,3826.496730679751,24.016299192323096,1.2082241740961357,0.0806626085322693
-1.345,3.582,-1.345,3.582,1.3744374344026928e-06,1.4672222576883585e-05,76.3582670877411,21.78208337927936,1.1769136508854654,0.0633908539267273,-1.345,3.582,1.6280114327428488e-06,1.7463830335767485e-05,3212.879795003204,21.67645679717168,1.1882720549643049,0.0905632227888612
-1.431,3.71,-1.431,3.71,1.2903221970700258e-06,1.3740772638646815e-05,58.58510530424878,21.83520945871137,1.1743275363514225,0.0623150508341775,-1.431,3.71,1.654290372784614e-06,1.65671273711112e-05,2870.111996981472,23.218538463245107,1.2028443121988206,0.0806162166954646
-1.516,3.839,-1.516,3.839,1.2089098296632496e-06,1.3060545531642268e-05,68.35139475630307,21.523006600551724,1.1756326504849886,0.0631720685496299,-1.516,3.839,1.607470754415066e-06,1.557767118229903e-05,2566.806044466344,23.99445530373996,1.2221297122746435,0.0818764466993906
-0.587,2.971,-0.587,2.971,1.7051872807469158e-06,1.879546944467055e-05,102.42461106509596,21.09547238014703,1.1494254264738015,0.0697763646562455,-0.587,2.971,2.4518762842325505e-06,2.5351747511443537e-05,6346.290007189201,22.48852646082169,1.1849201074257238,0.0789409004633741
-0.671,3.101,-0.671,3.101,1.3507599429763353e-06,1.6808711692504712e-05,88.26806099251556,18.68590310645394,1.1218734318975203,0.0678467238026473,-0.671,3.101,2.0941365017510325e-06,2.262214393286034e-05,5288.881710460965,21.524921344090757,1.168051365128421,0.0882195080445794
-0.756,3.23,-0.756,3.23,1.7566986632497112e-06,1.7396617571377017e-05,94.94254856795884,23.480254609112293,1.1757742270727685,0.0650328372987967,-0.756,3.23,2.131168238995205e-06,2.197415305939821e-05,4771.126745509313,22.551526146342017,1.1944323267152006,0.0835691690442745
-0.84,3.36,-0.84,3.36,1.451530524413861e-06,1.646216366664856e-05,109.38837093270362,20.502631475793645,1.1510742730169785,0.0705141827911932,-0.84,3.36,2.051205759923812e-06,2.035323110076244e-05,4069.5412673239994,23.43398842772286,1.2070458258903232,0.0718394409584717
-0.925,3.489,-0.925,3.489,1.371270182247794e-06,1.498738474949723e-05,63.68689148725333,21.27489981563569,1.1654761674493757,0.0565011257844918,-0.925,3.489,1.6818039493320858e-06,1.814395479903923e-05,3483.7118609649533,21.553299324255264,1.185081192340456,0.0794829544864383
-1.01,3.618,-1.01,3.618,1.2137490291742855e-06,1.3638904357055924e-05,51.46647006933246,20.69282377540327,1.161710550297552,0.0645516923269205,-1.01,3.618,1.680492626457255e-06,1.7353211445407703e-05,3038.2699059722463,22.51785925041349,1.1991102383647574,0.0791552583360534
-1.095,3.747,-1.095,3.747,1.187300842097883e-06,1.3298811720165823e-05,59.35535683783446,20.75956676615049,1.1685544812668496,0.0630371280098358,-1.095,3.747,1.7373966686252654e-06,1.664791986794642e-05,2823.732117706849,24.266623676720425,1.2184363973769576,0.0833762425091227
-1.181,3.876,-1.181,3.876,1.0890164034107311e-06,1.1987259814015151e-05,38.9321589789586,21.12442276972033,1.1624123196287557,0.0674713817429318,-1.181,3.876,1.7364104492426986e-06,1.555598517156983e-05,2515.071108281786,25.955250082450643,1.2308536867452555,0.0731147396578313
-1.267,4.004,-1.267,4.004,1.1855923058321627e-06,1.1508901855328165e-05,43.642204598433686,23.953657373235817,1.1921982708426226,0.0596072300308322,-1.267,4.004,1.499091926770561e-06,1.4204731645087104e-05,2178.939231734258,24.539492644417518,1.2269228895779256,0.0839065643281458
-0.397,3.27,-0.397,3.27,1.5697406069972488e-06,1.678214817621792e-05,83.32217265121278,21.749570706253497,1.1687792273267008,0.0554051139450698,-0.397,3.27,2.1173042326879e-06,2.1733797228839304e-05,4666.889025203008,22.652597190306786,1.189286353513359,0.074381306345481
-0.482,3.4,-0.482,3.4,1.4026904453338694e-06,1.5300249145792267e-05,72.24695599626835,21.31737295869984,1.1721916666652692,0.0630233436350406,-0.482,3.4,1.878014652364748e-06,1.8881764916000505e-05,3775.339469248625,23.12739605313295,1.1996733951757417,0.081188205483388
-0.567,3.53,-0.567,3.53,1.326330211937073e-06,1.4195749466512245e-05,61.02563687091311,21.725195028533943,1.169153110681356,0.062759500546264,-0.567,3.53,1.6914007388366553e-06,1.7935536401225643e-05,3352.2691724429737,21.92817526944775,1.1880450908618565,0.0831411862519309
-0.652,3.659,-0.652,3.659,1.2806921294184076e-06,1.282676249428552e-05,26.98706835614413,23.21656877644308,1.192490005483528,0.0650091918018438,-0.652,3.659,1.7761219939642133e-06,1.7920844889160873e-05,3182.2061018136137,23.045421667601023,1.2126310582441855,0.0757230150189223
-0.737,3.789,-0.737,3.789,1.0272476546437158e-06,1.1844813947427066e-05,33.60389908533988,20.165883900389407,1.1548325057510482,0.0532084934660684,-0.737,3.789,1.771743557723301e-06,1.6310308188755343e-05,2710.176431719471,25.258586461250182,1.2279129936476574,0.0776398114637918
-0.823,3.918,-0.823,3.918,1.103618057960001e-06,1.2116775299845756e-05,35.001153047001246,21.178836197350467,1.1782921828979995,0.0664262603409534,-0.823,3.918,1.5820250141250629e-06,1.4641393378548622e-05,2314.167076360301,25.12472311794284,1.225766299853226,0.0734491719387351
-0.908,4.047,-0.908,4.047,9.750030219403658e-07,1.1294588475229574e-05,41.39172886298005,20.072704794499096,1.1614240968281122,0.069702177194638,-0.908,4.047,1.3523337733860335e-06,1.4030400341390413e-05,2043.5583105938213,22.41218396342321,1.2026250107401006,0.0844997790728644
-2.217,2.081,-2.217,2.081,1.832865585936527e-06,2.081451053604693e-05,90.0056032520271,20.47551160024563,1.1394793480942391,0.0662836263502952,-2.217,2.081,3.269809540383034e-06,3.290467527978281e-05,11926.896678587456,23.10655470127457,1.183787239130993,0.0843316868674007
-2.301,2.209,-2.301,2.209,2.3862093818732733e-06,2.1144990561667267e-05,122.8142386174468,26.24045739018828,1.1836258891807263,0.0638600778141361,-2.301,2.209,2.8677610629157467e-06,2.935100023434274e-05,9893.655382709549,22.719062458798856,1.1804011012718691,0.0799460587925726
-2.386,2.338,-2.386,2.338,1.9630251960256257e-06,2.13978269944071e-05,117.38201014210836,21.33175316308212,1.1614970496995236,0.0610341012403681,-2.386,2.338,2.6202013714568217e-06,2.721953247190033e-05,8629.073352296627,22.383312383041897,1.1813957031899849,0.0837990096599511
-2.47,2.466,-2.47,2.466,2.1651543628273545e-06,2.294759320970724e-05,223.87358455719044,21.93926477360719,1.181561136297666,0.0711609105358993,-2.47,2.466,2.548289129115719e-06,2.716661365188134e-05,8020.824284224238,21.81140001254477,1.1811318454230328,0.0847491885909054
-2.555,2.594,-2.555,2.594,1.7628070468260056e-06,1.966394289022324e-05,108.74546183553382,20.84512584094269,1.158040908992684,0.0729486404330349,-2.555,2.594,2.3081623943286064e-06,2.4176821595136485e-05,6687.4337519241,22.199209144851647,1.182095990726399,0.0906950008088542
-2.639,2.722,-2.639,2.722,1.6773548526484716e-06,1.808699982987881e-05,115.12864263343296,21.56397216327486,1.169868712104141,0.0665496802213119,-2.639,2.722,2.2029657290249485e-06,2.249002222683832e-05,5933.570871050358,22.77656376519892,1.1943651960487538,0.085322735069208
-2.724,2.85,-2.724,2.85,1.6470784363632314e-06,1.69794293016664e-05,87.49107587332243,22.55597164598729,1.1911557132257795,0.0614995009130071,-2.724,2.85,2.269156594428713e-06,2.325800426077797e-05,5808.364388608534,22.68623201740867,1.1994631956642734,0.0857700030348021
-1.868,2.133,-1.868,2.133,1.970322088874296e-06,2.2704487083786463e-05,109.58870681817322,20.178825212098147,1.1404420530459909,0.0709867870656752,-1.868,2.133,3.25411294216626e-06,3.393992422244494e-05,12086.595985583544,22.294210705465773,1.1712007454075015,0.0827633245151807
-1.952,2.262,-1.952,2.262,1.9918679443262565e-06,2.280639114455807e-05,136.66771862420103,20.30833512892431,1.1392788579497497,0.067012685827621,-1.952,2.262,2.935222482342592e-06,3.102608488329719e-05,10882.613388718402,21.998060720768787,1.174815871816541,0.0801354620438437
-2.036,2.391,-2.036,2.391,1.5120980622803248e-06,1.7421277849546357e-05,45.60759059668976,20.182283254585084,1.1432685554405029,0.0583075733914087,-2.036,2.391,3.023002484955984e-06,3.0232156140384294e-05,9541.69278886866,23.25089794044948,1.1918546059110042,0.0761136172626669
-2.121,2.52,-2.121,2.52,1.7185559171930932e-06,1.849589560695425e-05,53.50252525048285,21.60521783830618,1.1735563388623418,0.05747874347698,-2.121,2.52,2.9111583261220888e-06,2.6422081532645065e-05,7964.132146511784,25.61941122922308,1.2039131441904627,0.080173130908012
-2.205,2.649,-2.205,2.649,1.638625198243988e-06,1.834979445602696e-05,85.7385189984427,20.76437065654499,1.1492585366034551,0.0629131767486967,-2.205,2.649,2.554236076159573e-06,2.6699202078684715e-05,7436.341438042102,22.24503532614521,1.1876920570903875,0.0810590976440518
-2.29,2.777,-2.29,2.777,1.683507544237994e-06,1.8635901930492992e-05,94.02857527780284,21.005595501010724,1.1687720362447085,0.0603429792655055,-2.29,2.777,2.4155617304131103e-06,2.3982059774846475e-05,6371.278415114159,23.420815179419613,1.1994812595819977,0.0766097455382336
-2.375,2.906,-2.375,2.906,1.81647266825407e-06,1.93048048458484e-05,132.562257291623,21.87931895852133,1.1767721819505512,0.0595322166296117,-2.375,2.906,2.425312917229172e-06,2.2613537273943487e-05,5683.415576485796,24.938459698595505,1.218877288784194,0.0735976420770178
-2.46,3.034,-2.46,3.034,1.5620127850207169e-06,1.6786002487543928e-05,103.91472097868396,21.637528288957046,1.173949906916768,0.0698378693566383,-2.46,3.034,1.871748218401178e-06,2.0180314481937307e-05,4672.8019202675705,21.56700535546432,1.1799951530124373,0.0924781413570078
-2.546,3.162,-2.546,3.162,1.6161982434827308e-06,1.6003686927119213e-05,133.5333171708709,23.48253244844744,1.191842806035125,0.0659081129794841,-2.546,3.162,1.851165511534673e-06,1.8591312666556087e-05,3932.487850082767,23.15290784782814,1.1994942482550814,0.0734116133310105
-1.617,2.296,-1.617,2.296,2.0869531018798984e-06,2.314727889090869e-05,137.8766701517475,20.96443164444171,1.1402933552046586,0.0579425731301475,-1.617,2.296,3.1103824917757158e-06,3.286831104936033e-05,11285.018423712723,22.00425949578969,1.1763066217299971,0.0779664998997768
-1.701,2.425,-1.701,2.425,1.6019139568851845e-06,1.797988698452168e-05,35.80994157750568,20.716795318497947,1.1531239473312214,0.0704080345849622,-1.701,2.425,2.7329675225199737e-06,2.932343404490226e-05,9234.99394942029,21.671550762938185,1.1684562731904082,0.0772309396870927
-1.785,2.555,-1.785,2.555,1.4526334264585108e-06,1.667132328426419e-05,24.13050505950127,20.260786855376352,1.1435617775824165,0.0686543209517539,-1.785,2.555,2.946475226032231e-06,2.8959069877911856e-05,8690.001205096227,23.65857227078692,1.1917614986747966,0.0775549396066852
-1.87,2.684,-1.87,2.684,1.5841715057219638e-06,1.8289841269147963e-05,79.51611949640937,20.14014572532339,1.1424850379439904,0.0660925564574663,-1.87,2.684,2.718198822199178e-06,2.6375228748142248e-05,7378.336684307761,23.96378048316818,1.1907854454289146,0.0881457481393157
-1.955,2.813,-1.955,2.813,1.762657967030323e-06,1.9731567336657452e-05,126.11819096498478,20.771928162008702,1.1589508451337818,0.0617868992435723,-1.955,2.813,2.23889895758065e-06,2.4047551128803556e-05,6405.393164308582,21.64880780890441,1.1802984829570224,0.0819772187500994
-2.04,2.942,-2.04,2.942,1.8903963575117216e-06,1.986171194914656e-05,158.34145240379067,22.13128038073822,1.1798450352508654,0.0722191780808079,-2.04,2.942,2.2313646347950164e-06,2.3736852483060723e-05,5800.5846041217,21.858369462636777,1.1864021494708117,0.077235426788073
-2.125,3.071,-2.125,3.071,1.623513690180412e-06,1.847071795469233e-05,154.14968322961295,20.43819441402105,1.150155376197143,0.069021134708099,-2.125,3.071,2.166432293263347e-06,2.1736842464627536e-05,5032.53713750387,23.174960917823725,1.2092424743780468,0.0780601613914331
-2.211,3.199,-2.211,3.199,1.4697485809982596e-06,1.6111514460576352e-05,115.83617532056356,21.21177597360849,1.170490473279713,0.0654243479797058,-2.211,3.199,2.009926441833336e-06,2.0254193951708755e-05,4383.720218714741,23.074672554599744,1.2042517864883342,0.0724407474857108
-2.297,3.328,-2.297,3.328,1.6157102593322024e-06,1.6441786613343656e-05,109.15880616407529,22.849927304123216,1.188667051511215,0.0687228902295953,-2.297,3.328,1.9463674024488227e-06,1.9078462325847947e-05,3796.077162994746,23.722027294206736,1.2161347625869687,0.0759216395453471
-1.427,2.595,-1.427,2.595,1.6457117918750791e-06,1.890504939820693e-05,64.48457946708531,20.241668684130698,1.1366149967728258,0.0682183632280832,-1.427,2.595,2.634062748278e-06,2.8287108688572945e-05,8636.715722476229,21.6524928999237,1.1698717991437415,0.079159264606052
-1.512,2.724,-1.512,2.724,1.8821548613633627e-06,2.093961386177887e-05,124.33453584594189,20.90051716905369,1.157813413445885,0.055415057965817,-1.512,2.724,2.501747233087301e-06,2.624337985127436e-05,7542.467567942593,22.166340957727133,1.175343640314758,0.0864873147542144
-1.597,2.854,-1.597,2.854,1.520945668749877e-06,1.7510263566119586e-05,84.44444849703996,20.1972092461842,1.1441787941372743,0.0704757964748961,-1.597,2.854,2.6267016634870803e-06,2.4705109112657414e-05,6648.372035633239,24.72261014008192,1.2008527322890936,0.0852259744567172
-1.682,2.984,-1.682,2.984,1.6665319203575684e-06,1.83384106549634e-05,121.90234641527208,21.13110900307239,1.161404150461536,0.0594152984357646,-1.682,2.984,2.362696525306974e-06,2.3664972485604763e-05,5952.050914335025,23.215192346707617,1.1974016944927814,0.0832513738027192
-1.768,3.113,-1.768,3.113,1.3576458109537757e-06,1.654871609911997e-05,105.64005075073923,19.07622894438708,1.1330034573186016,0.0692958827391614,-1.768,3.113,2.0022625768292957e-06,2.0549555987552505e-05,4736.737276376097,22.656297319276376,1.1878944891611585,0.0777857900786531
-1.853,3.242,-1.853,3.242,1.5744245275331245e-06,1.730783439660767e-05,123.08284403332873,21.151903833652543,1.1674473603585556,0.0638513490004995,-1.853,3.242,1.919203998811115e-06,1.9540962804551037e-05,4183.004948478531,22.83734061402337,1.1964415115908988,0.0919709788903409
-1.939,3.371,-1.939,3.371,1.386354112736228e-06,1.541169774201893e-05,97.62111831966835,20.916742008956792,1.1677041208650851,0.0603032527372178,-1.939,3.371,1.950120494071982e-06,1.920308539789881e-05,3905.346580920994,23.613522705063108,1.2127714292644822,0.0756216319179173
-2.372,3.431,-2.372,3.431,1.262341871679284e-06,1.3815990441131947e-05,101.57979987042854,21.24541952847249,1.173440887570991,0.0645703412395651,-2.372,3.431,1.6652530118578168e-06,1.7013184671341917e-05,3265.977901321153,22.759617514227457,1.203695064920625,0.0872818088323288
-2.457,3.558,-2.457,3.558,1.6036589699182889e-06,1.5184634134508271e-05,87.98155660288616,24.55715396296933,1.2153494544734782,0.0631006481677134,-2.457,3.558,1.8671582345261144e-06,1.7824582652817047e-05,3244.022699799781,24.357465824363192,1.2293573639797672,0.0771595658598199
-2.543,3.686,-2.543,3.686,1.061891797708375e-06,1.260960107548767e-05,76.14343407257836,19.58164922554966,1.1508221029021457,0.0650979374905731,-2.543,3.686,1.7039616273291269e-06,1.6152448406903318e-05,2704.322572220392,24.52967507117184,1.2324277079023245,0.0850104216823876
-2.629,3.813,-2.629,3.813,1.1924793518885473e-06,1.2700338603622366e-05,83.59522390065447,21.832623001949106,1.1800286639756683,0.0700436508576911,-2.629,3.813,1.5912975084776488e-06,1.5465354161655876e-05,2425.6459624832382,23.92554616121882,1.2362271001323362,0.0792266652415707
-2.716,3.94,-2.716,3.94,1.1348504595263216e-06,1.132885491159468e-05,47.95446275571802,23.2928682698254,1.211505244620937,0.0647688118176285,-2.716,3.94,1.3621611446865163e-06,1.2675858129118628e-05,1892.6830111255529,24.987422821508424,1.2348570051170766,0.0909019154215528
-2.802,4.067,-2.802,4.067,1.078854268788303e-06,1.0827614089992922e-05,43.01255375008829,23.168630498351597,1.206493180333585,0.0549469660640292,-2.802,4.067,1.5705311374769376e-06,1.3615106629938194e-05,1864.6445026219944,26.822289878524938,1.2672479852782628,0.0805523012488383
-2.889,4.194,-2.889,4.194,9.367944235089212e-07,9.51709602777516e-06,23.863586938131014,22.8881237558702,1.2065850198056132,0.0626920174961015,-2.889,4.194,1.401683235798613e-06,1.2749462474467331e-05,1643.0214825828966,25.56397309164015,1.2522333397926422,0.0784186372016972
-2.022,3.487,-2.022,3.487,1.2234788684557874e-06,1.3137345836722603e-05,47.51175449220732,21.65504983905887,1.1622339085711464,0.0616301675392349,-2.022,3.487,1.7939679828880196e-06,1.7759437858984405e-05,3319.5959554712467,23.488529064562897,1.2064658816619804,0.0870101672321879
-2.108,3.615,-2.108,3.615,1.1618620809503309e-06,1.328009624705578e-05,73.55684413152235,20.343407712855992,1.1545956041502363,0.0705138465276124,-2.108,3.615,1.9553903430551856e-06,1.741052259999926e-05,3185.149344812949,26.1151188330797,1.2502036927425966,0.0770272676628878
-2.194,3.743,-2.194,3.743,1.1851475023593885e-06,1.2354392812916154e-05,65.33112432093336,22.305981998865303,1.1684031392860628,0.0703214058323183,-2.194,3.743,1.5918347244915615e-06,1.55132268601612e-05,2663.565014170338,23.85976590068714,1.215932019916644,0.08481544551312
-2.28,3.871,-2.28,3.871,1.107092557021039e-06,1.2268472245877737e-05,57.48210687386396,20.982817040501324,1.1765906742709458,0.0667850773588783,-2.28,3.871,1.471540836594294e-06,1.4295960766964683e-05,2231.2502098719037,23.934773311838068,1.219147214013995,0.0839636196389563
-2.366,3.999,-2.366,3.999,1.1411511917117354e-06,1.1587827442539898e-05,44.779480769519886,22.89873632601877,1.1931290631123896,0.0674307605646646,-2.366,3.999,1.4695107706001525e-06,1.3944930637566353e-05,2018.559994747217,24.503423305781357,1.2358616815929229,0.0739140637494108
-2.453,4.126,-2.453,4.126,9.359263724994978e-07,9.42399808681218e-06,18.95104187835093,23.092813240380977,1.209027655462231,0.0650560672681359,-2.453,4.126,1.3964202464985647e-06,1.3013046268872962e-05,1761.918425329488,24.95212345957533,1.2446910656676462,0.0765504502072137
-2.54,4.254,-2.54,4.254,7.787717114358646e-07,8.819788499040435e-06,23.226773332314632,20.531578712260487,1.169302017494511,0.0760769737469191,-2.54,4.254,1.3163696521000232e-06,1.1969530743130876e-05,1497.5077887429727,25.57237617956147,1.251738434262308,0.0823878072861195
-2.627,4.381,-2.627,4.381,9.023732716734124e-07,8.28371565233512e-06,11.956601216703817,25.32977824881804,1.2245310616307767,0.060074645205419,-2.627,4.381,1.1666595827222384e-06,1.118152922770055e-05,1329.7520839448698,24.261256915670632,1.2306990048188422,0.092773663125254
-2.714,4.508,-2.714,4.508,7.856186797731181e-07,7.662387388884568e-06,13.043479362457058,23.84064735714776,1.2039591375005043,0.0745483205066145,-2.714,4.508,1.687304360267699e-06,1.0729553667314676e-05,1189.0885078228307,36.566392785079735,1.3146404667556768,0.0745245635089466
-1.773,3.653,-1.773,3.653,1.2061224536695395e-06,1.3369424453492263e-05,66.38362141969002,20.97727340623412,1.166359154704139,0.0765275661059428,-1.773,3.653,1.776968642942503e-06,1.7062679776414585e-05,3016.4549122736257,24.216025846657423,1.2194010140964302,0.0814349319811373
-1.859,3.782,-1.859,3.782,1.3480150094915385e-06,1.354164464077294e-05,61.67365216856494,23.14694408738342,1.200540821586676,0.0631339086144341,-1.859,3.782,1.7903288341714367e-06,1.6377049014648578e-05,2699.823862759705,25.419529338901448,1.2365451345088492,0.0730136023763564
-1.945,3.91,-1.945,3.91,1.0530527224192965e-06,1.0201083939559055e-05,17.41946881159609,24.003476230235787,1.2016076229271972,0.0598958272147377,-1.945,3.91,1.4289699810690404e-06,1.4513969439341596e-05,2272.479763885376,22.89323934500527,1.2097748956342256,0.0842258478894026
-2.031,4.038,-2.031,4.038,1.0783136065454523e-06,1.1258974985199151e-05,46.680037193118615,22.26981343064849,1.193662110034431,0.0686262931303471,-2.031,4.038,1.369188983697434e-06,1.3506508526526168e-05,1961.2190463174984,23.571685972865748,1.2184807942641558,0.0810649189958604
-2.118,4.166,-2.118,4.166,1.0793606102235829e-06,1.044092289278e-05,37.60203860753498,24.037983024840734,1.2011753634987523,0.0722488400327838,-2.118,4.166,1.381886031321245e-06,1.253348619135462e-05,1732.570149981374,25.63720567378674,1.237928548019238,0.0936735837580161
-2.205,4.294,-2.205,4.294,1.0186591922116194e-06,9.694380927070182e-06,26.27467096446463,24.433133920229253,1.2189253861474307,0.0654386296488652,-2.205,4.294,1.3628486942405753e-06,1.2615874692711443e-05,1622.5392400232206,25.118900364201483,1.2437793261340877,0.0794313776566898
-2.292,4.422,-2.292,4.422,8.973819441999984e-07,9.419598687792298e-06,34.74714336290027,22.152118916012974,1.1990178196275962,0.069577119711248,-2.292,4.422,1.2130150700292526e-06,1.1503279831618352e-05,1329.7199676742118,24.519683460341383,1.2429703533878484,0.082549733446284
-2.379,4.55,-2.379,4.55,9.647065406560063e-07,9.142658426189022e-06,28.616099553306835,24.535396231867303,1.2213689046819012,0.0696556485639518,-2.379,4.55,1.2145252401260663e-06,1.0974526836892864e-05,1186.2382229649293,25.73303954581213,1.2605961724481904,0.0842022714687069
-2.466,4.677,-2.466,4.677,9.51736787733343e-07,1.2350419324183708e-05,31.890754123479056,17.918658846229555,1.072550766522252,0.0455145241510331,-2.466,4.677,1.045191475697442e-06,9.709452732814542e-06,1009.7830842127124,25.030611223557127,1.2489417736653063,0.0852366955797382
-1.587,3.954,-1.587,3.954,1.2539734366986666e-06,1.2825954126569204e-05,74.20671457863989,22.733641239482363,1.1946256276235092,0.0657078803250054,-1.587,3.954,1.53522047205216e-06,1.4905580366986132e-05,2311.4113704811566,23.94926613776564,1.2220770526814246,0.0780173939649483
-1.673,4.083,-1.673,4.083,1.0346835527735834e-06,1.0835065002644428e-05,47.52881523150738,22.20477475719329,1.1899487954258918,0.0692457985548099,-1.673,4.083,1.4545221797541106e-06,1.4173257244097736e-05,1987.0027694535472,23.862779380710105,1.2216735575180104,0.0885238621150338
-1.76,4.211,-1.76,4.211,1.1423076244059843e-06,1.1224218918903489e-05,54.434630466540064,23.664497909341573,1.208165489361609,0.0689323028387425,-1.76,4.211,1.2531431807436755e-06,1.2064257988443586e-05,1650.0082254085833,24.152963603060645,1.2293897214801646,0.0810042979544462
-1.847,4.34,-1.847,4.34,1.0227911291691623e-06,1.0332590037621178e-05,42.5304839691124,23.016967360210757,1.21024990450517,0.0573929100005465,-1.847,4.34,1.3381233690701688e-06,1.198480909620964e-05,1497.691259834132,25.96183480989564,1.2523890114307583,0.0790740099349606
-1.934,4.468,-1.934,4.468,8.626988135699376e-07,8.97982907071386e-06,36.70290293154503,22.33888427569136,1.1997422385324508,0.0707909987066254,-1.934,4.468,1.1580927398068552e-06,1.0891800302665892e-05,1292.3166994540788,24.72373138377043,1.2374672447816994,0.0789813221127353
-2.021,4.597,-2.021,4.597,9.51086811202117e-07,9.295516629688111e-06,34.30963219541535,23.79123433946535,1.2106880947149283,0.0685640519522566,-2.021,4.597,1.0287157743312382e-06,1.0050780044914158e-05,1081.0847930872967,23.79939834449361,1.2295461638663754,0.0835054830284534
-2.108,4.725,-2.108,4.725,8.706423166652383e-07,8.592505487333216e-06,31.381669026155173,23.560814565168428,1.221097695469342,0.0636605726614684,-2.108,4.725,1.0745580040847249e-06,9.795496529419252e-06,991.6688794172692,25.50784421510161,1.2486411505435704,0.0813872230964576
-3.401,2.753,-3.401,2.753,1.4668918234349654e-06,1.5092732724992907e-05,58.30343326641097,22.59958967892929,1.1968759149890689,0.0706050424459289,-3.401,2.753,2.2563129046260007e-06,2.090879849867306e-05,4911.3455582788965,25.092307298661336,1.2287175602035023,0.0789928438660223
-3.486,2.881,-3.486,2.881,1.2710172294906245e-06,1.3429567909778824e-05,43.85694641067868,22.006944371537717,1.1890121949089454,0.0601988674102683,-3.486,2.881,2.1959650000933637e-06,2.0206645188194655e-05,4301.179612871734,25.26978493840005,1.2350653213894622,0.0738280675204672
-3.572,3.008,-3.572,3.008,1.483902956310054e-06,1.4472033640316105e-05,54.651124587838616,23.84219766839519,1.226358832361408,0.0555742644298915,-3.572,3.008,2.0620153692678166e-06,1.847093053519922e-05,3839.6729468061817,25.9581340312377,1.244625473138851,0.084588950155629
-3.658,3.135,-3.658,3.135,1.0588098005112878e-06,1.1446475971390404e-05,26.059497549620364,21.508815744282877,1.1748282884735428,0.0630872915731896,-3.658,3.135,1.85979879999472e-06,1.7314973575918577e-05,3308.203891116252,24.97551645992128,1.2433088208285552,0.0882701083312587
-3.745,3.262,-3.745,3.262,1.0401110392186716e-06,1.0983457660821088e-05,27.23047329000379,22.019678468818512,1.1915612384968453,0.0659578277701117,-3.745,3.262,1.64941825970721e-06,1.5630836794820428e-05,2804.4438318118605,24.53685616586199,1.2344426550631769,0.0923982934219531
-3.831,3.389,-3.831,3.389,1.2827892010780117e-06,1.2007991835529155e-05,46.70022599232746,24.84020976035221,1.2320911118069282,0.0727960210427356,-3.831,3.389,1.6951035595047331e-06,1.5342050287982146e-05,2598.9942524639114,25.69112850706492,1.2549688077099748,0.0821232985406554
-3.918,3.516,-3.918,3.516,1.0868577567458114e-06,1.1105044488001653e-05,33.66081578269761,22.75740581825832,1.2048400867920426,0.0780648783342071,-3.918,3.516,1.7068622777888108e-06,1.433669107696098e-05,2254.6435395491794,27.6834301388952,1.2664559823332802,0.0794863279696797
-3.052,2.81,-3.052,2.81,1.7784308407212812e-06,1.8332623279336732e-05,129.98107672069128,22.557071416355157,1.190549739622078,0.0688015526234429,-3.052,2.81,2.0721670500671934e-06,2.1057429648466136e-05,4944.853959117008,22.8817772116993,1.204102643162933,0.0835570940083662
-3.137,2.938,-3.137,2.938,1.3789775670437017e-06,1.4736711713158191e-05,54.45377463328059,21.7584002320785,1.1829538232043877,0.0652539686919986,-3.137,2.938,2.171868064105189e-06,2.097993625293748e-05,4804.56555410782,24.07130427578184,1.220583213807085,0.0851023871617855
-3.223,3.066,-3.223,3.066,1.3676144674537986e-06,1.4994590090704282e-05,81.68032716692332,21.20798639231928,1.1793673323120577,0.0669771943802418,-3.223,3.066,1.786760667597395e-06,1.842416429826638e-05,3786.076120822913,22.550123952818964,1.201622708579448,0.0850977229634717
-3.31,3.194,-3.31,3.194,1.5652205150795646e-06,1.5424367955702105e-05,120.37096953313063,23.59600622552184,1.2090617286834506,0.0672242843601141,-3.31,3.194,1.7827493540293133e-06,1.665809575132755e-05,3292.242356608723,24.884864552475545,1.236484382110905,0.0787652911272064
-3.396,3.321,-3.396,3.321,1.479408985491127e-06,1.4338280460268974e-05,110.8453993826062,23.991727978366068,1.2116554361485807,0.0691040073774854,-3.396,3.321,1.7991214535086823e-06,1.7386883984066847e-05,3270.3491762521,24.06074517877052,1.2339425811492926,0.0843217856895828
-3.483,3.449,-3.483,3.449,1.233101886443633e-06,1.2196486492508114e-05,74.73441288452798,23.50902244341601,1.1867243574583546,0.0660328087357079,-3.483,3.449,1.7458693033675249e-06,1.559390383480187e-05,2689.893425946783,26.033180227372203,1.2517730670758307,0.0781052454571857
-3.569,3.576,-3.569,3.576,1.243751771563898e-06,1.1319208455601982e-05,39.1858731658581,25.54982924074435,1.2276621820184253,0.063386429486531,-3.569,3.576,1.6282333210087452e-06,1.4618539684497136e-05,2415.620701638337,25.898999941796312,1.2491843019057076,0.0868044299475737
-3.657,3.703,-3.657,3.703,1.0079382561267034e-06,1.0492038583130462e-05,26.369724347715724,22.338005713384508,1.2078976473599463,0.0715327216235048,-3.657,3.703,1.4170725786336857e-06,1.3609710610242988e-05,2092.33138749791,24.211045901852557,1.2344184441885722,0.0931123197966065
-3.744,3.83,-3.744,3.83,9.841240014985824e-07,1.046476868365418e-05,36.49185207851251,21.867067139242824,1.1999694370665888,0.0733053520558238,-3.744,3.83,1.3913503020405173e-06,1.2757300414375893e-05,1860.3783341686951,25.359930068050243,1.242912510137126,0.087459824469888
-2.803,2.976,-2.803,2.976,1.4832148990715258e-06,1.6617693382107e-05,119.01861476373932,20.754089512939657,1.1646509120248123,0.0632567353631467,-2.803,2.976,1.9356368141075576e-06,1.984489795062804e-05,4527.501690668257,22.68012015484897,1.193651534467726,0.094108285522178
-2.889,3.105,-2.889,3.105,1.4049944578467547e-06,1.47370997947176e-05,66.92854045026345,22.168327779479835,1.1748335410952395,0.0557095562232786,-2.889,3.105,2.076436983175456e-06,2.047970643921512e-05,4371.652110413176,23.57574231271756,1.217168686424288,0.0764490592844284
-2.975,3.233,-2.975,3.233,1.9702709671936807e-06,1.5073407600188103e-05,63.38771770106349,30.3937902734452,1.2596982836847184,0.0601211697911369,-2.975,3.233,1.7844235789162946e-06,1.7770659742084325e-05,3524.7354461754235,23.348809906913782,1.2126310210032585,0.0841983371254248
-3.061,3.361,-3.061,3.361,1.3662776839937632e-06,1.312278945951704e-05,55.62561722116558,24.20935179300032,1.2095760863383995,0.0614763541300857,-3.061,3.361,1.7131434950695436e-06,1.6827417509138752e-05,3133.553800908536,23.67263592405381,1.2045841457682975,0.0965952384842165
-3.148,3.489,-3.148,3.489,1.2915642821471225e-06,1.2566058160111983e-05,63.93561384770838,23.899417077116023,1.2069890628240931,0.0663697935575378,-3.148,3.489,1.7167438820764229e-06,1.5855159589530396e-05,2814.5122679180354,25.177072946467767,1.2380998050822758,0.0770215675213063
-3.235,3.617,-3.235,3.617,1.2141001419542162e-06,1.286677881636807e-05,71.7639596919028,21.940929506048903,1.1945994549954444,0.0673700500446424,-3.235,3.617,1.7074007767470835e-06,1.5236208654371277e-05,2508.93626754183,26.05726985817992,1.2535124863021407,0.0838548573568399
-3.322,3.745,-3.322,3.745,1.165691134171733e-06,1.1783667434248749e-05,57.83395059753986,23.00241125748241,1.2074213238146807,0.0741403592750132,-3.322,3.745,1.549829501849137e-06,1.3898581490858536e-05,2123.108415393699,25.92888212871573,1.2534405522907237,0.0765818981432728
-3.409,3.872,-3.409,3.872,1.1233690359407776e-06,1.1026247916901673e-05,49.671562281195285,23.689999062569548,1.21941501459018,0.0564838350860785,-3.409,3.872,1.4680132456949133e-06,1.3431893770454064e-05,1961.9389525674692,25.41341762227563,1.2552324702894655,0.0837330059494382
-3.497,4.0,-3.497,4.0,9.25784626654008e-07,9.629605972516266e-06,40.17757897316752,22.35485181707869,1.198590428927826,0.0761401501831283,-3.497,4.0,1.3357313642585604e-06,1.2532187669745615e-05,1707.1044978393902,24.78349673341033,1.248549136555749,0.0897275213322482
-2.617,3.278,-2.617,3.278,1.488271619298818e-06,1.589429441663318e-05,121.75623051606766,21.77265014922049,1.179982796983287,0.0605119651682178,-2.617,3.278,1.9879970648448923e-06,1.893976322398725e-05,3694.414985823399,24.40683926654085,1.222740497270712,0.0852171187514357
-2.704,3.406,-2.704,3.406,1.416961883337818e-06,1.4823202767154374e-05,108.51992374345303,22.227287449697275,1.185557181092662,0.0605434824990743,-2.704,3.406,1.7960950520046236e-06,1.7487769327827674e-05,3358.572568615954,23.881700520476677,1.2212119433677533,0.087587749593864
-2.79,3.535,-2.79,3.535,1.3069208253551204e-06,1.3227928554715735e-05,82.85918270956846,22.97353282841539,1.1989175262141538,0.0602133966688512,-2.79,3.535,1.839213179838181e-06,1.659447556364089e-05,2969.7894308417845,25.77145188629353,1.239960126479534,0.0827770073431255
-2.877,3.663,-2.877,3.663,1.3902473242470977e-06,1.3452573675302404e-05,105.87634715325694,24.03018068115869,1.213538283625015,0.0655447212122962,-2.877,3.663,1.7114567286445084e-06,1.63399153985783e-05,2673.8707711716456,24.354906530317653,1.221503354362839,0.1021763647152323
-2.964,3.792,-2.964,3.792,1.3218736009752822e-06,1.3024685333420128e-05,95.654437044378,23.5989693990066,1.212958304105409,0.0646150772918551,-2.964,3.792,1.4530661400242274e-06,1.4221403204589352e-05,2165.2144568034773,23.75818614251025,1.2244510129791537,0.0896087325076907
-3.052,3.92,-3.052,3.92,1.0858276520315511e-06,1.112124409990531e-05,59.55849620645383,22.70271889488341,1.194119652345507,0.0744023190997903,-3.052,3.92,1.4637547990113012e-06,1.2971417519945278e-05,1865.474510481662,26.239239344859683,1.256003335434841,0.0778204705909768
-3.139,4.048,-3.139,4.048,9.706693353729724e-07,1.004917125414864e-05,42.54315103175525,22.46008575730662,1.1963551575605669,0.0683269435566946,-3.139,4.048,1.3765032714390864e-06,1.2328876783717918e-05,1682.2579536661833,25.961159371534063,1.2567869167390937,0.0781991130579713
-4.33,4.312,-4.33,4.312,7.930816011104645e-07,7.541836995367824e-06,27.020658583107625,24.451813838541764,1.2381543070577543,0.066835048737899,-4.33,4.312,1.149919176916128e-06,9.522684710038108e-06,1033.167430157666,28.078781599936637,1.287894435193075,0.0767536888668109
-4.419,4.438,-4.419,4.438,9.222424049038348e-07,7.872887045453245e-06,29.729487518103664,27.238388777169536,1.2591860725763218,0.0573876632022981,-4.419,4.438,8.885494643330899e-07,8.362501717675921e-06,832.1675834595322,24.706756612187647,1.251796504182986,0.0868645927901886
-4.507,4.564,-4.507,4.564,8.75818633185151e-07,7.4896939032515485e-06,24.5200838173495,27.19070445221823,1.291196580243452,0.0616949037746074,-4.507,4.564,1.0059963965819811e-06,8.271905679700186e-06,760.0932489458271,28.27881449087876,1.286347616550719,0.08612337589696
-4.596,4.689,-4.596,4.689,8.86277970554907e-07,6.956036749686683e-06,24.004588357961328,29.626369452613822,1.2901338490600542,0.0656213151748092,-4.596,4.689,9.114878769540244e-07,7.84977513606886e-06,679.1479774361827,27.000016415535057,1.2899769939661938,0.0826111766593965
-4.685,4.815,-4.685,4.815,7.398224732775076e-07,6.559874194767799e-06,21.46816464258349,26.224206531951463,1.2712496706144747,0.0569500779970188,-4.685,4.815,9.222654981638618e-07,7.52444894835717e-06,613.7723769036315,28.500442940541664,1.2983721438380107,0.076953395524646
-4.774,4.94,-4.774,4.94,6.718319235727614e-07,6.0445504627783375e-06,18.900349687623592,25.84443108156789,1.2637523321571031,0.0601817097857935,-4.774,4.94,8.729370378166726e-07,7.194191487013956e-06,538.39075769456,28.21442961209607,1.309089086006705,0.0676011456579247
-3.982,4.376,-3.982,4.376,9.4113974108692e-07,8.296619996066871e-06,33.16701957770908,26.37687014345893,1.2484274370846131,0.0625936958261262,-3.982,4.376,1.213021675869556e-06,9.826473536999155e-06,1059.508617518509,28.70392060696681,1.289963926732504,0.0810280399335923
-4.07,4.502,-4.07,4.502,7.733559578924461e-07,7.273391267298779e-06,23.89101946741098,24.72366397989089,1.235653768077741,0.0722225434149776,-4.07,4.502,1.067221494364247e-06,9.108088041771085e-06,901.2342641871064,27.245682484954536,1.274252307238828,0.0823553664596641
-4.159,4.629,-4.159,4.629,9.008438500426864e-07,7.858050732723786e-06,34.466947256597834,26.656617314036318,1.266653806868047,0.0699817630897226,-4.159,4.629,1.085356705869171e-06,9.014530539962874e-06,847.941124003928,27.996241236433608,1.293056831587634,0.0870788709360557
-4.248,4.755,-4.248,4.755,7.448475276803618e-07,6.486516463975913e-06,23.982264642103203,26.70091863833422,1.2573472854958474,0.0662884618491229,-4.248,4.755,1.0858920625466967e-06,8.263475473770674e-06,716.7379479601658,30.55584256793354,1.2969448567037174,0.0749352705627195
-4.337,4.881,-4.337,4.881,7.749926125355136e-07,6.869085500801743e-06,29.60944064301232,26.23427025262909,1.2758754825154626,0.0633665647971507,-4.337,4.881,8.877446097942725e-07,7.337127355571543e-06,603.1016870115291,28.134055128529354,1.2932944478176742,0.0782017775901848
-3.736,4.547,-3.736,4.547,9.775207378173443e-07,8.635074307302024e-06,42.01199118685206,26.322688719302786,1.257953620585767,0.0642989590947751,-3.736,4.547,1.0800869966356727e-06,9.51798833076624e-06,962.5569374373338,26.386629380399903,1.2687406537568855,0.0763658550044172
-3.824,4.674,-3.824,4.674,7.801805315844444e-07,7.604562445069815e-06,39.06795398683398,23.8556484390604,1.2348663313285504,0.0697695122319334,-3.824,4.674,1.1230968189985184e-06,8.853448845937202e-06,853.10982432027,29.496810792460263,1.299904731548975,0.0819807528915809
-3.913,4.8,-3.913,4.8,8.323686351666241e-07,7.353861261849747e-06,29.34555219697812,26.319075044088446,1.2620166289178958,0.0590484317179642,-3.913,4.8,1.1098723841657228e-06,8.483162948457426e-06,768.8185741290491,30.421847418263415,1.308753035310835,0.0778112319654527
-4.002,4.927,-4.002,4.927,7.828634616332591e-07,7.255769767279047e-06,29.45031501349689,25.088394942001997,1.2531786453963825,0.0705140891233029,-4.002,4.927,8.450152208085156e-07,7.654461012326114e-06,633.1317887630865,25.669668723524325,1.271467137833243,0.0779969503078473
-3.556,4.852,-3.556,4.852,8.671378842600489e-07,7.647374560600824e-06,33.51689367720475,26.36611524534027,1.2583725299628703,0.0601037433516143,-3.556,4.852,9.690417785333731e-07,8.390791335646233e-06,756.1428585762258,26.854058322419046,1.273437547620547,0.081456837781153
-3.645,4.979,-3.645,4.979,7.752275401206291e-07,7.272784511331755e-06,36.75441832814164,24.785564835541816,1.244405804249814,0.0666104568477426,-3.645,4.979,9.063192761473784e-07,8.096115043336599e-06,664.2498532965058,26.030043493640772,1.2702726374959024,0.0773117419095151
-0.128,4.789,-0.128,4.789,9.312487340854216e-07,9.170709287727427e-06,39.97340119097868,23.612018589946437,1.2178543347760242,0.0587630113628114,-0.128,4.789,1.1101493794170266e-06,1.003741428579175e-05,1045.3323554659428,25.717569277921623,1.2479764917101983,0.0843957181675096
-0.214,4.917,-0.214,4.917,8.411923384755882e-07,8.339813431034674e-06,28.4173440109463,23.453589570677803,1.211019956707175,0.0671712187983926,-0.214,4.917,9.91385829596911e-07,9.597891749613008e-06,917.8093308078254,24.018020279332056,1.2366975454698312,0.0878342072550721
0.222,4.844,0.222,4.844,6.863178498158547e-07,7.057482187672465e-06,11.360970061908477,22.6123579198628,1.1991909338360436,0.0639438148012036,0.222,4.844,9.889892532625716e-07,9.576685257236576e-06,926.0743931513736,24.01301574612577,1.234596981011677,0.0830786733511302
0.137,4.972,0.137,4.972,7.895493773090537e-07,7.941727081282941e-06,20.74756225822489,23.117170947757767,1.2146132538629122,0.0631931309936577,0.137,4.972,9.73194023582269e-07,9.210245366151704e-06,819.2575604949737,24.56962797694504,1.2414200717827175,0.0793302752206047
4.28,4.935,4.28,4.935,7.41449807031844e-07,6.979458605481648e-06,28.432974083859595,24.701900511046148,1.2307204433516563,0.0718622031363997,4.28,4.935,1.0238151966983618e-06,8.437279250152327e-06,629.8409260120383,28.21561338284512,1.2904584604408622,0.0776580888869398
4.631,4.982,4.631,4.982,7.385370957729195e-07,6.731919825119919e-06,24.012205365216907,25.509604583254117,1.2415274560008085,0.0659398852148907,4.631,4.982,8.638852432495004e-07,7.683074253207487e-06,557.8436633556695,26.14516413722391,1.2629962803147343,0.0864168318610529
3.237,4.276,3.237,4.276,8.961120838646936e-07,9.667986680967713e-06,46.787535900312086,21.55244958462899,1.1867129613295366,0.0677994339103961,3.237,4.276,1.3157680684584612e-06,1.1719237903935908e-05,1278.288265833198,26.106600267365344,1.2410403181942136,0.0811564470775547
3.155,4.406,3.155,4.406,9.66462183172016e-07,9.562964175905172e-06,40.75941673426443,23.49971979339556,1.2115233923281676,0.0625008105313021,3.155,4.406,1.0932648127901496e-06,1.0738929133656608e-05,1103.7639461344902,23.671988516598685,1.2246050731684686,0.0758908267890965
3.073,4.536,3.073,4.536,7.680021382115208e-07,8.396004539272179e-06,30.98962144276913,21.26963866437886,1.1851001370848648,0.0583952540599018,3.073,4.536,1.155351914058971e-06,1.0194767693103556e-05,1023.4058935497328,26.35161894118399,1.2509167699805184,0.0799069725615933
2.99,4.666,2.99,4.666,8.296796123933928e-07,8.28930922838697e-06,27.65906963014362,23.27353885333352,1.207231699300484,0.0689059521074428,2.99,4.666,1.093681230540774e-06,9.61750503701965e-06,938.5757927693876,26.44226687128468,1.2473833644418804,0.0838873341205544
2.907,4.795,2.907,4.795,7.935569008024529e-07,7.9868248077117e-06,32.33397355375772,23.103313005040327,1.2074438292721632,0.0671160333139965,2.907,4.795,1.0568769690189164e-06,9.392660393482343e-06,867.7727472582981,26.164121764588145,1.2561263839378694,0.0775153739088695
2.824,4.925,2.824,4.925,8.190756013428808e-07,7.691338414928623e-06,28.69077775783269,24.762381851745488,1.2325142786453689,0.0708266217132706,2.824,4.925,9.918841138124849e-07,9.487714148605751e-06,787.2830701140986,24.30914536326423,1.2432684327067045,0.0814358317070734
3.588,4.323,3.588,4.323,7.404559096276892e-07,7.74482571322742e-06,14.159113564739814,22.230943872116505,1.1970423642270456,0.0606109161403657,3.588,4.323,1.2173916216000563e-06,1.1085765847906835e-05,1169.295302297891,25.53494665070105,1.2457146667877832,0.0768403839651207
3.506,4.454,3.506,4.454,7.136202265942318e-07,7.411754114370666e-06,12.791034522789596,22.38806171833924,1.2016024464777004,0.0684498089553754,3.506,4.454,1.002848208656535e-06,9.424431691782003e-06,953.3786911834326,24.74288745045326,1.2307618812476402,0.0943712235433251
3.424,4.584,3.424,4.584,9.381584378514392e-07,8.622093551391594e-06,34.7636265449982,25.30077391554431,1.233501535787409,0.0591350721058995,3.424,4.584,1.0784919892802093e-06,9.916450533246043e-06,958.0469655507746,25.28896302277692,1.246845281141871,0.0758069120551207
3.341,4.714,3.341,4.714,7.895434372493126e-07,7.787796772985169e-06,32.91425447951498,23.573917848074863,1.2117582665735491,0.0652529573525787,3.341,4.714,1.0715715230132971e-06,9.711350440316064e-06,889.2688289671063,25.657355111593212,1.2526868579813573,0.0807957546638448
3.258,4.844,3.258,4.844,7.645630355479356e-07,7.5818019815265244e-06,32.02540340427157,23.448291657084948,1.2163459652386066,0.0591622791508432,3.258,4.844,9.68293675331234e-07,9.051372391619684e-06,794.8961651614723,24.87499543515496,1.2410294144889955,0.0770898777604417
3.175,4.974,3.175,4.974,8.040610352626835e-07,8.006044299364413e-06,33.38036001044535,23.35292989013701,1.2284972688033444,0.0619291501621977,3.175,4.974,9.813715564280447e-07,8.566494074991183e-06,705.8189300426325,26.63794360808019,1.2659218858097885,0.0876433455662955
3.843,4.482,3.843,4.482,8.085290771386434e-07,7.982270564160061e-06,21.319336194073315,23.552637411615017,1.2197494287222836,0.0671969989185091,3.843,4.482,1.1737914016817452e-06,1.0201688672239768e-05,987.5991093620372,26.75402974231112,1.261108307212191,0.0773850701962509
3.76,4.613,3.76,4.613,8.833054995501644e-07,8.236500520586822e-06,21.96400138823152,24.93667537968305,1.2325308347081203,0.0607245703472318,3.76,4.613,1.122285333650801e-06,9.944356996198443e-06,896.7249314577783,26.241999823302905,1.2560540439957348,0.0830486801699819
3.677,4.744,3.677,4.744,7.227905647247479e-07,7.357602015572745e-06,22.76932570419245,22.842652331808317,1.2101244213670943,0.0654763565839278,3.677,4.744,1.026072434385251e-06,9.227019690292452e-06,805.1536911258579,25.85752305361683,1.2567230703056134,0.0785569313768827
3.595,4.874,3.595,4.874,7.177736880512483e-07,7.501125453798085e-06,26.31485310009908,22.25007363914506,1.210362207171756,0.0608437262009839,3.595,4.874,1.0103171489979457e-06,8.551330472222482e-06,713.3570620806886,27.472259612422235,1.2599055739471754,0.0864357028098614
4.037,4.778,4.037,4.778,6.999938781451837e-07,7.021028537212719e-06,23.54508078751248,23.182691246848343,1.2192135534432396,0.0660001527023478,4.037,4.778,1.0428856487175735e-06,8.8318901234879e-06,757.2033430168666,27.457018812739182,1.274435139193504,0.074075605348182
3.954,4.909,3.954,4.909,7.41293188869861e-07,6.570589542734756e-06,20.526896249599694,26.233486854739,1.2397988172192478,0.0606939668612573,3.954,4.909,1.0595149164203283e-06,8.736385284708465e-06,705.8759649239374,28.19977506717423,1.284625487367037,0.0853437513198039
5.444,4.234,5.444,4.234,7.973140243031427e-07,7.4655829646628835e-06,36.96630064846356,24.833390890656013,1.2410024913085296,0.0679561565944941,5.444,4.234,1.098650609628643e-06,9.21386273264773e-06,787.7657230316672,27.72606331977484,1.2805365100390205,0.0681026943245578
5.363,4.365,5.363,4.365,7.653176902340883e-07,7.204589490050569e-06,31.27041502674177,24.700335911764896,1.2467416743148654,0.0584413970427896,5.363,4.365,9.853925532816189e-07,8.519197876097978e-06,692.2075914289956,26.895580218889044,1.2760149830603529,0.0766489081346058
5.282,4.496,5.282,4.496,7.837534036125107e-07,7.102709813191576e-06,34.16083547701037,25.65817222054036,1.2535473127345251,0.0775862030858945,5.282,4.496,9.58092924431266e-07,8.40459981880216e-06,675.5433979890341,26.50702214622994,1.2623903291176848,0.089204242803216
5.201,4.627,5.201,4.627,7.12833451862322e-07,6.4015397622223255e-06,21.37435900422425,25.892499245999907,1.2512088674418798,0.0591297302780797,5.201,4.627,9.012689262060956e-07,8.02700046993891e-06,630.0937265993043,26.107870928162527,1.2632233700097812,0.0837460361786532
5.119,4.757,5.119,4.757,6.990354094268429e-07,6.800579891320128e-06,33.12870137374313,23.901412984770488,1.2304756671324442,0.0670789024184268,5.119,4.757,9.23815571849544e-07,8.001490777173124e-06,615.3422754266381,26.846317186874625,1.2712553504232167,0.0855449708368822
5.038,4.888,5.038,4.888,6.580486406091967e-07,6.413697799005611e-06,27.0399750157736,23.857220850277777,1.2261429976725868,0.0860654753285048,5.038,4.888,1.0145433489500206e-06,8.095822904238611e-06,593.4135473637415,29.139356464480223,1.2961794143566523,0.0775834145396059
5.795,4.277,5.795,4.277,7.263042575350319e-07,6.8577611721398544e-06,28.398127788087567,24.626720488743143,1.245913403500963,0.0717606545877872,5.795,4.277,9.85338882299173e-07,8.491023349894997e-06,667.8298005818092,26.98335413420628,1.2800234334638303,0.0799469439552875
5.714,4.409,5.714,4.409,8.292210684433287e-07,7.127773455447721e-06,34.10763941513549,27.05121571229109,1.257633679542908,0.0611930679186624,5.714,4.409,1.06917498820499e-06,8.40856572364545e-06,663.9211677568629,29.56631605004133,1.3042549950505251,0.0749716884262286
5.633,4.54,5.633,4.54,8.810371727008168e-07,7.4025474420926195e-06,33.3774390587954,27.674729247586296,1.2848678633831043,0.0523977784382766,5.633,4.54,9.209290346638348e-07,7.91348474015932e-06,577.9686841411268,27.060059287489533,1.2712276678097858,0.0893591031932672
5.552,4.671,5.552,4.671,6.267332260911173e-07,6.195892536036308e-06,20.04285040503398,23.52064300736973,1.2308701969559224,0.0816272273902715,5.552,4.671,8.048683753739378e-07,7.369774146665377e-06,538.638048367747,25.394579882024505,1.25381911721368,0.0860583889573733
5.471,4.802,5.471,4.802,7.196919529019943e-07,6.294193456197704e-06,23.766181925626768,26.58746353060248,1.2647307588528138,0.059955737638335,5.471,4.802,8.347310434471615e-07,7.426499425051646e-06,515.7705886099271,26.13561722278048,1.2684246331197264,0.0819580319688948
5.39,4.933,5.39,4.933,7.667165214222748e-07,6.617480828431779e-06,27.088554665960118,26.94092342313108,1.2663389243484773,0.0541185327077952,5.39,4.933,8.119741968194687e-07,7.140155501685925e-06,478.24166537333855,26.442645683187983,1.2719729049445228,0.080715079200287
6.051,4.433,6.051,4.433,7.799126626119075e-07,6.9274314959661024e-06,32.40501660295928,26.178459071824825,1.2692695702026997,0.0733104688626972,6.051,4.433,9.144231170034366e-07,7.750722818511309e-06,559.7600052953662,27.43312853457679,1.2852438440399463,0.0840215278716465
5.97,4.565,5.97,4.565,6.041239901769496e-07,5.984683515750788e-06,24.677808532963724,23.47227804011348,1.2335892195814402,0.0730434106992682,5.97,4.565,8.788882647980986e-07,7.425351589696823e-06,524.9232841037029,27.522443634416945,1.2851886406082622,0.0832743584541093
5.889,4.697,5.889,4.697,7.656330938420156e-07,6.413097977529662e-06,24.918521935370407,27.7602370142512,1.2668097872534634,0.0596086662052365,5.889,4.697,8.680092122252725e-07,7.323868663489244e-06,503.96085130989775,27.55840855726787,1.2904626343440957,0.0754125361098596
5.808,4.828,5.808,4.828,6.287919277780863e-07,5.589060437113562e-06,22.04664364843921,26.16004576664619,1.2670842411532686,0.063229243216598,5.808,4.828,7.89802397668542e-07,6.916516644999303e-06,449.6390229047371,26.55225247587777,1.2745067469960218,0.0836905926627207
5.726,4.959,5.726,4.959,7.044898056650335e-07,5.8217141509705655e-06,21.06141316489056,28.138062052497077,1.28216690717563,0.0556167269355784,5.726,4.959,7.299614287105286e-07,6.290188808952326e-06,403.1569322772923,26.984015553047,1.2706631765159826,0.0945163665906618
6.249,4.727,6.249,4.727,6.51337569275674e-07,5.738374047783177e-06,21.31767010511307,26.392931035741352,1.2720425299002116,0.0606408438226902,6.249,4.727,8.790640968485126e-07,6.62219891625471e-06,420.3998094247904,30.866591081149576,1.307910369176101,0.0768716035096843
6.168,4.859,6.168,4.859,5.966929967053373e-07,5.440999660739105e-06,20.76875543667452,25.500141443619125,1.2565732400323304,0.0649745914207752,6.168,4.859,7.609077871011677e-07,6.393687145871907e-06,382.8500492203572,27.67266556966561,1.2912625235654365,0.093355539041859
6.086,4.991,6.086,4.991,6.27110658254013e-07,5.509214230801574e-06,20.827773647362434,26.468228116979333,1.2749963516602127,0.06531428359839,6.086,4.991,7.953111511698393e-07,6.3844420006841385e-06,376.185085549293,28.96572968290339,1.2979858875353052,0.0861474972731018
4.401,3.576,4.401,3.576,1.1034371156481585e-06,1.0837050733905715e-05,61.457754634626,23.675918101448072,1.2185691425044314,0.065450102616277,4.401,3.576,1.5023083113095848e-06,1.299279989895896e-05,1665.0074992037553,26.88602929684937,1.2573198712957236,0.0824141113342721
4.32,3.707,4.32,3.707,1.071173409405442e-06,1.0051477343781944e-05,32.29274491623716,24.77993899072871,1.2300824816708973,0.0689750798808465,4.32,3.707,1.268760316746223e-06,1.2163670544986885e-05,1465.0188266134476,24.25410679761776,1.2286271136428315,0.0820116882952187
4.239,3.838,4.239,3.838,1.0626284045211422e-06,1.0618358640673392e-05,61.134453603491465,23.269892576513573,1.2158780460520116,0.0697544417416474,4.239,3.838,1.2751411118191082e-06,1.1732098928688198e-05,1404.885296156582,25.272771990627074,1.245495284261743,0.0803089063676188
4.158,3.968,4.158,3.968,1.1727133645128734e-06,1.0756117097619483e-05,72.15639290731782,25.35167743996422,1.234541290975723,0.0669688289158662,4.158,3.968,1.33559917553506e-06,1.21001203725283e-05,1358.9087280644806,25.665917807613297,1.2489916598368846,0.0846391839069186
4.077,4.099,4.077,4.099,1.0290937713969872e-06,9.79556489691593e-06,52.68216774175648,24.428444340704903,1.228880417160423,0.0652438218391148,4.077,4.099,1.2281481499530838e-06,1.1224761085102116e-05,1231.5094419028374,25.44157537951265,1.2380186054007305,0.0901517109458846
3.995,4.229,3.995,4.229,9.921957365620275e-07,9.321497996057057e-06,31.74302978300144,24.750386976091388,1.22939765201475,0.0599745178621975,3.995,4.229,1.0993008068701931e-06,1.0358769388521848e-05,1100.6725333812103,24.676225458181744,1.2392880068105168,0.0787230695277193
3.913,4.36,3.913,4.36,9.525057919582424e-07,8.448409930443917e-06,24.28018322429112,26.21579271066997,1.235768406707795,0.0636731769638314,3.913,4.36,1.0728390305817798e-06,1.0386925210163276e-05,1059.6594882400304,24.01695299441636,1.228478170624682,0.0759927441749697
4.752,3.62,4.752,3.62,1.089381241327779e-06,9.827209496004545e-06,52.21411022446093,25.77626724423166,1.240022125664754,0.0601603321945284,4.752,3.62,1.330319798847538e-06,1.249876330379566e-05,1471.7365512273543,24.74909704243769,1.239709646983158,0.0776764887732547
4.672,3.751,4.672,3.751,9.831991457562352e-07,9.384832489979166e-06,45.11051770651427,24.360450463108435,1.228005277064502,0.0639867964210891,4.672,3.751,1.480137180424309e-06,1.2422918370756687e-05,1409.0522367537685,27.70439585983965,1.270273859698445,0.069176995456037
4.591,3.882,4.591,3.882,8.525339151742763e-07,8.592439778020786e-06,31.515594522917244,23.07095199595172,1.214200424469533,0.0701561371117252,4.591,3.882,1.2138587070773408e-06,1.1636600612043685e-05,1281.478167231016,24.255618685856025,1.2371663323122586,0.0821192117373837
4.509,4.013,4.509,4.013,8.512687718717828e-07,8.59428141561883e-06,24.14433779914914,23.03177870929722,1.2197475292067286,0.0627981335472454,4.509,4.013,1.1722491047983309e-06,1.0945888396790214e-05,1159.6676146227785,24.90228742716781,1.2402598919866747,0.083203068185051
4.428,4.144,4.428,4.144,9.366698217078588e-07,8.59009945057445e-06,15.558850932188015,25.3547121140172,1.243188307161326,0.0594263016676903,4.428,4.144,1.2319098976219742e-06,1.0653225218492931e-05,1098.9048741936813,26.88859957094857,1.2608714775932637,0.0761136534073245
4.346,4.275,4.346,4.275,7.952395916085363e-07,8.301842681413078e-06,29.83474713632825,22.27377569661621,1.206471870929534,0.0642261350970654,4.346,4.275,1.176804148713128e-06,1.052100749980437e-05,1038.5357583612977,26.00861393623884,1.261258065210862,0.080210015720514
4.265,4.406,4.265,4.406,9.768135409536986e-07,8.36139087145381e-06,36.75856741601392,27.16461116785138,1.2594475138451933,0.0570306444148079,4.265,4.406,1.1287871066831752e-06,9.864341704803544e-06,928.9814399193071,26.608125466838963,1.2619330626800438,0.08176324705919
4.183,4.536,4.183,4.536,8.07799818272665e-07,7.676710546210661e-06,35.94107806006969,24.46802598579093,1.2288146691855268,0.0582377686389616,4.183,4.536,1.0398883450809058e-06,9.370555509815168e-06,846.1735154343452,25.80427850586809,1.2469625058641356,0.0802417613934775
4.101,4.667,4.101,4.667,7.156124861488289e-07,7.005299396213718e-06,22.997885334886988,23.753168856336156,1.2167482166991788,0.0630425533161753,4.101,4.667,9.80264899615727e-07,9.072300591691024e-06,779.4107868905926,25.124438724012748,1.2527844505132186,0.081851956882017
5.008,3.776,5.008,3.776,1.053335882930833e-06,9.417965377532672e-06,50.62349698415962,26.00639395568181,1.2547654699171569,0.0618663457845937,5.008,3.776,1.359497769693397e-06,1.1638988681900104e-05,1212.8946109230951,27.16023986935128,1.2737416518118438,0.0731825208834576
4.927,3.908,4.927,3.908,9.587306145262594e-07,9.216426841237195e-06,45.90875342712482,24.188245237970268,1.2324646611053915,0.0645794204415508,4.927,3.908,1.17434991833135e-06,1.0798530032856522e-05,1116.7013344735713,25.2873447237434,1.2449783772170115,0.0827837557974721
4.846,4.039,4.846,4.039,9.77247892771067e-07,8.985936325938329e-06,48.89620438843296,25.28784106864755,1.24525201558957,0.0696828670254257,4.846,4.039,1.2106617193936438e-06,1.0723043207344051e-05,1052.6213820652888,26.25276808570108,1.256192153594762,0.0817133131012253
4.764,4.17,4.764,4.17,9.60676041325774e-07,8.6730951092858e-06,44.15007740300294,25.755690549786895,1.2448933747886155,0.0615984383536814,4.764,4.17,1.2919463869365874e-06,1.0127343300157448e-05,970.474920073998,29.66328928904799,1.2970495474256378,0.0718664912499914
4.683,4.302,4.683,4.302,7.947452320715964e-07,7.851686699949326e-06,31.994274386914924,23.536144230057506,1.223804845303964,0.0670793450850212,4.683,4.302,1.1087477112894752e-06,1.0010195023284196e-05,929.0899572509284,25.75494016488061,1.2619154052856794,0.0816088274673665
4.601,4.433,4.601,4.433,8.16435467287223e-07,8.252750887847001e-06,34.84887166883234,23.003476441773834,1.2271075925396977,0.0676273045559009,4.601,4.433,1.0009116338345023e-06,9.443751170159477e-06,857.5864081883043,24.64458726835495,1.241194611205283,0.0789811277330485
4.519,4.564,4.519,4.564,7.940360949794814e-07,7.69742567493623e-06,29.73488233170573,23.986400915098077,1.2314976016985637,0.0585495060402829,4.519,4.564,1.036410331528903e-06,9.017196522401514e-06,782.1727108307873,26.725789677175744,1.254167514780589,0.0962713166363439
4.437,4.695,4.437,4.695,7.696717384118346e-07,7.246225304695165e-06,26.620785240994014,24.698128978445244,1.2463438474031667,0.0629667520506167,4.437,4.695,8.46874544812176e-07,8.161843192635228e-06,663.6033426412811,24.12688087742083,1.2322244685512618,0.0870351768982176
4.355,4.826,4.355,4.826,7.496561106216226e-07,7.021816138379938e-06,25.15075137064946,24.824641154386143,1.2396350177780275,0.0624615077054255,4.355,4.826,9.04781162769621e-07,8.100854222598037e-06,641.6469289728567,25.97066562876336,1.2611300581818603,0.0836801915178319
5.205,4.07,5.205,4.07,8.243633728857092e-07,7.739364023410556e-06,35.745191581714465,24.76759062449199,1.2389272205373911,0.0595667027235225,5.205,4.07,1.1117222144464122e-06,9.844205359919964e-06,898.8441765265535,26.259470608832288,1.2541507784311543,0.0858868648024924
5.124,4.202,5.124,4.202,8.076224785664078e-07,7.855641820626165e-06,35.427937826308515,23.90545819640825,1.2298996181674795,0.0710020214735632,5.124,4.202,1.2309916703241735e-06,9.810610126498151e-06,864.6146016528045,29.176248184830047,1.2879505169943222,0.0798232454041477
5.042,4.333,5.042,4.333,8.38183455108009e-07,7.727790387262759e-06,30.092207438112258,25.220523567102948,1.2477131901306937,0.0755263729986357,5.042,4.333,1.1294193716852575e-06,9.172840451993502e-06,808.1557384340606,28.63002586367153,1.2812776315221763,0.0786139304620043
4.961,4.465,4.961,4.465,7.384280964090794e-07,7.281709140408466e-06,34.940859439077826,23.58007775324812,1.2302238727589834,0.0681903474380674,4.961,4.465,9.855788631663471e-07,8.843646006878298e-06,734.7628356375536,25.913756777936044,1.25963467023495,0.0875302923897575
4.879,4.597,4.879,4.597,8.647391027466901e-07,7.5325259749799424e-06,35.146366849792464,26.6940707663769,1.259961577905109,0.0631019507977267,4.879,4.597,9.204587574357046e-07,8.288093311388844e-06,679.5410116338132,25.823794063455423,1.2607216583312235,0.080041690189033
4.797,4.728,4.797,4.728,7.647332085408709e-07,6.742283852561405e-06,26.64511570334544,26.37383378927406,1.2595161429782922,0.0624969817817811,4.797,4.728,8.54797654930612e-07,7.788564192978854e-06,612.8366045674486,25.51974120655402,1.2529350894978135,0.0791041532783332
4.715,4.859,4.715,4.859,8.610434426851695e-07,7.169500219451612e-06,28.975549305886453,27.92585822822359,1.2577803776437526,0.0600950498265008,4.715,4.859,1.0024756353248462e-06,8.311365043267431e-06,622.0445316607507,28.04605725633167,1.2827178538831068,0.0762861049606016
3.36,2.917,3.36,2.917,1.430271609235584e-06,1.492345400222266e-05,80.09729378099708,22.285352824141896,1.184290225757477,0.0661978048563648,3.36,2.917,1.9237565329556865e-06,1.961977940283283e-05,3690.2318829343385,22.79955314501473,1.1882900443204416,0.0902252954322887
3.279,3.048,3.279,3.048,1.334446096611212e-06,1.5019268135051446e-05,93.50517126880275,20.65963348199637,1.158001730902012,0.0748230535170628,3.279,3.048,1.931931854595632e-06,1.8760778361482188e-05,3470.655752385205,23.94480464707344,1.2071569347148448,0.0927949638318707
3.198,3.178,3.198,3.178,1.3376083829870884e-06,1.4671571305865884e-05,99.42415792333084,21.19935759908053,1.1665921351470356,0.0598758687570339,3.198,3.178,1.809271997505768e-06,1.803283127806381e-05,3142.197923579403,23.329761007785883,1.1995999774898227,0.0847508220797022
3.117,3.309,3.117,3.309,1.2058214850587418e-06,1.3337903608266284e-05,71.34490289951991,21.02160110326377,1.172277501360797,0.0602510359804601,3.117,3.309,1.825594118444519e-06,1.7818454298311072e-05,2979.835625138035,23.823444174502445,1.2092897345065476,0.080688106341031
3.036,3.439,3.036,3.439,1.178946671217053e-06,1.3230022500181669e-05,93.00645665078234,20.720676258929927,1.173626232779183,0.0674984612827672,3.036,3.439,1.6717507097351194e-06,1.6538498405940932e-05,2777.38913447595,23.50421700280592,1.20515317245216,0.0824006221633032
2.954,3.57,2.954,3.57,1.230711567722958e-06,1.273128991628977e-05,78.02110358190234,22.477821714487284,1.1879469386721089,0.0685819068692114,2.954,3.57,1.5752679252758354e-06,1.550527659042818e-05,2413.6677412807594,23.623555372478627,1.2048238865839764,0.0813092004543924
2.872,3.7,2.872,3.7,1.2942205952396975e-06,1.3018421082737992e-05,71.54447130960806,23.116407378500725,1.190709617841296,0.0715865460628456,2.872,3.7,1.5669664772895928e-06,1.511450590884941e-05,2212.165909586367,24.10660758723795,1.2197264364850626,0.0763861557209074
3.711,2.961,3.711,2.961,1.469009642804412e-06,1.4519262404224906e-05,117.46659747009272,23.52612715061885,1.211489739634021,0.0630716223374674,3.711,2.961,2.0094958048183977e-06,1.881733169226653e-05,3336.5821215047054,24.83129738596425,1.2245337296055498,0.0778258982822635
3.63,3.092,3.63,3.092,1.2595003513574065e-06,1.395269928577108e-05,113.16813134292484,20.98990177853205,1.174969913070522,0.065450452691839,3.63,3.092,1.983485973542907e-06,1.7660569418576283e-05,3099.9935681543475,26.11528556302364,1.227946117385288,0.0768289596515302
3.549,3.223,3.549,3.223,1.369903782699176e-06,1.4000887107467586e-05,97.966466763728,22.751228835413936,1.1979819616546106,0.0621573293039004,3.549,3.223,1.6927221789036595e-06,1.6960284364805144e-05,2852.512942970518,23.20720841906269,1.205341755261845,0.0812603429259074
3.468,3.354,3.468,3.354,1.2355756901729855e-06,1.279026687467573e-05,82.61313033817844,22.46260376193652,1.1837957620718091,0.0667539722107275,3.468,3.354,1.8882137291594263e-06,1.7138592706967827e-05,2655.1125118784475,25.618066023605035,1.231182285808179,0.0767484212683254
3.387,3.485,3.387,3.485,1.229389656854748e-06,1.257101976973988e-05,77.09467638539004,22.739944121775377,1.1943373086078122,0.0641434320307079,3.387,3.485,1.5436552846448133e-06,1.4700240033474649e-05,2261.9695450424,24.417221641558264,1.2197333958814336,0.0816463702585711
3.305,3.616,3.305,3.616,1.1527650366499091e-06,1.2349711124307558e-05,81.86440426415128,21.70472783638462,1.1804974097300964,0.0672916133322463,3.305,3.616,1.6310126054075264e-06,1.5268832261985413e-05,2196.950057387978,24.83829844149114,1.22995780735283,0.0790410286743073
3.223,3.746,3.223,3.746,1.0804734176917287e-06,1.1477687318919268e-05,56.289627459605285,21.88920783863184,1.1814215243387836,0.0788972920769439,3.223,3.746,1.4431165588361125e-06,1.4205421628823117e-05,2030.659911976369,23.62205242791766,1.2158416883144925,0.0886967031066901
3.141,3.877,3.141,3.877,1.1624688285552353e-06,1.1815097544567792e-05,71.33097144366332,22.877804911272648,1.2011356537527869,0.065522785889911,3.141,3.877,1.3167550134342276e-06,1.3244900901161831e-05,1789.3397214578888,23.116741410790485,1.2075007376622262,0.0828004926818559
3.059,4.007,3.059,4.007,1.0374200271341134e-06,1.0346275437482064e-05,40.51637047900158,23.315296315002605,1.188189963862519,0.0691928879843255,3.059,4.007,1.39733196563785e-06,1.377391553898123e-05,1776.0489539962964,23.589162718360026,1.218886792716302,0.083368118268225
3.966,3.117,3.966,3.117,1.3915298653571116e-06,1.350775533503852e-05,92.10675087418036,23.95409091792833,1.2174373082765204,0.0540039200113709,3.966,3.117,1.7497163726900348e-06,1.620328877690474e-05,2626.896816861829,25.10931304170737,1.218872467881247,0.0817878273025618
3.885,3.249,3.885,3.249,1.2377947799855218e-06,1.2949914928697848e-05,81.59615847047988,22.2255275871568,1.1986790055744234,0.0650610407778629,3.885,3.249,1.683585917353968e-06,1.612724470875713e-05,2522.047429525133,24.274229637862657,1.2257397834791393,0.0786759488984339
3.804,3.38,3.804,3.38,1.1823825436805035e-06,1.1868608756703558e-05,56.89378772313946,23.164799369728524,1.2051526639696104,0.0598678752875082,3.804,3.38,1.7228308029411334e-06,1.6039063403986024e-05,2459.1558510724467,24.97663753866512,1.234933503657819,0.0744870387210729
3.723,3.512,3.723,3.512,1.2409890075225288e-06,1.2329138793251669e-05,72.9789267735738,23.40483267192113,1.2119564953906528,0.0667857227960758,3.723,3.512,1.4998838049818308e-06,1.4715491260912996e-05,2173.764021447248,23.70026479662648,1.2129877661548012,0.0817547712054319
3.641,3.643,3.641,3.643,1.0383148619600834e-06,1.1172721772591844e-05,57.51686748571622,21.60928682341824,1.1846770057953355,0.0623731021871584,3.641,3.643,1.4754434961635749e-06,1.4260796764650382e-05,1943.7444925526052,24.057424929456293,1.2188173987802633,0.0826186008370419
3.559,3.774,3.559,3.774,1.1278212753553244e-06,1.1514823902024694e-05,60.58249692596777,22.774734869754557,1.1993901754835965,0.0619652327941583,3.559,3.774,1.569731674049858e-06,1.442057039778188e-05,1888.6770905987585,25.311234656897096,1.239560885851559,0.0827284108873885
3.477,3.905,3.477,3.905,1.046795035548895e-06,1.0704960269940148e-05,67.73330557539083,22.73772146383693,1.1836850720203491,0.0641765466260161,3.477,3.905,1.3392978212245887e-06,1.3141244971086444e-05,1624.3680342452956,23.697961996223093,1.2208388063617863,0.0775506690613975
3.395,4.036,3.395,4.036,1.042278583194656e-06,1.0529752265746917e-05,62.24246158983901,23.0163264072769,1.194652056138614,0.0678341411146852,3.395,4.036,1.1719629459521052e-06,1.1890284694239996e-05,1403.9795369805631,22.918805295087218,1.2068415066317582,0.0833768280935163
3.313,4.166,3.313,4.166,1.0636685924027894e-06,1.057537411907826e-05,55.97900117413674,23.387346130398928,1.2114688355640957,0.0543211002421086,3.313,4.166,1.2850216126485691e-06,1.172794495590383e-05,1311.9924250935817,25.477620286349296,1.2417621796362837,0.078105109212934
4.163,3.411,4.163,3.411,1.121034701696598e-06,1.1316378850749755e-05,54.507898659162514,23.03466632876317,1.1994829766615245,0.0668077210696639,4.163,3.411,1.535154436735853e-06,1.434392013194422e-05,2019.2196293122813,24.88596931499657,1.230179895865701,0.0967299324141609
4.082,3.543,4.082,3.543,1.0093622537883416e-06,1.0804494737969202e-05,58.29014502179917,21.722657013846597,1.186603911407686,0.0708436253193798,4.082,3.543,1.6054981576775104e-06,1.3550599730590451e-05,1842.5190693161185,27.5500024760779,1.244511536518652,0.0832491088958541
4.0,3.675,4.0,3.675,1.049937761222786e-06,1.0838736306045029e-05,65.85098726734033,22.52450483726088,1.195187944171639,0.069710708925341,4.0,3.675,1.4436088410865276e-06,1.3476068281548844e-05,1791.4650934445117,24.90902209583429,1.238349990093239,0.0807162105587942
3.918,3.806,3.918,3.806,1.022272747092258e-06,1.079100946982181e-05,61.50367238458367,22.02799944916499,1.1934212751710327,0.0626737089751458,3.918,3.806,1.3509406670832677e-06,1.3183902363406638e-05,1614.5789368279643,23.826631319913822,1.2149423788287002,0.0862662284576891
3.836,3.938,3.836,3.938,1.0271895543547843e-06,1.0114955528166324e-05,53.03937923005424,23.61331519739639,1.206872521581603,0.056993362741657,3.836,3.938,1.2724870270148497e-06,1.2191455344941796e-05,1484.5504564247865,24.26990960213197,1.2280978486248737,0.0797878501023353
3.754,4.069,3.754,4.069,1.046907952075361e-06,1.0134623783409188e-05,56.28575300865741,24.01990108948638,1.216814838036898,0.0767845031747631,3.754,4.069,1.3486786368393314e-06,1.2081452378013555e-05,1411.8933235675509,25.957309745119364,1.243330531178807,0.0782882289933093
3.672,4.2,3.672,4.2,8.746508912805455e-07,8.739415031683258e-06,27.39022144392727,23.27141153074637,1.2088934179738853,0.0677027919571883,3.672,4.2,1.221809737255224e-06,1.114109454220731e-05,1225.7482338870211,25.500345806939343,1.2416678737622784,0.0822053639097768
7.647,4.17,7.647,4.17,5.92649989491812e-07,4.754165592307231e-06,11.378700406666368,28.986402873886004,1.317242023061095,0.0592567467971778,7.647,4.17,8.480538419608202e-07,6.336336168081579e-06,352.7463374330563,31.121144731912228,1.339714363654618,0.0732155596268489
7.568,4.302,7.568,4.302,4.521175746730292e-07,3.910598078652737e-06,4.510945758104756,26.883050893910003,1.287684184186575,0.0727467872329198,7.568,4.302,8.478094621991194e-07,6.3286321535350325e-06,342.9880808053641,31.150050386770644,1.3338866163754233,0.0826268304164803
7.489,4.434,7.489,4.434,5.382537159933947e-07,4.494540504622217e-06,13.35539395009177,27.84659418158599,1.3026049847567176,0.0599197730868971,7.489,4.434,9.124514783805846e-07,6.346146810553083e-06,343.1441799338484,33.43258919874567,1.359274756956094,0.0816340166715694
7.409,4.566,7.409,4.566,6.573729178424995e-07,5.366670176217683e-06,20.505783593081382,28.48244388999293,1.3087354131063476,0.0586758606586327,7.409,4.566,7.96872980678512e-07,5.891394511009392e-06,314.7599176356512,31.45149858985195,1.3388984477806107,0.0791699729954795
7.329,4.697,7.329,4.697,7.676496547984595e-07,5.3599589547418775e-06,20.79479777856877,33.302124688882884,1.3454736011884962,0.0539116255295366,7.329,4.697,8.10152840778239e-07,5.905361785438889e-06,309.11062958641656,31.900008400446247,1.331026623751892,0.0888279986079111
7.249,4.829,7.249,4.829,6.300061632871121e-07,4.845096023194313e-06,14.80315467804276,30.235193830920227,1.316730111362885,0.0684989012364261,7.249,4.829,8.236902165590389e-07,5.933114453771201e-06,308.2238207468159,32.28133813916861,1.3450745938471846,0.0823287469461151
7.169,4.96,7.169,4.96,5.733695333632959e-07,4.6138103426002425e-06,15.92804349748701,28.896498567772863,1.3002470025544222,0.0633328074602002,7.169,4.96,8.206903973633811e-07,5.9873231703698e-06,304.1871200322942,31.872563814659674,1.3533624731174818,0.0712192587441572
7.999,4.209,7.999,4.209,5.250244392439452e-07,4.339329898325013e-06,9.748943497519694,28.133722447899363,1.3059008132657328,0.0721463074517865,7.999,4.209,8.856699356212659e-07,6.077453652085344e-06,313.1745137369521,33.88602248780057,1.3697388753703788,0.0838672894638882
7.92,4.342,7.92,4.342,5.344741943166516e-07,4.48193102711068e-06,14.118082735398644,27.72885393145059,1.302705212877595,0.0633057343148803,7.92,4.342,6.976655597226086e-07,5.531071114828038e-06,281.75541339899587,29.329751930254467,1.319998028876881,0.089571078981976
7.841,4.474,7.841,4.474,5.876792555219283e-07,4.6412159665544985e-06,14.376805994035749,29.4427879262164,1.3209424882361518,0.0719677899082188,7.841,4.474,7.837309340655787e-07,5.723231883682605e-06,287.8380375530133,31.84168151551032,1.3409544091672885,0.0767811327705868
7.761,4.606,7.761,4.606,5.718219298297296e-07,4.57203046124344e-06,14.13398417569525,29.08185061252454,1.3199831741122117,0.0578790097218148,7.761,4.606,7.113661063716834e-07,5.399443414457651e-06,264.94880118969337,30.63476282903892,1.3306844082941292,0.0895430627276569
7.681,4.738,7.681,4.738,6.152273089388674e-07,4.733733279654233e-06,16.714395173678664,30.220536379312072,1.3332249421590758,0.0617118824031465,7.681,4.738,6.61434216629854e-07,5.074087174427695e-06,241.3179094118765,30.310917391425928,1.3241361541283487,0.0842908485888326
7.601,4.87,7.601,4.87,5.480766919415854e-07,4.415460177157049e-06,16.04063026405862,28.862617142222422,1.313289148570964,0.0727238148068429,7.601,4.87,7.407602527024665e-07,5.584509408169625e-06,260.3669606353519,30.84345295662656,1.339843244984679,0.0687179663899217
8.257,4.363,8.257,4.363,5.797626843789414e-07,4.3545599408131946e-06,9.13656134820928,30.95824505954579,1.3432094114922817,0.0562671064896747,8.257,4.363,8.333895589148132e-07,5.815822638228535e-06,273.438560869626,33.320173110995974,1.3668505251128698,0.0804495059395425
8.178,4.495,8.178,4.495,6.345892577956043e-07,4.37355099361008e-06,11.968752351873128,33.73874075348219,1.358742246926513,0.0619139020823228,8.178,4.495,6.497552127372057e-07,5.084931321330511e-06,227.49792651914808,29.712214956401574,1.3251580720047729,0.0836815071998628
8.098,4.628,8.098,4.628,4.33928451280293e-07,3.817945096817378e-06,10.558106721226167,26.427665127375437,1.2844956648070331,0.0682961192503356,8.098,4.628,6.842227047321667e-07,5.061714574186354e-06,235.8472532833056,31.431866913712945,1.3266463423917294,0.0846865099327871
8.018,4.76,8.018,4.76,5.459234908103361e-07,4.202261454761155e-06,13.87095015461618,30.207797414047704,1.3279325601610406,0.0691174659145452,8.018,4.76,6.409227419777763e-07,4.8819212726307125e-06,223.31164633221672,30.52707952208508,1.3275707111416242,0.0830626893133099
7.938,4.892,7.938,4.892,5.111769507679227e-07,4.05241201517137e-06,13.765495269356874,29.33107742183628,1.3153097052624108,0.0613542291853015,7.938,4.892,6.42545940541263e-07,4.798610321112351e-06,211.55812886422817,31.13572967206381,1.3304377543527146,0.0814466374100721
8.458,4.654,8.458,4.654,4.763645248796604e-07,3.704525555089437e-06,7.529279120080358,29.900411440021877,1.32791895799494,0.0641866584092097,8.458,4.654,6.060013119083422e-07,4.701921484742769e-06,199.67489783659087,29.968743811378857,1.3347951710949868,0.0754583530219322
8.378,4.787,8.378,4.787,5.030641449827975e-07,3.692480868995095e-06,8.533233227738664,31.679291384389423,1.3354694470652726,0.0626430749519343,8.378,4.787,5.883896931603445e-07,4.5416437920984645e-06,190.07495305714136,30.124672577166628,1.3305995910133417,0.0896866471159375
8.298,4.92,8.298,4.92,5.023837367648555e-07,3.787942677585542e-06,7.214816295782514,30.8391586539919,1.3440875388451448,0.077370119625222,8.298,4.92,6.604528547712677e-07,4.981108326133012e-06,207.52012298244037,30.830898586198806,1.339940712712316,0.0824422168155909
6.596,3.527,6.596,3.527,8.160352004417946e-07,6.753162791889589e-06,26.092934711139115,28.097780888567616,1.289831691237918,0.0658312482227982,6.596,3.527,1.0873309792079527e-06,8.796024517215933e-06,706.082293033884,28.743898994073263,1.304366415804885,0.0860356825615368
6.516,3.659,6.516,3.659,8.454135605387604e-07,6.7029153797867376e-06,19.95331621751009,29.32755247518866,1.286164163461581,0.0750696992475613,6.516,3.659,1.1572518988472402e-06,9.043025213803586e-06,750.5910552737633,29.756682277212363,1.3191295299890409,0.0770847349475137
6.437,3.79,6.437,3.79,7.715149629743419e-07,6.717912216694804e-06,27.666401874557845,26.704249456137,1.2785471378304998,0.0583667640728589,6.437,3.79,1.0904160226995373e-06,8.561296450754837e-06,681.4926994209495,29.615770533792023,1.301442918546995,0.0764988552132563
6.357,3.922,6.357,3.922,7.460259997915395e-07,6.317421616996695e-06,17.874978217354855,27.45898303668688,1.273381308572917,0.0714804083592458,6.357,3.922,9.324200060808656e-07,8.311295124355503e-06,649.356112601387,26.086344594569272,1.26742944791383,0.0808472011844981
6.277,4.053,6.277,4.053,8.546463604177428e-07,7.155280466753795e-06,27.88737669892516,27.77346935398985,1.2889833483684676,0.0681198529781125,6.277,4.053,1.0462615323648216e-06,8.267311774386883e-06,623.7622145401665,29.42702035585419,1.295820018811091,0.0745510055955838
6.197,4.185,6.197,4.185,7.317333226454703e-07,6.6323400971181815e-06,33.09059352548535,25.65407691056376,1.2636340620268671,0.0875306968185521,6.197,4.185,9.56363459721994e-07,7.510890508933324e-06,563.3876188990538,29.60751043275867,1.2911502652516162,0.0826567706072732
6.117,4.316,6.117,4.316,8.15611077737136e-07,6.763615080895174e-06,33.02964751510584,28.039778561234584,1.2885946326506363,0.0686994211978034,6.117,4.316,9.418875636376948e-07,7.881605047513882e-06,571.9041622061368,27.78783695228,1.2857267639951977,0.0815559709182965
6.948,3.567,6.948,3.567,8.577014648866509e-07,6.962204320519602e-06,32.93681081920822,28.64571949971155,1.307890009880054,0.0673284910077535,6.948,3.567,1.218611025018683e-06,8.910676854167835e-06,661.8759607802881,31.799826924403444,1.3399698730402136,0.0838376327745547
6.868,3.699,6.868,3.699,7.983099382623899e-07,6.470256018503659e-06,25.743277641923488,28.689330796331728,1.2977898470485427,0.0651559274915341,6.868,3.699,1.1001558780807677e-06,8.55516015803584e-06,628.6493731726614,29.901737656120243,1.3168818346518314,0.0889933673900442
6.789,3.831,6.789,3.831,7.125943239124825e-07,6.120599804563904e-06,20.11576234276077,27.07189906903709,1.2906099681066632,0.0630235503730933,6.789,3.831,1.0520154726958791e-06,8.032609249242116e-06,584.5519977264013,30.45340329623026,1.321964871210337,0.0837789359990782
6.709,3.963,6.709,3.963,7.399893706802533e-07,5.818975913172569e-06,10.81140724244864,29.569860084544093,1.3090004540416538,0.0627922381965552,6.709,3.963,9.253467798907238e-07,7.404938569568542e-06,524.959898228281,29.057176108828244,1.3035253810703866,0.0810362112709976
6.629,4.095,6.629,4.095,7.033444322519977e-07,6.047583942148086e-06,22.027474813899342,27.0431013802576,1.278243404538462,0.060453474707069,6.629,4.095,1.0283126211122104e-06,8.07722632092283e-06,564.060115285997,29.602832099709087,1.312755785793634,0.0759597392314289
6.549,4.226,6.549,4.226,6.920016467063663e-07,6.133964291613541e-06,21.58619127759082,26.232291643143327,1.2783868714457614,0.0608910247136373,6.549,4.226,8.991269586049777e-07,7.258167526062501e-06,512.6841098192891,28.804767821324678,1.2918032994209392,0.0813666000605421
6.469,4.358,6.469,4.358,6.971354694630112e-07,6.209267700141486e-06,20.08045499861059,26.106409338427763,1.2761109488939364,0.061009610066421,6.469,4.358,9.05596955274751e-07,7.1564519490824e-06,471.115183933943,29.424394976209257,1.3071669063175766,0.0772986660134362
6.388,4.49,6.388,4.49,6.561326808775607e-07,5.734940365604597e-06,18.16914413322912,26.60315293316409,1.283285254748614,0.0653446175256827,6.388,4.49,9.30193647880795e-07,7.426092491219083e-06,488.5136880744351,29.12616886047361,1.303916603865169,0.0808019027665129
6.308,4.621,6.308,4.621,6.709475398362428e-07,5.865302990295292e-06,18.785701019630405,26.59919299229263,1.2754083466338515,0.0592038289789673,6.308,4.621,8.902930151709419e-07,7.294694098561397e-06,472.75759648792086,28.378943875846648,1.2906966761203151,0.0829327366098396
7.205,3.72,7.205,3.72,7.479581609918646e-07,6.1023662683952165e-06,21.434011865051897,28.500296748664645,1.3079923292527145,0.0636671423599203,7.205,3.72,9.93240400003701e-07,7.42994416879161e-06,503.79644112755807,31.08416269460005,1.3323737079339804,0.0862530592514816
7.125,3.853,7.125,3.853,7.985402287518308e-07,6.034391533272832e-06,26.47397233693094,30.77043685509643,1.3258243520872597,0.0596524062037641,7.125,3.853,8.832668715212603e-07,7.169278614094824e-06,481.8815003371076,28.647506786233333,1.3039280225173702,0.0814998281187851
7.045,3.985,7.045,3.985,7.896731502496032e-07,6.050232199414653e-06,23.57181613723905,30.3490902258672,1.3138367868703371,0.0651738119858949,7.045,3.985,9.384992245508952e-07,7.317433093033166e-06,481.147969972085,29.82260013886773,1.3123020489013415,0.0923961099783025
6.966,4.117,6.966,4.117,5.943174348795258e-07,5.077735799145676e-06,11.592356879166182,27.21565044204645,1.278186979988566,0.0724428726295814,6.966,4.117,9.601383961185773e-07,7.513942013360616e-06,497.8002024304337,29.712305098299908,1.3157351266338275,0.0802629499892596
6.886,4.25,6.886,4.25,5.169442171296768e-07,4.690195374043106e-06,6.734475834794797,25.62849449359272,1.2691346365708371,0.0624304193402775,6.886,4.25,8.356930715766895e-07,6.774269837019432e-06,435.8734401593324,28.684987002584812,1.306254547752177,0.0820845991389889
6.805,4.382,6.805,4.382,5.305832566447578e-07,4.8312920999236505e-06,7.271215999633837,25.536454120525544,1.2699253816796572,0.0726491414858813,6.805,4.382,1.0462438832300553e-06,7.601420304583466e-06,481.8593762323217,32.00431475348899,1.3376582978690528,0.0766836270858452
6.725,4.514,6.725,4.514,5.74597404731822e-07,4.995500353922467e-06,9.33696228678962,26.74576433541308,1.2809889136407373,0.0640371566350775,6.725,4.514,8.869098579133733e-07,6.66476122334046e-06,413.1940714058301,30.943200754581785,1.323626732370151,0.0741108239279454
6.644,4.645,6.644,4.645,5.402849493131381e-07,4.928268866554263e-06,10.738559684459126,25.49170147767435,1.25801062050476,0.0616664298661319,6.644,4.645,8.638205305183988e-07,6.88463203188203e-06,407.0810787605385,29.17515259298717,1.3043955843585522,0.0857893842264574
6.564,4.777,6.564,4.777,6.15359150386838e-07,5.313774640820042e-06,17.65180366795285,26.92749033244376,1.2883519127147711,0.057238018162814,6.564,4.777,8.073163529147371e-07,6.575305911853277e-06,394.4211587627582,28.549475520148903,1.3005096456102343,0.0784004260553131
7.405,4.012,7.405,4.012,6.348207914079246e-07,5.230826824427948e-06,16.50490955647988,28.21961910409647,1.299476939635149,0.0651075745527721,7.405,4.012,1.1099711916644291e-06,7.461978401722454e-06,458.3722785461184,34.58820840771126,1.361773423931074,0.0779202627150135
7.325,4.145,7.325,4.145,4.868002605388225e-07,4.344962302028358e-06,5.529372507012027,26.05164411878976,1.2746822255955117,0.0670874969136618,7.325,4.145,9.078309532382896e-07,6.865166545345737e-06,416.10584082431865,30.748522791246035,1.3371486314427463,0.0713287562851135
7.245,4.277,7.245,4.277,4.819896397739327e-07,4.156301280124383e-06,4.000258152203711,26.965037581786195,1.2914890823938483,0.0813235184777012,7.245,4.277,8.983077048128258e-07,7.039789645906403e-06,422.664745826355,29.67124638806579,1.323293191545763,0.0875784672734586
7.165,4.41,7.165,4.41,6.069506627216544e-07,4.987901805004802e-06,9.060074765635528,28.294748787306304,1.2991976741837106,0.0593244193194154,7.165,4.41,7.720467315052873e-07,6.20062941989669e-06,359.4001323674173,28.95197264303524,1.3085962393236703,0.0785858216518476
7.085,4.542,7.085,4.542,6.404147236576359e-07,5.013337664342182e-06,12.1667922244526,29.7032998236904,1.319320140213942,0.0586893458780976,7.085,4.542,8.449366151085837e-07,6.385605036403425e-06,364.57446519967385,30.7675152947754,1.3284933562729435,0.0787210155998628
7.004,4.674,7.004,4.674,5.761674643479243e-07,4.915137517500608e-06,14.691727798063102,27.25733581665523,1.2902938210797978,0.0580909160322783,7.004,4.674,8.317194387837773e-07,6.3186170221398655e-06,353.7198966718891,30.607310287435823,1.3242671867997056,0.0813605809181491
6.924,4.806,6.924,4.806,5.876277502475049e-07,4.929589332682107e-06,14.910349797731303,27.71800081480681,1.283059855579786,0.0694488808467656,6.924,4.806,7.049606149915333e-07,5.57881331567337e-06,307.8692918642421,29.38281313072453,1.308470657059378,0.0802725856616672
5.552,2.873,5.552,2.873,1.1264333529235924e-06,9.773013374227836e-06,60.36664043400596,26.800775178686592,1.2642369884733764,0.0625276680765432,5.552,2.873,1.680132651629183e-06,1.3497532533198777e-05,1628.903381179494,28.944065786001325,1.2965007008085967,0.0842235750296029
5.472,3.004,5.472,3.004,1.1501852394256111e-06,1.034996110661434e-05,70.41170451681262,25.84041116166645,1.2498325682357978,0.0645057367204455,5.472,3.004,1.5444660789754425e-06,1.2922855610971527e-05,1576.8612653508246,27.790107708840114,1.279935766542586,0.0822737359261204
5.393,3.136,5.393,3.136,1.100633444506676e-06,9.44632323847124e-06,43.49267567887515,27.092572898645468,1.269757590297307,0.0559143062031208,5.393,3.136,1.4121037033778203e-06,1.2363880210030402e-05,1477.7816553660498,26.55719184844261,1.2641812621133548,0.0745138781663801
5.313,3.267,5.313,3.267,1.1340944188362658e-06,9.728052708895295e-06,49.92793166317233,27.10776085947944,1.260563940051303,0.0651238480318721,5.313,3.267,1.43034758982559e-06,1.295134552620955e-05,1483.637399939067,25.68011984054207,1.2484649719700027,0.0828359248671993
5.233,3.399,5.233,3.399,9.7249062519172e-07,9.269523811372772e-06,38.3197404673378,24.39486092834304,1.234599357306557,0.0646689917755055,5.233,3.399,1.4742213064235192e-06,1.2177671246833876e-05,1382.7166808045913,28.14937688231217,1.273105469845211,0.0901962126105571
5.153,3.53,5.153,3.53,9.332920199733414e-07,8.876646134611048e-06,33.488122368300075,24.447755459074937,1.2324860741452257,0.060877093745571,5.153,3.53,1.3594838687219133e-06,1.191624052002186e-05,1327.2588078502918,26.52803890433123,1.2578878994899,0.0829584291728336
5.072,3.661,5.072,3.661,1.030836531432035e-06,9.010868794761754e-06,43.03964972441392,26.600725552082423,1.2449914159966449,0.0630262787773555,5.072,3.661,1.2836060754476205e-06,1.1653766486391028e-05,1259.8140211687544,25.611546306530325,1.2497568866135471,0.0801727873838886
5.903,2.913,5.903,2.913,9.711147779756073e-07,8.693968513507196e-06,39.54162592391359,25.97304378478421,1.268669191313177,0.0617068447185754,5.903,2.913,1.462742992784914e-06,1.1985441019804765e-05,1324.22926726924,28.378167959517658,1.2904604057390157,0.0885446150191283
5.824,3.045,5.824,3.045,1.156703988667936e-06,9.071413732590602e-06,48.68342560298766,29.64951583318166,1.299951093822998,0.0574033080667996,5.824,3.045,1.50618821779221e-06,1.2261902041770883e-05,1335.907306124997,28.56220627404193,1.2965767340652938,0.0779218272684339
5.744,3.177,5.744,3.177,1.1554717677921644e-06,9.987519603406452e-06,53.160459233481006,26.901224042133528,1.2679879227493676,0.063595097986327,5.744,3.177,1.337031212076279e-06,1.1489467212810887e-05,1204.0310642245568,27.059016228894297,1.2721614581608185,0.0891157159802223
5.664,3.309,5.664,3.309,1.015736647852672e-06,8.828865031566162e-06,49.8833811364337,26.751404728303044,1.2599178494529106,0.0686533984468273,5.664,3.309,1.378407669868392e-06,1.1579834547980334e-05,1229.2766462776085,27.678699093584854,1.28138452477401,0.0813411492683006
5.584,3.44,5.584,3.44,8.985783390183907e-07,8.663679886546581e-06,40.1245852372687,24.117034003944,1.2355520434408147,0.0658535835923817,5.584,3.44,1.3559730789392655e-06,1.125678090798204e-05,1217.3933704890344,28.009619000864745,1.2830203983066486,0.0787543875040645
5.504,3.572,5.504,3.572,9.618256364448457e-07,8.675603909523948e-06,26.791091120601333,25.779054243205398,1.2545030754167554,0.1063535489983282,5.504,3.572,1.298630606192044e-06,1.113418092461968e-05,1097.7658240629353,27.120500973926596,1.2701707618978768,0.0826400204145254
5.424,3.704,5.424,3.704,8.469720862698809e-07,8.091822914889368e-06,29.39529497168143,24.33845888424453,1.2312358307141378,0.0661018838109997,5.424,3.704,1.175580855910925e-06,1.0477103507586713e-05,1031.1825069212164,26.09045290723929,1.266758926232905,0.0794742076426035
5.343,3.835,5.343,3.835,9.471168594579368e-07,8.49616057045543e-06,41.97921299116943,25.920967254733867,1.246009202643822,0.0579307065706955,5.343,3.835,1.2406944273742317e-06,1.0472312430084947e-05,1027.3895093196038,27.54815949318294,1.269749851718143,0.0791632784353623
5.263,3.966,5.263,3.966,8.781407689871271e-07,8.29321321298008e-06,40.68736059889287,24.62133838934277,1.2415999995874945,0.0697722572511462,5.263,3.966,1.2445150833044e-06,1.034165428362518e-05,961.1117998689186,27.98211239622712,1.2695546217900968,0.0844404002711132
6.16,3.067,6.16,3.067,9.986900989696248e-07,8.472013709662516e-06,46.085343802714654,27.410341223624563,1.290077739887197,0.0672503130233039,6.16,3.067,1.6187365655610615e-06,1.177096914393456e-05,1180.6522721739195,31.97674866389242,1.3228337990176338,0.0730037171737288
6.08,3.199,6.08,3.199,8.983387809173256e-07,8.064683149643315e-06,37.36249046890777,25.901396894413217,1.2667319949906093,0.0584235754545161,6.08,3.199,1.3279200227923055e-06,1.074094058685653e-05,1066.5527764280807,28.74749139515049,1.2930765582049746,0.0861355778249734
6.001,3.331,6.001,3.331,8.622615729642065e-07,7.950360641137466e-06,35.72274867018676,25.218691571586607,1.256293423280151,0.0741542624060533,6.001,3.331,1.3607454640415232e-06,1.05167700910646e-05,1043.5851780609646,30.08602853248304,1.3060695923741883,0.0798489008954701
5.921,3.463,5.921,3.463,8.867279944593769e-07,7.886523142077889e-06,38.60436690236487,26.144189642684985,1.2613322860410965,0.0606790539330394,5.921,3.463,1.1820019406718914e-06,9.863971483154332e-06,937.4565803017674,27.86356806283493,1.283037113721008,0.0739638684676654
5.841,3.595,5.841,3.595,9.302334489697354e-07,7.982795067293397e-06,36.49947665084829,27.096133223057528,1.2645378457907144,0.058417345229233,5.841,3.595,1.142154327288346e-06,1.008228072933992e-05,946.4118080060048,26.341248255293085,1.2674942700911749,0.0869073274757299
5.76,3.727,5.76,3.727,8.108888777922348e-07,7.488342644579329e-06,27.86837770116619,25.179435129086198,1.2481519200221636,0.0607690179391353,5.76,3.727,1.2381305552544038e-06,1.038319478401012e-05,988.8640926395371,27.72718549128244,1.2864346239119195,0.093850618802301
5.68,3.859,5.68,3.859,8.444837215396217e-07,8.083696626759696e-06,38.52351425013016,24.291348431901003,1.2413692797972682,0.0623098520893852,5.68,3.859,1.019552998917823e-06,9.057955265081604e-06,810.2556650217045,26.172787705792967,1.2582718170584748,0.079311281870338
5.599,3.991,5.599,3.991,8.07743680635394e-07,7.457473264304246e-06,34.75474015335308,25.18559477834335,1.2383779645695665,0.0675691266687085,5.599,3.991,1.1675364025927778e-06,9.55611436055425e-06,841.4766771975414,28.409228471605104,1.2827252140758043,0.0773687476227982
5.518,4.123,5.518,4.123,8.144492711706746e-07,7.323986807295638e-06,31.538454199888942,25.857517854782,1.2527590210731192,0.0750906513236534,5.518,4.123,1.1121556334819186e-06,9.44327252229332e-06,825.6367699438492,27.385040686692584,1.2769742258620942,0.0785271190311603
6.36,3.358,6.36,3.358,8.222348934874238e-07,6.918281990030533e-06,23.363818067311644,27.63554226868588,1.2790358578756102,0.0589022991312391,6.36,3.358,1.3765434443819374e-06,1.0022672803241852e-05,902.8073141455664,31.93572039776171,1.3277883583029086,0.0841129542193417
6.28,3.491,6.28,3.491,9.373450161490804e-07,7.629673282799571e-06,26.175450063118127,28.56695042630164,1.302093310986913,0.0643025268882099,6.28,3.491,1.1762796838152452e-06,9.560105028085338e-06,854.6187111348524,28.610027827493187,1.2998825611805225,0.0789917517253119
6.2,3.624,6.2,3.624,9.076741548254448e-07,7.740490561550466e-06,33.55097709955064,27.266653023827725,1.278468879145196,0.0872948040431079,6.2,3.624,1.1119407998222833e-06,9.466074573490638e-06,809.080669848641,27.31379791640412,1.2754410449116815,0.0875802417651671
6.12,3.756,6.12,3.756,7.079726224597117e-07,6.812735694967515e-06,26.28855437707105,24.1638021307369,1.2394182369551632,0.0681715815280214,6.12,3.756,1.089886615095026e-06,9.178227615574696e-06,791.7201898306633,27.611680715694693,1.286134509292447,0.0773470558799212
6.039,3.888,6.039,3.888,8.05304486737263e-07,7.285887756457849e-06,34.581619611654325,25.700879768691035,1.2556454543547535,0.0625151949968192,6.039,3.888,1.166283253227604e-06,9.608430501068764e-06,792.7939421412357,28.22421904570964,1.291608221131897,0.0816181833595678
5.959,4.02,5.959,4.02,8.720663744389804e-07,7.744075927969618e-06,41.67129176339777,26.184861807495345,1.2703847288816608,0.0626840007703491,5.959,4.02,1.280170803614177e-06,9.89173781928899e-06,823.9034099482042,30.09301273338734,1.3151097634903477,0.0749762137147739
5.878,4.153,5.878,4.153,6.92221344123667e-07,6.350667859149467e-06,21.059398590397947,25.34521234927948,1.2453659174632616,0.0633268401757064,5.878,4.153,9.388392022037792e-07,8.243444941250807e-06,651.990918093931,26.482124422788008,1.2694896629685053,0.0876136544855776
4.511,2.214,4.511,2.214,1.3954375632834331e-06,1.252335593870588e-05,52.71024439873221,25.909559697430264,1.2432537507783172,0.0680277171394608,4.511,2.214,2.354834367618663e-06,2.028315815000976e-05,3753.868000044313,26.995733748322607,1.2631245993420588,0.0819231295086486
4.431,2.346,4.431,2.346,1.3563339648960143e-06,1.2919694209027656e-05,64.46931488920252,24.410953885402545,1.2210474140173682,0.0747729959281291,4.431,2.346,2.1240272556845803e-06,1.8717440879783643e-05,3343.3281719558013,26.386632159551898,1.25238433142996,0.0842152354642692
4.352,2.477,4.352,2.477,1.607640107885308e-06,1.4430531898432814e-05,109.5251447979856,25.904597039785678,1.246565073670666,0.0631566569472071,4.352,2.477,2.1431102911476497e-06,1.847672249504624e-05,3335.708293302097,26.97055809079948,1.2524322083105064,0.0847072656665316
4.272,2.609,4.272,2.609,1.4571556184224949e-06,1.4005719257595524e-05,106.2255405552359,24.19194943121785,1.2164611325592856,0.0637685797364333,4.272,2.609,2.172301395759256e-06,1.885220186465133e-05,3364.458418553801,26.793432059629925,1.2530077180420134,0.0791571034454442
4.192,2.74,4.192,2.74,1.4375810035501007e-06,1.4190151568479745e-05,108.00012968501647,23.556764408911185,1.208986863804579,0.0625660932764209,4.192,2.74,1.946926103196162e-06,1.7338349187579248e-05,3033.824436345825,26.110312534748218,1.23367323243254,0.0844295173250902
4.112,2.871,4.112,2.871,1.3388808385920637e-06,1.3155989555098228e-05,105.45316589731516,23.6640325353203,1.2037659876041116,0.0692474221300024,4.112,2.871,1.8661606281927656e-06,1.675866549834171e-05,2794.577116346395,25.892854896998625,1.2383424789461168,0.0936718402127882
4.031,3.002,4.031,3.002,1.3557598294796492e-06,1.375277676846612e-05,104.73056456948146,22.922538757534856,1.2018699073852812,0.0584845696664077,4.031,3.002,1.8497956619793968e-06,1.7137247201633413e-05,2790.698512192597,25.098804907284485,1.2269235770028808,0.0786081155537467
4.862,2.254,4.862,2.254,1.4420300510822833e-06,1.1986588961260814e-05,61.41193642935829,27.97364412352225,1.2657003392274422,0.0686573762679593,4.862,2.254,2.4468045183921806e-06,1.8688160512811712e-05,3122.299507736755,30.444094811317708,1.3107853290046216,0.0795675093577096
4.783,2.386,4.783,2.386,1.3069604231745231e-06,1.2320072615949846e-05,87.34674257625515,24.6671807768356,1.227596107380147,0.0709519020063474,4.783,2.386,2.299987239024799e-06,1.8711714454435444e-05,3153.7914713302844,28.581314091954905,1.283159239463812,0.0826431456269213
4.703,2.518,4.703,2.518,1.2105486555560065e-06,1.2233430668947027e-05,87.03472297971173,23.009349045396903,1.2148014127056503,0.0624595016793384,4.703,2.518,2.0459318524124937e-06,1.778484022249979e-05,2964.889503590778,26.74924592097114,1.2619184192582806,0.0889860071317539
4.623,2.65,4.623,2.65,1.5228683900159576e-06,1.3615526193845983e-05,87.11321188058342,26.00748099167673,1.2476424308622185,0.0687429338685514,4.623,2.65,1.864809016695684e-06,1.6864999086552536e-05,2669.9986048656333,25.710965522416227,1.2500367799438434,0.0855218713720822
4.543,2.782,4.543,2.782,1.4171814218298257e-06,1.3260497484966732e-05,113.1341867959254,24.8505485916923,1.2300621150677915,0.0647464104325318,4.543,2.782,1.7299975827872272e-06,1.562373041490748e-05,2453.3028209874506,25.74726525400953,1.2377038180245612,0.088586173855425
4.463,2.913,4.463,2.913,1.2087976432532031e-06,1.2348507558140022e-05,95.33290117395369,22.76195080047116,1.2058536718943258,0.0679680195693735,4.463,2.913,1.9592345030445384e-06,1.7337234003679142e-05,2670.356065819917,26.27707114521996,1.2578212587961954,0.0795769501772984
4.382,3.045,4.382,3.045,1.2579067989029868e-06,1.2114126495602765e-05,72.18751776466281,24.144972093766945,1.215983004431262,0.0621011806012376,4.382,3.045,1.7102572411596267e-06,1.5897565807810713e-05,2388.0017025902807,25.01503725663629,1.232542506841565,0.0790197317319351
4.302,3.176,4.302,3.176,1.1843412760775175e-06,1.1924972810462906e-05,82.38942930869501,23.093503021172545,1.2082074761984885,0.064588257557569,4.302,3.176,1.6738384899814235e-06,1.584667952795517e-05,2331.479173508387,24.56097611018872,1.2286219205559814,0.0837865356559679
4.221,3.308,4.221,3.308,1.3039825581023957e-06,1.2251228676914303e-05,60.53183087833503,24.74927513103185,1.2255337069183665,0.0630335814395729,4.221,3.308,1.7071480114819869e-06,1.496060037073768e-05,2143.1238853999,26.533375422664022,1.2455626639834716,0.0771512419607817
5.119,2.409,5.119,2.409,1.377870573090152e-06,1.2384158184389178e-05,89.28647643562209,25.87094436364912,1.257804709063752,0.0660584139368496,5.119,2.409,2.346603916007483e-06,1.8075552231439554e-05,2802.616963105367,30.18690334795291,1.3135692948251791,0.0796568630840029
5.039,2.541,5.039,2.541,1.4163209525861198e-06,1.3174198939745204e-05,88.73825060891821,24.99814657996081,1.2628900239073917,0.0599587281265124,5.039,2.541,2.002333223307863e-06,1.649088881552379e-05,2446.7876893730645,28.233364650031245,1.2847607017809826,0.0813688256353139
4.959,2.673,4.959,2.673,1.3048504290588915e-06,1.200599108838664e-05,103.66237169107158,25.27161889437943,1.2426538730179542,0.0619936694204725,4.959,2.673,1.7880531935348556e-06,1.5469524109015916e-05,2281.410528837065,26.876569104342074,1.2551487994317456,0.0860179358325296
4.879,2.805,4.879,2.805,1.2228680464257847e-06,1.1767751191722496e-05,95.90983919694396,24.163312309621865,1.2297419888044498,0.0697940491181679,4.879,2.805,1.8458830931784948e-06,1.545060641619998e-05,2271.4442397267444,27.77979330289102,1.271125570436768,0.0870887072399039
4.799,2.937,4.799,2.937,1.3051647069328523e-06,1.2421456823733564e-05,99.91832017135312,24.432231510451185,1.2292668128023263,0.0572195433453887,4.799,2.937,1.8948667393138429e-06,1.5109713134332764e-05,2194.545619510588,29.160354618364504,1.2762855104778912,0.0823097933654487
4.719,3.069,4.719,3.069,1.2678145570555242e-06,1.1991236444439044e-05,95.63089430654584,24.5845416101436,1.2294880089216236,0.0587019083574461,4.719,3.069,1.647935925817258e-06,1.4514137146020982e-05,2028.5008669221045,26.40094344517367,1.2485554858914538,0.0810612040774176
4.638,3.201,4.638,3.201,1.2024558784746442e-06,1.1502307111289852e-05,71.19274431394557,24.308297246717288,1.2180687090984414,0.0675195685363507,4.638,3.201,1.5830105069074604e-06,1.431057728244895e-05,1928.577797987617,25.72154145200316,1.2472488298717472,0.0895931927092728
4.557,3.333,4.557,3.333,1.211484516615167e-06,1.1459396869850377e-05,66.88046571727621,24.582523052884856,1.2223123878738735,0.0713204646390724,4.557,3.333,1.5486648501577536e-06,1.3732480237672654e-05,1817.8879667727715,26.222784517636963,1.245376206712289,0.0807110132423317
4.476,3.464,4.476,3.464,1.1383886169363606e-06,1.0528284897441076e-05,57.55687702175622,25.142199232805247,1.218723007442998,0.0711045343153816,4.476,3.464,1.5157047205074904e-06,1.3446370762710275e-05,1763.334458392483,26.21077538180039,1.250025551564104,0.0755939595045873
5.318,2.701,5.318,2.701,1.198570708890547e-06,1.1412594018197597e-05,79.77584172917237,24.420223775383903,1.2421203370196785,0.0623358270949412,5.318,2.701,1.8736171405228985e-06,1.4670884184360075e-05,1980.328858590506,29.695791803922862,1.2914471841956412,0.0847819366672386
5.238,2.833,5.238,2.833,1.3106544141280523e-06,1.1919152522622394e-05,88.45123320562172,25.56896595148458,1.2500988293707922,0.0629553132941301,5.238,2.833,1.8410545293415296e-06,1.477136090875366e-05,1940.6099655427377,28.98120841329784,1.2932955823056496,0.0804152982402364
5.158,2.966,5.158,2.966,1.1605314385201615e-06,1.1023127090425018e-05,78.65481779178964,24.48062170383048,1.2368168396925383,0.0624937721280053,5.158,2.966,1.43912731965324e-06,1.3144539830062916e-05,1695.3174564003616,25.457993925886143,1.247926329961747,0.0865185019142089
5.078,3.098,5.078,3.098,1.3259427097193047e-06,1.1736013884462672e-05,81.14304284013079,26.27087226328884,1.2601943990386093,0.0570694618368828,5.078,3.098,1.5165047707967577e-06,1.3367329656646542e-05,1742.2344874862015,26.37967677990869,1.2518056453480937,0.0808500075080853
4.997,3.23,4.997,3.23,1.1102777906410554e-06,1.0782705674830691e-05,65.96369124153124,23.94276204128341,1.2240307685188805,0.0647400418830869,4.997,3.23,1.5642673356116363e-06,1.3610312444759042e-05,1722.4650875022523,26.72472401890545,1.2633694258930264,0.0786130248034891
4.916,3.362,4.916,3.362,1.1496759397166543e-06,1.0336565029609664e-05,49.59590776672609,25.862443145491813,1.2335966571175598,0.0607786409981519,4.916,3.362,1.3970444442075328e-06,1.2506008645700162e-05,1534.3606177018837,25.975376164653813,1.2496119285700242,0.0802287264373102
4.836,3.494,4.836,3.494,8.964659468849224e-07,8.95035051523309e-06,32.475483157706726,23.28971109031006,1.2101877387901483,0.0646890180661753,4.836,3.494,1.5266455475686442e-06,1.3256845965427507e-05,1583.0161971596049,26.77739671777052,1.2587125774032255,0.0793718032922995
3.471,1.555,3.471,1.555,1.459291496394838e-06,1.3617920915379557e-05,17.883548256856727,24.91733502902989,1.2364770048318006,0.0652904214064141,3.471,1.555,3.634099171440786e-06,3.174448229992603e-05,9344.195476639918,26.61943745755762,1.2513686969856772,0.0778846655930017
3.391,1.687,3.391,1.687,1.5109963696156372e-06,1.3840472044484868e-05,19.633841005981328,25.385333071775392,1.2353199627799647,0.0632799337516472,3.391,1.687,3.787332826105701e-06,3.1185404015548285e-05,8979.285203299516,28.23920361263753,1.2645904580528982,0.0810122456405524
3.311,1.818,3.311,1.818,1.4271673486399012e-06,1.3871574369598088e-05,29.833722890642694,23.923212290332597,1.2173412032579995,0.0591026481096813,3.311,1.818,3.174485871238861e-06,3.0141600666192036e-05,8465.25444195933,24.489359932810963,1.2180200366792322,0.0847981616950077
3.232,1.95,3.232,1.95,1.831616330819633e-06,1.7787708258965668e-05,78.27547962345915,23.94334684508869,1.195730167525489,0.0626704668997179,3.232,1.95,3.3975762353473413e-06,3.086477397715473e-05,8507.847872439563,25.59625669451784,1.2319645292759294,0.0832629195049923
3.152,2.081,3.152,2.081,1.840002440193156e-06,1.9528978748320838e-05,139.80582717492888,21.908326960567013,1.1717568104231202,0.0700054302493672,3.152,2.081,2.982608431025907e-06,2.889539712975009e-05,7676.895653699972,24.001474401431537,1.2085597559786316,0.0773119926757878
3.071,2.212,3.071,2.212,1.732602402650092e-06,1.6862388108245397e-05,63.05830552979268,23.89187197986477,1.198116249309878,0.0562156121766688,3.071,2.212,3.165220629791481e-06,2.874247523654752e-05,7641.105875177849,25.60649693164485,1.2215159644156672,0.0782549240076364
2.991,2.343,2.991,2.343,1.187436513565664e-06,1.3467695657150943e-05,27.69572516638252,20.50158571315336,1.1571677071351625,0.0597606447529662,2.991,2.343,2.364241315229014e-06,2.450737707374072e-05,6196.051147214846,22.43186161170085,1.1777271930951263,0.0863261413043331
3.822,1.596,3.822,1.596,1.52900257975233e-06,1.2588806189888698e-05,24.11613977559141,28.24190698186945,1.2783831489206323,0.064487848660471,3.822,1.596,3.4698854466499703e-06,2.8435058711964904e-05,7256.152466510892,28.37470504131139,1.283179459834468,0.0763596917165619
3.742,1.728,3.742,1.728,1.499774999207521e-06,1.3295349720906252e-05,21.783233426829643,26.229903440943737,1.257523117555314,0.070292670086705,3.742,1.728,3.218757439196409e-06,2.781332211464816e-05,7051.839742278055,26.90950643660397,1.259688993793833,0.0868205297754028
3.662,1.859,3.662,1.859,1.308733454258249e-06,1.2642123937547549e-05,30.97605213866116,24.07140877725556,1.217386887190196,0.0663124051475882,3.662,1.859,3.164810751810908e-06,2.7383303809120766e-05,6849.29658647653,26.873995995967867,1.2492401306447605,0.0794212240872468
3.583,1.991,3.583,1.991,1.616651526254565e-06,1.4824816969535266e-05,41.7509695302466,25.356973922743304,1.2317800263222036,0.0660696363471673,3.583,1.991,2.8198817236694984e-06,2.6058264083749247e-05,6445.305469119967,25.16261422028685,1.232293442256547,0.0871795197126018
3.503,2.123,3.503,2.123,1.3349210003196347e-06,1.3862568831018782e-05,48.206594991247,22.391448928630883,1.1832848826984297,0.0666802313301664,3.503,2.123,2.5957762292699264e-06,2.527228431405121e-05,6142.243497478124,23.8832321395512,1.2162644335632586,0.0849362746594253
3.422,2.254,3.422,2.254,1.6051020245035806e-06,1.6928454762462897e-05,86.93865550183119,22.04731325768296,1.183676035976274,0.0634772332684405,3.422,2.254,2.615377209813576e-06,2.4571960163664518e-05,5741.419124511161,24.749411695619813,1.21553913979895,0.0949620688821098
3.342,2.386,3.342,2.386,1.4479459534218585e-06,1.4911014236971651e-05,62.00960868667457,22.579562053788894,1.1739897776950738,0.0670872368327389,3.342,2.386,2.455245038442515e-06,2.32308254917572e-05,5340.918757918011,24.575397278375075,1.2070314189891107,0.0863117106238869
3.261,2.517,3.261,2.517,1.4155487676286946e-06,1.4597937352664825e-05,52.66123569367599,22.547774772773717,1.172132796247501,0.0689042559697472,3.261,2.517,2.416018927083272e-06,2.328714839927691e-05,5346.675738799497,24.124280474446497,1.2109293741077902,0.0796372118666872
3.18,2.648,3.18,2.648,1.6208120420518863e-06,1.6177560627922725e-05,64.0392165523722,23.296461775475446,1.1896143304275404,0.056616724040556,3.18,2.648,2.471843179246713e-06,2.3113884374563423e-05,5107.080422370528,24.86670977119257,1.2124725478531195,0.0844051576513459
4.078,1.75,4.078,1.75,1.491851612919973e-06,1.3981690041323329e-05,56.48049046395958,24.81054507894354,1.2288342879829528,0.0626383830063165,4.078,1.75,3.124233962991792e-06,2.604491267161341e-05,6020.09963795548,27.89272796470245,1.275336355565504,0.0854320317440182
3.998,1.882,3.998,1.882,1.8083794122441077e-06,1.6083898018945547e-05,76.69283224985342,26.14379267984442,1.2341581010342968,0.0722841427057272,3.998,1.882,3.0351942477529337e-06,2.6083460259108807e-05,6127.351589191803,27.05774709746575,1.262616343783755,0.0765297032187328
3.919,2.014,3.919,2.014,1.3636313816175903e-06,1.2245897030690942e-05,32.41781944014197,25.892663746248072,1.237768248405788,0.0675988836603114,3.919,2.014,2.7471142642889555e-06,2.3849498819654464e-05,5255.852558435889,26.783529946203917,1.2503330497792229,0.07934918529975
3.838,2.146,3.838,2.146,1.4263992607783454e-06,1.4467202252164476e-05,57.1315657436568,22.925926709829582,1.1974249901330951,0.0619494926366641,3.838,2.146,2.9545047325112344e-06,2.470677783482713e-05,5449.103673433223,27.806026191436526,1.2546342249306968,0.0760924977223173
3.758,2.278,3.758,2.278,1.413961923442243e-06,1.4007386487650269e-05,43.33578405952216,23.472046147244267,1.2002808546539905,0.0734688361015767,3.758,2.278,2.53042703226389e-06,2.267849387093403e-05,5135.791225016373,25.944777902069223,1.2352291500389263,0.0780392271024292
3.678,2.41,3.678,2.41,1.4031163911412233e-06,1.5200999359417548e-05,81.01321468348516,21.46307311084773,1.1766400253507263,0.0643654341086402,3.678,2.41,2.3307575367400776e-06,2.2287216056295435e-05,4687.130262348881,24.31709108803247,1.2171377610550524,0.0761386285810308
3.597,2.542,3.597,2.542,1.4495731446909077e-06,1.5348848228442464e-05,84.18034180999699,21.960119058246327,1.1756052224978746,0.0614197239833863,3.597,2.542,2.1304072158901897e-06,2.090469298919005e-05,4369.982088591991,23.696771358393796,1.2013761844887518,0.0874762183239955
3.516,2.674,3.516,2.674,1.2662419723656017e-06,1.4015208838708612e-05,73.67929615742331,21.00813401170199,1.1683593622972064,0.0565497990870761,3.516,2.674,2.352350576118408e-06,2.178811415954104e-05,4317.75958070152,25.104567951377604,1.2301727261296354,0.0719803570257428
3.435,2.805,3.435,2.805,1.337782843392126e-06,1.4990920283857307e-05,101.18723429871352,20.7504574258182,1.1624409538086862,0.0668791678078891,3.435,2.805,1.969550696611427e-06,1.9139712953511997e-05,3721.768848711643,23.92776261763433,1.20931384769933,0.0845923393216246
4.278,2.042,4.278,2.042,1.6415458307512008e-06,1.5089576045918106e-05,95.36021311502417,25.295677860970155,1.2357105853201409,0.0622220024941329,4.278,2.042,2.6110357049668856e-06,2.253065554912651e-05,4579.517299508892,26.94693223222897,1.2599786095955985,0.0816312033393252
4.197,2.175,4.197,2.175,1.476070563946594e-06,1.4988404097089726e-05,92.7628043107923,22.89929298315884,1.2047423246243536,0.0675120982308033,4.197,2.175,2.7114259667828685e-06,2.228274332843608e-05,4532.409631287073,28.29433171206684,1.267668845185845,0.0832145026541714
4.117,2.307,4.117,2.307,1.4786705850216267e-06,1.4141736474208742e-05,84.35153041633096,24.31302748878175,1.2165463559869512,0.0812638196848057,4.117,2.307,2.3297499471245333e-06,2.0717677932146023e-05,4013.9183745444657,26.14800628544415,1.2473552029885977,0.080327803919375
4.037,2.439,4.037,2.439,1.2748360391394426e-06,1.3107301510884089e-05,68.67311392462605,22.615770592580187,1.186898808138814,0.0612869962543711,4.037,2.439,2.178481906641178e-06,2.077956959053808e-05,3977.8033216172894,24.377420967213293,1.2239998463167272,0.0782965939438209
3.956,2.572,3.956,2.572,1.3868887603326414e-06,1.4353991673615444e-05,90.23422326654509,22.46669999912111,1.1938273577852894,0.0672234663660745,3.956,2.572,2.2724860731176648e-06,2.078955674658182e-05,4019.6458762170873,25.41712051071064,1.2409909383916589,0.0806584956460139
3.875,2.704,3.875,2.704,1.3644988270529822e-06,1.4566839527402824e-05,114.55675781097554,21.7810182203509,1.1818161510130625,0.0693608420624428,3.875,2.704,2.0791049824876383e-06,1.947208929815844e-05,3502.716256728693,24.82756995310924,1.2226564530065045,0.0848306987385228
3.794,2.836,3.794,2.836,1.420723711451606e-06,1.4974029752518284e-05,114.70471867049004,22.061817344536266,1.182377668348868,0.0549582166281131,3.794,2.836,1.971792977340925e-06,1.894587934888707e-05,3500.387510997166,24.20008524485107,1.2211144550842958,0.0744049987699208
7.741,2.808,7.741,2.808,7.52219901008958e-07,5.572551131023659e-06,14.0112710337387,31.387816475433244,1.3525528921004055,0.0663071938933546,7.741,2.808,1.358612729408315e-06,9.125785296807193e-06,681.5857011981199,34.61750631216377,1.3857576991819325,0.0811586092847112
7.663,2.94,7.663,2.94,7.46347310331457e-07,5.550283045092276e-06,15.712429186106606,31.267718143300907,1.3458359104196331,0.0698125474409077,7.663,2.94,1.2543655749697753e-06,8.74896294460614e-06,642.2441332445702,33.33787371274803,1.374833441849032,0.0811633750950217
7.585,3.073,7.585,3.073,7.258080373884751e-07,5.485310441525168e-06,11.235350447690626,30.76740789602733,1.3388217255635078,0.0597834617929871,7.585,3.073,1.2053867587145142e-06,8.468125980824713e-06,622.5603354594201,33.098586976219245,1.3642229791722325,0.0813033727595268
7.506,3.205,7.506,3.205,6.998173403032699e-07,5.501491209191877e-06,12.781384545945269,29.578396310857485,1.3244492656093385,0.0775564527708135,7.506,3.205,1.3050806416797674e-06,8.736115131385393e-06,610.9339841007428,34.73676307447818,1.3786488526408305,0.0741804235235567
7.428,3.337,7.428,3.337,8.026023296957255e-07,6.020449143888955e-06,19.19061867061933,30.99858510646747,1.336574666515967,0.0667833919588715,7.428,3.337,1.215738484535593e-06,8.198677282118193e-06,586.3774258941525,34.47995737243901,1.3611327827824642,0.0803226366104743
7.349,3.469,7.349,3.469,7.754837448631374e-07,6.21603807980783e-06,23.4376830228292,29.008774371783687,1.3203283107481334,0.0652912824023521,7.349,3.469,1.176421472397322e-06,8.221767857087573e-06,582.2710974776305,33.271170517693434,1.3585208695483262,0.078398083524392
7.27,3.601,7.27,3.601,7.485649529694121e-07,5.792735397051149e-06,23.105425259491483,30.048039849555604,1.315380504360777,0.0714815045511302,7.27,3.601,9.175480132745444e-07,7.343993385425867e-06,510.3607301309584,29.05138686629967,1.3128234246876809,0.0874751590802212
8.093,2.844,8.093,2.844,8.946640163912852e-07,5.862946377635783e-06,16.658883687283794,35.48251505288044,1.3967658341692892,0.0645806232750604,8.093,2.844,1.2555291013377464e-06,8.418675062646426e-06,566.9003568939811,34.67794741972108,1.3906072674742893,0.0881094329774456
8.015,2.977,8.015,2.977,8.003353821640567e-07,5.815273174250584e-06,12.654827418965764,32.00164064041606,1.3561666795083451,0.0700186303664803,8.015,2.977,1.2632768803928645e-06,8.747984961630445e-06,583.0517249679282,33.5784672310732,1.3807707334639576,0.0776227879491925
7.937,3.11,7.937,3.11,7.602812219424504e-07,5.566554426476451e-06,12.838206862803958,31.75836618203368,1.3500232164558927,0.0654739287144449,7.937,3.11,1.1722643382686655e-06,7.959026660655525e-06,544.837219163021,34.248057305599566,1.3827690733650442,0.0786673790851896
7.858,3.243,7.858,3.243,6.359953285237129e-07,4.994081418384163e-06,9.792316506635611,29.612062334439123,1.3317558323481602,0.0630573904867403,7.858,3.243,1.1600171911948524e-06,7.930505466678284e-06,504.6808663685239,34.01213578084512,1.3731733431014412,0.080546499119622
7.78,3.375,7.78,3.375,6.111248949849867e-07,4.76785911864673e-06,8.327393156734459,29.804161557933263,1.3309143130157095,0.0659467116977366,7.78,3.375,1.1332169985064643e-06,7.860284961332733e-06,499.6314784490734,33.52317444837334,1.3673839060184534,0.0874481484107927
7.701,3.508,7.701,3.508,6.632611341731483e-07,5.039345514692645e-06,10.510006191341516,30.6041809223881,1.3326526357827844,0.0689649228829029,7.701,3.508,1.1123332091341838e-06,7.76884146075604e-06,494.67261613299627,33.29269806696941,1.3698102629308764,0.0752981133286217
7.622,3.64,7.622,3.64,6.950474620031149e-07,5.396220590324285e-06,14.568107516527188,29.94988193227404,1.3246630213804405,0.0650413205750784,7.622,3.64,1.050231819154731e-06,7.489316794873411e-06,453.746254716463,32.60718580531179,1.357510837469731,0.072452903645836
7.543,3.772,7.543,3.772,6.71353539672172e-07,5.365298342010422e-06,14.0504202870057,29.09562926587684,1.3171224653604308,0.0615939949659414,7.543,3.772,1.0395069363212118e-06,7.414406612187706e-06,465.2815297530093,32.60028071821247,1.3591264956461446,0.0740195025257247
7.463,3.905,7.463,3.905,6.233523614611413e-07,5.09594508239235e-06,13.185382462692976,28.443249937616336,1.3032315803361878,0.0569996525479793,7.463,3.905,8.642231086832641e-07,6.86469526537012e-06,426.8087125299936,29.273520811324413,1.3145964714617706,0.0912079228472547
8.351,2.996,8.351,2.996,6.715050849790111e-07,4.734406313912057e-06,7.439248376627773,32.980263888623504,1.3810147915185644,0.0612233993703303,8.351,2.996,1.3003078360960204e-06,8.296442305874453e-06,508.8243913425644,36.443881843552056,1.412853931109972,0.0741409890835789
8.273,3.129,8.273,3.129,6.180225073268578e-07,4.634515175331438e-06,9.34187145361504,31.007755481576588,1.346366016716217,0.0626627462209752,8.273,3.129,1.0705719305709531e-06,7.48065919382457e-06,463.15396848610266,33.277165795957586,1.3760779212619791,0.0833696248648319
8.195,3.262,8.195,3.262,6.714430179432947e-07,5.025077935945768e-06,12.42472670509916,31.069674822633417,1.3520252544759943,0.0753686736888371,8.195,3.262,1.07301244663602e-06,7.366648369246076e-06,439.0339972383497,33.869217811877554,1.376618091601537,0.0827758065563068
8.116,3.395,8.116,3.395,6.561596727752382e-07,5.0009718100602334e-06,11.062755822254456,30.50882462542057,1.3430522226367372,0.0537309238855778,8.116,3.395,1.0563064344970597e-06,7.058276513335401e-06,418.6382419485732,34.79858659725092,1.379151945328133,0.0796901208841935
8.037,3.528,8.037,3.528,6.618460798517684e-07,4.679871914684195e-06,8.094703825896541,32.8846619384853,1.3595010217568926,0.0568367379295693,8.037,3.528,9.494309522886804e-07,6.873862528528003e-06,401.4849421689176,32.11684614254177,1.3510405613938974,0.0857186675579148
7.958,3.66,7.958,3.66,6.206180574684929e-07,4.673640984960466e-06,9.254294303265144,30.877306378168843,1.3376968562586005,0.0640017334512568,7.958,3.66,1.1036450955429565e-06,7.350436141217566e-06,425.8509360249861,34.91296044333191,1.378810573425076,0.0802136238840392
7.879,3.793,7.879,3.793,4.852752912337112e-07,4.09942945157928e-06,5.792097096102339,27.525493213156267,1.3023347055911576,0.0694760404989962,7.879,3.793,9.844549408037975e-07,6.3735171107299e-06,368.0650741668614,35.91592321949599,1.3797452949821454,0.0783208155812203
7.8,3.926,7.8,3.926,6.154671583403446e-07,4.703356403930924e-06,10.244046480621009,30.427575026934104,1.3242398148076135,0.0628421112000224,7.8,3.926,8.241590793616635e-07,6.287811580588897e-06,346.61947176853033,30.47767795550878,1.3337424813042664,0.075814934303928
7.721,4.058,7.721,4.058,6.413275651350146e-07,4.830494199636238e-06,12.677089023650682,30.871568084391804,1.3300216571570738,0.0699029601490778,7.721,4.058,7.847375859270956e-07,6.188431168343608e-06,344.55983903125934,29.48588972136954,1.316828366979796,0.0862294866620018
8.554,3.285,8.554,3.285,5.928872800276345e-07,4.44405562242075e-06,10.736885040520471,31.02151434881666,1.352708311898655,0.0624473241492075,8.554,3.285,1.039073842958e-06,6.86716560494124e-06,372.17457015506176,35.18351611429176,1.3950231451056256,0.0801594738789844
8.476,3.419,8.476,3.419,6.151778090080719e-07,4.457210209230731e-06,9.568862763381745,32.09282086397801,1.359940217265863,0.0554188089359181,8.476,3.419,1.0501313097352533e-06,6.852686377180166e-06,373.8335413892595,35.63305831539012,1.3887167617229992,0.0890668822108717
8.397,3.552,8.397,3.552,6.32191219653004e-07,4.500369767488559e-06,11.53099034845781,32.6640934033167,1.3572245482618182,0.066269671259852,8.397,3.552,9.811706685820547e-07,6.587463469442319e-06,363.285180286714,34.63352406063396,1.3829790908699882,0.0850956262096847
8.318,3.685,8.318,3.685,6.108832845324727e-07,4.528081388215335e-06,10.901044110770806,31.3699889023598,1.3466162152218997,0.0645557727855303,8.318,3.685,8.99260369532137e-07,6.56908019927662e-06,340.18289298887333,31.831070024838844,1.3545537141584283,0.085638637737769
8.239,3.818,8.239,3.818,6.67285166342601e-07,4.679243221593536e-06,11.524854918446213,33.15936447214762,1.3612766229767963,0.0654058442635638,8.239,3.818,9.122121744921252e-07,6.171535835143813e-06,318.1648847170205,34.36947961618011,1.3702548444811244,0.0832010680794277
8.16,3.951,8.16,3.951,6.620130859958951e-07,4.799004912200871e-06,11.314895202473604,32.076407882852344,1.3575362194449234,0.0643661456979604,8.16,3.951,8.651918535999788e-07,6.06635771646175e-06,312.89552237762507,33.16307196001385,1.3569145659108235,0.0848925293489347
8.081,4.084,8.081,4.084,5.556615579553972e-07,4.41589376722702e-06,10.30461951574484,29.25917542429871,1.3220229113495887,0.0746017142919894,8.081,4.084,8.758546980996529e-07,6.082738463272732e-06,319.23591934906534,33.48137366060182,1.3575107602138383,0.0732825747668652
6.69,2.167,6.69,2.167,1.050789295848407e-06,7.899270162635447e-06,24.75780590062872,30.93136033206141,1.3424034701567324,0.0602140615904978,6.69,2.167,2.146886496884156e-06,1.3973150277839196e-05,1541.2263760928115,35.726058268695134,1.394069288399169,0.0837728835800186
6.612,2.299,6.612,2.299,9.817681184021863e-07,8.298920978594361e-06,35.21838330649567,27.50791306458929,1.300912880842645,0.0559668909218801,6.612,2.299,1.834353717103701e-06,1.2915960426539125e-05,1438.3521291330662,33.02377570860789,1.3583054465845952,0.0908993656189609
6.533,2.431,6.533,2.431,1.2259438629956172e-06,9.253151166477588e-06,46.13816677302835,30.807132347724963,1.331456376064607,0.0676934563677308,6.533,2.431,1.842794869326092e-06,1.2956644978436452e-05,1436.340765705288,33.07156775228765,1.3629328380498773,0.0819659929609083
6.455,2.564,6.455,2.564,1.0554556370561757e-06,7.97325682907255e-06,30.294797824748358,30.780422573428485,1.3189718339907213,0.0562531330864546,6.455,2.564,1.8685478942074308e-06,1.3011973287129046e-05,1344.113759454821,33.39115323603202,1.358396265947579,0.0749880078746291
6.376,2.696,6.376,2.696,1.0948625917674297e-06,8.972163373645622e-06,40.48124234396045,28.37479888419377,1.3008725423140488,0.0745814039744681,6.376,2.696,1.572633940481756e-06,1.1538573170291388e-05,1227.1464727196033,31.691725346716535,1.338023179696103,0.0892504315244854
6.297,2.828,6.297,2.828,1.122047797866129e-06,8.743267683418008e-06,39.050763491258905,29.8406260550912,1.3201995205187227,0.0610259845818492,6.297,2.828,1.46822937206883e-06,1.131175147033092e-05,1174.7859942332511,30.181053889620785,1.3238216718466111,0.0876748842958789
6.218,2.96,6.218,2.96,1.1664110955374857e-06,8.847106070763806e-06,52.82974906927738,30.65637187560828,1.3153857130900748,0.0551002715805018,6.218,2.96,1.47643854031572e-06,1.1330610349522284e-05,1177.489031908288,30.29928750711793,1.3218401711587555,0.0805364881103447
7.041,2.203,7.041,2.203,1.0464181336850248e-06,7.878981669555247e-06,38.595011731577735,30.882006819927565,1.3453475492775766,0.0709356091166871,7.041,2.203,2.0209889104372973e-06,1.2876842187155443e-05,1325.8229562924662,36.49428882397755,1.404581652830318,0.0847134382671054
6.963,2.336,6.963,2.336,1.0164057427597009e-06,7.772568715060559e-06,32.77119040650687,30.40695193020389,1.335742914940533,0.0624630805842289,6.963,2.336,1.889942504388543e-06,1.2500508778819433e-05,1276.757241553552,35.155335786523786,1.388561318255662,0.0836763037593061
6.885,2.469,6.885,2.469,9.481107436393844e-07,7.489155726918181e-06,25.22962127461843,29.437203773746397,1.3238650076584564,0.0577330126306879,6.885,2.469,1.905163369028576e-06,1.2172988156286682e-05,1202.070926436479,36.3919536554723,1.393368357547972,0.0755744693846774
6.806,2.601,6.806,2.601,8.008859281784493e-07,6.688505089830553e-06,20.978352526907457,27.842738513884857,1.3054196205093689,0.0631455269340028,6.806,2.601,1.6023182055278025e-06,1.100632322079804e-05,1069.3797993540811,33.85141696274785,1.360827924798245,0.0917315963974634
6.728,2.734,6.728,2.734,8.766949677627902e-07,6.719107276274452e-06,12.254915679059588,30.33942084899432,1.3234132962334892,0.0600057552412015,6.728,2.734,1.4885261951543803e-06,1.090261550123508e-05,1062.720330494447,31.74652054897596,1.3440104348945434,0.0807582097859154
6.649,2.866,6.649,2.866,8.283172713025961e-07,6.664550189692679e-06,15.29230121045762,28.899892122248065,1.30771638851798,0.0624741528964211,6.649,2.866,1.5094746575496833e-06,1.087339001104294e-05,1026.1364403696225,32.279827698572824,1.344241053498459,0.0769879192152681
6.57,2.999,6.57,2.999,8.629544899197839e-07,6.957659486117916e-06,15.878144928181936,28.839987651716537,1.3046561981867186,0.0635855290472018,6.57,2.999,1.430660465552598e-06,1.073878747472679e-05,1031.0654640749715,30.977878790972223,1.326141672415097,0.0819365959274166
6.491,3.131,6.491,3.131,8.155559068344987e-07,7.321025755213549e-06,25.021861998983294,25.903124350030968,1.2722551182703066,0.0666577009086867,6.491,3.131,1.3198870732097945e-06,9.983859231254224e-06,937.2749268707456,30.740340523525347,1.3227801506786114,0.07916179343774
6.411,3.263,6.411,3.263,9.024287040332416e-07,7.558912599154932e-06,30.49385407208189,27.760285256301717,1.2924691605391727,0.0691031707262235,6.411,3.263,1.5056248817322009e-06,1.083771250750139e-05,967.761933768434,32.30349441914063,1.3356842656749903,0.0762763943570714
7.299,2.355,7.299,2.355,9.70292953415467e-07,6.97859425986687e-06,20.891458609989595,32.329968099866825,1.3615083567462654,0.0605457424026986,7.299,2.355,1.6299320407199266e-06,1.0995135458616028e-05,1045.028722830068,34.46983943917389,1.386003459215973,0.084060962154427
7.221,2.488,7.221,2.488,1.0491509785780787e-06,7.454542262381512e-06,31.440661045302427,32.7255803028124,1.361681483867316,0.0610556927156618,7.221,2.488,1.612348963770216e-06,1.116346718696278e-05,1010.4954019757896,33.583835208668475,1.3718696634184282,0.0950649688455621
7.143,2.621,7.143,2.621,8.390732788489668e-07,6.412179078527922e-06,14.512356912175234,30.42738260900804,1.3346451551325735,0.0633263533696653,7.143,2.621,1.5534501389285578e-06,1.0642809090827725e-05,984.0986595975772,33.93996529801332,1.375116842154436,0.0884241389054381
7.064,2.754,7.064,2.754,7.196749318203824e-07,6.1398999280497336e-06,15.540753494356649,27.25495253976174,1.2960720631469664,0.0591187759383154,7.064,2.754,1.5866650100506165e-06,1.033159395090552e-05,888.1587586003866,35.70986947687636,1.383788450600777,0.0848265106715142
6.985,2.887,6.985,2.887,9.67136617490065e-07,7.219642544191575e-06,23.929916458184355,31.14888309803858,1.3359703207718714,0.0669728750806652,6.985,2.887,1.2900465327177263e-06,9.695761021599828e-06,830.6188051808875,30.9381129614374,1.336214532457085,0.0835706248864359
6.906,3.019,6.906,3.019,6.912729186234322e-07,6.025772427306399e-06,18.097286701728,26.675168104484595,1.2813949697766231,0.0651082521483135,6.906,3.019,1.3070876276259002e-06,9.743468039587506e-06,857.4836190761418,31.19331180939575,1.3366197087225886,0.0897534828636259
6.827,3.152,6.827,3.152,8.494087358554155e-07,6.95842107103653e-06,26.156767494504432,28.384180857592717,1.2975403641897572,0.0575791231436033,6.827,3.152,1.3696584864798816e-06,9.839756842714704e-06,819.8714887428072,32.36668893113817,1.3537511116397,0.0720510820964997
6.748,3.285,6.748,3.285,9.52331045560092e-07,7.097660097081916e-06,31.392470316604797,31.199173737710336,1.3240662062826911,0.0666465864486922,6.748,3.285,1.3047897561732272e-06,9.591709277123723e-06,808.7009884274938,31.63114252986429,1.3375737984675675,0.0856199991656706
6.668,3.417,6.668,3.417,8.571616227677111e-07,7.099131750775453e-06,33.489877307097295,28.075521355701337,1.2958883402771042,0.0602944356521612,6.668,3.417,1.1360891761057575e-06,8.781843615450213e-06,695.6996870490484,30.081332543002176,1.314161593088896,0.0847358604983784
7.502,2.645,7.502,2.645,8.273313496748437e-07,6.008987652635977e-06,15.788658101625186,32.01463222310355,1.3576553276212189,0.0615204683127825,7.502,2.645,1.54454298854877e-06,1.0053848262867386e-05,836.3272470596755,35.72218551261443,1.4023274318406302,0.0818063901608541
7.423,2.778,7.423,2.778,8.376185722284395e-07,6.182396062661557e-06,18.89245997860637,31.5035736966544,1.3355257315145577,0.0591286616856513,7.423,2.778,1.4019540600296634e-06,9.4626326323179e-06,751.8148222848247,34.450231959955055,1.3725242721100113,0.0825171303843003
7.345,2.911,7.345,2.911,7.913697905294394e-07,6.000018191624084e-06,12.37878555894248,30.668832817263567,1.3444127064635596,0.0593276923844738,7.345,2.911,1.4284428584011942e-06,9.713226593322522e-06,789.4046319736993,34.19555835904455,1.373961947510894,0.0748541941890555
7.266,3.044,7.266,3.044,9.079313075652126e-07,6.343869006071128e-06,15.090421113512846,33.27891302774506,1.354791082382218,0.0669364218171428,7.266,3.044,1.3620833412761836e-06,9.108931350772408e-06,733.6002412527799,34.77015285705999,1.3742136436113588,0.07225549921485
7.186,3.178,7.186,3.178,7.704263065871295e-07,6.075358862380444e-06,16.069721509352316,29.48692702534365,1.3224296664570223,0.0628621425845581,7.186,3.178,1.308340393336535e-06,9.138097683477089e-06,687.7030227670094,33.29164854809173,1.3580547527857338,0.0852531741233179
7.107,3.31,7.107,3.31,7.884241840340372e-07,6.328975253068728e-06,20.606842044217824,28.966557656372583,1.314479268515281,0.0727476447308947,7.107,3.31,1.25990062497502e-06,8.876006174334164e-06,680.855638245727,33.00570724845018,1.3537835482339964,0.0836854420073004
7.028,3.443,7.028,3.443,7.874636449183547e-07,6.34101073517012e-06,28.273994164957088,28.876354970214475,1.3085718839610343,0.0625269857094517,7.028,3.443,1.1336130745377006e-06,8.085955839241881e-06,612.8825753103935,32.59896627432527,1.3432127626987025,0.0798526707495903
5.647,1.512,5.647,1.512,1.28933483787601e-06,9.604809289374528e-06,30.649787951365088,31.21384856202194,1.3406040986855212,0.0590927514389595,5.647,1.512,3.137385871660164e-06,2.069939065542184e-05,3583.371209143413,35.24363729404784,1.3877758605858914,0.0897820454198438
5.569,1.644,5.569,1.644,1.3112108352381855e-06,1.0115614691375283e-05,43.80472890295474,30.140510127079057,1.3075798268627608,0.0616458459909314,5.569,1.644,3.0494388394579907e-06,2.0350314854669792e-05,3482.458641580506,34.84328892032975,1.375586903097903,0.082689425356713
5.49,1.776,5.49,1.776,1.363095187010308e-06,1.1152828518427404e-05,49.02222817765308,28.41917767432004,1.302221748376407,0.0557122580941366,5.49,1.776,2.9738286044603656e-06,2.0613427324101523e-05,3412.9417096491443,33.545639510582475,1.3670568475781588,0.0788910195314069
5.412,1.908,5.412,1.908,1.4066850601811285e-06,1.15256606748756e-05,53.284015889232585,28.379281321172343,1.2988112919903394,0.0575520337096231,5.412,1.908,2.430491664834842e-06,1.8478755157154417e-05,2969.909200133717,30.583823063583424,1.3243025991840771,0.0883761800032965
5.333,2.04,5.333,2.04,1.3270784535848295e-06,1.1029690795833094e-05,45.44186719882696,27.977158799424107,1.2837050721607115,0.0645433305052515,5.333,2.04,2.647973142767408e-06,1.9443429711958135e-05,3120.010376438763,31.667300924350016,1.3363098063845895,0.0840513663895098
5.254,2.172,5.254,2.172,1.35956016088922e-06,1.2032810975602023e-05,78.90489768302687,26.27251708799191,1.2690815836237834,0.0795177947518692,5.254,2.172,2.3956092664089678e-06,1.743439613766476e-05,2766.975791511401,31.950629726316016,1.3322737626860717,0.0811016335242983
5.175,2.304,5.175,2.304,1.3028332108780966e-06,1.2147655223644277e-05,89.87273446607642,24.9382923082776,1.2467879258845118,0.0788823051245783,5.175,2.304,2.16627010844787e-06,1.736860401063386e-05,2577.3878462428106,29.001338403576348,1.299918905388413,0.0796731129751787
5.998,1.548,5.998,1.548,1.4155387282202592e-06,9.932514525499974e-06,37.18857918946988,33.13850368028523,1.3625709520608575,0.061525221190096,5.998,1.548,3.285441265406667e-06,2.035246445643129e-05,3257.14950651533,37.53591873796221,1.417020683366169,0.0839374880553752
5.92,1.681,5.92,1.681,1.0933983585740744e-06,8.907501740113522e-06,30.317199274637314,28.542555178026063,1.3090471709296878,0.0720097904823628,5.92,1.681,2.8616556996039218e-06,1.9097112871109276e-05,3005.1216813977558,34.84335879296692,1.3960416665970004,0.0785977750841321
5.842,1.814,5.842,1.814,1.2990299987734844e-06,1.00242648906367e-05,39.94349635571152,30.13262686231288,1.3265580506549348,0.0588271472084087,5.842,1.814,2.6445918229092456e-06,1.8148246290005026e-05,2711.5279075310414,33.8839735369532,1.3748327272545906,0.0827937615328694
5.763,1.946,5.763,1.946,1.3061839958236745e-06,1.0904677592564183e-05,55.902764510884325,27.85235205394843,1.3031917476053645,0.0654288070190615,5.763,1.946,2.465155227897993e-06,1.7157708444512095e-05,2569.490218679454,33.40837372931286,1.3707907072727914,0.0766075338562419
5.685,2.079,5.685,2.079,1.339342607836896e-06,1.0942638601435546e-05,53.801540214184506,28.460332948461744,1.3108112427760956,0.0720205335728261,5.685,2.079,2.4333720007269e-06,1.694400472400493e-05,2401.7222719986016,33.39356536736884,1.3483437011024295,0.0738041826928329
5.606,2.211,5.606,2.211,1.3467349250949163e-06,1.0455665721265315e-05,42.13880027043875,29.95027266546514,1.3092102686824452,0.0581445617654966,5.606,2.211,2.240079491451264e-06,1.669001270193055e-05,2405.325359984108,31.20880289559485,1.3353514583130977,0.084486496790985
5.527,2.344,5.527,2.344,1.373779164294626e-06,1.1120884709453748e-05,72.30535922428722,28.724199501484907,1.2910074854339926,0.0564020958879139,5.527,2.344,2.1652455572253904e-06,1.6105462134621965e-05,2271.015255235161,31.2611040991982,1.3271423103615376,0.0826236169322699
5.447,2.476,5.447,2.476,1.168255263449854e-06,1.0411932736380744e-05,57.20470196516077,26.09015986135774,1.258682595125363,0.0635639225939951,5.447,2.476,1.9356616610964344e-06,1.5421925700569987e-05,2142.326724918799,29.18510024462465,1.2992224960764986,0.0815542648409564
5.368,2.608,5.368,2.608,1.3242329209751816e-06,1.132367833402145e-05,72.78507705427879,27.192378950773826,1.270026199316361,0.0602374515397788,5.368,2.608,1.824052315194937e-06,1.5087647176620794e-05,2116.1486383881474,28.11163582450581,1.289574993983286,0.0813755319391499
6.256,1.7,6.256,1.7,1.0511664380277183e-06,8.06557762151704e-06,25.288687988694967,30.30444666904001,1.337905373424716,0.0688562821532573,6.256,1.7,2.6459053509386638e-06,1.7488946188993325e-05,2524.614006314359,35.178799167060504,1.3969452619570455,0.0894342344611304
6.178,1.833,6.178,1.833,1.201270504062484e-06,8.944804368591348e-06,28.334560546901425,31.227722725731923,1.338414584292286,0.0716585725371699,6.178,1.833,2.561325408265967e-06,1.7351864088287573e-05,2388.934012876834,34.323294602480146,1.3837726638129462,0.0827374803448171
6.099,1.966,6.099,1.966,1.3954774816815735e-06,1.0617488177211646e-05,61.28192066783647,30.56126975896996,1.3307767248317517,0.0582871941006511,6.099,1.966,2.4600916905633384e-06,1.6653915442881704e-05,2271.7178532547514,34.34830308302633,1.3785920519235402,0.0893528988277514
6.021,2.099,6.021,2.099,1.2026686300651564e-06,1.0102659590971887e-05,52.56822438637565,27.680925790755865,1.3010829720747017,0.072278159460927,6.021,2.099,2.0975319531465647e-06,1.577823220822968e-05,2076.1398314921585,30.911536283101217,1.3453333015091478,0.0836852374089757
5.942,2.232,5.942,2.232,1.0519460598702757e-06,8.806593501391057e-06,33.21010567317385,27.775115168705995,1.2944224166042078,0.0715923511497468,5.942,2.232,2.242129871917142e-06,1.5744356821491056e-05,1985.6534228156816,33.11358400542321,1.3565317367943046,0.0821860467902303
5.863,2.364,5.863,2.364,1.2134689955335005e-06,9.95924245370606e-06,56.50767160349716,28.331706024355583,1.2943588100870915,0.0615341072236587,5.863,2.364,2.1938893890625324e-06,1.5072308154446165e-05,1947.2357760693685,33.84584104691199,1.3562504709024763,0.0759209711312466
5.784,2.497,5.784,2.497,1.1168587364552506e-06,9.583628729385438e-06,49.95779221305633,27.098085739694454,1.2812109094576998,0.0688096754603024,5.784,2.497,1.7919805705535504e-06,1.4105976689074595e-05,1795.140444281457,29.539319234213448,1.3156633893238945,0.0761582716933547
5.704,2.63,5.704,2.63,1.252281074424371e-06,9.98803087040981e-06,48.76210561782244,29.153606579550686,1.2901247531421,0.0623828530731558,5.704,2.63,1.705344956426938e-06,1.3413163327728815e-05,1723.269281494399,29.563195530343148,1.307831379955677,0.084538069973167
5.625,2.762,5.625,2.762,1.1994169756904836e-06,1.0413993342424409e-05,62.64409712571383,26.7807813116396,1.276458649887751,0.0665510795044161,5.625,2.762,1.7819573524192948e-06,1.4101681277274743e-05,1713.673635461945,29.383042196025983,1.3084289367672706,0.0743421214046573
6.459,1.99,6.459,1.99,1.481564425242308e-06,9.696725570128126e-06,55.286940346451686,35.52759294036636,1.370562423370393,0.067514021040962,6.459,1.99,2.351541243008076e-06,1.5725670659346308e-05,1975.2627028067125,34.770727036888324,1.3906462558979638,0.0819274886035361
6.38,2.123,6.38,2.123,1.2817663678952925e-06,9.639127808448876e-06,55.61458005786922,30.920142076313255,1.3341692749507486,0.0701141510097012,6.38,2.123,2.524574540581094e-06,1.554363053329617e-05,1913.1748762558948,37.76644282508583,1.4060076912980397,0.081202968311642
6.301,2.257,6.301,2.257,1.211661965525663e-06,9.28801646495881e-06,37.76102282169222,30.333941607671505,1.3311243364904346,0.056819446502061,6.301,2.257,2.0889422216828608e-06,1.4057740738536486e-05,1645.837031080964,34.55264084886691,1.374003566189315,0.0810160468446206
6.222,2.39,6.222,2.39,1.0974991318304635e-06,9.041662905085864e-06,37.20875404278144,28.224497685967886,1.3050297172142262,0.0552148974898219,6.222,2.39,1.8764775447235027e-06,1.3741235323545909e-05,1596.106613964112,31.753232412879964,1.3453932632304682,0.0744254159332395
6.143,2.523,6.143,2.523,1.1630434958490072e-06,9.30509688072814e-06,35.42063627437667,29.063332152786227,1.297446948671649,0.0616598161642809,6.143,2.523,1.8348700776812643e-06,1.332133231591028e-05,1513.9812184768205,32.027866057588064,1.343480277332427,0.0755419331810968
6.063,2.656,6.063,2.656,1.1590216267466222e-06,9.13656186503066e-06,36.02465496544915,29.49708421297482,1.3110505669924208,0.0563563446492699,6.063,2.656,1.887156289647553e-06,1.3628139261077712e-05,1571.1076454958338,32.19894584261545,1.3415631298396495,0.0735702043889067
5.984,2.788,5.984,2.788,1.0705375002107965e-06,9.17492345708581e-06,37.45974665910774,27.13124872245219,1.2901096189765693,0.0618444446406988,5.984,2.788,1.536948135384097e-06,1.2342872523107248e-05,1363.762917970985,28.95431643132128,1.3027182746847734,0.0833519628286661
4.606,0.853,4.606,0.853,8.914364170884368e-07,7.298232552427194e-06,8.92146886960479,28.401614073212187,1.3040689031199175,0.0593088415381446,4.606,0.853,4.636774207494798e-06,3.219460325135968e-05,8758.825884561089,33.48908009202883,1.375537416077919,0.0814635472010446
4.528,0.986,4.528,0.986,1.0197086215815696e-06,7.469299976035459e-06,10.03515974775424,31.744357192781983,1.3329940067987338,0.062451525647205,4.528,0.986,4.504924345491806e-06,3.1403492886460376e-05,8487.488247476671,33.35645536028687,1.3657919101617162,0.0828953448799823
4.45,1.118,4.45,1.118,1.1092500633331437e-06,7.970741842618093e-06,9.298306635747233,32.35944514977634,1.331785058561471,0.0621400321975677,4.45,1.118,4.218799858812481e-06,3.057850672793431e-05,8132.229897374962,32.080638034086014,1.353903042763578,0.0760474134015388
4.371,1.25,4.371,1.25,1.3031584906032423e-06,1.0123588007594612e-05,14.97724175051836,29.93181986358422,1.317859700437778,0.0561739416180684,4.371,1.25,3.844240009691206e-06,2.888143048316215e-05,7306.77147529468,30.950106099596912,1.318376418128273,0.087998660414356
4.293,1.382,4.293,1.382,1.348685763530916e-06,1.0876910909446458e-05,18.70361890754981,28.83205179250451,1.306946888160288,0.0700922334599467,4.293,1.382,3.4351439610509656e-06,2.721647034936752e-05,6612.173473239762,29.348336381361676,1.3042558525492325,0.084946742250395
4.214,1.514,4.214,1.514,1.3145034150632406e-06,1.1091898974188528e-05,24.14371646875173,27.556633549087877,1.2856568787014395,0.0645988550477585,4.214,1.514,3.3950717113042774e-06,2.76053428860221e-05,6642.378497711329,28.59737390013799,1.294038839042532,0.0792037504813228
4.135,1.646,4.135,1.646,1.3417588471148633e-06,1.178166091618088e-05,22.941547562030124,26.48123868848246,1.2716274548067166,0.0671724087579421,4.135,1.646,3.3402141490599075e-06,2.673830247644556e-05,6337.074215085383,29.047638225247617,1.2921640523597857,0.0819046125284276
4.958,0.89,4.958,0.89,1.000881998636106e-06,7.211018780266539e-06,10.031417249108657,32.274282734497994,1.3542838373537425,0.0671081430409184,4.958,0.89,4.53816407333938e-06,3.014834949371778e-05,7260.251225827179,35.001527659826955,1.397801938522122,0.0802353327447431
4.88,1.023,4.88,1.023,9.516436299671308e-07,7.301552613432895e-06,10.056136961685567,30.30605963539876,1.3225809772618484,0.0588671025176846,4.88,1.023,4.405975871207815e-06,2.968814053526943e-05,7244.192269081699,34.508768800444194,1.3892415240444995,0.0756741248309751
4.801,1.155,4.801,1.155,1.4703038798023754e-06,9.622232691616e-06,18.39953792580705,35.53052262933799,1.3854588686678777,0.0646819219322651,4.801,1.155,3.9581534043863855e-06,2.8752661729269564e-05,6943.443265677177,32.00994401454329,1.350810849361145,0.0833017088970869
4.723,1.288,4.723,1.288,1.4370109051857296e-06,9.859687757361932e-06,22.40581051553472,33.88966297048857,1.3580053402536916,0.0763957261762928,4.723,1.288,4.279115184432002e-06,2.929749504869268e-05,6798.362610876485,33.962045145033464,1.3659885661623126,0.082865348870557
4.644,1.42,4.644,1.42,1.2983883353528964e-06,1.0077076940294466e-05,22.57608771339834,29.959901296956623,1.3256123897587744,0.0700791308189674,4.644,1.42,3.2742836409193726e-06,2.495982843649032e-05,5651.090582167658,30.503175256519256,1.324127937685986,0.0813456312676321
4.565,1.553,4.565,1.553,1.3569668795993956e-06,1.1550070565267842e-05,33.886677619219995,27.31838099982352,1.2820862984049353,0.0611853644397543,4.565,1.553,3.4640609741087816e-06,2.570530327991289e-05,5660.403795254164,31.335248503770742,1.3298169830469524,0.0753074995507344
4.486,1.685,4.486,1.685,1.3792710445657867e-06,1.2648576621557864e-05,55.83363624516121,25.355857985078863,1.244812495106216,0.0649348072933074,4.486,1.685,3.220919654843507e-06,2.4645577907716428e-05,5292.627682768823,30.388637802254543,1.3137167945797033,0.0846068316254795
4.407,1.817,4.407,1.817,1.7709572451051292e-06,1.4635282680586597e-05,65.53569738977905,28.136968786234075,1.2648190262899284,0.0558529404847871,4.407,1.817,3.0250304898238016e-06,2.3333588469785523e-05,4916.093854294769,30.14522778768677,1.3025052654287037,0.0803310117344355
4.327,1.949,4.327,1.949,1.5694513392132411e-06,1.4904274097137484e-05,96.61413683657192,24.485409613643785,1.2326628881766395,0.0640039622717774,4.327,1.949,2.923328596262708e-06,2.332539175298132e-05,4800.191204352343,29.14197866880687,1.2899091892671295,0.0804176830276891
5.216,1.042,5.216,1.042,1.3354707771512758e-06,8.763862992103479e-06,14.81627729322283,35.43310060202919,1.3996739853659022,0.0708888818707793,5.216,1.042,4.588263077860797e-06,2.967018519127392e-05,6701.7378176380535,35.95823792405208,1.40738400102771,0.0762085928357061
5.137,1.175,5.137,1.175,1.3580554484915314e-06,9.099487480391596e-06,14.760707079350356,34.70331146053518,1.385006678169851,0.0623618411974295,5.137,1.175,4.085135084492181e-06,2.720491306227369e-05,5989.691875914156,34.916397359341204,1.38771807968444,0.0806973816980365
5.059,1.308,5.059,1.308,1.2724515725568e-06,8.988722460618237e-06,20.587309187985323,32.91649913271143,1.3663952363113707,0.0635683548141888,5.059,1.308,3.5338481601945742e-06,2.496613259816445e-05,5159.484199565632,32.91296136097377,1.363708413649577,0.0781292938486509
4.98,1.44,4.98,1.44,1.4435490147863008e-06,1.162117083794004e-05,40.607539107830576,28.883644870060596,1.310247044293231,0.0565051480937653,4.98,1.44,3.4597679789026262e-06,2.4738120330370423e-05,5215.961115112193,32.52000657651117,1.358984146850615,0.0809193731250107
4.901,1.573,4.901,1.573,1.3459378388504905e-06,1.11200966877767e-05,38.93490621947318,28.14406252595621,1.2878053285834148,0.0627003710822727,4.901,1.573,3.1169303062865705e-06,2.3044845637343968e-05,4571.310180987103,31.4502162404581,1.3377613050834387,0.0816660953498307
4.822,1.706,4.822,1.706,1.4420904441981744e-06,1.2326031262332589e-05,48.64572933391679,27.20442692804948,1.281810668364248,0.0642988093836243,4.822,1.706,3.035108345524629e-06,2.2849467656110828e-05,4614.096370437856,30.886483102876262,1.3289770155673912,0.0838363615881064
4.743,1.838,4.743,1.838,1.3624266932404098e-06,1.2411939819180133e-05,60.12568874932231,25.523711691256665,1.2406142417595714,0.0586850264531309,4.743,1.838,2.918394454932561e-06,2.273768030002032e-05,4393.732467868641,29.84476634842784,1.3116854058776046,0.0844068757852304
4.663,1.971,4.663,1.971,1.6215636967329754e-06,1.4809612248447785e-05,109.18388872689673,25.46013327341412,1.2481793146678322,0.0661037350055788,4.663,1.971,2.8606238508844838e-06,2.195672079424794e-05,4287.394466200492,30.294488457717,1.313502431604345,0.0821717302250821
4.584,2.103,4.584,2.103,1.3194648366700894e-06,1.293344386885981e-05,54.35815786232741,23.72214662314361,1.223105619930038,0.0651205565855904,4.584,2.103,2.501885968931749e-06,2.0790772850099963e-05,3831.427929818324,27.981257332986385,1.2742350466433132,0.0846838109322457
5.418,1.332,5.418,1.332,1.7127604371389402e-06,9.08282047558927e-06,18.87765163312261,43.847641667969405,1.4254079108024251,0.0712121115882903,5.418,1.332,3.4175542000613413e-06,2.3785380885831972e-05,4689.117946064019,33.40993633971839,1.3717211764717203,0.0893766604170465
5.339,1.465,5.339,1.465,1.1353147011369985e-06,8.995558530852195e-06,24.92120189352455,29.34664614225843,1.3181831109153943,0.071981056330681,5.339,1.465,3.652009014254977e-06,2.3423899823476814e-05,4444.653243981555,36.252919473921146,1.3930763999654785,0.0801917716372966
5.26,1.598,5.26,1.598,1.5219867600725497e-06,1.1691998674484793e-05,50.78408288529682,30.268609089052024,1.324662663294867,0.0686188156343485,5.26,1.598,2.9110462778535244e-06,2.0621263936199693e-05,3706.545021549367,32.82495778851496,1.3610457680369463,0.0798688287639716
5.181,1.731,5.181,1.731,1.3981834336974998e-06,1.1302066930226846e-05,49.5194286917944,28.76581114341756,1.2949853578045931,0.0594926188091696,5.181,1.731,2.921767427659223e-06,2.1595932063992077e-05,3823.430739631301,31.458936598974542,1.3418170582581066,0.078588675066751
5.102,1.864,5.102,1.864,1.4552443736824167e-06,1.1983751922126382e-05,52.77838606667052,28.23666922784948,1.2919760089363772,0.0628959232122273,5.102,1.864,2.905767088082778e-06,2.14357975527081e-05,3697.888581801836,31.520384115666943,1.3373182703335411,0.0776607468500429
5.023,1.997,5.023,1.997,1.5453502455209364e-06,1.3450909470434669e-05,89.61842458225081,26.71441223207121,1.2730264084000027,0.0679831728212845,5.023,1.997,2.5590573251494512e-06,1.9132661288277283e-05,3191.251999269363,31.10104481382356,1.315111427413825,0.0860846845624731
4.943,2.13,4.943,2.13,1.482652836286053e-06,1.3138682894909585e-05,97.7085595032833,26.23964706737881,1.258261180931234,0.0691847815998592,4.943,2.13,2.329835328718981e-06,1.853242853980004e-05,3150.049154638238,29.23231701733603,1.2954849546347835,0.0888948322576167
7.823,1.446,7.823,1.446,8.015614702789278e-07,4.721374880361367e-06,5.951105366982686,39.47650497280434,1.4645825902189846,0.0591616323102138,7.823,1.446,2.717340868030248e-06,1.5474504212773856e-05,1912.557916762148,40.831724694616206,1.4806289587367718,0.0830787406031588
7.746,1.579,7.746,1.579,8.793953601393648e-07,5.5939229302725564e-06,11.80116822341054,36.55426355972176,1.4148840624498344,0.0595078564764426,7.746,1.579,2.351867400256741e-06,1.3976603156321334e-05,1597.202672190244,39.12745004542296,1.457718269583602,0.0910040017608618
7.669,1.712,7.669,1.712,8.218043498533679e-07,5.247196237563385e-06,9.999008442150055,36.41761302457084,1.413133966425848,0.0638780889837886,7.669,1.712,2.472763011080683e-06,1.4514549014237442e-05,1609.041433578322,39.6140547048626,1.4616293138028855,0.0807110156748733
7.592,1.845,7.592,1.845,9.871604202057818e-07,7.110794291145479e-06,23.378557123961382,32.28047871908567,1.3768813861296194,0.0769937046714468,7.592,1.845,2.2093940886073155e-06,1.2930832038718934e-05,1332.4955486837273,39.72986274157364,1.459941497967748,0.0786883897373846
7.514,1.978,7.514,1.978,8.165312108743712e-07,5.563097514517939e-06,10.634708381382673,34.12922799683722,1.3926074438842295,0.0600512942006759,7.514,1.978,2.2108936405314565e-06,1.3256696518802009e-05,1310.2985788746328,38.77956059205947,1.4450466147181442,0.0825267365894222
7.437,2.11,7.437,2.11,1.0645640652071406e-06,7.171259237361107e-06,24.594027140839955,34.51808767957124,1.393473516107124,0.0641990469910619,7.437,2.11,2.1499091276533035e-06,1.294522768129764e-05,1274.6906921169038,38.61719791063488,1.439866380668142,0.0787739672851333
7.359,2.243,7.359,2.243,1.0070370640950132e-06,7.441639083731664e-06,28.119950088269057,31.46641017765045,1.358157259323416,0.0640592712440885,7.359,2.243,2.021091128186841e-06,1.243976042739259e-05,1163.7590298921791,37.77845794394904,1.425986888340503,0.0793123671898125
8.175,1.479,8.175,1.479,1.057089884563467e-06,6.403924147505198e-06,17.023033983881966,38.3827498316676,1.4501715968151982,0.0673396727789488,8.175,1.479,2.7841738108490587e-06,1.5336629211520143e-05,1688.6435952894813,42.21208205233456,1.4937123082324104,0.0771239780798418
8.098,1.613,8.098,1.613,9.08139443390762e-07,6.079307228212768e-06,18.3753528320846,34.735119290024926,1.408189594321764,0.0747124508918966,8.098,1.613,2.5371167952197617e-06,1.389413888355516e-05,1473.1688130871037,42.45992005679599,1.4948608447155118,0.086292551609526
8.021,1.746,8.021,1.746,1.0983729319573182e-06,6.888880444549933e-06,24.5585465999061,37.0741772189384,1.4296240893424164,0.057441401142385,8.021,1.746,2.33981046201331e-06,1.309817253035481e-05,1356.6832294891758,41.537496661789056,1.4822330426108687,0.076414024923855
7.944,1.879,7.944,1.879,1.057167840913441e-06,6.8849646350933285e-06,22.943745784860923,35.70364676544216,1.4194713288742835,0.0678901667106427,7.944,1.879,2.434280219734283e-06,1.3455156596849245e-05,1315.55337415077,42.0680286568371,1.482921210017892,0.0712501496659815
7.866,2.013,7.866,2.013,8.283753369557084e-07,5.56548225352746e-06,11.394177015104038,34.6094506259408,1.398829711335834,0.0587187856417272,7.866,2.013,2.0454666624089582e-06,1.2207599605018828e-05,1157.4988723507215,38.96121364455056,1.4507909620151511,0.083768289497916
7.789,2.146,7.789,2.146,9.687577105004364e-07,6.160733043065452e-06,14.541095596017328,36.563951935436535,1.4126542143945524,0.0669648928108482,7.789,2.146,1.9730370382902438e-06,1.2324593875980955e-05,1096.8830111529755,37.22485102821029,1.4330677862824537,0.074665489555235
7.711,2.279,7.711,2.279,6.183293928277103e-07,4.73548035641344e-06,8.017170181795331,30.361708037245595,1.3415426668595034,0.0802361677266256,7.711,2.279,1.7760193937157832e-06,1.1148599395537387e-05,957.117799051808,37.04228264895514,1.422973914563432,0.0840936314321315
7.633,2.412,7.633,2.412,9.138570653831344e-07,6.526533795499927e-06,16.268000023484795,32.55862309318202,1.3730725008331908,0.066350516721143,7.633,2.412,1.7271446630817847e-06,1.1073954123920897e-05,946.9549952715356,36.26572320422241,1.4125292377702705,0.0921473086245392
7.555,2.545,7.555,2.545,8.319351116364698e-07,6.287617442206506e-06,15.850280480478206,30.766188142403067,1.348103870940088,0.0742802479468367,7.555,2.545,1.628178368250331e-06,1.0566872925832814e-05,859.0384296054337,35.828270405505535,1.3999409645344454,0.0938203589346209
8.434,1.628,8.434,1.628,1.0021552144526437e-06,6.242120756136628e-06,16.829324308474288,37.33130501684125,1.4417930221720403,0.0610138213996298,8.434,1.628,2.533268634206173e-06,1.3467985232213889e-05,1375.267435094361,43.73699711031629,1.5058131526685774,0.0837592857148221
8.357,1.762,8.357,1.762,1.1818032849985569e-06,7.141870882590048e-06,23.88002919097831,38.47720755863932,1.450075498256855,0.0653547485368054,8.357,1.762,2.2554349276644086e-06,1.2511348993332064e-05,1205.7784643816326,41.917609806466174,1.4873411591611174,0.0810218180928484
8.28,1.896,8.28,1.896,9.925220098970845e-07,6.447339277140792e-06,20.980806410227395,35.7956266154774,1.4159357219146458,0.0589595156671934,8.28,1.896,2.1350987655967565e-06,1.2007882594840485e-05,1115.162307952543,41.344894114444486,1.47473718962692,0.0822963311017985
8.203,2.03,8.203,2.03,1.081680147882061e-06,6.309214212703592e-06,16.296238661592938,39.86519876127522,1.4432828494698624,0.0663837984902772,8.203,2.03,2.0833442895075884e-06,1.1496227334748607e-05,991.8732476416492,42.13820686723941,1.4776691664807151,0.0903561767432697
8.125,2.163,8.125,2.163,1.0134260914085826e-06,7.354787457777372e-06,23.508713398632068,32.03998485441513,1.3516553736456454,0.0544952080821156,8.125,2.163,1.6933615868824456e-06,1.0475641856190136e-05,872.216944885546,37.58715103895705,1.4376267470251929,0.086790846428062
8.047,2.296,8.047,2.296,1.1238277401448636e-06,6.839101512534741e-06,24.19106650117205,38.20947279430517,1.4198430583337165,0.0638631236612296,8.047,2.296,1.8127322164524875e-06,1.0521191823283049e-05,851.9449665397805,40.06259364794289,1.453941068379694,0.0830012311581468
7.969,2.43,7.969,2.43,1.0046236324680264e-06,6.10034268319938e-06,16.62896241582996,38.29301005656036,1.4098902785256318,0.0524272634601477,7.969,2.43,1.64171304125435e-06,1.0345511056782546e-05,827.8503078433482,36.89908920935421,1.4182899943590397,0.0826641411538086
7.891,2.563,7.891,2.563,8.675930802391654e-07,5.974922392898864e-06,17.93697751056219,33.76402074161828,1.377455801873445,0.0653355541100824,7.891,2.563,1.608462080959104e-06,9.617233704316365e-06,745.8694753277566,38.88937869165597,1.437182857402436,0.0727292290969512
7.813,2.696,7.813,2.696,8.93444537576709e-07,6.4159541833282325e-06,16.116953977039238,32.379988603050315,1.3723928628459052,0.0560424320985903,7.813,2.696,1.3997974659630008e-06,9.04840608422825e-06,668.8486327918961,35.97190745729634,1.3989050121411066,0.0786037514634712
8.639,1.917,8.639,1.917,1.1177924006388006e-06,6.691923886358077e-06,22.650881101847297,38.84011504488408,1.4525006923789576,0.0609783496397013,8.639,1.917,1.9238898771682978e-06,1.1135243407132624e-05,943.1310392697987,40.17453348297938,1.4741942341194847,0.082929972099153
8.562,2.051,8.562,2.051,1.000929793169112e-06,6.259354563225491e-06,17.665053987494126,37.18299866363917,1.4366438865446949,0.0650351867706136,8.562,2.051,1.78413870420712e-06,1.0384012885311706e-05,826.4557365209974,39.9515601745361,1.4685477736254078,0.0823144789725315
8.484,2.185,8.484,2.185,9.880917749825975e-07,6.05726153176625e-06,18.58613887497528,37.93073919658419,1.4357274745827475,0.0601765541349386,8.484,2.185,1.7976714549603862e-06,1.0334134354313985e-05,817.3136501869893,40.44888610987993,1.4651652097689916,0.0832929587347731
8.407,2.318,8.407,2.318,8.098377674365013e-07,5.684545195523212e-06,16.154927750592826,33.126278627448386,1.3913828251011793,0.0687838417418576,8.407,2.318,1.7405447423210763e-06,9.816387245474887e-06,738.6069501489409,41.229100209852845,1.4673246233786503,0.0852519741251783
8.329,2.452,8.329,2.452,7.999625373510888e-07,5.627320173386647e-06,17.25764808855365,33.05509207546876,1.3834284724040666,0.054639519261875,8.329,2.452,1.5036673882492782e-06,9.128464099040922e-06,671.2863386731241,38.30226145480835,1.4379836808860815,0.0836980286480701
8.251,2.586,8.251,2.586,8.635330023284507e-07,6.561835368298617e-06,18.22117014463903,30.60017833539475,1.3485433530796236,0.0510409321005623,8.251,2.586,1.457619893267705e-06,9.074773965327391e-06,657.2078442622651,37.34898621206415,1.4275404743857774,0.0782568591784546
8.173,2.719,8.173,2.719,7.6022652106718e-07,5.291255617375378e-06,10.4397110831493,33.40831879798328,1.3771562029559037,0.0544239560037939,8.173,2.719,1.5976406483957137e-06,9.288890502606963e-06,634.3960705383573,39.99314942492056,1.4389248952579974,0.0730434479216738
6.773,0.804,6.773,0.804,4.372601608736751e-07,2.7119797262706808e-06,2.2308475878806924,37.49072329730543,1.4250449929249498,0.0579651067535139,6.773,0.804,4.064138271444023e-06,2.318533894315655e-05,4486.241984490169,40.75917394020987,1.4814735076018155,0.0842520897058793
6.696,0.937,6.696,0.937,5.338889825991501e-07,3.609016030163201e-06,3.270601201918409,34.397944805955134,1.404879753528601,0.0696939939567893,6.696,0.937,4.231563276976921e-06,2.427992160227857e-05,4452.101678715685,40.52508243783789,1.4789344300844598,0.082048940142879
6.619,1.07,6.619,1.07,6.06864896130381e-07,4.109438026012233e-06,3.540467567391459,34.338390005303786,1.3976526047737357,0.0701005151225612,6.619,1.07,3.2830770989874567e-06,1.990818788034769e-05,3476.8586719965306,38.34596739122082,1.452147436718837,0.08636434757676
6.542,1.202,6.542,1.202,1.1324144517780611e-06,6.921602363965964e-06,12.139265141024088,38.04250484931825,1.4377739499108666,0.0583476081063751,6.542,1.202,3.2432627612275235e-06,2.0043486217171317e-05,3278.7292301102066,37.62523502219669,1.4339028314015787,0.0868696729369921
6.464,1.335,6.464,1.335,1.0663721583176637e-06,7.0127516626553504e-06,16.05462042191418,35.358243750664066,1.4025058069114915,0.0590646748925024,6.464,1.335,3.2610276142192598e-06,1.986573779912512e-05,3158.5386059197704,38.16982114132795,1.4443392127181602,0.07551761738563
6.386,1.468,6.386,1.468,1.1406669364241533e-06,7.03175745801949e-06,13.491958213669909,37.719447114151535,1.4088488359591365,0.0665714448778963,6.386,1.468,2.795079544625869e-06,1.8404396126665373e-05,2739.8035426733663,35.313677558977126,1.4074649744038858,0.0831720663604288
6.309,1.601,6.309,1.601,1.2492550993440003e-06,9.172994642834952e-06,29.11160937728483,31.66724911874208,1.358489722970354,0.0707768821961777,6.309,1.601,2.796692214904876e-06,1.7631542784585173e-05,2540.726969181756,36.882869819514646,1.4181071176102114,0.0834805577979761
7.125,0.837,7.125,0.837,5.769908688332436e-07,3.5980317593044573e-06,3.768216035219005,37.28844693678543,1.4380772216010016,0.0511712944392068,7.125,0.837,4.07238305210884e-06,2.227095303088075e-05,4099.588256044693,42.51871853996539,1.4969878381340795,0.0887020054493139
7.048,0.97,7.048,0.97,4.07274249510755e-07,2.964585841049236e-06,2.411103331316818,31.944292185466733,1.3642769971036863,0.0856692014585225,7.048,0.97,3.877850479230744e-06,2.1007431477566936e-05,3573.100172162329,42.92284021741877,1.4970404786087863,0.078834550155042
6.971,1.104,6.971,1.104,5.240947736289439e-07,3.4303463419540525e-06,2.7551582047007948,35.525664168679,1.4217643672388591,0.0521392407693994,6.971,1.104,3.3531159201677543e-06,1.943574014664674e-05,3155.8287253420026,40.116019268348886,1.470737218134843,0.0870169016988847
6.893,1.237,6.893,1.237,8.944863446622514e-07,5.810757476515128e-06,6.957510056200807,35.79408893839574,1.43089345741605,0.065092272256985,6.893,1.237,3.4376253890923973e-06,1.9877338296557843e-05,3145.832914331404,40.21338823030875,1.4666190785713673,0.0848410856711234
6.816,1.37,6.816,1.37,9.629628252745946e-07,6.0806757641927794e-06,9.445073612165311,36.82375079925296,1.432267248029174,0.0606615416911177,6.816,1.37,3.2158877016185083e-06,1.8994987711147285e-05,2856.7619967477053,39.36698959964026,1.4507486937117002,0.0861582470721707
6.738,1.503,6.738,1.503,1.1353004534358874e-06,6.703533036794994e-06,12.113721384425736,39.38015351843604,1.4389510286069638,0.0584333194492924,6.738,1.503,2.927134363757606e-06,1.811337762737248e-05,2569.9205701392384,37.57626106024221,1.434434490276688,0.0879421905452578
6.66,1.636,6.66,1.636,1.296208107309071e-06,8.874889292238749e-06,33.77510963363522,33.961130356861645,1.3727558537829596,0.0690345466813091,6.66,1.636,2.8022184730130566e-06,1.7288276481590766e-05,2305.9212334438203,37.68952290625829,1.426911499501565,0.0867167457399592
6.582,1.769,6.582,1.769,1.2302702474754475e-06,8.782876053395735e-06,33.22618000789861,32.57122667335688,1.3626825976027537,0.0727758867488728,6.582,1.769,2.673598395513952e-06,1.6422940940144244e-05,2169.6462822558024,37.85433214304627,1.426381880879274,0.0743170900567899
6.504,1.902,6.504,1.902,1.2427592155602949e-06,9.635981003521011e-06,45.70937441026901,29.988959984624465,1.338827194262746,0.0611372914606147,6.504,1.902,2.445607036751345e-06,1.604183013497394e-05,2001.6515500428336,35.44892826146733,1.3965361630854805,0.0788401943542875
7.384,0.986,7.384,0.986,4.765284257612653e-07,2.930135259787625e-06,2.455396742209496,37.81564316205784,1.4399926055652594,0.062069959642862,7.384,0.986,3.7662983927480698e-06,2.012252082041555e-05,3239.9392537425165,43.52138293779917,1.507017314515576,0.0816508016005729
7.307,1.12,7.307,1.12,4.393102095267282e-07,2.804887183458495e-06,1.865223532431859,36.41885150793782,1.4343827997680645,0.052752129873153,7.307,1.12,3.614260286030741e-06,2.0218713986892404e-05,3099.551645011525,41.56580965253524,1.4887835661425308,0.0849705244450835
7.229,1.254,7.229,1.254,6.272669915211125e-07,4.045829487648148e-06,3.26020540758613,36.05082490562821,1.4274871493675756,0.0773199890508855,7.229,1.254,3.231670171425264e-06,1.8731456456020263e-05,2659.0056003660948,40.11675814398076,1.472523361530344,0.0826307765776196
7.152,1.387,7.152,1.387,8.134064958363913e-07,5.09563278514517e-06,6.676469708820344,37.1175977332673,1.4375484153329052,0.0789338788433964,7.152,1.387,3.099717617101704e-06,1.7424393722260416e-05,2433.1082078458035,41.36516903014334,1.4709638394649798,0.0730003913587133
7.074,1.521,7.074,1.521,1.0507852874082693e-06,7.179693509885765e-06,17.310751367923064,34.03129107953137,1.4020192120988295,0.0516488126771449,7.074,1.521,2.783751839824499e-06,1.651884875245052e-05,2151.372410846384,39.18511159063048,1.4509412512354127,0.0884094867844584
6.997,1.654,6.997,1.654,1.0861992343468363e-06,7.295325086770989e-06,19.64328942893671,34.620647863323484,1.3955446550816384,0.0623525521827414,6.997,1.654,2.824337995883928e-06,1.6381580791232657e-05,2060.633233361503,40.08955247438484,1.4571571044314298,0.0774257728972701
6.919,1.788,6.919,1.788,1.047156977991369e-06,7.3304918527339905e-06,18.02531442119112,33.21612936648367,1.3796662465634804,0.0672943872249262,6.919,1.788,2.511746801582044e-06,1.5786266643674254e-05,1966.3334017482305,36.99702229996093,1.4264318474145354,0.0853392342141735
6.841,1.921,6.841,1.921,1.192716965121744e-06,8.265740010598751e-06,28.09639916271789,33.55258639635162,1.3759914119172694,0.0649673939268759,6.841,1.921,2.2331213570511126e-06,1.4594451311965888e-05,1727.0706549434103,35.57909529116464,1.406050402839207,0.0790052735935774
6.762,2.054,6.762,2.054,1.0631976847424256e-06,8.014384263750197e-06,27.297932466758315,30.84709053953282,1.345053677558066,0.0678682575646757,6.762,2.054,2.098847621632652e-06,1.3954654987747896e-05,1575.0594313094148,34.972940865994055,1.3936935115277724,0.0775419516687157
7.589,1.275,7.589,1.275,7.295537153991222e-07,4.229737367126522e-06,3.623254893368447,40.10644970098245,1.4672529435574235,0.0659894303578918,7.589,1.275,3.2175860987027448e-06,1.79351900981637e-05,2453.9429115687294,41.71522018939766,1.4922137006588223,0.0887747117414751
7.511,1.409,7.511,1.409,8.89438011801466e-07,5.904388063392159e-06,12.374049518160692,35.02766115940181,1.4173044098288057,0.0611306274952068,7.511,1.409,2.9361400713892653e-06,1.6720798863054252e-05,2179.481480268105,40.83100738884672,1.475678917862554,0.0811468225342691
7.434,1.542,7.434,1.542,1.1007085751064502e-06,7.623064269493703e-06,29.23838479896956,33.57477540329067,1.390261123061422,0.0563937573053763,7.434,1.542,2.638490406486674e-06,1.5626684400895005e-05,1917.056590725634,39.260789248100885,1.454497761236221,0.085697933519247
7.356,1.676,7.356,1.676,1.1117653283066495e-06,7.776159150910444e-06,26.236149618460065,33.244387282408475,1.3911721644451436,0.0580803268055828,7.356,1.676,2.692300074629917e-06,1.5170902678896422e-05,1750.1666935911787,41.26505121382712,1.470795232894251,0.0723802168687183
7.278,1.81,7.278,1.81,1.1533234858234731e-06,7.969531571707267e-06,30.304396001783072,33.65028044620235,1.382584037436708,0.0617419164361749,7.278,1.81,2.3843533239081097e-06,1.4357150527640816e-05,1632.0026025218476,38.61648188569409,1.4431203056382156,0.0810346852476548
7.2,1.944,7.2,1.944,1.156853274004771e-06,7.80517141114494e-06,22.41390003143428,34.46403974397632,1.3880307642903074,0.0657873753731543,7.2,1.944,2.107411300090959e-06,1.3113037418503097e-05,1446.9430035819132,37.36941949989329,1.4317128542353783,0.0840503663542541
7.122,2.077,7.122,2.077,1.0429457870902543e-06,7.701833364795042e-06,30.44795142851852,31.48748427596976,1.3574233179129394,0.0659731490789801,7.122,2.077,2.1194916531686408e-06,1.3487039872870488e-05,1416.0461725833125,36.54141972196182,1.419836572397983,0.0858889086097566
5.73,0.148,5.73,0.148,1.801042275780965e-07,9.528786637660492e-07,0.6320901159744077,43.949774596845614,1.4970086378507943,0.0778842007938627,5.73,0.148,5.713740313234626e-06,3.321914520435949e-05,9547.877996193276,39.99469531372339,1.4665611141018444,0.0763735530797602
5.653,0.281,5.653,0.281,2.878571184081699e-07,1.1486129389599122e-06,0.6903106618226736,58.27383727735878,1.5876591908813664,0.0472781590370666,5.653,0.281,5.296768329868089e-06,3.179943647981837e-05,9000.702566845142,38.73128463537368,1.4558833236976525,0.0853606918293495
5.576,0.414,5.576,0.414,3.645461666019128e-07,2.2326934977192308e-06,2.119314531038176,37.965906666024495,1.397466301670462,0.0459335606605441,5.576,0.414,5.848028294136558e-06,3.360365447647487e-05,8944.327281388676,40.46628186460643,1.4670680989658682,0.068495494091651
5.499,0.547,5.499,0.547,6.255383257678712e-07,4.127635176052943e-06,4.785862712433478,35.23895053855795,1.388322844652253,0.058177617661332,5.499,0.547,5.090063839797339e-06,3.0859301752481804e-05,8025.882272152453,38.353718973271256,1.4459583173513335,0.0801115246025922
5.422,0.68,5.422,0.68,6.974701385461472e-07,4.66656672563981e-06,4.928976564704774,34.753494991018535,1.3708008605595492,0.0552307227395904,5.422,0.68,4.813947321309791e-06,3.029431085261492e-05,7778.428709816406,36.949673370509935,1.4275694809079051,0.0761406931692229
5.344,0.812,5.344,0.812,6.393711914723649e-07,4.958002729936175e-06,5.484307746422667,29.98586974433641,1.3271008631483232,0.0828303945204775,5.344,0.812,4.765218608729524e-06,2.968876958624761e-05,6987.722597738768,37.32166217791746,1.4200032512384393,0.0818060264608526
5.266,0.945,5.266,0.945,9.71410551175411e-07,6.864637972680826e-06,9.85842505313372,32.90451740311021,1.376994227794087,0.0594835748998863,5.266,0.945,4.457394787064476e-06,2.855929187235216e-05,6807.8359083594005,36.29142434655935,1.4136945232781095,0.0795607769416072
6.082,0.181,6.082,0.181,2.30917483507947e-07,1.507115069648326e-06,1.5183189499405076,35.62712284043249,1.3889240418734805,0.099063367231367,6.082,0.181,5.467543426193217e-06,3.102573215359934e-05,8287.087694423852,40.97703680374872,1.4815055006938969,0.0765263504297232
6.005,0.315,6.005,0.315,6.647356683566644e-07,3.820671698989906e-06,6.042820553641719,40.45568964019627,1.4255844369729609,0.0555848450498725,6.005,0.315,5.3706720235604825e-06,3.0278581917515318e-05,8070.919732752913,41.24425353881495,1.4776010636504182,0.0798895499945047
5.928,0.448,5.928,0.448,5.067304148853767e-07,3.217476967247176e-06,3.5287640676441887,36.62114114632403,1.4135656012217912,0.0683237043365534,5.928,0.448,5.725168218557485e-06,3.036565616419791e-05,7774.498110527153,43.840543466833566,1.4946473652597332,0.0783449504047234
5.851,0.582,5.851,0.582,5.482720784773364e-07,3.507996952543439e-06,4.168812391643342,36.341869919374254,1.387817650354814,0.0691376738942748,5.851,0.582,5.056927816173651e-06,3.037975303232103e-05,7400.445601023145,38.70551612648376,1.4571792942523625,0.0769104227417315
5.773,0.715,5.773,0.715,6.415989635098791e-07,4.61472029069227e-06,5.5017446602935465,32.328728108239574,1.3725545202534155,0.0680913612304277,5.773,0.715,4.660852609400704e-06,2.8121203163135143e-05,6650.099383827879,38.5391222376116,1.4450390742600725,0.0856204345664682
5.696,0.848,5.696,0.848,4.671646939356169e-07,3.832707448460737e-06,3.715041616212912,28.34227387211308,1.3158352600478112,0.0867128496627011,5.696,0.848,4.660180770914134e-06,2.8197763425379423e-05,6291.553010287201,38.42894382550756,1.4392543363980943,0.0801102902537945
5.618,0.981,5.618,0.981,9.666766812076497e-07,6.67069175295294e-06,9.572749847124175,33.696183707491365,1.3855125170188085,0.0656327750298384,5.618,0.981,4.042492924043826e-06,2.541902595751585e-05,5466.579146245463,36.979472461481045,1.425192799353816,0.0772328829471107
5.54,1.114,5.54,1.114,1.342764558907773e-06,8.720087198570323e-06,17.54026148119884,35.805470893452615,1.4074284267203443,0.0621778710874423,5.54,1.114,3.657646459545031e-06,2.425875589086129e-05,4983.47883112801,35.059324845611414,1.401571872352698,0.0822449582162321
5.462,1.247,5.462,1.247,1.3038007540300793e-06,8.711383375977394e-06,17.501642456566252,34.801218368443635,1.3945369407483916,0.0590593629362028,5.462,1.247,3.819485117815557e-06,2.4357553965830945e-05,4861.502553221317,36.46208476307616,1.4064415486833202,0.0831520395841201
6.341,0.331,6.341,0.331,9.004735381677683e-07,4.310909144772536e-06,7.071536547879008,48.570484155061,1.4639729690241206,0.0590053063772309,6.341,0.331,5.212181832280295e-06,2.973748311020849e-05,7324.56170818309,40.75545042756406,1.478469371434696,0.0828040380350262
6.264,0.465,6.264,0.465,1.0910846149605677e-06,5.742905595800711e-06,8.95695485298315,44.1770897308416,1.4928385077095565,0.0502580170724128,6.264,0.465,4.792538708077672e-06,2.823045622894086e-05,6793.388112235275,39.47463109340894,1.46689186092742,0.0795062361840768
6.187,0.598,6.187,0.598,1.1296351086376767e-06,6.615661962918661e-06,13.233903131280956,39.70408784053232,1.4632229785872388,0.0567089549347011,6.187,0.598,4.841401141784879e-06,2.8036431787769453e-05,6362.567261998914,40.15306260530564,1.4738460806882905,0.0740426853504876
6.109,0.732,6.109,0.732,1.2853595256283356e-06,7.567618812648079e-06,16.157377234808408,39.49441813420496,1.459265366988739,0.0680252037642788,6.109,0.732,4.921034073829372e-06,2.8541113700956717e-05,6344.809441920968,40.09182297259341,1.4750063420247794,0.0713647134868397
6.032,0.865,6.032,0.865,1.007197275384363e-06,6.915872321408704e-06,12.982944944885707,33.86397407415741,1.3963504005625564,0.0593974521991562,6.032,0.865,4.063664985877431e-06,2.571967082030637e-05,5412.711157625342,36.738619967034936,1.4319634726606008,0.0874539996513144
5.954,0.999,5.954,0.999,1.2842289622848495e-06,8.332357304142563e-06,22.912026633973237,35.838095523902346,1.41053486123115,0.0565101893690512,5.954,0.999,4.231938864771935e-06,2.58770360102076e-05,5187.658297469814,38.02727475511932,1.4433185987171175,0.0816920478263384
5.876,1.132,5.876,1.132,1.2030294554250428e-06,7.446855459523894e-06,12.434604999052208,37.56416020136216,1.4279580689808649,0.0615905692574894,5.876,1.132,3.8261963237696245e-06,2.321309297620461e-05,4372.67184985348,38.32697882593306,1.4342167284727023,0.0807513274614494
5.798,1.265,5.798,1.265,1.403732085478358e-06,9.778440216275578e-06,31.420789326004037,33.37989678768439,1.3780019003275532,0.0601953948812523,5.798,1.265,3.400528219073067e-06,2.1970350983519556e-05,4182.021140601204,35.98982507126064,1.4080928839366216,0.0777339526508615
5.72,1.398,5.72,1.398,1.1677878155829552e-06,8.15703517485973e-06,18.718294737423737,33.28909220665122,1.3712167463979916,0.0595458151902634,5.72,1.398,3.3857466459791533e-06,2.241732767074975e-05,4038.533328595327,35.118904868308945,1.4010096157905485,0.0829200079331878
6.546,0.619,6.546,0.619,6.782784977390124e-07,4.261119933626695e-06,6.0107771712715525,37.0130299935754,1.4308737259761457,0.0525710940464033,6.546,0.619,4.6257785169120845e-06,2.650756625127257e-05,5657.175327826744,40.577503780554174,1.4780489171368358,0.0832716496601634
6.469,0.753,6.469,0.753,9.210662114006444e-07,5.276459222948337e-06,8.263661005252422,40.589958959527166,1.4568511376258122,0.0610449926740442,6.469,0.753,4.294694605129367e-06,2.509364527123076e-05,5144.598993173351,39.79595030045195,1.4672011721592455,0.0867445961637728
6.391,0.887,6.391,0.887,7.344703983017985e-07,4.810361004800453e-06,5.806712207439232,35.5031571046006,1.4048105839581957,0.0602869528600761,6.391,0.887,3.9545946020358015e-06,2.396967575589764e-05,4698.105591519864,38.362787621640415,1.4498352332288191,0.0886097475016088
6.313,1.021,6.313,1.021,9.534877359195958e-07,6.2057470952323225e-06,8.497791284901714,35.72657521386472,1.423223755778676,0.0663512159116863,6.313,1.021,4.16679768188698e-06,2.3971458556984615e-05,4530.030164345403,40.418324072000566,1.4642421925299145,0.0837175206098468
6.235,1.154,6.235,1.154,1.1608950709131052e-06,7.436375448108547e-06,16.349333491185583,36.29961396314222,1.411931476965547,0.059283133666455,6.235,1.154,3.728488824570129e-06,2.2414393974086765e-05,3949.2531659586034,38.679085029071246,1.4444583924186647,0.0805665144181461
6.157,1.288,6.157,1.288,1.4448975953398031e-06,9.028199532698096e-06,23.284817915651026,37.21399260563753,1.4230349801808404,0.0541595999214007,6.157,1.288,3.774239101012498e-06,2.3008607083252704e-05,3994.577996259864,38.14252411133233,1.4386635683548796,0.0831965673603296
6.079,1.422,6.079,1.422,1.1648351039900915e-06,8.490284211265686e-06,22.9637280891422,31.90160764563001,1.3617314938823686,0.0670877462002454,6.079,1.422,3.6102913452341286e-06,2.1731801558234723e-05,3655.922866307196,38.62930255984729,1.435656168423864,0.0865564069719295
4.092,-1.17,4.092,-1.17,1.051427735980856e-06,8.748788647997156e-06,9.814420168001028,27.94485443947189,1.2750613366242949,0.0630419327090801,4.092,-1.17,4.15727998776482e-06,3.1352699625426204e-05,8485.145843094942,30.8322117909684,1.314507089504458,0.0754419452360315
4.015,-1.037,4.015,-1.037,4.915045708566802e-07,3.707176348445623e-06,1.9587197322963996,30.82866105247771,1.3063070279167288,0.0673407722881835,4.015,-1.037,4.263696038929195e-06,3.2587721281970835e-05,9346.370129517883,30.42303873780938,1.3090984775155776,0.0801619317536579
3.938,-0.904,3.938,-0.904,5.356761042400998e-07,4.973053209424175e-06,3.9917110492234458,25.04664239212908,1.2383647408438865,0.0618222620320932,3.938,-0.904,4.788065321413307e-06,3.553037024390472e-05,10651.470133334018,31.33507086179244,1.3232779201980382,0.0850060235523961
3.861,-0.771,3.861,-0.771,4.895997096265751e-07,3.4903197748239536e-06,2.285553567178519,32.617170312960106,1.3124076020711468,0.0586640238561946,3.861,-0.771,4.419539292923055e-06,3.488629256902662e-05,10996.766135888827,29.45727223640533,1.312478538150032,0.0798294373596621
3.784,-0.638,3.784,-0.638,6.851009979605277e-07,4.994007029825819e-06,4.737317193950012,31.898906701400296,1.3193072424812518,0.0765867588332462,3.784,-0.638,5.509494067564477e-06,4.049844755166601e-05,13742.026411148448,31.633241130328017,1.33294614559401,0.0795205245246657
3.707,-0.505,3.707,-0.505,2.441202118512833e-07,1.664630761562986e-06,1.0866568830024643,34.10014061334207,1.372062056175941,0.0881025728501646,3.707,-0.505,5.494283538301962e-06,4.186905167476889e-05,15234.794884203438,30.51323762374021,1.3222524238850084,0.0824667495710479
3.63,-0.372,3.63,-0.372,1.4735353868977302e-07,8.098365341617543e-07,0.4153583921133149,42.30907711985097,1.4787295537983844,0.1187725461883553,3.63,-0.372,5.899511906188341e-06,4.386120568882788e-05,16482.873475419394,31.275615392218604,1.3355101683003476,0.081650158425907
4.443,-1.138,4.443,-1.138,9.897125308667694e-07,8.04849581624112e-06,10.08177829354235,28.59332719129914,1.300617880782104,0.0570861619176734,4.443,-1.138,3.903297576779985e-06,2.852879208501116e-05,6879.134150394341,31.814025557260084,1.3293054945190486,0.0753589990010029
4.367,-1.004,4.367,-1.004,6.644671842704459e-07,4.600373585475803e-06,3.18126990909996,33.585420018329074,1.3208921747375384,0.0943141112873439,4.367,-1.004,4.258088421656665e-06,3.110365963224555e-05,8294.309235265482,31.832704104707425,1.3424049075106923,0.0838316320725767
4.29,-0.87,4.29,-0.87,3.316570922771785e-07,2.7994407389609724e-06,1.9050136148946035,27.547891133238007,1.2805871572758802,0.0697551827708039,4.29,-0.87,4.421393351079319e-06,3.3329240162355246e-05,9094.438665634669,30.84637177682004,1.334440566464185,0.0833991520145409
4.213,-0.737,4.213,-0.737,5.393008978078737e-07,4.449595378242354e-06,4.041577020149017,28.18259440373308,1.2945445556258188,0.0552111306402192,4.213,-0.737,4.841149332314917e-06,3.512126869551148e-05,10361.492981452056,32.051520076691055,1.3457127956960695,0.0898462019337106
4.136,-0.603,4.136,-0.603,6.159112917055615e-07,4.2185498146769e-06,3.928308989552672,33.94887068457892,1.3448738796521091,0.0644798894482092,4.136,-0.603,5.656705986722431e-06,3.933697235574994e-05,12381.283039405656,33.43744025733474,1.362600000157414,0.076310597935167
4.059,-0.47,4.059,-0.47,2.4410130861956485e-07,1.3744233518040134e-06,0.858285128166966,41.29713561917245,1.4231095632862063,0.0914047284440899,4.059,-0.47,5.7640851286746e-06,4.1053697010973225e-05,13853.603971680894,32.64738952995418,1.3588994071720948,0.0854478344295092
3.981,-0.337,3.981,-0.337,3.121054352053842e-07,2.32419125659393e-06,2.281016301936628,31.22481085578024,1.3151675119003847,0.0532193087059963,3.981,-0.337,5.7795830769037695e-06,4.0316145067625865e-05,14047.70995647487,33.334032851670905,1.3618374333260794,0.0826203760033033
3.904,-0.204,3.904,-0.204,1.933906168465905e-07,9.964272784004064e-07,0.7150981402518124,45.129460092809744,1.4963199414203483,0.0369856823955109,3.904,-0.204,6.324476249347052e-06,4.395920401202708e-05,16308.558352545588,33.45377207647972,1.372916355250667,0.0784509293222453
3.826,-0.071,3.826,-0.071,2.1412770764818693e-07,1.0028882257284214e-06,0.5284449497107451,49.64673387173671,1.5804494506474924,0.0514625598969234,3.826,-0.071,6.667631998967876e-06,4.548661970482101e-05,18291.697256066705,34.084608177710834,1.3734315768650565,0.0848232746824651
4.703,-0.989,4.703,-0.989,5.33218367866278e-07,4.404776731436386e-06,3.102837982049762,28.148259680075835,1.292812926176752,0.061798323543308,4.703,-0.989,3.796937295917092e-06,2.7765313689412905e-05,6753.591425876768,31.798101275854386,1.3453561147867237,0.08539446711332
4.626,-0.855,4.626,-0.855,6.064557287743135e-07,4.962265391864957e-06,4.7437788916947845,28.417735189938007,1.2953223948943928,0.0510585434579189,4.626,-0.855,4.243378485459203e-06,3.0957629694939375e-05,8128.024477352168,31.87237427366049,1.3519652686603325,0.0854749002560567
4.549,-0.721,4.549,-0.721,6.619081545861472e-07,4.741704164597844e-06,4.400582521781412,32.45888702412323,1.3428538230576754,0.0553835894605593,4.549,-0.721,4.824475493690736e-06,3.398505404479231e-05,9309.628724548493,33.00900909876802,1.3683282375829542,0.0741126234452096
4.472,-0.587,4.472,-0.587,3.28888598796739e-07,2.357774693169377e-06,1.7675104486381106,32.435221209379094,1.3527628558902702,0.0631886070503566,4.472,-0.587,5.614923328265689e-06,3.703506602835372e-05,10983.687390600797,35.253403729735844,1.389889116520696,0.0779673009608501
4.395,-0.454,4.395,-0.454,2.2540513797429334e-07,1.4767753637423243e-06,0.9152110093939309,35.49112127195166,1.3777303467731845,0.0563540531777352,4.395,-0.454,5.250479344730952e-06,3.768756295398893e-05,11700.186334418508,32.394497451398706,1.366783370008445,0.0849289328821207
4.318,-0.32,4.318,-0.32,3.401126198673183e-07,1.922504316275887e-06,1.6437337446207003,41.13635154858388,1.430327614654081,0.0435676413192151,4.318,-0.32,6.002710563076698e-06,4.1231582389456334e-05,13789.709207210726,33.85226627120266,1.3853518244891216,0.0818178885427498
4.24,-0.187,4.24,-0.187,4.313850199740026e-07,2.2853245302705324e-06,2.304377043455772,43.89221786860698,1.4276451984346294,0.0759602717080564,4.24,-0.187,5.942789927425895e-06,4.165587818700401e-05,14562.142700657503,33.17297576924919,1.3750034543601248,0.0812517880136568
4.162,-0.053,4.162,-0.053,5.129773503444852e-07,2.1755471876433447e-06,1.9369883203318108,54.82770027728651,1.577411629692537,0.0233896064318577,4.162,-0.053,6.159481066418418e-06,4.285730173094719e-05,15749.309132596329,33.418707374721976,1.378069644066371,0.0803030518975218
4.084,0.08,4.084,0.08,3.9653504456490845e-07,1.997435449416593e-06,1.804049199584361,46.161420995517545,1.46577839687857,0.0488317762534828,4.084,0.08,7.247999394145131e-06,4.5319651061924734e-05,16819.92196581361,37.18792432982181,1.40500115209689,0.0746097460015215
4.909,-0.701,4.909,-0.701,1.6953602155252278e-07,1.1034827677947002e-06,0.5597494384237814,35.72455103534059,1.3676576325355905,0.1194376194227211,4.909,-0.701,4.561406006169303e-06,3.069294075220405e-05,7856.918810313237,34.55656583510292,1.3791518081306526,0.0823372423020987
4.832,-0.567,4.832,-0.567,4.860010326004093e-07,3.1639455606628757e-06,2.9689325559092725,35.71729306390023,1.373284563745906,0.0588505377337029,4.832,-0.567,5.007604458448607e-06,3.2892662262490496e-05,9004.418939462828,35.399843269684546,1.397851572560277,0.0788398877688977
4.754,-0.433,4.754,-0.433,3.106540166076596e-07,1.4213223995238464e-06,0.9409869626977668,50.82234738216074,1.520392257914509,0.0489546151749101,4.754,-0.433,5.022240582893876e-06,3.458830545406012e-05,9919.575623032984,33.7628092432882,1.386419052080086,0.0812843979633207
4.677,-0.299,4.677,-0.299,1.2102231087402158e-07,7.7240349045184e-07,0.4958418698844952,36.43271707970264,1.402027663167397,0.0507119415613582,4.677,-0.299,5.611621608310988e-06,3.759937860445976e-05,11789.224517269316,34.70388207532695,1.397835328465532,0.0833125183875426
4.599,-0.165,4.599,-0.165,1.6762662298982216e-07,8.013781436521888e-07,0.4327776365574731,48.63801583887695,1.5405703455832014,0.0990694790611202,4.599,-0.165,5.900404881460246e-06,3.927034846174142e-05,12867.502109603518,34.93714451010222,1.3958846179553268,0.0817855566915692
4.521,-0.031,4.521,-0.031,1.7499458431207294e-07,1.1294772998318682e-06,0.9036428349944176,36.026116502056645,1.3894228030339135,0.0642796229073269,4.521,-0.031,6.410795126031485e-06,4.067555094576493e-05,14461.307670398492,36.647875343318034,1.4112056545656275,0.0938283909582591
4.443,0.103,4.443,0.103,1.701935492671489e-07,7.647095322422025e-07,0.4497307918083788,51.75078466069961,1.5553056979167348,0.0816991862759581,4.443,0.103,6.783443397607368e-06,4.304523200879767e-05,15148.09542425155,36.64337778871644,1.4131457655380242,0.0794566330123787
3.026,-1.786,3.026,-1.786,2.1707229224870763e-06,2.349841171494111e-05,328.4153020266371,21.480096649657696,1.165838995750554,0.0667938200848207,3.026,-1.786,3.636143980530596e-06,3.262866731011695e-05,9429.56996295017,25.912665177632125,1.2302576716707765,0.0805980438898666
2.95,-1.653,2.95,-1.653,2.222779149784297e-06,2.226538459387149e-05,198.95985294367176,23.21327737147728,1.1858433160435256,0.0688218692966201,2.95,-1.653,3.6364377584405016e-06,3.437537509744905e-05,10801.91519500043,24.597958265767502,1.2082213759055478,0.0806322307195368
2.873,-1.52,2.873,-1.52,1.55311944447596e-06,1.634425256589046e-05,51.08639690896188,22.09582083424179,1.1754735627390396,0.0604068071484866,2.873,-1.52,3.671640769165178e-06,3.53715468826546e-05,11592.30900191948,24.136621392576565,1.199789496494872,0.0793116274348725
2.796,-1.387,2.796,-1.387,1.8440119704835968e-06,1.8409329576634016e-05,81.13634935378104,23.291427716637905,1.191044170178597,0.0628764744912332,2.796,-1.387,3.805319244285056e-06,3.705483717635962e-05,12961.606026227022,23.87902200464872,1.2061460247255562,0.0846707167362837
2.719,-1.254,2.719,-1.254,1.6055161850490892e-06,1.6028265034711235e-05,31.148819083850157,23.291556955347865,1.195216491160502,0.0694408496730844,2.719,-1.254,4.168213634242734e-06,3.9859896406633166e-05,14974.487766411445,24.31555304096325,1.2101297258015484,0.0800909893843072
2.642,-1.121,2.642,-1.121,1.278285815812836e-06,1.2995090142201227e-05,14.186248859137368,22.872783598205288,1.1842272549983113,0.0582251414224487,2.642,-1.121,4.6074333567188375e-06,4.302816749390478e-05,17086.020688424724,24.898693506535,1.2181037792448284,0.080908784357794
2.565,-0.988,2.565,-0.988,7.957794356933275e-07,8.675981068332687e-06,8.536275041304403,21.327721642494406,1.1456042418194277,0.0737181240462912,2.565,-0.988,4.844014006238243e-06,4.434429228855799e-05,18459.90797156257,25.400251079730253,1.223133460882853,0.0863699394893518
3.378,-1.754,3.378,-1.754,1.727838961621029e-06,1.730132476066291e-05,74.1857104743917,23.221712939223288,1.1998996004810043,0.0565476842430068,3.378,-1.754,3.0919226675886995e-06,2.9402004081411103e-05,8204.978025437973,24.452430726975333,1.215924342078654,0.0813815379497168
3.301,-1.62,3.301,-1.62,1.852674282446485e-06,1.830535598491428e-05,84.26586470757066,23.533755738553968,1.2125746875397931,0.0642562997762788,3.301,-1.62,3.4133918106806214e-06,3.1360144914528346e-05,9121.35966530036,25.30920065057906,1.2283608622277702,0.0766784295566884
3.225,-1.487,3.225,-1.487,1.953486090189913e-06,2.0262326890741947e-05,146.1732189620958,22.41771549677925,1.1924224403633448,0.0694990614997191,3.225,-1.487,3.993569671189401e-06,3.456480919162202e-05,10545.281176339333,26.86565598216198,1.244139510327803,0.0825055858768044
3.148,-1.353,3.148,-1.353,1.7675186904632229e-06,1.6153575721092235e-05,49.925931557768585,25.442846083172164,1.2401442322424678,0.063884681514312,3.148,-1.353,3.9193782044776015e-06,3.513233380498196e-05,11359.722578132612,25.940630061876377,1.230350437948199,0.0804091428377609
3.071,-1.22,3.071,-1.22,1.5448584693240975e-06,1.4158227414114643e-05,24.908824360200907,25.37173471929889,1.236278438916541,0.062255076374884,3.071,-1.22,4.122614451232099e-06,3.691249223425899e-05,12500.11559978261,25.969865491963525,1.2411096359320335,0.0857305009578662
2.994,-1.086,2.994,-1.086,8.562464383729247e-07,9.437826575461932e-06,8.825923533756159,21.09585505647768,1.1579363324358678,0.0632151003685464,2.994,-1.086,4.729860142091814e-06,4.060277128289984e-05,14838.404814309542,27.08712862749646,1.2442035871571386,0.0823755230114602
2.916,-0.953,2.916,-0.953,1.0875701721716283e-06,1.128315491724752e-05,14.994962017684104,22.41285000159885,1.1801076380490998,0.0617959810965149,2.916,-0.953,5.332139014058256e-06,4.343373736136298e-05,16750.746381464465,28.545957183537823,1.262079781981647,0.0746633991073915
2.839,-0.82,2.839,-0.82,1.1239304316580958e-06,1.1378513650804536e-05,14.353560243224194,22.968056249113857,1.19817766452981,0.0555944698582428,2.839,-0.82,5.218204094052231e-06,4.617929209951878e-05,18240.15240497868,26.275085481641916,1.248183314024406,0.0784754071711124
2.761,-0.687,2.761,-0.687,1.1984242798830177e-07,8.85821102657272e-07,0.318615231573712,31.45827644957144,1.3559890728130972,0.0453319958657577,2.761,-0.687,5.438756092067875e-06,4.858043682945888e-05,20958.71414994244,26.032058690385025,1.241584373304527,0.0848406130617341
3.638,-1.605,3.638,-1.605,1.3972378162033397e-06,1.2517579135660224e-05,25.91393794268781,25.95495816440629,1.2489697024032111,0.0575701022194312,3.638,-1.605,3.3000914634569603e-06,2.8013307029799585e-05,7718.149074762023,27.392517202164328,1.2507176173103585,0.0830261002739105
3.561,-1.471,3.561,-1.471,1.6804828552793297e-06,1.5158067640662292e-05,67.26196370776285,25.77867509809461,1.2315037728423996,0.0763084042629047,3.561,-1.471,3.6490986324046074e-06,3.1479119377016906e-05,8851.876337214877,26.954630028919983,1.2583015117010137,0.0843976927806775
3.484,-1.338,3.484,-1.338,1.8271523474006937e-06,1.707985028564571e-05,86.92440722189964,24.874883088189097,1.225427664011917,0.0740473686881618,3.484,-1.338,4.115805060472768e-06,3.406757213925568e-05,10193.918386254072,28.092084116427102,1.2692452070627385,0.0791913288232782
3.407,-1.204,3.407,-1.204,1.4903854266036872e-06,1.3167363619905502e-05,19.79348858145825,26.319044232041133,1.2597463066199577,0.0605781452468867,3.407,-1.204,3.928633396860236e-06,3.53974024074725e-05,11040.177115868384,25.80717452032382,1.241088495713847,0.0850034145450428
3.33,-1.07,3.33,-1.07,6.425546932219378e-07,4.125847936832161e-06,2.069749999037169,36.21322726081268,1.3165496474559797,0.0504436463001444,3.33,-1.07,4.445967848845629e-06,3.732505251551868e-05,12274.75986001769,27.697223651284183,1.2632220360005724,0.0848209894454871
3.252,-0.936,3.252,-0.936,3.015141930445775e-07,1.990218265636905e-06,0.5987177363644306,35.22714119774971,1.4274691258232248,0.0422471792788782,3.252,-0.936,4.928049110020977e-06,4.049812388802747e-05,14428.912504395,28.29505028447073,1.279102072205625,0.087373693445557
3.175,-0.803,3.175,-0.803,2.897529279743761e-07,1.971275183632491e-06,0.9304596859989928,34.178336887404484,1.3144578498345434,0.0472563011597246,3.175,-0.803,5.385041259318308e-06,4.358041638620341e-05,16453.35506345434,28.732142212530075,1.2797389826485064,0.0869562409015075
3.097,-0.669,3.097,-0.669,3.205507627311569e-07,2.536371709183993e-06,1.6147076147660246,29.38693292994118,1.261672774176124,0.0486759181642739,3.097,-0.669,5.477343746198271e-06,4.555165908819571e-05,18001.499992495454,27.9599342124694,1.2779720605803844,0.0829200468317604
3.019,-0.536,3.019,-0.536,2.77061985332251e-07,2.119158734057765e-06,1.476631694684848,30.400715213783517,1.290338187615665,0.0713435600008095,3.019,-0.536,5.8871802102960864e-06,4.801275558252819e-05,19698.51395046018,28.511564291218125,1.28482345154284,0.0871079048055837
3.844,-1.318,3.844,-1.318,1.5344214678736754e-06,1.2476887886936124e-05,32.10101218966212,28.596227331389684,1.2938731558350145,0.0624439923742794,3.844,-1.318,3.979393451608726e-06,3.1868964743881754e-05,8541.311763006692,29.03482901117154,1.2929854517722128,0.0706908308893571
3.766,-1.184,3.766,-1.184,1.0827375189846448e-06,9.501799624802696e-06,10.985687227985862,26.49644847998344,1.2664941366828222,0.0544780745680352,3.766,-1.184,3.927339822711691e-06,3.1700887948767274e-05,9111.085746025476,28.80695815718844,1.278765334092478,0.090104314677957
3.689,-1.049,3.689,-1.049,5.526960314850181e-07,4.4950548832492245e-06,2.2634181742752557,28.59049635278052,1.2802694115550537,0.0643255615280749,3.689,-1.049,4.468535192912744e-06,3.626986566259882e-05,11016.54798163048,28.647688333203345,1.2939582182186913,0.0786442645871524
3.612,-0.915,3.612,-0.915,8.892957014332181e-07,7.386950223235962e-06,6.5305326558139685,27.993124011635263,1.2620573503841306,0.0559219173846945,3.612,-0.915,4.719806180805348e-06,3.702020789416585e-05,11859.396894873633,29.645286985514424,1.3083030675698883,0.0764011958180618
3.534,-0.781,3.534,-0.781,5.241603200745124e-07,4.159524490804971e-06,2.509113722954764,29.30156406280926,1.279694457218681,0.0643788635310274,3.534,-0.781,5.054897142603571e-06,4.024284089562264e-05,13928.727077003736,29.20747669958716,1.2994383152154343,0.0839728902859323
3.456,-0.647,3.456,-0.647,3.132862867267845e-07,2.113337272933114e-06,1.043123645650744,34.47012989924728,1.3571545306092354,0.0454850244902521,3.456,-0.647,5.649572644680558e-06,4.3787565536940906e-05,15640.039628203203,30.000959494555204,1.3162099060401395,0.0835464701978663
3.378,-0.514,3.378,-0.514,1.7412194586289633e-07,9.34104230860834e-07,0.4660722455103482,43.34395335407865,1.446502906795784,0.0652097625962249,3.378,-0.514,5.75255394348415e-06,4.617845979222345e-05,17976.614704829844,28.966205257951263,1.2962398503101822,0.0805373859285088
4.156,-2.531,4.156,-2.531,1.489872386142414e-06,1.499724581330896e-05,119.43261211326046,23.099783448251053,1.1958358873731745,0.0808135392981483,4.156,-2.531,2.0803241155457384e-06,1.9406009981426683e-05,3549.923198890729,24.92671801229972,1.221538279411433,0.0794826817844766
4.081,-2.397,4.081,-2.397,1.869161630425768e-06,1.600864923768086e-05,105.16235331562956,27.149542520617807,1.2390852785043802,0.0543920934215616,4.081,-2.397,2.152306179007136e-06,1.9876773148845995e-05,3792.6737242859786,25.178422618027756,1.2260924110281055,0.0846552219088886
4.005,-2.264,4.005,-2.264,1.5324701936319214e-06,1.4535775564147662e-05,79.31425648548881,24.51456408788622,1.219633487602747,0.058382363923396,4.005,-2.264,2.3865173957449007e-06,2.1051135213091505e-05,4239.353136186033,26.360851292442288,1.2368865954772308,0.0766584177037012
3.93,-2.13,3.93,-2.13,1.5472812105739716e-06,1.5124845928833283e-05,80.03994182529918,23.78749116184987,1.2160681154330153,0.0665789854653751,3.93,-2.13,2.562120217817144e-06,2.271408285573051e-05,4843.460949156022,26.22857194696857,1.242083057888558,0.0809794604622422
3.854,-1.996,3.854,-1.996,1.614421861154891e-06,1.5249224562138147e-05,73.69416235678086,24.61725460661024,1.225003228989327,0.0594976443626404,3.854,-1.996,2.879029818227401e-06,2.4834556222364964e-05,5756.3190049279,26.95628917534621,1.2486281841275175,0.0792249927357178
3.778,-1.862,3.778,-1.862,1.7667095445703395e-06,1.5354148006110916e-05,82.75323698835423,26.7552972429006,1.2326145618942963,0.0644099156435956,3.778,-1.862,3.053507591696429e-06,2.6674866064471443e-05,6382.803988775612,26.617490281379776,1.2430304628687256,0.0810554486788225
3.702,-1.729,3.702,-1.729,1.5713769713614274e-06,1.4727052373108112e-05,54.28574712077747,24.810464805635487,1.2227397430044376,0.071193473304127,3.702,-1.729,3.114794488936367e-06,2.8326088277923586e-05,7159.452695125901,25.56896454224995,1.2400006804423418,0.0726734035833195
4.508,-2.503,4.508,-2.503,1.478692133383912e-06,1.4082221692720642e-05,121.56137177329173,24.416135868336152,1.2225826745188824,0.0665365105855468,4.508,-2.503,2.0141221654895064e-06,1.800950915273543e-05,2980.5166521694077,26.00484563596566,1.2477867481309948,0.0793826248456996
4.433,-2.368,4.433,-2.368,1.426093878396766e-06,1.282714748415476e-05,51.8048045394877,25.85165640195488,1.2448728877222457,0.0690958019652231,4.433,-2.368,2.27283071289689e-06,1.9963677871517116e-05,3741.640908480452,26.472617424816548,1.2542875252009529,0.0795739393173404
4.358,-2.234,4.358,-2.234,1.4087466014252937e-06,1.3354234033475633e-05,62.74507294589297,24.52924866584892,1.227256681641205,0.0608267965359785,4.358,-2.234,2.208778627601475e-06,2.0090746423355263e-05,3806.3208898606063,25.56386213388013,1.2399451538189796,0.0829508347470664
4.282,-2.1,4.282,-2.1,1.638798619514366e-06,1.4759835946074409e-05,70.65233346676048,25.817513134560954,1.2418075757653289,0.0655390490013015,4.282,-2.1,2.301136267489331e-06,2.095793976643605e-05,4229.2963676396985,25.53078080456629,1.2411989581035334,0.0849614266216201
4.206,-1.965,4.206,-1.965,1.5339009356677209e-06,1.4006411244725356e-05,52.11337070350782,25.464830299956557,1.2423622724174297,0.0547614115830884,4.206,-1.965,2.681563039992039e-06,2.322198027112326e-05,4838.888926323868,26.85091606111637,1.258989989966469,0.0773173985276499
4.13,-1.831,4.13,-1.831,1.7859446239643e-06,1.2151049107780369e-05,25.32579553459395,34.17626199353172,1.2853030445431253,0.0645264999448902,4.13,-1.831,2.9624595745967403e-06,2.467991632052323e-05,5295.89871044561,27.91123783602037,1.2741064037688514,0.076203804985181
4.054,-1.697,4.054,-1.697,1.325940436609528e-06,1.2403029748807275e-05,45.81817503350433,24.85802254185963,1.2302504933097111,0.0611644841706948,4.054,-1.697,3.311226753162068e-06,2.732661484556507e-05,6321.478713201533,28.17561693733432,1.271800135473257,0.077662130219643
3.978,-1.564,3.978,-1.564,1.3901533805315205e-06,1.2143624010343544e-05,17.92323274845822,26.618572138876097,1.2703624606311217,0.0677119902627219,3.978,-1.564,3.072476286427638e-06,2.723580509962229e-05,6874.323508082805,26.231230852584737,1.2489395437961193,0.0893887859272075
3.902,-1.43,3.902,-1.43,1.5817854306244576e-06,1.176418420771024e-05,19.031064046716487,31.264832219584545,1.3187776909809137,0.0609877593668119,3.902,-1.43,3.4760516246328597e-06,2.91683496223649e-05,7837.728772343981,27.710522092516413,1.2750715630240608,0.0761858203058142
4.77,-2.357,4.77,-2.357,1.4284684207683188e-06,1.3167335454168718e-05,99.52639931843058,25.225692159331,1.2401486075392345,0.0677195050353405,4.77,-2.357,2.273567762711984e-06,1.911157024358434e-05,3199.909649897796,27.66189186598888,1.2731631578919478,0.0714562893119545
4.694,-2.222,4.694,-2.222,1.4831789656454955e-06,1.330492647579559e-05,82.89180383729793,25.920980558967077,1.2467276123305089,0.0681584763877764,4.694,-2.222,1.943695511356304e-06,1.7860835143537396e-05,3149.009528027606,25.304445056643537,1.242369247815393,0.081241151127763
4.619,-2.087,4.619,-2.087,1.04321532509735e-06,9.060795318209034e-06,7.408025506161621,26.771825527055405,1.2675745124878055,0.0655651011373124,4.619,-2.087,2.311618077981617e-06,2.0104239910599686e-05,3676.913013631725,26.73614399573711,1.2595526410505196,0.0876368906794901
4.543,-1.953,4.543,-1.953,1.0652250074847258e-06,9.000241280838517e-06,6.787429046861666,27.520577865437076,1.284025298767928,0.0595105511105415,4.543,-1.953,2.564341067533809e-06,2.1130933758596055e-05,4157.617451131446,28.21807910190317,1.273689564639943,0.0866376951040732
4.467,-1.818,4.467,-1.818,1.2635277933284817e-06,1.0579767867113906e-05,22.744431088272822,27.770200035195536,1.2779907723042037,0.072793361157639,4.467,-1.818,2.7056447214194667e-06,2.1980047934410283e-05,4452.230073482614,28.622824064763403,1.2733628769207708,0.0803554630650529
4.391,-1.684,4.391,-1.684,1.1814750326262467e-06,9.887568498743371e-06,13.948974440692464,27.78467945242557,1.2850015365512173,0.0668084411947659,4.391,-1.684,2.94202580737108e-06,2.416553883502512e-05,5164.863644628722,28.308727131757426,1.279503968069066,0.086386527911291
4.314,-1.55,4.314,-1.55,1.1523274585910886e-06,9.533480441441552e-06,11.951319043697806,28.105724080103883,1.291378525137172,0.0573463225678042,4.314,-1.55,3.157373557455095e-06,2.592193276541922e-05,5921.056864579733,28.32232716531581,1.2856667372023205,0.0868719641726831
4.238,-1.415,4.238,-1.415,1.117115892938763e-06,9.47426342562109e-06,10.994421016946063,27.41720139539094,1.2696123406685271,0.0713119358567644,4.238,-1.415,3.411959163735085e-06,2.817401775002969e-05,6561.601621052033,28.159529121772035,1.2844636683364172,0.0817882253826339
4.161,-1.281,4.161,-1.281,1.3583886948380045e-06,1.0860008574339853e-05,26.70421603600365,29.084676520442247,1.2947531633146976,0.0640720854343089,4.161,-1.281,3.676134504922266e-06,2.918929865959985e-05,7436.644949538332,29.28451802569172,1.301479877319549,0.0818369660541802
4.978,-2.071,4.978,-2.071,1.1074032984910634e-06,1.0060450163564796e-05,30.92336279532117,25.595212897148137,1.248312369668605,0.0673614968519279,4.978,-2.071,2.254270429170072e-06,1.8650246919880456e-05,3131.716472779259,28.105529758474308,1.2809318880918223,0.0818053049115417
4.902,-1.936,4.902,-1.936,1.1806071563993865e-06,8.734656926505593e-06,12.236745016922718,31.428952547187706,1.3228583345589993,0.0688272314824257,4.902,-1.936,2.689381001147889e-06,2.102951021684692e-05,3681.4885644102287,29.736751398840862,1.3048195758645535,0.0737878351653171
4.826,-1.801,4.826,-1.801,9.396028178554156e-07,7.697237098185406e-06,7.462168778747645,28.38440492777144,1.290283505585823,0.0787865037631942,4.826,-1.801,2.6172227360517724e-06,2.115109406299125e-05,3948.821324845543,28.772539525439832,1.2961379696106443,0.0867361543081174
4.75,-1.666,4.75,-1.666,1.2121527224691978e-06,9.502416544164151e-06,15.891098922620614,29.661535171602157,1.3099651573421105,0.0659023903847642,4.75,-1.666,3.040457574043125e-06,2.325701236435228e-05,4546.132748216131,30.39872520789655,1.3159188018491843,0.0820082636911236
4.674,-1.532,4.674,-1.532,1.0925136912850549e-06,8.242424053285792e-06,10.433971585848402,30.82068462904839,1.3157943656728517,0.0740892152407862,4.674,-1.532,2.827497919439752e-06,2.3011276380197625e-05,4894.676188006845,28.57142708125209,1.2956543419492397,0.0821795800425124
4.597,-1.397,4.597,-1.397,8.841345773620631e-07,7.199653744783827e-06,6.094183996270212,28.55466785773141,1.2859532016615285,0.0570744894423134,4.597,-1.397,3.1840042076401808e-06,2.501755629244037e-05,5471.676054603917,29.59368827723306,1.3021784087661925,0.0807733879585984
4.521,-1.262,4.521,-1.262,1.1323863214675012e-06,8.819531280146582e-06,13.718234117722709,29.85516374073433,1.3251906189992817,0.0601919667380793,4.521,-1.262,3.821194568833411e-06,2.8033364321231865e-05,6568.211126249238,31.69525704711718,1.334727895325886,0.0715210952256577
2.949,-0.428,2.949,-0.428,2.611156091224691e-07,1.2066477795718453e-06,0.7101245904205236,50.31791806759111,1.5080412374761407,0.0812290373053401,2.949,-0.428,6.110508053141878e-06,5.017185414772271e-05,22007.466702268062,28.319626241241544,1.2835830989014945,0.0814556652266495
2.872,-0.295,2.872,-0.295,1.3046982699670762e-07,7.251452139428768e-07,0.2953657755704022,41.83651006066152,1.544416075544324,0.0468133389428505,2.872,-0.295,6.1626555448075705e-06,5.002117676656165e-05,23625.22618808977,28.64734228208921,1.28431478402276,0.0885780413643303
2.793,-0.163,2.793,-0.163,3.9524118204220896e-08,3.15038602269451e-07,0.1376067562933081,29.172171970551904,1.3575266304547045,0.0754375136989033,2.793,-0.163,6.975568212467356e-06,5.595439298036654e-05,28740.30103490311,28.987832878265333,1.294048696261529,0.0814825481391102
2.715,-0.031,2.715,-0.031,1.6750601246120953e-07,8.262467495483098e-07,0.4810600205930976,47.14015257205208,1.5265412577669757,0.1205185504275908,2.715,-0.031,7.5408164173427e-06,5.8753575246574704e-05,32085.1252598462,29.843820298444896,1.3002246294034423,0.0799190836747433
2.637,0.101,2.637,0.101,1.7284684711312505e-07,6.319312458901412e-07,0.2942573588941138,63.60071235711822,1.6617063708467106,0.0410037870584266,2.637,0.101,7.99774918176441e-06,6.197521918427051e-05,33589.29968075821,30.006825744036277,1.30708448444834,0.0771767007447071
2.558,0.233,2.558,0.233,1.1898162315403725e-07,5.906052825663292e-07,0.2119716049071004,46.84388539136653,1.5892657458000023,0.0653629896669702,2.558,0.233,7.22091007270449e-06,5.97290458504818e-05,32219.692619345267,28.11102665203374,1.276669698892305,0.0802377720177421
2.48,0.365,2.48,0.365,1.8247756904403057e-07,1.018787385609051e-06,0.577251883120676,41.64820373409511,1.433884543666857,0.0760920228537631,2.48,0.365,7.295421061292297e-06,5.962841570255202e-05,31699.961523865142,28.44902845640537,1.2761518215983314,0.0794550135785826
3.301,-0.392,3.301,-0.392,1.235578851872487e-07,7.773755261941206e-07,0.2935932914014174,36.95812671093429,1.4000078151998734,0.057454677071344,3.301,-0.392,5.964146038194755e-06,4.678762587156203e-05,19109.30014663877,29.64064214647731,1.3094027892143738,0.0830727885102558
3.223,-0.259,3.223,-0.259,8.351412455614153e-08,3.576660605540075e-07,0.1641075909567443,54.29408884273483,1.5489751622182022,0.0428124738687801,3.223,-0.259,6.511476470609903e-06,4.9222579945536775e-05,21183.70170210716,30.75993760066306,1.3193008785301783,0.0795876585264058
3.145,-0.126,3.145,-0.126,1.479165611164522e-07,6.079412907597829e-07,0.3285811127695937,56.575123124907705,1.5977227317624438,0.0715425433693607,3.145,-0.126,6.736907967008176e-06,5.1398113735322e-05,23885.135918103693,30.47781166179588,1.317912353088114,0.089996592139848
3.067,0.007,3.067,0.007,1.13665031007366e-07,6.814844149576045e-07,0.3641765789970715,38.78299051607642,1.4562462081828025,0.0492173611622956,3.067,0.007,7.09143428853616e-06,5.3044146410850426e-05,25677.85293843097,31.08615194165685,1.3210911292098475,0.0888258955174597
2.988,0.139,2.988,0.139,2.2871164622023037e-07,9.212123271164988e-07,0.3345193684259372,57.72964496893833,1.6967204645537213,0.0056633770453522,2.988,0.139,7.365672197604793e-06,5.6960377964138445e-05,27939.055051271105,30.068369065335688,1.3166263535529197,0.0832385076372761
2.909,0.272,2.909,0.272,1.1136154685050085e-07,5.821687119464599e-07,0.282042498594225,44.47917684451877,1.4988225325578668,0.0474426604541521,2.909,0.272,7.206911978484931e-06,5.707829305040743e-05,27303.791684811687,29.359495496121564,1.306287284861331,0.0745632443590929
2.831,0.404,2.831,0.404,1.7354346483869277e-07,1.3177590281373334e-06,0.6875195123191391,30.62263876275921,1.3153888799916162,0.0355073852966111,2.831,0.404,7.08534871737702e-06,5.3333559689220526e-05,24664.060669482875,30.890931616916497,1.3130148360538887,0.0742218192456708
2.752,0.536,2.752,0.536,2.360637365902912e-07,2.251640906052474e-06,1.5832263107511262,24.378135956370084,1.2117531770125725,0.1127642411453696,2.752,0.536,6.586863377398821e-06,5.3328466069155934e-05,24392.116056143008,28.720362108605173,1.286047454585327,0.0835794794365754
2.673,0.668,2.673,0.668,3.6258309053075306e-07,4.146130282619751e-06,3.310928084714629,20.334567948392134,1.142576585818485,0.0745170755008387,2.673,0.668,6.6090133301995885e-06,5.3615764652682834e-05,24962.65649047845,28.6625266312852,1.2892744714285589,0.0813709390322516
3.559,-0.241,3.559,-0.241,1.4402396666029548e-07,5.970022911817338e-07,0.3093711511508649,56.09564133791275,1.5833948669588425,0.0164230311438977,3.559,-0.241,6.786502345203901e-06,4.8041533112281184e-05,19074.57449027949,32.84728607100372,1.3446704002202865,0.0827375525535051
3.481,-0.107,3.481,-0.107,2.846600574536813e-07,1.0883126290497617e-06,0.5587489245918129,60.81955124431393,1.6631122125079978,0.037236201466009,3.481,-0.107,6.874180455391348e-06,4.939139052158496e-05,20570.75390740093,32.36234796639783,1.346642570510664,0.0778816373409148
3.403,0.026,3.403,0.026,2.368445070967508e-07,3.892169706817656e-06,2.226095265508853,14.149526159806085,1.0749969350001105,0.0097333886799919,3.403,0.026,6.955763347159039e-06,5.135152391320094e-05,22885.84777230708,31.49646467324148,1.3381751667687094,0.0774328982748389
3.324,0.159,3.324,0.159,2.547759552181585e-07,1.5144069474992615e-06,1.268862555382567,39.1188602411107,1.4307316747307417,0.0387251250639305,3.324,0.159,7.301502001350027e-06,5.039098452036689e-05,21827.110941977106,33.69222657862997,1.3574252898389014,0.0811965394179833
3.245,0.292,3.245,0.292,2.972818221509298e-07,2.162635608492342e-06,1.8147294192753085,31.96357535712577,1.3429043354179238,0.0810383547393523,3.245,0.292,6.88868448782246e-06,5.278679697536927e-05,22900.574906143524,30.344593987880323,1.3250792712754051,0.0697236045248858
3.167,0.424,3.167,0.424,2.413066861039794e-07,1.3632505539426943e-06,0.7409843145536227,41.158924715411736,1.4340216141011275,0.0427083348511419,3.167,0.424,6.758803558218917e-06,5.110107547228512e-05,22823.669066688737,30.754603423902097,1.3260291925608136,0.0808624374967431
3.088,0.557,3.088,0.557,1.8549270780326946e-07,1.659153725448129e-06,0.8107510255077417,25.99624145563453,1.2672022544895334,0.0624348977336635,3.088,0.557,6.685490562233158e-06,5.0757845168935605e-05,21462.70206060285,30.626717384426357,1.3141182990428482,0.0855752958009272
3.008,0.69,3.008,0.69,7.765215320257862e-07,7.799670250632357e-06,8.73437297673428,23.1498194394597,1.1869707230807471,0.0660204749277054,3.008,0.69,6.598674588458212e-06,4.864568666843505e-05,20075.3446885381,31.541527471990616,1.3136480609301393,0.0721634162691085
2.929,0.822,2.929,0.822,7.392845368746174e-07,6.504856987041202e-06,5.2359399052786255,26.42677805024019,1.2300155120901797,0.0508407492906355,2.929,0.822,5.604320449569633e-06,4.707763796543398e-05,19393.480696995557,27.680800330301945,1.2685488071916549,0.0802854899504083
3.762,0.049,3.762,0.049,2.30900230495048e-07,1.217788702948417e-06,1.0060419854303182,44.08824111095575,1.4339462349531151,0.0527243589278456,3.762,0.049,6.8623437129486766e-06,4.710240065593487e-05,19209.62992765212,33.87659655229616,1.3702898531522778,0.0817225846835563
3.683,0.183,3.683,0.183,3.285245902103947e-07,1.839859890672741e-06,1.6874881814286748,41.51963032086848,1.4073543234086032,0.0514855078481707,3.683,0.183,6.306587391544379e-06,4.555270429445788e-05,18457.01946025445,32.19219585493569,1.3509858846902203,0.0820079143776184
3.604,0.316,3.604,0.316,2.751427018923205e-07,1.9328012548161104e-06,1.6504819704047682,33.1010024501509,1.3201696743022076,0.0747820306153203,3.604,0.316,6.994358118130919e-06,4.916228122829684e-05,19875.06729964877,33.08157558370435,1.3595477383598764,0.0808994419756559
3.526,0.449,3.526,0.449,4.1737361302361794e-07,3.293680307343856e-06,2.8865409183703097,29.46550530582282,1.2818501277800596,0.0657742635315481,3.526,0.449,6.41256196390947e-06,4.698897188049775e-05,17942.625405753028,31.732623540006053,1.342695546046422,0.0795583236588382
3.447,0.582,3.447,0.582,1.343295632190283e-06,1.0746750204341472e-05,19.998279904792312,29.06462981368025,1.2787352891884238,0.0541750466293316,3.447,0.582,6.080156095151941e-06,4.48725285181686e-05,17392.38653061077,31.506817281378527,1.3355222100320312,0.0865122092296638
3.367,0.716,3.367,0.716,1.1077570763764616e-06,1.0212417876874096e-05,15.437375860391075,25.222393875522616,1.2326197557842726,0.0729035105218527,3.367,0.716,5.65200660790094e-06,4.468826002249448e-05,16974.610396141314,29.408952990792493,1.3060230194844602,0.0822970722079233
3.288,0.848,3.288,0.848,7.897751035873939e-07,7.501550596108079e-06,7.347752392225651,24.48063867496151,1.199850351159981,0.0745779540907123,3.288,0.848,5.135814487117449e-06,4.198353664479704e-05,15593.315462279315,28.44465399641076,1.2919539041567962,0.0840050303508915
1.799,0.303,1.799,0.303,1.2014278126691617e-07,5.195172831477278e-07,0.2396613732068336,53.77346586198403,1.596601869627328,0.0157862635521788,1.799,0.303,7.476422857579436e-06,6.717957429872343e-05,46133.71694645854,25.87777644125091,1.2198430501263775,0.0807690827664214
1.72,0.435,1.72,0.435,8.372282148450437e-08,6.043057912354627e-07,0.2823253096868711,32.214948923165096,1.3566453074804614,0.0576626902898288,1.72,0.435,7.36155953081895e-06,6.576762422381897e-05,43174.8299181443,26.027234335356816,1.223017817745623,0.0850427999209235
1.64,0.566,1.64,0.566,5.826405506532306e-07,5.896336764532951e-06,4.996942252213395,22.97675931854478,1.1472082760122075,0.05897477200079,1.64,0.566,7.151748215782932e-06,6.578846940939226e-05,41379.58701119143,25.27742214150073,1.2039135966728067,0.0901287834763015
1.561,0.697,1.561,0.697,1.1901423656233717e-06,1.4684962134280472e-05,17.9953010560759,18.84501257811462,1.0778494783072947,0.0677835301474957,1.561,0.697,7.116656742745134e-06,6.589342878687588e-05,39314.30552247321,25.11332747366264,1.20363276201997,0.0797736722403348
1.481,0.829,1.481,0.829,1.622154724071896e-06,1.851854391370672e-05,26.35374892131364,20.368347111008223,1.1121038983642668,0.0595527165098564,1.481,0.829,7.255206484604831e-06,7.17125680998559e-05,42820.019406879954,23.524740926651127,1.1962790436735486,0.0789537031370286
1.401,0.96,1.401,0.96,2.1546183714444483e-06,2.52691091769623e-05,52.01247445674276,19.82671547785959,1.1221524249152448,0.0644104134922289,1.401,0.96,5.609580373605968e-06,5.883747828497536e-05,35369.23795396264,22.16902899914036,1.1547173444539929,0.0806686662644926
1.321,1.091,1.321,1.091,2.514954175910309e-06,2.6315797498893348e-05,56.9114673650797,22.222038111598305,1.1475584689060214,0.0641894687690239,1.321,1.091,5.966426745101469e-06,6.0305839667413696e-05,35273.568978896015,23.005161775625997,1.1722264752832872,0.0804890680525204
2.15,0.343,2.15,0.343,2.552132856839292e-07,1.4333256796085182e-06,0.7859767601661846,41.40270770337202,1.428733561869176,0.0684916842772969,2.15,0.343,7.760260701635202e-06,6.555614642262426e-05,39147.72656674916,27.52537487063545,1.2609600423967608,0.0880977042818438
2.071,0.475,2.071,0.475,5.335182010154029e-07,4.8823515752636e-06,4.284608230499356,25.40917346310207,1.214064442780891,0.0616368554919344,2.071,0.475,7.183367857091267e-06,6.324682318164631e-05,36165.322900224746,26.40947320564143,1.2438025716095222,0.0783073012497395
1.991,0.607,1.991,0.607,1.1337519326548812e-06,1.3468473313776802e-05,20.648901166448507,19.573568851697637,1.1041399753998224,0.0834364754261517,1.991,0.607,7.738522357171823e-06,6.676874944394272e-05,36657.91403861978,26.949775212396663,1.249062159049564,0.0772108784178328
1.912,0.739,1.912,0.739,1.748771003118278e-06,1.883829390808712e-05,38.51416623447171,21.58548060547592,1.1566299258374193,0.0591730917172364,1.912,0.739,6.470397350120259e-06,6.022966950694807e-05,32822.482902207805,24.979907115833917,1.2089868855116628,0.082117917588602
1.832,0.87,1.832,0.87,1.814198601814621e-06,2.0205031064264737e-05,36.77584090491109,20.87832496609999,1.1445424093561551,0.063951629908598,1.832,0.87,6.090114415741227e-06,5.916429405444808e-05,32137.33520368999,23.93514774080225,1.1976253971935489,0.0766278580264457
1.752,1.002,1.752,1.002,2.328307719685819e-06,2.438820327889033e-05,79.82502038165697,22.198872632273112,1.1672753168076315,0.0689061351558769,1.752,1.002,5.7543239010916976e-06,5.83364666640145e-05,31362.584400167496,22.93636178884034,1.178816839097292,0.0756353785657535
1.671,1.133,1.671,1.133,2.7058224830460866e-06,2.716074747040413e-05,84.28277774776798,23.164766718427195,1.1825667061379008,0.0673776789122433,1.671,1.133,5.986196109589161e-06,5.635493513786893e-05,28559.93285914577,24.69956664819851,1.2002941810569274,0.0864221061091815
1.591,1.265,1.591,1.265,2.4349034181830943e-06,2.5146949551862344e-05,79.16704521447431,22.51473172051618,1.1689949130775383,0.0640023139468945,1.591,1.265,5.255257174698662e-06,5.076983274992281e-05,25082.561821078183,24.06903002362546,1.182215572671058,0.0769870814874002
1.51,1.396,1.51,1.396,2.218680039927157e-06,2.610691018460199e-05,136.2037147396505,19.761028695790323,1.1189032500243683,0.0598000206796485,1.51,1.396,4.892538558606249e-06,5.0608677487115054e-05,24613.68061556861,22.4791360721793,1.1688141437208002,0.0814425859154645
2.407,0.497,2.407,0.497,4.752626287659078e-07,5.220040303622836e-06,5.105599958152281,21.1704533022387,1.1506936757205348,0.0541666115056432,2.407,0.497,6.574957290356395e-06,5.812720609862579e-05,29084.80703986444,26.30170089874424,1.2467578843854017,0.075998538813175
2.327,0.629,2.327,0.629,1.0529419345707284e-06,1.163385119653154e-05,15.645524022921729,21.045113156781184,1.1425126599053843,0.0575528448936357,2.327,0.629,6.106498116009567e-06,5.4023155326821454e-05,27031.851552074782,26.28346560989961,1.2415467336824435,0.085031072342417
2.248,0.761,2.248,0.761,1.719440333196818e-06,1.7641196318923804e-05,37.44084489333946,22.663627547417377,1.181823354520866,0.0691596274788614,2.248,0.761,6.4082190857758606e-06,5.63660794754292e-05,28020.86562864093,26.435642495099597,1.2426783039453078,0.0796067707125724
2.168,0.894,2.168,0.894,2.0908362795656435e-06,2.1175796961931348e-05,47.80290046661042,22.958875374214383,1.1936252735638075,0.0627483331434208,2.168,0.894,5.94674189834774e-06,5.391655755569297e-05,26727.12167138801,25.64645136745097,1.232424386916476,0.0857283999821894
2.088,1.026,2.088,1.026,2.399319746735945e-06,2.258017835138144e-05,65.5615223577074,24.707631075026832,1.2069192878291557,0.0688517208328228,2.088,1.026,5.247189748835287e-06,5.215602084628231e-05,25292.664465423557,23.3933633692934,1.1935305882269331,0.0819462370301795
2.007,1.158,2.007,1.158,2.360343460388117e-06,2.3943491023003247e-05,115.66895481867388,22.922294009269965,1.176340214713443,0.0755517415013878,2.007,1.158,5.486852301766428e-06,5.180194603114965e-05,23734.18453585288,24.629043299394784,1.1973856171143071,0.0816190471604606
1.927,1.289,1.927,1.289,2.498229447161074e-06,2.543127444732072e-05,111.21575455766708,22.842022030362056,1.18425872552413,0.0619177160594992,1.927,1.289,5.199482311913724e-06,4.957419009834391e-05,22484.68592251081,24.387923547405936,1.1885456647038244,0.0805832788706258
1.846,1.421,1.846,1.421,2.181539294407256e-06,2.337028239027193e-05,67.9234016064132,21.70548165324789,1.1636219346296128,0.0598392729382113,1.846,1.421,5.266875227110235e-06,5.001320364945463e-05,22899.79774764688,24.48717601242783,1.1983331103214845,0.0747932587401238
1.765,1.553,1.765,1.553,1.8875764924295205e-06,2.2669318336139597e-05,113.97217926005402,19.361386138880164,1.1121424723263489,0.0701894595101618,1.765,1.553,4.6441201084342855e-06,4.613056993044056e-05,19453.413418468757,23.40911366999761,1.185949903426277,0.0742817438241691
2.606,0.789,2.606,0.789,1.1375717357437574e-06,1.0479173771722698e-05,12.202800700537978,25.24190328648789,1.1795248401791791,0.0614351611923087,2.606,0.789,5.611421919057739e-06,4.874488854190491e-05,21512.5043159108,26.76789315571353,1.257249896809017,0.075343887942395
2.526,0.921,2.526,0.921,1.826202281211632e-06,1.747724064241074e-05,34.476210361855955,24.296648035781505,1.2168868849206924,0.0629058382664475,2.526,0.921,5.354317868590246e-06,4.8189857612406034e-05,21899.16411137472,25.8356180142644,1.2344993421024648,0.0829867325808612
2.446,1.054,2.446,1.054,2.146875924377432e-06,1.961433415673712e-05,38.0583850625052,25.450933927104185,1.22728752263783,0.0643107212256473,2.446,1.054,5.189992456159495e-06,4.717505509340076e-05,20618.318216804448,25.58142059220772,1.2317607121431566,0.0758183885655873
2.366,1.186,2.366,1.186,2.2270717099375355e-06,2.1379384956211527e-05,77.61308017582466,24.221963286907,1.2080573856525938,0.0659439347457926,2.366,1.186,4.89786952832842e-06,4.518207184312707e-05,19466.00844377732,25.20643447553957,1.2173736457628983,0.0852871179281388
2.286,1.319,2.286,1.319,2.0961673714444342e-06,2.0630962484121463e-05,84.11516736947164,23.625271864815087,1.1908840005028256,0.060935497266604,2.286,1.319,4.41864217084519e-06,4.2975104218676814e-05,18205.63172038517,23.907944670752418,1.190611563878332,0.0852043939583586
2.205,1.451,2.205,1.451,2.248838032213554e-06,2.26676837383468e-05,116.2380153782721,23.068607526167145,1.179738435118459,0.066896514213464,2.205,1.451,4.6596130688590775e-06,4.5961765258063e-05,19213.205621009813,23.57346928395724,1.1970489242776714,0.0808322876657352
2.124,1.583,2.124,1.583,2.1590345749205777e-06,2.1885507461647872e-05,103.11441015584096,22.93893885101105,1.1587655378833783,0.0533478768989412,2.124,1.583,3.910446485605778e-06,3.993298701327744e-05,16116.75157751881,22.770097886518407,1.1792329311894891,0.0786889948642724
0.732,-0.311,0.732,-0.311,3.397312436714029e-07,1.4129880838416995e-06,0.4473242068535122,55.9071478872232,1.7027126499496037,0.0061416375497185,0.732,-0.311,8.710864964503095e-06,9.151021534668728e-05,107775.7594039742,22.13410937124165,1.1296846017460782,0.0811194213798119
0.653,-0.179,0.653,-0.179,5.389176055444385e-08,4.507484861023711e-07,0.1432901957007933,27.800873545515174,1.3638725932311293,0.0100152077837473,0.653,-0.179,9.502074017056091e-06,0.0001052778483531,168766.9630255568,20.98706735360557,1.100779510020204,0.0786312806681696
0.574,-0.048,0.574,-0.048,3.035928114705229e-08,1.572274300035469e-07,0.0542990361918524,44.89867409190724,1.4934055358360323,0.0496109660643852,0.574,-0.048,1.0219982804086311e-05,0.0001157864231509,243267.50707710907,20.52404105096536,1.0833487657198555,0.0791350572383302
0.494,0.083,0.494,0.083,8.734022944217973e-08,3.8531626604451573e-07,0.1616464957205749,52.70688293962364,1.5949192799239515,0.129796933214322,0.494,0.083,1.0896258676071335e-05,0.0001168264966066,250772.00190723385,21.687345543170046,1.093062151724264,0.0828215276923888
0.414,0.215,0.414,0.215,1.2621315471149978e-07,5.55776477224228e-07,0.2119797829840861,52.8049709464924,1.5659352225626972,0.0507417015662539,0.414,0.215,1.0811015271450053e-05,0.0001166314935044,203604.54928299383,21.55365819826686,1.116247520813055,0.0832876342760867
0.334,0.346,0.334,0.346,2.9925347881166926e-08,2.1275992975736042e-07,0.0891401230966252,32.70541897603466,1.347758938903501,0.0350582831343374,0.334,0.346,9.904496033256311e-06,0.0001077894774393,149333.828630481,21.36615445128181,1.1138605250620528,0.0799829289218978
0.254,0.477,0.254,0.477,2.0123540650647025e-07,1.1448003867522264e-06,0.5944086659763264,40.8737962270545,1.3294553082924638,0.0913853875805062,0.254,0.477,9.11508439852215e-06,9.433737861480969e-05,104761.21781748522,22.4671113443885,1.1257981487317603,0.0758551166226623
1.083,-0.271,1.083,-0.271,9.870708446206552e-08,7.097715851032176e-07,0.2566701673066986,32.33702503904818,1.4192018646059004,0.0029877788045311,1.083,-0.271,8.153911025546138e-06,8.494492980919355e-05,84944.92980919356,22.32023968428682,1.144494338945232,0.0841683069464662
1.004,-0.139,1.004,-0.139,1.1318510128896213e-07,3.939818197714086e-07,0.1450180821238159,66.80107163621814,1.6637684743209835,0.1052713474673486,1.004,-0.139,1.0756768419108024e-05,9.443403015005275e-05,121347.72874281778,26.48644320973224,1.173864606189046,0.0857741404934433
0.924,-0.007,0.924,-0.007,1.081119225084913e-07,2.974204910024085e-07,0.096996839061963,84.52263964316619,1.7528190837183106,0.0089825617254276,0.924,-0.007,9.931533863364996e-06,9.564778897322424e-05,154333.06906922752,24.1441399689687,1.1501826704895302,0.0873848387759368
0.845,0.125,0.845,0.125,1.7860991477555614e-07,9.121362445662464e-07,0.3088774324509171,45.53194448525525,1.6148796051617105,0.0111339584028048,0.845,0.125,9.928678714719882e-06,9.699841174793636e-05,151621.1559190211,23.80110837475245,1.1473235712715872,0.0891550436271872
0.765,0.257,0.765,0.257,6.72125772502116e-08,3.748142849043874e-07,0.1952461880382549,41.69699541354718,1.463874034642712,0.2743033733152192,0.765,0.257,9.613136977332428e-06,9.391032154981678e-05,120773.29746793552,23.802476804248062,1.1546838891844515,0.0799993561296055
0.685,0.388,0.685,0.388,2.0955802336197914e-07,2.2211492776554647e-06,1.1629356728542546,21.937993001240685,1.2421402886392523,0.0151171479881705,0.685,0.388,8.722450411940013e-06,8.953156739706897e-05,96066.50816849493,22.653362210759774,1.14833862925977,0.0811782511748304
0.604,0.52,0.604,0.52,5.434438683687395e-07,4.439404664428103e-06,2.953598679226184,28.464286796947626,1.1625023526254152,0.0519124809554615,0.604,0.52,8.91704246078372e-06,8.765237396104471e-05,83937.49330497038,23.655247660288133,1.1624749043188856,0.081565264567702
0.524,0.651,0.524,0.651,8.545497931839439e-07,9.321788991388403e-06,7.79141544938901,21.3161345546661,1.088969392920702,0.0710347357663253,0.524,0.651,8.330878084441402e-06,8.525787873621539e-05,70520.94111410681,22.72095615322152,1.152223125709768,0.0709435089366503
0.443,0.782,0.443,0.782,8.17784594110796e-07,1.1608398282543852e-05,10.167656832516473,16.380870316165616,1.0120417040061536,0.0672250622599172,0.443,0.782,7.437180060276505e-06,7.928493662691698e-05,61431.07062470182,21.811621887556427,1.1439466129394256,0.0731887074218749
1.34,-0.117,1.34,-0.117,2.043365670206837e-07,6.09173872618005e-07,0.2957248714139484,77.99651030062232,1.7394505778029623,0.0044884353968552,1.34,-0.117,8.840982522891846e-06,8.087989646958621e-05,84608.9579495865,25.417351387090275,1.1952723077117668,0.0810413462833941
1.26,0.016,1.26,0.016,7.825873860876725e-08,6.817753830090344e-07,0.2731238518583522,26.690817459219566,1.2286227184331295,0.2240365522210662,1.26,0.016,1.0130978429684022e-05,8.767112249079628e-05,105095.29955486664,26.86984561977578,1.2098270202070216,0.0814669439383629
1.18,0.148,1.18,0.148,4.083374835214405e-08,2.338835381142367e-07,0.094991761523761,40.59662598087776,1.4898967019340432,0.2138520171523064,1.18,0.148,9.731737755717424e-06,8.587426392643451e-05,95704.6411574498,26.35103740049579,1.1988671450443646,0.0859648012720715
1.101,0.28,1.101,0.28,1.0766562970837917e-07,6.568882620023401e-07,0.2005514235953365,38.111490237129,1.4907932658244318,0.1279084860558514,1.101,0.28,9.75479346032845e-06,8.795466411850668e-05,89866.18927906493,25.788706028113516,1.1887766078968414,0.0830730312222065
1.02,0.412,1.02,0.412,2.7862241696319805e-08,1.895293412472551e-07,0.0794865802146885,34.18298226849043,1.318365100873964,0.061542510087818,1.02,0.412,8.029783926331924e-06,8.047775521062451e-05,71926.35133639214,23.200553848913493,1.1644457567619084,0.0839332281219129
0.94,0.544,0.94,0.544,2.294244718573517e-07,2.238685280091029e-06,1.295241016964293,23.82961602785756,1.1504217566094377,0.0518521574841493,0.94,0.544,7.372404701110126e-06,7.703880948258985e-05,63645.24662729266,22.252046158569584,1.1533636862451888,0.0809977727903458
0.86,0.676,0.86,0.676,5.80056070747455e-07,6.966824565504908e-06,4.953559381547892,19.360004300443805,1.068838035116946,0.0600232328908878,0.86,0.676,7.093883192932044e-06,7.47242245953289e-05,56899.67287959059,22.07460614387689,1.1535121215040556,0.0822450414483355
0.779,0.807,0.779,0.807,1.0615391944304592e-06,1.2988833467553564e-05,11.552557126785862,19.003615416472726,1.076852907330179,0.0654475034972829,0.779,0.807,7.279681668790328e-06,7.371141750725239e-05,52691.10465252859,22.964023000526332,1.158404737832384,0.0793359025841611
0.698,0.939,0.698,0.939,2.8039598198094253e-06,3.0743375772863286e-05,59.279079163637896,21.20755393262646,1.1174033146484166,0.0756833771751925,0.698,0.939,6.213472624156483e-06,6.648417397674051e-05,43138.67686017598,21.73133764077968,1.141393251172013,0.0835549423841351
1.539,0.175,1.539,0.175,1.198346723674022e-07,6.06436177899336e-07,0.2586716904733059,45.948119141151125,1.5039969415321963,0.1331399746917992,1.539,0.175,9.182391216821148e-06,7.942547528372491e-05,68886.9450676524,26.882293427933423,1.2297523083033306,0.0754790408019795
1.459,0.308,1.459,0.308,2.759630474384699e-07,8.850372287334321e-07,0.4434152608072586,72.5036282556423,1.617660580098908,0.0325495367135174,1.459,0.308,7.975665026181851e-06,7.397855888048528e-05,58611.80705752238,25.068675357922924,1.2039244673642926,0.0888095972789562
1.379,0.44,1.379,0.44,2.0209660648866595e-07,1.6501605998521831e-06,0.9685186085805774,28.47758489632868,1.228094653150792,0.0760355980537833,1.379,0.44,7.354589621580141e-06,7.327048457474472e-05,53588.47643620394,23.339939629728036,1.1827943064599613,0.0881710363474049
1.299,0.573,1.299,0.573,5.08644060003978e-07,5.27379307396688e-06,3.973723761528969,22.426486503469853,1.1340685553205552,0.062949855727362,1.299,0.573,7.649191620034648e-06,7.396800719622463e-05,51421.89858475884,24.045951665800303,1.177942906026738,0.0781910232161635
1.218,0.705,1.218,0.705,1.1143147140676757e-06,1.3262463397755036e-05,15.30341886883544,19.536826265508196,1.0826457225753283,0.0540250969208124,1.218,0.705,7.281570870437105e-06,7.15556654375281e-05,48798.12846313177,23.66199746729466,1.1796801808476496,0.078473768921121
1.137,0.837,1.137,0.837,1.5259853378686735e-06,1.842339624228519e-05,22.87115587735663,19.259766411701857,1.0890684583555714,0.0621017703125849,1.137,0.837,6.39882338457347e-06,6.632390418059825e-05,45112.91811806802,22.433673127797015,1.1585817671884435,0.0826794767111887
1.056,0.969,1.056,0.969,2.0738013656280035e-06,2.687203779872276e-05,50.96679794785686,17.944728915336036,1.0745821307586256,0.0611825901323475,1.056,0.969,6.07608360818011e-06,6.319831814562623e-05,39079.776322703576,22.35571518172838,1.1597241927239608,0.0766788792560764
-0.33,-0.931,-0.33,-0.931,9.50854276961954e-07,1.195769674486832e-05,9.928890390592924,18.489994273146987,1.0523331313532809,0.0608323439004329,-0.33,-0.931,6.448010086704919e-06,6.993638931980581e-05,50119.81772864735,21.438423655163074,1.1205748665530395,0.0825839210246638
-0.41,-0.8,-0.41,-0.8,1.98605909273056e-07,2.4135024167946822e-06,1.1962362055563598,19.13439679422332,1.0739571057842832,0.0559676412872015,-0.41,-0.8,6.733508909745994e-06,7.103029715263562e-05,54157.10223604751,22.042870801713345,1.1213730728286633,0.0758397603600463
-0.489,-0.668,-0.489,-0.668,1.1027656045830925e-07,6.93522727200768e-07,0.2691590063931605,36.97369562956621,1.3813332270758407,0.044598635321593,-0.489,-0.668,6.845496417192028e-06,7.802379541305498e-05,66958.27810704794,20.40084811983882,1.1134357185899275,0.0811133085662624
-0.569,-0.537,-0.569,-0.537,1.45682615939614e-07,7.531159439045077e-07,0.1960530860422379,44.979667099960125,1.4634359794979537,0.1383806967440669,-0.569,-0.537,7.779182000796652e-06,8.574966262540327e-05,81205.53761607598,21.094627455066696,1.1244902026182435,0.0873868314966362
-0.649,-0.406,-0.649,-0.406,2.016071652484476e-07,6.645691296601463e-07,0.1825834457790245,70.54011234686222,1.718149879836903,0.0073158250110253,-0.649,-0.406,8.083909085162878e-06,8.687080786793277e-05,94192.3058795294,21.63803943144456,1.1259313326796243,0.0850939474717913
-0.729,-0.275,-0.729,-0.275,3.9315146245457964e-08,5.915244816409261e-07,0.1519031618719383,15.454591118507544,1.1427877532479631,0.0472401642465533,-0.729,-0.275,8.959284605792138e-06,9.35420578987818e-05,125796.19117263662,22.270848336382,1.1351062569485213,0.0841375130471316
-0.809,-0.144,-0.809,-0.144,1.883451695577943e-07,5.249906710662169e-07,0.1563515220633662,83.42058821731096,1.7922079565075455,0.0215386505456755,-0.809,-0.144,9.319801810467183e-06,9.725982630932512e-05,152495.8204708753,22.28145436660173,1.1286960851732712,0.0834120295099591
0.021,-0.891,0.021,-0.891,1.974405792701892e-06,2.623732744465871e-05,44.02897922494199,17.497949900327807,1.049678804588722,0.0656369835832827,0.021,-0.891,5.98205858318689e-06,7.114196251609878e-05,52499.53171526544,19.552179154639905,1.102356276987939,0.082326320806928
-0.059,-0.759,-0.059,-0.759,5.0170085420609e-07,5.859084334706883e-06,3.784610440060165,19.910650030131663,1.066204249332757,0.0488185170164583,-0.059,-0.759,6.866766729618065e-06,7.696898000358472e-05,62299.43086268011,20.744688148227137,1.1169326888251363,0.0769598956684144
-0.138,-0.627,-0.138,-0.627,5.527619186233097e-07,1.633945596011269e-06,0.5302884400673151,78.6630662551941,1.830073400837341,0.006925017413982,-0.138,-0.627,7.296021508048104e-06,8.156838520270197e-05,73596.4042126362,20.798623265883272,1.1154735321993474,0.0811949109039037
-0.218,-0.496,-0.218,-0.496,8.560257411452894e-08,5.186798126160949e-07,0.1645713788568437,38.37583398035986,1.4616104911668335,0.0547846110758216,-0.218,-0.496,8.307205782776338e-06,9.081664215550528e-05,96470.91538693308,21.269627106751003,1.1101477247594846,0.082544471292679
-0.298,-0.364,-0.298,-0.364,3.372054953117158e-08,2.2928377908897665e-07,0.0698760954035636,34.19728752780211,1.3869341799425765,0.2242548325965489,-0.298,-0.364,9.213063388312948e-06,0.0001005368407758,129875.65862306664,21.308318162576917,1.105377531682722,0.0831614083430469
-0.378,-0.233,-0.378,-0.233,5.7285760235212087e-08,2.633111404759613e-07,0.0736749387718943,50.5880331410989,1.5545748136828677,0.2489054931270865,-0.378,-0.233,9.382948588667726e-06,0.0001096589897931,189034.24693988112,19.89598494217049,1.077671144818756,0.0837786782346979
-0.459,-0.101,-0.459,-0.101,1.8950073143648613e-08,8.652747782682098e-08,0.0260005994560734,50.9245492312652,1.5463708587903948,0.0519207799355201,-0.459,-0.101,1.0726178322714686e-05,0.0001267298329419,275518.6286191732,19.680516774916573,1.065589675315809,0.0818520148142219
-0.539,0.03,-0.539,0.03,3.68792412804164e-08,4.006806624893682e-07,0.1139426226538135,21.401979419882643,1.2603930403750394,0.0124619757334868,-0.539,0.03,1.001409817634588e-05,0.0001137970631622,251343.07863652933,20.46214407968332,1.0714980888944785,0.0887409807844483
-0.62,0.161,-0.62,0.161,1.2762502215586304e-07,3.551304890386173e-07,0.0950800676765082,83.56380725130019,1.7829375125276703,0.0751001416188416,-0.62,0.161,1.1026418828570498e-05,0.0001159889993944,209817.7592580488,22.1048733220574,1.1207927785533904,0.07724036602511
0.277,-0.737,0.277,-0.737,9.790113603718282e-07,1.140880303992535e-05,9.959483305016242,19.953449965460177,1.089021346550195,0.0631865455054928,0.277,-0.737,7.322873405371613e-06,7.724609809255248e-05,61607.31749712774,22.043234592995383,1.1363658016748048,0.0747326380706077
0.198,-0.605,0.198,-0.605,1.3837341714127577e-07,9.389252016303408e-07,0.3395198895627919,34.26825717327199,1.2847795609873232,0.0524963762610894,0.198,-0.605,7.468974154390698e-06,8.376999605642509e-05,79644.9583718284,20.73207681031936,1.1094849707567302,0.0772902214760049
0.118,-0.473,0.118,-0.473,6.528277646303258e-08,2.542375663134473e-07,0.0586943517291538,59.707548703584585,1.6381990591476132,0.0157735635226099,0.118,-0.473,7.717496608836663e-06,8.999140396693981e-05,101221.61244867108,19.94094646457713,1.0896446760244771,0.080150708453158
0.038,-0.341,0.038,-0.341,2.4932988527519426e-07,1.8912533521437023e-06,0.6012068503727441,30.65455203187244,1.4179741307464857,0.0001558883381297,0.038,-0.341,8.620699978322162e-06,0.0001005546969524,146929.75403966848,19.93473730099968,1.0702920339295676,0.0885435798326323
-0.042,-0.209,-0.042,-0.209,5.1259605439467e-08,2.1358066350857481e-07,0.061442640797896,55.80635728098072,1.599543504963294,0.0568636671329689,-0.042,-0.209,1.0445753229640927e-05,0.0001262945953609,268226.1037339868,19.232039558862404,1.0509463425188754,0.0826099648253912
-0.123,-0.077,-0.123,-0.077,2.9297387020988287e-08,1.058911181229049e-07,0.0338531849239797,64.33387362662835,1.6571009812629578,0.078157375061089,-0.123,-0.077,1.2470581457244557e-05,0.0001558708299796,455444.13518225664,18.603394817363103,1.0266128428159011,0.0802059969675395
-0.203,0.055,-0.203,0.055,9.397056658725178e-09,1.719202789347801e-07,0.0622815910577476,12.709693745685056,1.0049142751158306,0.0007631838476269,-0.203,0.055,1.1920619026963713e-05,0.0001526695433066,418865.4526367287,18.155856839411804,1.023822625530595,0.0793845200762338
-0.284,0.187,-0.284,0.187,1.0232539442656755e-07,5.048513994240083e-07,0.2280977156093255,47.129215481276994,1.5534875751516666,0.3883718602831136,-0.284,0.187,1.1090891235845792e-05,0.0001263054057885,259901.3514555415,20.41807785456724,1.0804547470818535,0.0745453244429592
-0.365,0.318,-0.365,0.318,2.3276658116075346e-07,9.63113828974231e-07,0.4328735937522269,56.19702906560095,1.6727956822976962,0.0251513189312196,-0.365,0.318,9.362585688410408e-06,0.000103380649044,148612.03684071693,21.058474084601087,1.101096193289692,0.0785870493733644
0.477,-0.445,0.477,-0.445,5.6867416312129314e-08,3.586030175908248e-07,0.1563347986800449,36.87397059114362,1.407773884055948,0.0447107229501766,0.477,-0.445,8.478729134601358e-06,8.888000951333107e-05,98588.78525607366,22.18181181230016,1.1247051910346864,0.0735218505019548
0.397,-0.313,0.397,-0.313,4.960732214185177e-08,2.774891777074234e-07,0.069903374192803,41.56904828929602,1.4795424533667636,0.1446526538502688,0.397,-0.313,9.325475586455776e-06,0.000101582696266,144880.70074774974,21.346250475640804,1.1043483534009948,0.0853279796832045
0.316,-0.18,0.316,-0.18,8.836737271401095e-08,1.1194426160411866e-06,0.339075502717765,18.355256362348825,1.054632845652644,0.0507114811689103,0.316,-0.18,9.915639759723348e-06,0.0001175046619867,240999.7577217519,19.62167103287497,1.0644774283547942,0.0833393441283474
0.236,-0.048,0.236,-0.048,4.0224037708751436e-08,2.2701300958665187e-07,0.0698752922689823,41.200763528302176,1.5083400136184444,0.0003583706701332,0.236,-0.048,1.0925223598675995e-05,0.0001359648631296,361736.2614955727,18.684177819414725,1.0295594134300308,0.0857505069567368
0.155,0.085,0.155,0.085,2.1687422260074538e-08,1.291243281207251e-07,0.0496632031233558,39.05442141727453,1.4632336168580042,0.2508619436783716,0.155,0.085,1.3196039975727236e-05,0.0001579939247312,430596.47438394936,19.421089181867824,1.0371749900735685,0.0879240655999134
0.074,0.217,0.074,0.217,3.950825537092927e-08,2.992140473199715e-07,0.0879516675631877,30.70267540525229,1.432919654881386,0.067254716523683,0.074,0.217,1.051382707519142e-05,0.000125593117894,258976.94725935007,19.46548976007105,1.054860642972571,0.0835029728814409
-0.007,0.349,-0.007,0.349,6.455523537400048e-08,3.875984792834376e-07,0.1333953914007069,38.72752581079016,1.50019245540026,0.0011982338404047,-0.007,0.349,8.977242494366434e-06,9.986812031205988e-05,144457.33238687253,20.901931895110163,1.0928953598801097,0.0909346361292116
-1.397,-1.546,-1.397,-1.546,2.23777415154706e-06,2.489151112695967e-05,47.55991511080874,20.904285965887784,1.1460593522295837,0.0662160437846702,-1.397,-1.546,3.852720217922466e-06,4.375492642393723e-05,21485.10301830931,20.47438481908409,1.129995701384535,0.0895982612338225
-1.476,-1.415,-1.476,-1.415,1.718748187724932e-06,2.1931872461739123e-05,29.94728302215973,18.222455113075146,1.1003111241319266,0.0665682638377825,-1.476,-1.415,4.635232529880828e-06,4.854869177572885e-05,24918.0064220872,22.200581070945287,1.1618930866201551,0.0767178265005256
-1.556,-1.283,-1.556,-1.283,1.3675039798178558e-06,1.721685009183952e-05,15.389895906196823,18.469079403447047,1.0907857502003646,0.0712094133880424,-1.556,-1.283,4.598614610470251e-06,4.833030581916174e-05,25352.78970726719,22.124721832483655,1.1625109750372549,0.082130409671302
-1.635,-1.152,-1.635,-1.152,7.81092153814187e-07,9.114578395892672e-06,6.387333597657973,19.926730083563363,1.104712729320955,0.0562626798406284,-1.635,-1.152,5.056009224356827e-06,5.0222591901402e-05,28232.92046699584,23.408796330451523,1.1723449709265144,0.0790091925098209
-1.715,-1.021,-1.715,-1.021,5.50355859137696e-07,6.665785800328857e-06,4.212982194110072,19.19829178931921,1.1145378283950482,0.0598761536498859,-1.715,-1.021,5.990351269476863e-06,5.778510747406332e-05,33647.74423964081,24.104976478860312,1.1868514374828587,0.0784214535875673
-1.795,-0.89,-1.795,-0.89,1.3815133650067697e-07,6.121435300894941e-07,0.1837367305693255,52.47738367454578,1.5228669490951152,0.0315094008028384,-1.795,-0.89,5.638705659485674e-06,5.524465935525824e-05,32841.2210781477,23.733373425910028,1.1853030018036732,0.0760379136709675
-1.876,-0.759,-1.876,-0.759,1.0004011602711857e-07,4.256235369387076e-07,0.1325403827331264,54.65361560396728,1.586397101398337,0.00906935637242,-1.876,-0.759,5.841199052372769e-06,5.7849842986604805e-05,34574.05152335582,23.478490374809603,1.188764504292255,0.0784519022098921
-1.046,-1.506,-1.046,-1.506,2.1687978873296635e-06,2.5391714501756888e-05,92.66111801048966,19.86083039802904,1.114836102111906,0.0599168115605398,-1.046,-1.506,3.987186216072366e-06,4.645139654743326e-05,23569.24289183974,19.95896843724915,1.121690194512848,0.083738448567042
-1.125,-1.374,-1.125,-1.374,2.528188221676992e-06,2.739268653929149e-05,53.66512689099754,21.46076127025219,1.1429532977894246,0.0587694390643238,-1.125,-1.374,4.373348528630542e-06,4.952514367985422e-05,27061.68429386251,20.53329717637696,1.1388647363318989,0.081913397346121
-1.205,-1.242,-1.205,-1.242,1.7565710045849943e-06,2.1114445763602545e-05,26.434103949766797,19.344449321937397,1.0960028376022457,0.0617593266390866,-1.205,-1.242,5.313880369255088e-06,5.669767340375999e-05,32299.084439027203,21.792993163350637,1.1553558709420026,0.0756540699631197
-1.284,-1.111,-1.284,-1.111,8.444791931992131e-07,1.0890453456093705e-05,8.06202851140569,18.030731155137644,1.0617684061722787,0.0656964449849251,-1.284,-1.111,5.635204032403764e-06,5.630304802329229e-05,34261.3107666659,23.272770465004577,1.1675096658910706,0.0806312636277491
-1.364,-0.979,-1.364,-0.979,4.443180467261227e-07,3.551358738333022e-06,1.5656970491617868,29.09174393527419,1.2679160076562364,0.0762105895151612,-1.364,-0.979,5.39179615863035e-06,5.90635282813126e-05,36814.73837951282,21.22679499932172,1.1440349311466331,0.0901706111556704
-1.445,-0.847,-1.445,-0.847,1.2197372783586944e-07,3.577992791898883e-07,0.0762715312223643,79.26786908589497,1.6285442609186944,0.0200597628934192,-1.445,-0.847,6.323234679029916e-06,6.3209793634666e-05,40859.31494414751,23.260833654672584,1.1732059002680806,0.0798066058506874
-1.525,-0.716,-1.525,-0.716,9.300785777484157e-08,4.828270983191518e-07,0.0766821675893861,44.791783207757575,1.571353919341367,0.0087852109617457,-1.525,-0.716,5.919274161433495e-06,6.24715985209602e-05,42361.15504103895,22.032114722510123,1.1618481904361992,0.0856400885362619
-1.606,-0.585,-1.606,-0.585,1.4597496922549804e-07,4.711961673851726e-07,0.0868662672359798,72.03556894227613,1.6738762391737214,0.0370188424036276,-1.606,-0.585,7.610354882222687e-06,6.921372606455852e-05,45641.870552828055,25.56719164785258,1.212287179797441,0.0757769127453625
-1.686,-0.454,-1.686,-0.454,2.246668769245425e-07,1.6046827571744974e-06,0.4600337065614077,32.55518816247087,1.3231663434830503,0.0370530129322324,-1.686,-0.454,7.2553852186283184e-06,6.795410170388047e-05,48248.9805536784,24.82647998616502,1.2070230809541307,0.0777494926982215
-0.789,-1.352,-0.789,-1.352,2.163287994718709e-06,2.5885041523885703e-05,48.418063282088376,19.432819721078896,1.1154640520076486,0.0485965853991363,-0.789,-1.352,5.3697523069062814e-06,5.598057578462827e-05,30981.085427133643,22.304230252087056,1.139211909413988,0.0826561162674669
-0.869,-1.22,-0.869,-1.22,1.0622105343858886e-06,1.1872396498537823e-05,6.5966281100546125,20.803794712314016,1.1048542191628457,0.0613505852821384,-0.869,-1.22,4.976799964586435e-06,5.609369820723637e-05,33538.24131084383,20.630343503993927,1.1285241164562976,0.0845593353056796
-0.949,-1.088,-0.949,-1.088,1.8811681290386226e-07,2.3416581723579543e-06,0.7275866464112214,18.67989631852486,1.0892239544917897,0.0987916440413864,-0.949,-1.088,5.282442872198335e-06,5.9770057422610414e-05,38229.60772964873,20.55045697024864,1.1266798809213567,0.0847456815057771
-1.029,-0.955,-1.029,-0.955,3.88087285074036e-07,3.761788054836335e-06,1.5561584773852872,23.988629598336164,1.1871017292514674,0.0597045572003266,-1.029,-0.955,6.034826435652711e-06,6.475434272331037e-05,43269.6511417835,21.67036529179409,1.1372314805100687,0.0780704662333263
-1.109,-0.823,-1.109,-0.823,1.542641875855307e-07,3.9925315732956633e-07,0.0920804361659965,89.8435915260003,1.768695849720792,0.0090506057359689,-1.109,-0.823,6.062413969779184e-06,6.738788047930036e-05,46538.84027755223,20.91867339719278,1.141311911047739,0.0765107036498849
-1.189,-0.692,-1.189,-0.692,2.309598021332303e-07,9.359320237613592e-07,0.1872943553893838,57.38025039391283,1.7119294650565164,0.0237364421756807,-1.189,-0.692,6.386537715557478e-06,6.82807312399364e-05,49619.06039172865,21.74891847558069,1.1392192813044222,0.0777770947661744
-1.27,-0.56,-1.27,-0.56,1.2585574810649438e-07,3.255945970172558e-07,0.086684064298441,89.88065188098061,1.8105538982000189,0.0043527797328147,-1.27,-0.56,7.2206364879771455e-06,7.228912363040566e-05,56084.80418264535,23.22591698575772,1.1742564883075912,0.0751457146709223
-1.351,-0.428,-1.351,-0.428,3.9544920762316353e-08,2.643297743276353e-07,0.0694261624315926,34.78683938921712,1.432610784931717,0.0133160632210337,-1.351,-0.428,7.457355305049515e-06,7.52834528475233e-05,61205.22810552283,23.033272914439504,1.1768870181978752,0.0757671722415962
-1.432,-0.297,-1.432,-0.297,1.3606162694907552e-07,6.127080969162536e-07,0.2573534928413181,51.63597569718712,1.577058492403545,0.0057271275578703,-1.432,-0.297,7.86767697735887e-06,7.538091541983934e-05,63277.06924470252,24.269200030591332,1.1922365830424126,0.0825682149826536
-0.59,-1.06,-0.59,-1.06,1.8747438177730692e-06,2.251749599228194e-05,28.720662932304503,19.35941294334848,1.0701716758333464,0.0595633888580896,-0.59,-1.06,6.504818672855524e-06,6.835554567510857e-05,44547.27756334184,22.127471382626357,1.1478690938120442,0.0684817119187157
-0.67,-0.928,-0.67,-0.928,2.597019041005818e-07,3.0615939870675817e-06,1.272757584708158,19.72413131137138,1.0659880726566149,0.0707949378680832,-0.67,-0.928,5.548046871021364e-06,6.420828295459136e-05,45543.20607810596,20.091826200649034,1.1092946977234592,0.0843734462359188
-0.75,-0.795,-0.75,-0.795,4.89607058784128e-08,2.922000208252285e-07,0.057070114637957,38.96168901227156,1.5039712130158494,0.3014464564790817,-0.75,-0.795,6.450524943277884e-06,7.139648075404879e-05,54015.74173360392,21.008188292602327,1.135255375829163,0.0787106617989638
-0.831,-0.663,-0.831,-0.663,1.0776435193383054e-07,5.322540227932738e-07,0.1643022427782752,47.07892271976858,1.4317864175483124,0.0399530463016156,-0.831,-0.663,6.990035769098005e-06,7.449121472201238e-05,61359.79574699526,21.819494722573733,1.1384236146735067,0.082350957978022
-0.911,-0.53,-0.911,-0.53,5.954204722310957e-08,2.887916932001979e-07,0.0878853733010479,47.94125661397847,1.541710840156334,0.0167335668498149,-0.911,-0.53,7.191671157055079e-06,7.577345977217195e-05,64913.013313887015,22.06902014369277,1.1460252134149602,0.0840131944461753
-0.992,-0.398,-0.992,-0.398,2.2065677678639317e-07,6.708456801609243e-07,0.2722694073286308,76.48301329565439,1.7409572178984134,0.0059336481203982,-0.992,-0.398,8.241268376403774e-06,8.475445939167036e-05,79944.0220948632,22.61006686318491,1.1535876051675458,0.080855959710457
-1.073,-0.266,-1.073,-0.266,7.881394945003982e-08,3.5786725020843537e-07,0.1373173554659206,51.20961164436207,1.5059569892563751,0.045554054128082,-1.073,-0.266,9.382056839406934e-06,8.889755688289021e-05,96296.95268097092,24.54022733428928,1.1813034309573447,0.0787200065848618
1.693,1.659,1.693,1.659,2.3089013205524266e-06,2.7072298503873378e-05,180.99952063410663,19.8312728439499,1.1230575066970694,0.068162169700155,1.693,1.659,4.1083068238416e-06,4.248708918792172e-05,17712.488975251217,22.484137891683407,1.162385557002202,0.0836141926076324
1.613,1.79,1.613,1.79,1.989582925028603e-06,2.2084386148696024e-05,89.32288093119537,20.948216824692903,1.143883328133965,0.0630718204397828,1.613,1.79,4.217712820722576e-06,4.168276511733535e-05,16403.764573533954,23.528315342442927,1.1848404429139443,0.0803290043790569
1.532,1.921,1.532,1.921,1.8541505261906528e-06,2.120736327062487e-05,61.88236713001318,20.329591900705477,1.134231743851973,0.059298821102803,1.532,1.921,3.61866940778964e-06,3.9016786389192026e-05,14454.644091429016,21.565908613833383,1.156971060234935,0.0792187555771458
1.451,2.051,1.451,2.051,1.6370930568252737e-06,1.922766211804352e-05,47.142859163874576,19.79781366378451,1.1221951162834505,0.0658065388490239,1.451,2.051,3.368347783984917e-06,3.60051730947194e-05,13145.22199189617,21.75316082928475,1.1571990183348568,0.0805213361575545
1.369,2.182,1.369,2.182,1.7011287145669154e-06,2.065407485300253e-05,92.42445383056216,19.151455088012835,1.111731550031941,0.0710162293402268,1.369,2.182,3.267096345767982e-06,3.356003781890788e-05,11697.020480677747,22.636529696196693,1.1707995445004291,0.0840050839579108
1.288,2.312,1.288,2.312,2.0329478924429e-06,2.271479801950896e-05,111.0834438837253,20.81074919753724,1.1401628824314909,0.072316124747131,1.288,2.312,3.244831884443541e-06,3.3747537646394325e-05,10953.974076506196,22.357356807782946,1.1653168358477592,0.0843426860288772
1.206,2.442,1.206,2.442,1.609286765589265e-06,1.784313686126258e-05,37.94241527177772,20.971649015706262,1.1495995874258462,0.0582204500436114,1.206,2.442,2.5513380886218163e-06,2.8491286246664493e-05,8674.475958635727,20.82218516406325,1.1438386707083663,0.0823140008097835
2.044,1.703,2.044,1.703,2.1823928001802056e-06,2.4636197902339816e-05,147.69290166228942,20.598214846793027,1.1396834421681337,0.0692818066312128,2.044,1.703,4.279383678755656e-06,4.194588962203392e-05,16277.175889098244,23.722593326518528,1.1905264127770925,0.0797640084161074
1.963,1.834,1.963,1.834,1.9934904721566933e-06,2.3290371943001184e-05,114.4449716785567,19.902520855680542,1.1290030262548465,0.06958928463644,1.963,1.834,3.990674427012925e-06,3.92298308871956e-05,14583.594414278828,23.65376128616724,1.186945818268548,0.0791970404086118
1.882,1.965,1.882,1.965,2.046705247957373e-06,2.295619125570163e-05,132.68904159468815,20.731265633853347,1.1265538506973949,0.0619809573934979,1.882,1.965,3.304702513086886e-06,3.558180071385928e-05,13091.85399871458,21.596073422833847,1.1603949979354384,0.075537103936573
1.801,2.096,1.801,2.096,1.7668585835771172e-06,2.0462167036811017e-05,72.5701994815765,20.078002902936312,1.1301482646824716,0.0632994013226859,1.801,2.096,3.093489433443317e-06,3.323329120615872e-05,11106.272686175838,21.644403991940685,1.1579731871047283,0.089886286016927
1.72,2.227,1.72,2.227,1.542741638353413e-06,1.8835844310875905e-05,61.734145760025015,19.044889478656074,1.1145000669673493,0.0637956304506191,1.72,2.227,3.122071655709664e-06,3.359816553784066e-05,11023.34461291695,21.6071580423422,1.1647018898518635,0.0775748125002456
1.638,2.358,1.638,2.358,1.535630257144002e-06,1.8718026011784675e-05,89.0180220658809,19.07642378276737,1.112999845279688,0.0648309677447654,1.638,2.358,2.7389741045478067e-06,3.068354674262612e-05,9433.933100950047,20.756432674147664,1.142882265258266,0.0848105653822212
1.557,2.488,1.557,2.488,1.620197200032041e-06,2.059715136753761e-05,118.72615180955248,18.29073106746698,1.1075075742971725,0.0667651934971251,1.557,2.488,3.0369751009807123e-06,2.9606440905042704e-05,8759.046198578737,23.85203162182518,1.1832792545206237,0.080430295618755
1.475,2.619,1.475,2.619,1.6516320058212145e-06,1.9636312663747066e-05,99.66723332139668,19.557966554177064,1.1277385052514148,0.0596708746866701,1.475,2.619,2.476214189146376e-06,2.6804287717609743e-05,7341.440637448882,21.48098957881308,1.1574512137837087,0.0761925968111399
1.393,2.749,1.393,2.749,1.6213549013551904e-06,1.946424541144081e-05,86.26901309752921,19.36916347800497,1.1207508849987389,0.0614212706669957,1.393,2.749,3.0023536391134985e-06,2.7446400272289643e-05,7121.024947358436,25.435881917334665,1.195803920828202,0.0806585818529152
2.299,1.86,2.299,1.86,1.9451315763387653e-06,2.035085275978845e-05,93.53499972033516,22.224741559388576,1.156169948176816,0.0669847907285469,2.299,1.86,3.629186995126792e-06,3.597129422165047e-05,12477.980077276809,23.45976350980085,1.188871782380858,0.0817413969037085
2.218,1.991,2.218,1.991,1.7279854562204937e-06,1.925695724973628e-05,84.59077049953099,20.865210197063103,1.13861787336855,0.059189976312883,2.218,1.991,3.6295653429171374e-06,3.5399785944381155e-05,11719.07918037319,23.84099249549237,1.190224431750922,0.080039464558981
2.137,2.123,2.137,2.123,2.533569910613854e-06,2.413304484097457e-05,171.0727042043607,24.41131193655291,1.1788405294992934,0.0611228675435211,2.137,2.123,3.4188444099940925e-06,3.368745347782413e-05,10747.636233736275,23.598342578173853,1.1951424698371824,0.0778999365375523
2.056,2.254,2.056,2.254,1.9033275294692684e-06,2.067666492995528e-05,85.07462759311116,21.40441618874544,1.152747548824589,0.0549602549467899,2.056,2.254,2.96558688366134e-06,3.227885836835422e-05,9933.34245960757,21.3630291700283,1.1606862849982116,0.078226801356189
1.974,2.385,1.974,2.385,1.5948270633650951e-06,1.813266071936111e-05,68.92313687690496,20.45137013792069,1.1303525364519336,0.0623811811472744,1.974,2.385,2.7884281928186464e-06,2.941271836347808e-05,8588.513762135597,22.044215513161063,1.1712943398646103,0.0761661115932089
1.892,2.516,1.892,2.516,1.5943428919431923e-06,1.876691854750657e-05,78.10035114161954,19.75418462432259,1.137397763554181,0.0615078571430854,1.892,2.516,2.5291893008969266e-06,2.7055679797131287e-05,7324.782216610213,21.736681062836038,1.1677097035009387,0.0806276625850248
1.81,2.647,1.81,2.647,1.554134782946042e-06,1.8334467840176492e-05,74.29130182561376,19.71018583527921,1.1333849825448252,0.0726917760725614,1.81,2.647,2.8778051185634543e-06,2.801407171897381e-05,7450.187793644492,23.886663532508543,1.2026297158461488,0.0734245335555413
1.728,2.778,1.728,2.778,1.303784483053293e-06,1.4772131100294973e-05,30.758842120208428,20.52262938132452,1.145505908287365,0.0691105907418074,1.728,2.778,2.4846911741259462e-06,2.6002661477332394e-05,6540.43007770934,22.21902322259348,1.1706352678372487,0.0786635925502391
1.646,2.909,1.646,2.909,1.2256913371168094e-06,1.456948606164457e-05,12.158005945561529,19.56172872120766,1.1390989171288577,0.0587715194382645,1.646,2.909,2.3564999297425284e-06,2.4650372201734832e-05,5818.418042334015,22.22871192210328,1.1795978505317202,0.0810862029447985
2.496,2.154,2.496,2.154,1.873195492646929e-06,2.061887698344558e-05,119.5366099717404,21.1245975636197,1.1521823855222133,0.0706384576550823,2.496,2.154,3.099757547602081e-06,3.054856240924181e-05,9108.698195652396,23.59431081462168,1.1976840890763192,0.083141689565503
2.414,2.285,2.414,2.285,1.6822146668343402e-06,2.012278748709325e-05,132.57708973380568,19.43853907915484,1.129748187703581,0.0614971032925742,2.414,2.285,2.6961935382795105e-06,2.770342555511548e-05,7840.358439517779,22.630176323874075,1.1706399795803846,0.0895825293778142
2.333,2.417,2.333,2.417,1.7811013620044618e-06,2.0162158731516044e-05,152.4698908522322,20.54101755821348,1.153596555349614,0.0642894586402971,2.333,2.417,2.7273977669339e-06,2.9171778571434133e-05,7818.366981600925,21.73981879116483,1.1679272849077666,0.0863739401183828
2.251,2.549,2.251,2.549,1.6969635178191386e-06,1.8172239712435104e-05,74.34183439981204,21.713728150916104,1.1596108359080108,0.0724433031241637,2.251,2.549,2.383842910851452e-06,2.5468575325080542e-05,6740.978817610127,21.76423110519126,1.1707289723034215,0.0829596784517077
2.169,2.68,2.169,2.68,1.926852944321849e-06,1.9477010004603076e-05,99.7855611261704,23.0036436438039,1.1758212958836831,0.0524371916245928,2.169,2.68,2.4848806384909737e-06,2.648444286436615e-05,6424.929657836973,21.816497988840947,1.1786141959662546,0.0801296918717332
2.087,2.812,2.087,2.812,1.3412734840388025e-06,1.4862705055212658e-05,32.08429831930323,20.98407486926623,1.154993578676654,0.0620661137585242,2.087,2.812,2.324147481697604e-06,2.4185277876628364e-05,5796.253375890557,22.34513327444916,1.1757762736684714,0.0801807314564267
2.005,2.943,2.005,2.943,1.3003074986541891e-06,1.435591911004759e-05,18.175309980648983,21.06131152840868,1.159863099324592,0.0622058577528544,2.005,2.943,2.1648136482200845e-06,2.277543698488568e-05,5324.730683943914,22.101621974941505,1.1790217702732324,0.0875275794055766
-1.049,1.402,-1.049,1.402,2.340198015528373e-06,2.754227472992529e-05,131.86328634470857,19.757097738521857,1.1155225768275294,0.0722951573886703,-1.049,1.402,5.003146136316747e-06,5.3079763884065104e-05,28728.258172340506,21.91717390349034,1.1507500010011174,0.0849382480006258
-1.131,1.531,-1.131,1.531,2.6389389837290445e-06,2.936776275853396e-05,157.4716662576088,20.894348457711576,1.1277237528900756,0.0627594195237752,-1.131,1.531,4.84391395826288e-06,4.9839795589361584e-05,25806.403018541347,22.5990672929257,1.165891791642476,0.0858337938815781
-1.214,1.661,-1.214,1.661,2.50924396937407e-06,2.727615387101456e-05,127.60559920890186,21.39095159157745,1.1382752202393625,0.0722455440900005,-1.214,1.661,3.860441834491014e-06,4.376502316904335e-05,20899.568992958048,20.510686573411547,1.137754796779383,0.0819811897586317
-1.297,1.79,-1.297,1.79,2.4232438453132083e-06,2.585152825413464e-05,94.51894708060892,21.796223058578697,1.1451655613766072,0.0642151332691892,-1.297,1.79,3.975956208070126e-06,4.107225111587189e-05,18221.643403364367,22.50937483707626,1.158505761278379,0.0774005477833955
-1.38,1.919,-1.38,1.919,1.972471538408704e-06,2.258833115358595e-05,63.32578761247543,20.30471728202604,1.1291664808194046,0.0686761023665725,-1.38,1.919,3.708311619042541e-06,3.965544903054545e-05,16216.685955592402,21.744213197946,1.1652725859179331,0.0814698053150296
-1.463,2.048,-1.463,2.048,1.776096870948142e-06,2.0134546318675968e-05,43.14747206903371,20.511392649987894,1.145120614654933,0.0595102726124571,-1.463,2.048,3.7904712627378526e-06,3.88753522205292e-05,15320.433736469033,22.67196795755168,1.1811235182210575,0.0769610642354853
-1.546,2.177,-1.546,2.177,1.863447969488359e-06,2.1219935713435024e-05,73.14395847203326,20.419427178924,1.1327355760853168,0.0623313172015005,-1.546,2.177,3.270115633771552e-06,3.4854781534139e-05,12612.966756147052,21.81579743984902,1.161383525167668,0.0797963495625775
-0.699,1.45,-0.699,1.45,2.9304270091700867e-06,3.035937980711263e-05,79.74571575195877,22.44441863888772,1.1593692365057129,0.0621830817190086,-0.699,1.45,5.260827296415825e-06,5.547089150475084e-05,29994.44133401685,22.052571901988284,1.1609720273187187,0.0763374290087681
-0.781,1.58,-0.781,1.58,2.3435685873635376e-06,2.608238639619656e-05,80.40499286286465,20.892994566216657,1.129335069659561,0.0644332479348228,-0.781,1.58,4.835755629069662e-06,4.955756568462249e-05,24999.78279739132,22.68948969398561,1.159213250384914,0.0844105467806994
-0.864,1.71,-0.864,1.71,2.3560092535895527e-06,2.881469576330809e-05,153.90777020571264,19.012240569537777,1.107928522934366,0.0688799824988704,-0.864,1.71,4.464183043317664e-06,4.708013892784474e-05,22640.50570461244,22.048274406692155,1.1598421878895055,0.0851613629793238
-0.947,1.84,-0.947,1.84,2.3824766014866524e-06,2.6500566540137212e-05,129.56540345010998,20.90469488125269,1.1410457614401193,0.0659693963765882,-0.947,1.84,4.124982265141201e-06,4.4190878059767306e-05,19810.986329030085,21.705000606896917,1.1563586780505275,0.0790363371058447
-1.03,1.97,-1.03,1.97,2.0205808472882494e-06,2.242282539383812e-05,63.78730694228835,20.95348398924199,1.145326783536432,0.0636715755283298,-1.03,1.97,3.3463919628728333e-06,3.878262905940742e-05,15739.957388939058,20.06364845341504,1.1352709419301064,0.0858607650035939
-1.113,2.099,-1.113,2.099,1.812864643670756e-06,2.098990588839686e-05,51.5043921159098,20.082844946410365,1.1357815667845466,0.0647963144240106,-1.113,2.099,3.0774535785844194e-06,3.5649451182456674e-05,14128.12056804746,20.072848641382155,1.1345717124704704,0.0761139889648003
-1.196,2.229,-1.196,2.229,1.726796195084237e-06,1.9135993407771292e-05,38.06066909692917,20.98265393531124,1.1496642865979636,0.0766774871831481,-1.196,2.229,3.167477292703079e-06,3.500847208788376e-05,12941.684924460498,21.038302771005903,1.1505517926837272,0.0891226205412579
-1.28,2.358,-1.28,2.358,1.4994622354989023e-06,1.7874507638721754e-05,35.44681077236318,19.506160446063788,1.1283135714064172,0.0652676011680434,-1.28,2.358,2.9186604789404565e-06,3.0996620206379695e-05,10573.800848590336,21.89472944701997,1.162869131387403,0.0812974060375041
-1.364,2.487,-1.364,2.487,1.5973749439262068e-06,1.823724202923314e-05,31.510554522497515,20.36657748120744,1.1505918277241167,0.0628774951625102,-1.364,2.487,2.7349195193271237e-06,2.9801586307829904e-05,9199.62012111271,21.33907140587791,1.164261072420962,0.0806971810752783
-0.446,1.61,-0.446,1.61,2.5089954236242383e-06,2.820558977140397e-05,90.5259317501216,20.684023932655656,1.1372113741699863,0.0685752141035457,-0.446,1.61,4.5547071811104585e-06,4.843221213052896e-05,24189.946691428544,21.86736748951943,1.1481421041332946,0.0841543326724545
-0.529,1.74,-0.529,1.74,2.042111701249824e-06,2.5610408646483108e-05,66.61583822090832,18.541007652854542,1.1087905935486375,0.0634037577248111,-0.529,1.74,4.3707854258344245e-06,4.645825645894652e-05,22419.7206141338,21.87595023822132,1.1482963225882017,0.0839883176841541
-0.611,1.87,-0.611,1.87,2.068745665873946e-06,2.39036632754478e-05,44.94023617684142,20.12393873241677,1.135920778228024,0.0664840675411544,-0.611,1.87,3.830120141683555e-06,4.169306248960045e-05,18409.531754365744,21.36087053871588,1.1508481158034225,0.0791166124817084
-0.694,2.001,-0.694,2.001,2.3702558306720504e-06,2.4185974887861606e-05,49.57726869350098,22.78777766781119,1.167048609173908,0.0695871570062842,-0.694,2.001,4.126510736869474e-06,3.997634840751138e-05,16632.173214252172,24.002153317816727,1.16476567231945,0.0808774060959383
-0.778,2.131,-0.778,2.131,1.7012667853889368e-06,2.1076896229014992e-05,45.68460448000124,18.76878301257613,1.1177295309966793,0.0689800629200444,-0.778,2.131,3.619690265629532e-06,3.832988736709839e-05,14225.196393364578,21.95857809240735,1.170537573557069,0.077248383753639
-0.861,2.261,-0.861,2.261,1.660552585965795e-06,2.0222064179247536e-05,53.78301838892555,19.094025422809104,1.1076060212495074,0.0695591179479599,-0.861,2.261,3.0723984275786467e-06,3.414179084671653e-05,12478.539511694167,20.92481293889389,1.1549015072419584,0.0922463103727834
-0.945,2.391,-0.945,2.391,2.5198234525872945e-06,2.497587061820341e-05,108.97052060947524,23.459557998369004,1.1922354634646335,0.0548023673538373,-0.945,2.391,3.192720128551936e-06,3.269436604756117e-05,10943.945929265905,22.70692247244456,1.174008003713462,0.0749043308670431
-1.029,2.521,-1.029,2.521,1.7902161078777238e-06,1.9629302370734927e-05,60.69059814625186,21.20659503466284,1.1434379454670982,0.0669092044253908,-1.029,2.521,2.713003122235411e-06,2.947993811453026e-05,9559.394158477386,21.399029312641616,1.1652393341992706,0.0874937881048594
-1.113,2.65,-1.113,2.65,1.6238659148779436e-06,1.90800633697117e-05,75.40535484858992,19.78976790521149,1.122170297004794,0.0627406602853041,-1.113,2.65,2.515966821666616e-06,2.7664465276698606e-05,8162.586553683925,21.14720508555484,1.1652184494182627,0.0788496538582472
-0.253,1.906,-0.253,1.906,2.2019122677377523e-06,2.352605909112635e-05,53.424594154125074,21.76312092346567,1.1525310157878197,0.0655303486811124,-0.253,1.906,3.874306124119653e-06,4.289367844470239e-05,19025.166601672427,21.002499782366915,1.1415569443726523,0.0852503368896716
-0.336,2.037,-0.336,2.037,2.0556960411706035e-06,2.3137366936482883e-05,52.27914993768619,20.65928624077702,1.1350402152968333,0.0698574768799392,-0.336,2.037,3.374341708156993e-06,3.888542255255178e-05,15677.45059568017,20.17774294216007,1.1350398634209002,0.0812573030417174
-0.419,2.168,-0.419,2.168,1.815435931160604e-06,2.0275532165957814e-05,53.39643253643548,20.819917895171425,1.1353019424779338,0.0696914013862524,-0.419,2.168,3.4123188920855557e-06,3.621905472707628e-05,13411.49033131206,21.906996890357394,1.1661503607113148,0.0778418568249382
-0.503,2.298,-0.503,2.298,1.7930236614381627e-06,1.976082498485468e-05,45.37574558734241,21.098486219290766,1.145967031661932,0.0617252851011799,-0.503,2.298,3.022447450036479e-06,3.3677839550071434e-05,12198.86188147032,20.868194831614908,1.1519466486926573,0.0777646139883165
-0.587,2.429,-0.587,2.429,1.787207634545486e-06,2.1527033319343184e-05,94.8129187206913,19.304616369753504,1.1155588025548675,0.0605642555532141,-0.587,2.429,2.6984459883351542e-06,3.054056441279141e-05,10231.780041280888,20.5450412897923,1.1410565206156322,0.0806306901013459
-0.67,2.559,-0.67,2.559,1.7363545129568196e-06,2.123170597992561e-05,106.71947325444776,19.016205253739532,1.1182675130289212,0.0663407060622331,-0.67,2.559,2.710796659083555e-06,2.9040273232028108e-05,9271.953121608974,21.7053398963078,1.1622756152437876,0.0836237329535095
-0.755,2.689,-0.755,2.689,1.7702525582699258e-06,2.078366054751656e-05,95.8221293652152,19.80539633294599,1.1339107760924785,0.060492058454887,-0.755,2.689,2.993345741291672e-06,2.871313345331685e-05,8616.23158694903,24.240782801460007,1.200472771048882,0.0742954189359259
-2.078,0.726,-2.078,0.726,1.072469543428948e-06,1.0804865012683009e-05,12.027119822517472,23.080008782958146,1.171242843265248,0.0519545163080567,-2.078,0.726,6.055944554729343e-06,5.619963196216137e-05,32459.18728257167,25.056405360154034,1.222883717989992,0.0794499499852553
-2.16,0.855,-2.16,0.855,1.4149970618615024e-06,1.577959659954646e-05,22.481423599520827,20.851148881444267,1.1473360236532402,0.0718980011788455,-2.16,0.855,5.908554685298274e-06,5.4071664901284026e-05,30599.23869106877,25.408666033238894,1.2257454561680694,0.0841484115193672
-2.242,0.985,-2.242,0.985,2.3253015857302798e-06,2.1401309181607915e-05,47.238359796155926,25.264417765940824,1.2064507622224203,0.0687457945710606,-2.242,0.985,5.5642628826644805e-06,5.126680891264542e-05,26866.47710985267,25.237230936446437,1.22099670663134,0.0745068896018732
-2.325,1.114,-2.325,1.114,2.510374688765606e-06,2.3316862464006525e-05,74.77609700791497,25.03449205086456,1.2297248372460992,0.0657482864792438,-2.325,1.114,5.024784201178054e-06,4.799689772089754e-05,24416.606033046657,24.343027786412502,1.211481563123333,0.0807378152785816
-2.408,1.243,-2.408,1.243,2.292725749655582e-06,2.1691623470188897e-05,60.2912325161786,24.577086553159447,1.2167768401259114,0.0707113749782142,-2.408,1.243,4.657500099179879e-06,4.284741312389519e-05,20265.742007855297,25.275433533303808,1.2090269015655712,0.0899276450277964
-2.491,1.372,-2.491,1.372,2.2320752253310302e-06,2.445069728657509e-05,140.53628718364317,21.226966073824137,1.1620439906917364,0.0680668411576651,-2.491,1.372,4.292079493301075e-06,4.18286265850217e-05,18433.876230622664,23.85967366612333,1.2037308032736034,0.0830844364372263
-2.575,1.501,-2.575,1.501,2.2322161095160598e-06,2.3225840053915416e-05,140.8364758907872,22.347819485800898,1.1679618535434315,0.0652802931592413,-2.575,1.501,3.829838352929918e-06,3.786932984325015e-05,15991.312249551378,23.51598485778198,1.1946880113825926,0.0871202027633547
-1.728,0.774,-1.728,0.774,1.2711333492056064e-06,1.5234600446718544e-05,21.239117235164613,19.4012803773834,1.096134880792508,0.0649707633566719,-1.728,0.774,6.307773898480328e-06,6.198732443284138e-05,39795.70522340672,23.661570889782958,1.189782391950721,0.0803093290591233
-1.81,0.904,-1.81,0.904,1.5205574152769523e-06,1.7873708620104865e-05,25.19389252690975,19.78146706609519,1.1253570520166507,0.0671640466294566,-1.81,0.904,6.23197508098647e-06,6.091231827185303e-05,37284.47791507743,23.789807451494788,1.1956127479869652,0.0839381108396172
-1.893,1.034,-1.893,1.034,1.90749056063686e-06,2.1788000218121405e-05,41.96378054695265,20.35707488002496,1.1451640313996447,0.0516672425045112,-1.893,1.034,5.524088765469688e-06,5.363030674079744e-05,29059.66582542674,23.95083810673441,1.2011653897378645,0.0773347427846331
-1.975,1.164,-1.975,1.164,1.9260626936986795e-06,2.1308203168138963e-05,36.2660077994084,21.01812342123426,1.1450463888215634,0.062752768985531,-1.975,1.164,5.619195947004087e-06,5.296825218013566e-05,28988.314658324038,24.667712702174764,1.209742281148958,0.0720559694817054
-2.058,1.293,-2.058,1.293,2.3516082715295266e-06,2.4280596370165817e-05,97.36002536003085,22.52039362887672,1.1814250047185202,0.0523190587730983,-2.058,1.293,4.728484856779562e-06,4.56532652458321e-05,22701.692105001897,24.08355007519345,1.199072943248734,0.0802114113375074
-2.142,1.423,-2.142,1.423,2.4400527210378087e-06,2.661230541311229e-05,153.04209718827704,21.319993044686743,1.151011417879065,0.0747422198180688,-2.142,1.423,4.524965219913856e-06,4.398991248240552e-05,21166.557019191016,23.91842040655266,1.1992417506328668,0.0823823318851762
-2.225,1.553,-2.225,1.553,2.2875983616020776e-06,2.2329465256316396e-05,46.99262692754247,23.82164792509363,1.2021775609915926,0.0590863742072394,-2.225,1.553,4.575184877298433e-06,4.3654717985763534e-05,19178.03802285678,24.3695667729766,1.1961018158066052,0.0793151151564873
-2.309,1.682,-2.309,1.682,1.8864330231088832e-06,2.029487805299782e-05,55.20505755499827,21.61350952869673,1.163846772430852,0.0639263792885563,-2.309,1.682,3.5223345501284643e-06,3.682627904469535e-05,15357.42795526724,22.240426465031916,1.175345442725578,0.0877076288196629
-2.393,1.811,-2.393,1.811,2.2890401849291537e-06,2.484104864426293e-05,200.4877716399232,21.42662847366496,1.1510959828802023,0.062459580637657,-2.393,1.811,3.830587687729365e-06,3.7250413246892805e-05,14586.379499096056,23.9113810796557,1.194681981335208,0.0843079152480378
-1.475,0.934,-1.475,0.934,2.5521377125560743e-06,2.800095276316107e-05,70.57283205150607,21.19344922519136,1.1462886760461255,0.0696071564691454,-1.475,0.934,5.820269179161099e-06,6.026402636071167e-05,38088.51734629505,22.457182782531167,1.1652976548085137,0.0804165871483614
-1.557,1.064,-1.557,1.064,2.7695445104084357e-06,2.7268025125652163e-05,66.13398154293333,23.61701532070705,1.165158780386952,0.0647989880985157,-1.557,1.064,5.45196082423529e-06,5.685851031627571e-05,34095.351179864,22.296032923740466,1.1558998365380166,0.0842213320806465
-1.64,1.195,-1.64,1.195,2.3966737180229707e-06,2.5846119551482916e-05,73.14969068936978,21.561745328684623,1.1570818222297412,0.0660147221190792,-1.64,1.195,4.982242375675782e-06,5.3347551679835525e-05,28593.32792434962,21.716043653506556,1.1610232002184806,0.0781999999845593
-1.723,1.325,-1.723,1.325,2.356507166707512e-06,2.554164451483217e-05,81.50205095539094,21.453109838121968,1.1562252930378667,0.0697798721638147,-1.723,1.325,4.943970656357493e-06,5.003321072303051e-05,26454.64953947184,22.976710842819006,1.1841382762965094,0.0729957336989054
-1.807,1.455,-1.807,1.455,2.1309203385715957e-06,2.34982374276924e-05,79.53393849229326,21.086391932555077,1.1593205533763742,0.0752437579242954,-1.807,1.455,4.423733100520918e-06,4.458790184353948e-05,21937.36558647111,23.06971491516672,1.1783834155547257,0.0822050029813525
-1.89,1.585,-1.89,1.585,2.3468816875098373e-06,2.684998087166876e-05,195.5823479738308,20.324392024764236,1.1222922528410604,0.0619642297784944,-1.89,1.585,4.291252734931352e-06,4.2975519291747394e-05,19642.93108095121,23.218454468216407,1.1816537746103926,0.0702130767327392
-1.974,1.715,-1.974,1.715,2.010693617227636e-06,2.24603071391204e-05,102.0228472472217,20.81615706058342,1.136452316804196,0.0635317980584826,-1.974,1.715,3.81332239319205e-06,3.9325633069831285e-05,17353.244391646298,22.54748718003025,1.173525476379845,0.0934221505834765
-2.058,1.844,-2.058,1.844,2.124433566962042e-06,2.219062415339838e-05,79.69898430115065,22.260964889004303,1.153406416386429,0.0599979964615647,-2.058,1.844,3.7901677634612617e-06,3.879135117557576e-05,15920.54571636604,22.719243900818963,1.183266725108431,0.0818110774564017
-2.142,1.974,-2.142,1.974,1.8973135923497583e-06,2.265325760798702e-05,109.05693047723015,19.475059888755776,1.1248577466848058,0.0647472153954933,-2.142,1.974,3.677816376275842e-06,3.470209532062584e-05,13593.1671215912,24.64363066883635,1.1965597037724771,0.0866887051140515
-1.282,1.23,-1.282,1.23,2.6106871341776943e-06,2.94208162923997e-05,79.44001497604555,20.63338388182147,1.1429803347469412,0.058664269699551,-1.282,1.23,5.064977411594979e-06,5.583217254769319e-05,32389.22213516031,21.094213288470726,1.1461054976762766,0.0837980822512323
-1.365,1.361,-1.365,1.361,2.406240813503342e-06,2.6340222127936e-05,77.49215146950131,21.241735822135272,1.147923744091384,0.0623609869256445,-1.365,1.361,5.006979480712245e-06,5.1920213483518e-05,28008.003793313084,22.423824701796924,1.160699562266061,0.0916952607550632
-1.448,1.492,-1.448,1.492,2.582047092871589e-06,2.810997926346406e-05,143.3009097404555,21.35865895864533,1.130932973274389,0.0747246541322559,-1.448,1.492,4.457449648270743e-06,4.687507368816835e-05,23478.62760321743,22.11132816332568,1.160085247560329,0.0838351376787838
-1.532,1.622,-1.532,1.622,2.0890568365711795e-06,2.3370462724359573e-05,73.31380723769458,20.78515618128285,1.143882030705989,0.066908797895777,-1.532,1.622,3.967610286774361e-06,4.400248877661371e-05,20959.86317383403,20.96631538276124,1.1469603571162637,0.0834976065272706
-1.616,1.753,-1.616,1.753,2.206917529260068e-06,2.4225351826634452e-05,70.05401739984411,21.18294598245234,1.1508490360586932,0.0584643498805301,-1.616,1.753,3.905071294124353e-06,4.1687816011217984e-05,18093.842505464345,21.78161970756701,1.165166999504356,0.0846110320594316
-1.7,1.883,-1.7,1.883,2.04724917817733e-06,2.6030089305266093e-05,170.76717300555262,18.287965548541003,1.1008800208083256,0.0721712535933013,-1.7,1.883,3.4850724373620293e-06,3.8027412300218726e-05,16056.93556811189,21.31009488758795,1.1547442939903785,0.0853233192813369
-1.784,2.013,-1.784,2.013,1.9481178513444075e-06,2.258386002941958e-05,111.73418450108048,20.057989520636657,1.118930230812144,0.0695896099492618,-1.784,2.013,3.6603017247971633e-06,3.619983466933125e-05,14213.994613670282,23.51151676361926,1.177843580968334,0.0804868048885662
-3.104,0.047,-3.104,0.047,1.0661237570850257e-07,5.490867468445018e-07,0.1977702377439925,45.14784312072604,1.4950615275067247,0.2026354855481486,-3.104,0.047,6.916175853487653e-06,5.2110003110680185e-05,27701.65719828798,30.86137528617433,1.3318907658703003,0.0802802506987729
-3.186,0.176,-3.186,0.176,1.5606248582615125e-07,6.503764336031792e-07,0.2177296240783255,55.796129248796106,1.608305784547834,0.0814914406425039,-3.186,0.176,6.777101603348144e-06,5.0527300590331135e-05,25270.367564587305,31.188051845669097,1.3284083753067386,0.0789280861284791
-3.269,0.306,-3.269,0.306,1.0557924867742044e-07,5.319725444268401e-07,0.2307736962601455,46.14872386990914,1.5505943895593617,0.1488497635047772,-3.269,0.306,6.069263172395075e-06,4.604631672050109e-05,22464.70715721371,30.64865501896707,1.3190637617429375,0.0816745558934167
-3.352,0.435,-3.352,0.435,8.397385361042586e-08,4.277368393133885e-07,0.1445132018443852,45.649683970160055,1.561558308951822,0.0317985650769682,-3.352,0.435,5.835409573613746e-06,4.432629287462587e-05,20462.863584639454,30.611194689386675,1.3228441073139163,0.0873759753161013
-3.435,0.564,-3.435,0.564,4.6058257483728685e-08,2.656707955398342e-07,0.0754155020109276,40.31197116242911,1.4759824756491178,0.0437707981161184,-3.435,0.564,6.000371776932828e-06,4.649559908896279e-05,20202.646343905933,30.00797292757784,1.3260771726163023,0.0811284114256801
-3.518,0.693,-3.518,0.693,1.1172399259528505e-07,5.693474277056582e-07,0.2023223967723371,45.62884042224353,1.5108647479382384,0.1345538774333013,-3.518,0.693,5.492672441219452e-06,4.170701504662539e-05,17221.984159937325,30.62280291353558,1.3231025308339754,0.0797183258962352
-3.601,0.822,-3.601,0.822,1.0199875251908917e-07,4.620853177437446e-07,0.1325930427735381,51.32666403313531,1.5181259932585045,0.1077711361544541,-3.601,0.822,4.7891338781083456e-06,3.835092987704639e-05,15044.238002764148,29.036978749968817,1.3046245479210192,0.08391968769755
-2.754,0.095,-2.754,0.095,5.31549272156452e-08,2.7248973837610934e-07,0.0879043295177448,45.35902632708865,1.5471267067883565,0.0688629465046781,-2.754,0.095,7.551594381900496e-06,5.883311356115408e-05,34480.818908684225,29.846071123558545,1.302942031624354,0.0780535252375366
-2.836,0.225,-2.836,0.225,3.2629127229786795e-08,1.925205100025686e-07,0.0625381140556731,39.40930731163533,1.432056599568626,0.2039976464845891,-2.836,0.225,6.956034101757712e-06,5.387388072440284e-05,29720.25312130327,30.02297949236728,1.3104842400137364,0.0788849323384673
-2.919,0.355,-2.919,0.355,7.782285003376071e-08,3.598718769624413e-07,0.1673652717798518,50.283971328441766,1.5787793510235708,0.0189717091054007,-2.919,0.355,6.469980791816986e-06,5.228578737424231e-05,27869.88942234816,28.77330083524193,1.3011891907773454,0.0775097867145845
-3.002,0.485,-3.002,0.485,1.4778804942531241e-07,7.258102029634232e-07,0.326922531266217,47.34635998277849,1.4915711922831156,0.0219351984749796,-3.002,0.485,7.028356348363815e-06,5.059342996908865e-05,25047.25377600804,32.302043455980815,1.3187010582861125,0.0769873841300413
-3.085,0.614,-3.085,0.614,2.772606631315322e-07,1.970798795662468e-06,1.2654836410886705,32.71269443534375,1.3091795681258291,0.0743603885218745,-3.085,0.614,5.571075158672048e-06,4.537250096419894e-05,21490.168464107588,28.55069249846073,1.2903933838952528,0.083311651918227
-3.168,0.744,-3.168,0.744,3.650991069759948e-07,2.7932889757206585e-06,1.8042046289405984,30.39241781006344,1.2951423213505668,0.0620418807941911,-3.168,0.744,5.383859005588172e-06,4.361018923265064e-05,19494.19352910079,28.70622300267769,1.2995079112031636,0.0746742178361821
-3.252,0.873,-3.252,0.873,1.2160612629300216e-06,1.1017826969315447e-05,14.242036024289543,25.664325474661176,1.251052974402386,0.0655869369039856,-3.252,0.873,5.285773509013751e-06,4.1837683145065344e-05,17954.481814601128,29.3772589288716,1.2992144916692778,0.0775827547045451
-3.335,1.003,-3.335,1.003,1.822183313660836e-06,1.4575015647041909e-05,24.695115364487155,29.070559021119948,1.2894052622041017,0.069997382106282,-3.335,1.003,4.331373760912572e-06,3.725114731714616e-05,14579.142303717326,27.036866430833182,1.2702310841866626,0.0832039833431123
-3.419,1.132,-3.419,1.132,1.6121742057024236e-06,1.3672623371147631e-05,22.17385636938767,27.417664957458115,1.282174576264377,0.0614271335606346,-3.419,1.132,4.155066031245989e-06,3.565458677054231e-05,13466.409484764514,27.09772743194925,1.2724420448398386,0.0840649190167757
-2.501,0.254,-2.501,0.254,6.64107169810466e-08,3.377504942103311e-07,0.1892321952475572,45.720663406960334,1.5216385852911134,0.031113273915916,-2.501,0.254,7.176605429069684e-06,5.875614032227865e-05,35691.997232598536,28.40116517038328,1.2797379364025387,0.0831986989612265
-2.584,0.385,-2.584,0.385,9.683421436788029e-08,4.03603986042837e-07,0.1565157189969269,55.78837792252899,1.643197365713423,0.0069736498068605,-2.584,0.385,6.585108586061448e-06,5.60576913117926e-05,31527.1315850106,27.31480349730805,1.2669071237396958,0.0780627016243457
-2.667,0.515,-2.667,0.515,3.55282530061978e-07,1.450238570536095e-06,0.8029060873540282,56.96456024232679,1.5039172976452904,0.0527443274303395,-2.667,0.515,6.769357398721245e-06,5.501558627241161e-05,29372.07270477318,28.61093470091176,1.2907001699753693,0.0780865194388185
-2.75,0.646,-2.75,0.646,2.806511772230353e-07,2.6104374495101767e-06,1.7508899488340923,24.999074142998115,1.224249696819382,0.0754235522190889,-2.75,0.646,6.167325481834631e-06,5.128370032172272e-05,25990.95169802205,27.963264000685008,1.2794590474765843,0.0843880305524648
-2.833,0.776,-2.833,0.776,1.1225243160987134e-06,1.0736934036208051e-05,13.367599913601977,24.310048207379246,1.2144404240719866,0.0557878889555907,-2.833,0.776,5.340655386494249e-06,4.4523104013534494e-05,21435.16980253783,27.891987928976043,1.279318978924467,0.0844018848477003
-2.917,0.906,-2.917,0.906,1.1603422040792996e-06,1.1576848209860284e-05,13.753137135710148,23.305911729533413,1.2138209720869229,0.0640834132882335,-2.917,0.906,4.86725495089542e-06,4.175875701920809e-05,18647.687595240972,27.102345667531683,1.2681283425679524,0.0802713330944743
-3.0,1.036,-3.0,1.036,1.8015020561757573e-06,1.6076154992923877e-05,32.405364994646376,26.05691072885691,1.2581594540406589,0.0679429875882319,-3.0,1.036,4.849792776499242e-06,4.249742845487763e-05,18416.501145549784,26.535720155008672,1.2536489675473417,0.0883144654962223
-3.084,1.165,-3.084,1.165,1.855409503705799e-06,1.6152900397251817e-05,30.693767387923057,26.709121841058646,1.2627553725760985,0.0704134391564618,-3.084,1.165,4.453527511799672e-06,3.814563847826018e-05,15708.729345164347,27.14748479955144,1.2605148039442675,0.0863849739337354
-3.168,1.295,-3.168,1.295,2.0194320996659582e-06,1.6588762029199976e-05,32.75217118585637,28.30646428520491,1.278213580079557,0.0552587607525771,-3.168,1.295,4.492038659214945e-06,3.8121903639893005e-05,15016.411338024363,27.3992864967556,1.2658489307143663,0.0757086791894593
-2.309,0.551,-2.309,0.551,3.826834680801081e-07,2.367916302510756e-06,1.5234852387217217,37.57886865536645,1.3217759422866098,0.0478272456965006,-2.309,0.551,6.349687319448856e-06,5.6180650116817375e-05,32894.73927529514,26.28063936715101,1.245877594691272,0.0835727066133588
-2.392,0.682,-2.392,0.682,5.830936456159146e-07,5.739212513253359e-06,4.579738342970873,23.62415862129969,1.184356415082379,0.0696849136360055,-2.392,0.682,6.2537145973216034e-06,5.370165451047837e-05,29659.655563578028,27.0782590496842,1.2542549990111016,0.0833937301745618
-2.475,0.813,-2.475,0.813,1.485380752476502e-06,1.5330427265784646e-05,25.85652554003774,22.52962072297052,1.1811670163058097,0.0614782151565119,-2.475,0.813,5.727476176267842e-06,5.145763675955531e-05,26801.740659630297,25.88116383799864,1.2446309035147558,0.0795179075463295
-2.559,0.943,-2.559,0.943,2.418692595679635e-06,2.0194096300747863e-05,45.609188397513634,27.85008979074634,1.2735983629447023,0.056306480043503,-2.559,0.943,5.178806610116232e-06,4.788513584991547e-05,23892.68757511408,25.14776060296452,1.2269070596058604,0.0892718379684666
-2.642,1.074,-2.642,1.074,2.077086647635773e-06,1.891318762299209e-05,38.18947427431943,25.536432818660344,1.240339568011914,0.059790048412573,-2.642,1.074,4.9392336008217295e-06,4.543464335553977e-05,21955.071517944503,25.27800473162308,1.2330921347181203,0.0850305970899995
-2.726,1.204,-2.726,1.204,1.901936091364753e-06,1.920108910109681e-05,59.42548070612041,23.032464177673592,1.2074652300945627,0.0714165903021593,-2.726,1.204,4.7353814266912015e-06,4.110167254235084e-05,18547.14835637071,26.789574706303465,1.2506348722400558,0.0833362045296294
-2.81,1.334,-2.81,1.334,1.977519152802326e-06,1.937960007979877e-05,64.95838108727601,23.727186034118997,1.2093146917390991,0.0640699727343628,-2.81,1.334,4.093894404472243e-06,3.83559594811139e-05,15952.444738507267,24.81842017830329,1.2242308954239955,0.0925422239180723
2.108,-7.847,2.108,-7.847,3.034543773921581e-07,2.4488387252133315e-06,6.556237123496548,28.81400119098397,1.3168703602406313,0.0649929653872353,2.108,-7.847,3.4461280086406626e-07,2.733697327281759e-06,62.81572754010352,29.312396390044672,1.3307737529007255,0.0882879180196177
2.037,-7.711,2.037,-7.711,3.145619333552688e-07,2.5457192155468927e-06,6.541510086000349,28.73201022283948,1.3114828372067322,0.0568518543241785,2.037,-7.711,4.260704985360061e-07,2.9410884375080787e-06,70.67063653575445,33.685556627951776,1.3734820337558946,0.0781520431141665
1.967,-7.574,1.967,-7.574,3.0942985827063497e-07,2.601641510390529e-06,7.823304785901386,27.65572911208585,1.292960647119766,0.0630157586185191,1.967,-7.574,3.919904924669825e-07,2.922469880400683e-06,74.98373170613644,31.188596890825263,1.3474150583202136,0.0856796745585317
1.896,-7.437,1.896,-7.437,3.852203196909447e-07,3.029023115099116e-06,9.499289784269484,29.571744644866502,1.3158567671769756,0.0547319397109189,1.896,-7.437,4.506101384652087e-07,3.3290074526082643e-06,93.48553321051304,31.47433326626538,1.3527066056542585,0.0770798417435051
1.825,-7.301,1.825,-7.301,3.456608915141577e-07,2.980850825118435e-06,9.692437361611589,26.963753656692216,1.2809263150474826,0.0634279494175077,1.825,-7.301,5.329085871664187e-07,3.781003287561885e-06,111.4386994234356,32.772985890922726,1.3667749086818468,0.0773191667748688
1.754,-7.165,1.754,-7.165,3.706616605608874e-07,3.302977124647682e-06,10.96427284547682,26.094107589177725,1.2783022030912998,0.0675408269758473,1.754,-7.165,4.453681564917983e-07,3.6187917101293984e-06,114.21727998882989,28.617119883347566,1.309845887131507,0.0844285947473841
1.682,-7.029,1.682,-7.029,4.42432321625226e-07,3.539790757228013e-06,11.97066168938104,29.06294387528664,1.3062747604130716,0.0616267636350538,1.682,-7.029,4.856606933171699e-07,3.88242400077724e-06,129.85299832252582,29.087094373881254,1.3247183663412143,0.0808396517303661
2.464,-7.832,2.464,-7.832,3.259720869263896e-07,2.502549474637975e-06,6.149211618411447,30.28782507431166,1.320924282623525,0.060188929742945,2.464,-7.832,3.939725569755767e-07,2.841186527751406e-06,64.81456766432895,32.243083802316484,1.3571153615420024,0.0829829470758367
2.393,-7.695,2.393,-7.695,3.106268193761477e-07,2.584641672636189e-06,6.829931496118479,27.94531151028269,1.3120684448940176,0.0687256809294356,2.393,-7.695,3.712064645927512e-07,2.904753347251496e-06,70.97010032103911,29.71506041878561,1.3290088493224137,0.0994467077290003
2.323,-7.558,2.323,-7.558,3.377171114148756e-07,2.723930675566759e-06,7.674895221375475,28.828852958221614,1.3122098305341197,0.0585375670657768,2.323,-7.558,4.31874294944925e-07,3.2515401723995003e-06,84.37716953178423,30.8843580897705,1.342869577830966,0.0747483053517602
2.252,-7.421,2.252,-7.421,3.434654233976444e-07,2.869300086628917e-06,8.32097025122386,27.83411385508976,1.297378003465246,0.0562483229966515,2.252,-7.421,4.162965690348283e-07,3.223410182228353e-06,90.18023038996832,30.030157207857037,1.3299886978290134,0.0799984100927324
2.181,-7.284,2.181,-7.284,4.056022876899814e-07,3.3642205544275697e-06,10.753795651861296,28.03407839808394,1.299349287752242,0.0560169419535596,2.181,-7.284,4.659132292039166e-07,3.6564209912138943e-06,108.13180622022335,29.62915023575839,1.3338744563473257,0.0835204083873156
2.109,-7.147,2.109,-7.147,4.1436674055872454e-07,3.387621912819272e-06,12.173251586081394,28.442011214147584,1.3026015034843963,0.0570052782533376,2.109,-7.147,5.278762744956471e-07,3.696536906595212e-06,117.67172547454231,33.20530272610803,1.3527032565885782,0.0813975506874389
2.038,-7.01,2.038,-7.01,4.032212843356526e-07,3.4747146503448813e-06,12.291061615820125,26.98327446013536,1.2853253170466954,0.061533042259157,2.038,-7.01,5.337321245847336e-07,3.896514347134208e-06,126.59796812805176,31.850584826540487,1.3426914169509323,0.0789636822769962
1.966,-6.874,1.966,-6.874,4.883303320558838e-07,3.900735076560719e-06,13.764662856369435,29.10969082027216,1.299680316930433,0.0640119647887634,1.966,-6.874,5.197023377600356e-07,4.13053402577817e-06,146.43095441507663,29.25626047105926,1.3173862560163971,0.0924592741884685
1.894,-6.737,1.894,-6.737,4.356526625365145e-07,3.825609503270476e-06,14.056498113075898,26.479518432372,1.276927166502793,0.0587089245091149,1.894,-6.737,5.054909897319867e-07,4.137051662986372e-06,163.06145118472884,28.41141226481012,1.3052747310607935,0.0830207527105327
2.733,-7.696,2.733,-7.696,2.958940780323887e-07,2.517812657166771e-06,6.700113655005748,27.326449539047168,1.30208588571979,0.073408299290587,2.733,-7.696,4.4740856389008973e-07,3.0177316189250862e-06,73.15491997055858,34.47418651752808,1.3788399065764132,0.0754930488569704
2.662,-7.559,2.662,-7.559,3.7435487501780354e-07,2.811128303129024e-06,7.728264902547655,30.965148913054527,1.328811985995037,0.068817137068105,2.662,-7.559,4.909595272525318e-07,3.3625016136062103e-06,86.14117770129364,33.9510756453807,1.3765395500596762,0.074102325099269
2.591,-7.421,2.591,-7.421,3.992999178867911e-07,3.032657451505362e-06,8.847856276041417,30.615842169418503,1.328382400063103,0.0671453943065189,2.591,-7.421,4.833879181976812e-07,3.32980289030438e-06,90.27370808307582,33.755738442508104,1.3741777207710943,0.0714741692535589
2.52,-7.284,2.52,-7.284,4.001838329876763e-07,3.2136630900921152e-06,9.40189836204192,28.95539823810699,1.3101069395956146,0.0625234203491046,2.52,-7.284,5.040378586559034e-07,3.647950851066588e-06,105.63239795026148,32.12806183499791,1.3541179019138094,0.0779798213656913
2.449,-7.147,2.449,-7.147,3.782666139053892e-07,3.3808754037086035e-06,11.569667255705085,26.01592030367464,1.2808844717148544,0.0700265064558227,2.449,-7.147,5.147624875765665e-07,3.997057831545783e-06,125.46883200398968,29.945861152481516,1.3373108303738577,0.0748080817050833
2.377,-7.009,2.377,-7.009,4.768246374458402e-07,3.708055526922125e-06,12.240706824972182,29.90079984719853,1.3062779984965172,0.0614495995557518,2.377,-7.009,4.901716437739292e-07,3.819179463327588e-06,129.4444028465347,29.843411349701345,1.3217783458697137,0.0834991955780356
2.305,-6.872,2.305,-6.872,5.459102966318401e-07,4.143800721689603e-06,15.1426513171314,30.633228586645757,1.32798541109488,0.0608000895617754,2.305,-6.872,6.353407357497342e-07,4.311321161098983e-06,151.27955030985763,34.26625744545867,1.368619078172614,0.0778858336492487
2.233,-6.735,2.233,-6.735,4.817817738375926e-07,3.910189667140034e-06,14.446971329597822,28.649885466444346,1.300090077056382,0.0626829524420541,2.233,-6.735,5.271872026842494e-07,4.332180164274415e-06,162.19074509757198,28.296237851196253,1.3069601885671156,0.0930520082264149
2.161,-6.598,2.161,-6.598,4.993605233185991e-07,4.217306847611522e-06,17.355989491970963,27.532734887729152,1.278491087571049,0.0728761747673343,2.161,-6.598,6.095368248013788e-07,4.731160948620464e-06,194.07505726503985,29.957293439564925,1.3198463130569764,0.088297131317139
2.954,-7.419,2.954,-7.419,3.848688733619548e-07,2.980092842140613e-06,8.242181760145447,30.02986236847929,1.3177917549631,0.0560571888513769,2.954,-7.419,4.591102623046129e-07,3.308243448052465e-06,92.22913350743808,32.2693254417868,1.355096584325567,0.0748649835235964
2.883,-7.281,2.883,-7.281,3.534113557971944e-07,3.0638286505549325e-06,9.269882673705276,26.821704572296003,1.2862827383889397,0.0592104198677035,2.883,-7.281,4.608247431305492e-07,3.444130313932149e-06,100.56380498519655,31.111901986983824,1.3456568990452915,0.0786076924442908
2.811,-7.143,2.811,-7.143,4.140645567192568e-07,3.4035574408263087e-06,11.649846762283696,28.28820041911253,1.3077580501381043,0.0693028739375322,2.811,-7.143,4.867116221889056e-07,3.556811036099634e-06,110.57268761130176,31.8186149863135,1.3450432011505409,0.0820273606964633
2.74,-7.005,2.74,-7.005,4.439025130908605e-07,3.476898624147294e-06,11.897001280230263,29.686973387134184,1.3017151486905705,0.0678887767004301,2.74,-7.005,4.777284647447071e-07,3.780329143919913e-06,125.81499794694577,29.384739974354435,1.320218778379181,0.0774877500753002
2.668,-6.868,2.668,-6.868,4.315004981350747e-07,3.703069576392717e-06,13.852457876445982,27.09503878217439,1.2840660084674915,0.0711804900349635,2.668,-6.868,5.137584221807551e-07,4.062312679280072e-06,142.38372144598122,29.40735428163792,1.3233868397442488,0.0780528714217214
2.596,-6.73,2.596,-6.73,4.4473223517762746e-07,3.983627788609594e-06,16.71334951535457,25.95913419854959,1.274907222859376,0.06665416161684,2.596,-6.73,5.432464196297016e-07,4.476813482613247e-06,167.73337106197746,28.216180152492115,1.3158199708142888,0.0764147161415319
2.524,-6.593,2.524,-6.593,4.821790982685506e-07,4.119070121275588e-06,16.959351962663046,27.219462360590207,1.2824777606693034,0.0661256106989915,2.524,-6.593,5.382818696066202e-07,4.379893237652262e-06,181.55231613376927,28.576996082532663,1.3071539175506066,0.0870779086725117
-2.467,-2.155,-2.467,-2.155,1.5561510624492762e-06,1.4707610688186048e-05,7.482054173797812,24.602541645512822,1.1944119517703575,0.0600475172053831,-2.467,-2.155,2.8523223763879814e-06,3.013128491004401e-05,10010.282431225733,22.011584411566584,1.1742779184316563,0.0820421380841751
-2.546,-2.024,-2.546,-2.024,1.3560072583769075e-06,1.4107629588339147e-05,8.217339884852258,22.350040452993845,1.1637168507391296,0.072002183386523,-2.546,-2.024,2.9576060459212213e-06,3.167521399633027e-05,11138.941533260991,21.711564307498765,1.1628404438605966,0.0859238730490634
-2.626,-1.892,-2.626,-1.892,1.3071837735812514e-06,1.377522674791591e-05,8.73815169854692,22.065218859917607,1.168507417423703,0.0656634983859013,-2.626,-1.892,3.3230152317871232e-06,3.2551964564701034e-05,11932.857370771671,23.736980633621343,1.2017756476088233,0.080145110984951
-2.706,-1.761,-2.706,-1.761,1.486856273444905e-06,1.554552234205167e-05,13.538853267134122,22.23996082433638,1.1752595096634904,0.0661859299415717,-2.706,-1.761,3.768424759654458e-06,3.587712869201742e-05,13733.186623867472,24.42375966250944,1.2124164206230932,0.0785876587496695
-2.785,-1.63,-2.785,-1.63,9.061835515440344e-07,9.256193358170611e-06,3.9607173596474583,22.76428971826848,1.1781531303782549,0.0595022480794246,-2.785,-1.63,3.4547044507780857e-06,3.43786026097044e-05,13386.271197979637,23.36646565289262,1.2022628521832124,0.0786322266063879
-2.865,-1.499,-2.865,-1.499,1.4533811971259142e-06,1.31828050736499e-05,11.78512027339452,25.63551546305952,1.1987555992394932,0.0645060406032934,-2.865,-1.499,3.7384929816224414e-06,3.621242931253675e-05,14167.628138049917,24.00541712446123,1.202912394858827,0.0794514411407084
-2.946,-1.368,-2.946,-1.368,8.933168900374011e-07,9.657490586603416e-06,6.89728266252168,21.50857307906241,1.172133747340002,0.0702295802142212,-2.946,-1.368,3.9600019920617375e-06,3.680969686934159e-05,14601.419873611623,25.01517301346124,1.2229007779515308,0.0874399848865646
-2.116,-2.115,-2.116,-2.115,8.412226385883453e-07,9.85609545451788e-06,2.215094691299851,19.84615588953505,1.1250740184535255,0.0681704205515336,-2.116,-2.115,2.9518088771450275e-06,3.154552889018035e-05,11236.336058603389,21.758090003790134,1.1572389526687326,0.0823417228412676
-2.195,-1.983,-2.195,-1.983,7.469488315590143e-07,8.556958475885449e-06,1.9676197214493905,20.297463789975048,1.1364715426108467,0.0567441449345245,-2.195,-1.983,3.046829159932662e-06,3.3445789060157284e-05,12383.57888799056,21.1824897335985,1.1587172692277743,0.081083752514622
-2.275,-1.851,-2.275,-1.851,4.487952992435703e-07,4.824694500375709e-06,0.8639973958989445,21.62961692937752,1.149632878447403,0.0567565029892259,-2.275,-1.851,3.969292932331951e-06,3.8207199055927945e-05,15215.663253661676,24.15673846569701,1.2011960783172788,0.0747186809920497
-2.355,-1.72,-2.355,-1.72,8.347670637785315e-07,8.808387212884785e-06,3.406593460388401,22.03632937881773,1.1636712025223723,0.0597225259455996,-2.355,-1.72,3.856219146123023e-06,3.8522107776783376e-05,15723.465903312575,23.27673231462545,1.1894696952148298,0.0757612935324216
-2.435,-1.588,-2.435,-1.588,1.0591372982594571e-06,1.2101017580933332e-05,7.126024763085401,20.351701208476232,1.135655622836879,0.0610693297618183,-2.435,-1.588,4.1186335833782445e-06,3.94797404547769e-05,16503.92496008117,24.257677342530386,1.19608203294865,0.0844600104129081
-2.515,-1.457,-2.515,-1.457,1.1897933909075168e-06,1.3630858211188238e-05,11.60277908660968,20.29638533155592,1.1415411505180215,0.0665816478499491,-2.515,-1.457,3.8391210614188056e-06,3.8007858311041006e-05,15984.910309743833,23.487065361747103,1.19520225595643,0.0765349911539307
-2.595,-1.325,-2.595,-1.325,1.3657802586929637e-06,1.4116692946909522e-05,13.27551950040289,22.496668569773657,1.173903660091382,0.0617269434577308,-2.595,-1.325,4.006014351407644e-06,3.955960101929698e-05,17024.22952076359,23.54674851933411,1.201648172153298,0.075833252812869
-2.676,-1.194,-2.676,-1.194,4.5778172793202326e-07,4.416714989438881e-06,2.1197252714912405,24.100687223735854,1.192488477784227,0.0830371834112074,-2.676,-1.194,4.614827245514604e-06,4.292468232648156e-05,19187.956435344902,24.99877373951554,1.2255971091905855,0.0764223757054711
-2.756,-1.063,-2.756,-1.063,1.4875242891064038e-07,1.4985480967571944e-06,0.6045258820851558,23.08148395234422,1.1784529735317033,0.067851993356061,-2.756,-1.063,4.8687948641425725e-06,4.383657057901304e-05,19650.0318051432,25.82588741153652,1.2406337233878348,0.084544580952095
-1.859,-1.961,-1.859,-1.961,1.3855210220193229e-06,1.54959952521146e-05,7.315122405722917,20.79045492848413,1.1562684702822985,0.0674544303824606,-1.859,-1.961,3.189816808081537e-06,3.590929718641577e-05,13669.193471790046,20.65518953504553,1.1500449758684428,0.0795710842513681
-1.939,-1.829,-1.939,-1.829,1.141918025492087e-06,1.2671738413818582e-05,4.902390950135408,20.954103125937213,1.163523160321216,0.0655649141815503,-1.939,-1.829,3.861202095296691e-06,3.725646404820967e-05,15434.314411598947,24.098568556133152,1.1665833715977585,0.0833999310521314
-2.019,-1.697,-2.019,-1.697,1.0494107071324514e-06,1.291935899024118e-05,7.131885988036428,18.887517181872752,1.1099107668740202,0.0603508990368696,-2.019,-1.697,3.790521794715449e-06,3.872515939319878e-05,16791.331802354478,22.76020302201912,1.1728266002541223,0.0770157199194283
-2.099,-1.565,-2.099,-1.565,1.3791106610381602e-06,1.5719503985409395e-05,12.111784536370502,20.400021501178237,1.1353878681394094,0.0625955639832314,-2.099,-1.565,4.1848823089496655e-06,4.25734146818231e-05,18838.447558937874,22.856783331567044,1.1812524513642229,0.0975575112772214
-2.179,-1.433,-2.179,-1.433,1.824897678465971e-06,1.8668649662966417e-05,22.617441288845267,22.729818114725,1.1650848723737188,0.0710886079571379,-2.179,-1.433,4.301454771940021e-06,4.2899919294429104e-05,19981.044388709648,23.31466787869736,1.1862045308212634,0.0791218811550456
-2.259,-1.301,-2.259,-1.301,1.122071107862772e-06,1.2695883458780508e-05,10.544038804749912,20.5507558771447,1.1319354787480125,0.0646680957213326,-2.259,-1.301,5.427000024048468e-06,4.732783191309807e-05,22592.165658831305,26.66327925137823,1.2198571008916368,0.0728708430158411
-2.34,-1.169,-2.34,-1.169,6.429617345002224e-07,6.967362577885735e-06,4.33382157328773,21.457892385158488,1.1494811352391872,0.056278216813843,-2.34,-1.169,4.471450180054687e-06,4.465573671181733e-05,21195.353252523877,23.28313655574021,1.19377215581523,0.0785666671100059
-2.421,-1.037,-2.421,-1.037,4.726215219948705e-07,5.286269483491287e-06,3.2970341934821263,20.789045184472982,1.1364564217319937,0.0849259728313362,-2.421,-1.037,4.970845709341312e-06,4.679403797218511e-05,23027.75311150488,24.70074815293132,1.2108562386730255,0.0814798631975007
-2.502,-0.906,-2.502,-0.906,3.252130365098241e-07,3.0947406208859e-06,1.6759760137746342,24.43509537986036,1.194497569246601,0.0527616397621964,-2.502,-0.906,5.589035613850638e-06,4.789312436374321e-05,24261.76480869659,27.13526423049404,1.2486876149432038,0.0888606025910246
-1.66,-1.669,-1.66,-1.669,1.376782801357227e-06,1.6809953915625463e-05,11.497953856179237,19.04448605029721,1.110975855779314,0.0630478275329159,-1.66,-1.669,3.66808004448486e-06,4.13584830022603e-05,18798.834282562333,20.62265379267949,1.1398865235892843,0.0773016327498602
-1.74,-1.537,-1.74,-1.537,1.400183867043898e-06,1.670267322335475e-05,15.03469080843697,19.49258480957844,1.1093768775655204,0.0628143895146619,-1.74,-1.537,4.549321443763733e-06,4.7334531591112287e-05,22580.723138578334,22.348011585858558,1.1660508928817594,0.075426245056999
-1.82,-1.404,-1.82,-1.404,2.026218573025654e-06,2.0038080128169284e-05,22.47745936969484,23.51259322965489,1.1736264695663303,0.0551936588409419,-1.82,-1.404,4.320909936519036e-06,4.43635896455894e-05,21459.596851819988,22.647427716677196,1.1751641729513076,0.0814295370240425
-1.901,-1.272,-1.901,-1.272,1.2577045959335155e-06,1.2868519002607648e-05,9.739529793069488,22.725865252774117,1.1422587098148418,0.0611894015581482,-1.901,-1.272,4.901930411689017e-06,4.995135158393379e-05,24960.573799106834,22.81866567476435,1.177008558831497,0.0759938682716453
-1.981,-1.139,-1.981,-1.139,7.231054279515815e-07,8.297337926861995e-06,5.408576945702853,20.2643739484326,1.1304797673273508,0.069714934645897,-1.981,-1.139,4.872342011946604e-06,5.04553035818042e-05,25873.706583798405,22.4543914656418,1.1808953655587893,0.0753159288053117
-2.062,-1.007,-2.062,-1.007,3.864761536646778e-07,3.6864116187372193e-06,1.9243116712541255,24.377503284786695,1.1608154152837626,0.0720388485087639,-2.062,-1.007,5.409317992065028e-06,5.093909408858408e-05,27317.721868275283,24.692305587762075,1.204366679722225,0.0861293150639224
-2.143,-0.875,-2.143,-0.875,1.8170987728809494e-07,7.833925017027991e-07,0.252673312862649,53.93484963758395,1.544240815806554,0.0250949409172957,-2.143,-0.875,5.223237050622777e-06,5.087876726135511e-05,27877.935621016,23.87115889140602,1.201572308985759,0.0839055045050399
-3.534,-2.77,-3.534,-2.77,1.6921297797006233e-06,1.6730278490515646e-05,146.03659593980552,23.518024907874825,1.2079831259295366,0.0667817244472728,-3.534,-2.77,1.993915842884612e-06,1.924933160329392e-05,4269.169309900452,24.085824504134354,1.2235308018176156,0.0792753527666653
-3.613,-2.639,-3.613,-2.639,1.8038597334283064e-06,1.7282199421553006e-05,142.27074687494095,24.27024159729673,1.2243995790817674,0.0575770746942069,-3.613,-2.639,2.405283815398476e-06,2.149096081751368e-05,5101.570288350447,26.0244071145481,1.236739535801075,0.0788823065218204
-3.693,-2.508,-3.693,-2.508,1.4387215162834304e-06,1.4909490872219964e-05,55.92111016701881,22.438006665685208,1.2007784428539017,0.0772678964212942,-3.693,-2.508,2.272360372993617e-06,2.081245197034092e-05,5072.803575204163,25.387755439725137,1.2379615226708691,0.0867818078277962
-3.772,-2.376,-3.772,-2.376,1.636297903365997e-06,1.4908722716997047e-05,51.76833895639556,25.52068246702688,1.2269846444390795,0.0635772772030418,-3.772,-2.376,2.4964310596681778e-06,2.2068298403175863e-05,5365.7837068051,26.30395646552508,1.252129733116618,0.0824784048762472
-3.852,-2.245,-3.852,-2.245,1.5363817303987042e-06,1.5930909314439885e-05,119.9796607743754,22.42481744917385,1.202822774222163,0.0629344584934548,-3.852,-2.245,2.7672025706667896e-06,2.3405368165680255e-05,5861.295721684934,27.491334560255023,1.2596371270885565,0.0766597170366203
-3.932,-2.114,-3.932,-2.114,1.8709268474258992e-06,1.635390180166822e-05,89.74999997847782,26.60147811765994,1.2513490002153422,0.0593805838747771,-3.932,-2.114,2.716372123461833e-06,2.2732056897170696e-05,5767.707861448695,27.78567029670198,1.2696457434439594,0.0758044681618074
-4.012,-1.984,-4.012,-1.984,1.320081086299612e-06,1.2169877523894329e-05,15.956446749912002,25.222303582832428,1.2470888897569556,0.0651360880180514,-4.012,-1.984,2.524372325757464e-06,2.3217732125141888e-05,5979.744587306531,25.281565425475044,1.2474985186552057,0.0739366192582763
-3.183,-2.731,-3.183,-2.731,1.7122051441856473e-06,1.7732086695601997e-05,117.90740149718626,22.452582410756317,1.1969404006574942,0.0494608753481462,-3.183,-2.731,2.0799829193447623e-06,2.108179190712172e-05,5106.870647430259,22.94154139781661,1.1994327067769674,0.0825637238624002
-3.262,-2.599,-3.262,-2.599,1.6982514800034452e-06,1.6101381375705136e-05,62.53936923226469,24.52501109567987,1.2056796757885824,0.0633687393100376,-3.262,-2.599,2.4693787017689773e-06,2.2527934511086156e-05,5573.3455415744,25.488053536495443,1.2181579442511865,0.0823045573062976
-3.341,-2.467,-3.341,-2.467,1.355511916772354e-06,1.284482668807538e-05,25.696533304746403,24.53835463557077,1.209147711242128,0.0667331850281687,-3.341,-2.467,2.5829108718809477e-06,2.3616029540286177e-05,6240.648993546248,25.431553171702063,1.2253295272498868,0.0730122540665882
-3.421,-2.335,-3.421,-2.335,1.4842094492472737e-06,1.437816064626224e-05,37.49824296545192,24.0028166739114,1.211829626924423,0.0681489853387244,-3.421,-2.335,2.4057826159275723e-06,2.338289720837461e-05,6268.409192145897,23.92370339702544,1.2241509583507444,0.0880639209568074
-3.501,-2.203,-3.501,-2.203,1.585193286124003e-06,1.6009267416210078e-05,64.46523663422361,23.02401782285136,1.201085466990372,0.0607826402049858,-3.501,-2.203,2.5886965159038943e-06,2.4251106353920163e-05,6587.783783675498,24.82103749006245,1.2324978859031552,0.0801887301260722
-3.581,-2.072,-3.581,-2.072,1.413386791009765e-06,1.38530489952194e-05,37.161830637934905,23.723895676042016,1.2132550224006948,0.0722180874598504,-3.581,-2.072,2.699095461508857e-06,2.517179947633225e-05,7180.712925970681,24.932988062919183,1.2344982077705189,0.0810301774455552
-3.662,-1.941,-3.662,-1.941,1.610231592156643e-06,1.5599276573595915e-05,60.89053632349312,24.002375877884656,1.2226296827530292,0.065877059822592,-3.662,-1.941,2.733350284966799e-06,2.4439860272570276e-05,6986.801709876008,26.005602500983887,1.231954480665163,0.0872624739580738
-3.742,-1.809,-3.742,-1.809,1.3084759266046477e-06,1.244487659072313e-05,21.12046640428106,24.448121215345708,1.2432913332184397,0.0661330331168385,-3.742,-1.809,3.057383060580744e-06,2.6668254937627916e-05,7863.227420851688,26.657879742575208,1.2603038846534802,0.0755621273563826
-3.823,-1.678,-3.823,-1.678,1.6075939476119646e-06,1.3053343513220915e-05,25.35350301379947,28.636830102980586,1.2914762736362664,0.058279779001501,-3.823,-1.678,3.490457894957937e-06,2.900256922246681e-05,8422.927435942645,27.98441799247493,1.2796201768084818,0.0859857770984777
-2.926,-2.577,-2.926,-2.577,1.5062401924297985e-06,1.5979927737005197e-05,39.99250491927526,21.917437088281023,1.183965234019054,0.0588363723125256,-2.926,-2.577,2.501767552712558e-06,2.5407972883769208e-05,6834.504833804004,22.89534994216412,1.2058917111938467,0.0792570654479752
-3.005,-2.445,-3.005,-2.445,1.7019065182136671e-06,1.616848205130093e-05,42.67104081081296,24.475794620564564,1.198243528363654,0.0676744905524867,-3.005,-2.445,2.579705882445721e-06,2.5442709293814412e-05,7098.97786550343,23.576383421709096,1.2113838921962252,0.0753184352508999
-3.085,-2.312,-3.085,-2.312,1.7044740741391016e-06,1.5727677448043084e-05,16.67537083273286,25.199745430916487,1.2340044857733732,0.0744737183461028,-3.085,-2.312,2.975246361858677e-06,2.750393988902692e-05,8065.13718503195,25.153496897153907,1.230265927887476,0.0722049312529233
-3.165,-2.18,-3.165,-2.18,1.464324219128223e-06,1.4517828490397607e-05,14.752545569092083,23.45340653373811,1.199824735127402,0.0637560147699287,-3.165,-2.18,2.5368863047539204e-06,2.602338765709695e-05,7686.82029841962,22.667703342290324,1.1948446019429122,0.0872390575002114
-3.245,-2.048,-3.245,-2.048,1.328503145624572e-06,1.3164404975168185e-05,10.813737792657834,23.465602017910086,1.2034958490965657,0.0647691727743007,-3.245,-2.048,3.1530002950493367e-06,2.7067577092624403e-05,8400.144678228045,27.08600638925196,1.2461548766844388,0.080207807239049
-3.326,-1.916,-3.326,-1.916,1.5724904186592764e-06,1.4724907344974464e-05,13.62409274781474,24.83166180774086,1.2293167519875798,0.0607441315093583,-3.326,-1.916,3.063283560719237e-06,2.836701588317338e-05,8723.572611396376,25.10983714303848,1.2343369852774415,0.0879667195344827
-3.406,-1.784,-3.406,-1.784,1.641214867739299e-06,1.4239479665569134e-05,17.885814153143745,26.80042434004837,1.2539069618138758,0.063272927033371,-3.406,-1.784,3.016209669633818e-06,2.852026296299603e-05,9183.042394465056,24.59112231682552,1.2229112831168525,0.0787271473724991
-3.568,-1.521,-3.568,-1.521,1.6792036551988198e-06,1.3208567774084172e-05,22.572758051598164,29.560922957541997,1.2770089366403137,0.0600716226423163,-3.568,-1.521,3.334093319121053e-06,2.875571746535257e-05,9640.805758915309,26.9602485060416,1.2560208498936565,0.0884287023994851
-2.726,-2.285,-2.726,-2.285,1.523476091211174e-06,1.5138532242020329e-05,15.800601043397684,23.40034284441604,1.1911800622058748,0.0606522650308615,-2.726,-2.285,2.836547519150898e-06,2.7615823976983885e-05,8490.766332571407,23.883743872030013,1.2045586394267214,0.0781960392634086
-2.806,-2.152,-2.806,-2.152,1.5114001996721088e-06,1.5988657683673625e-05,16.68526760623389,21.980512711380072,1.1878194257162682,0.0635147445712731,-2.806,-2.152,2.8447578260964766e-06,2.926051572940628e-05,9176.241673787674,22.60651785751533,1.190386420619926,0.0823677957332701
-2.886,-2.02,-2.886,-2.02,1.6920686459480034e-06,1.623457956172152e-05,16.395527650254113,24.235237482512723,1.2166313660209782,0.0681415160296104,-2.886,-2.02,2.880645633841033e-06,2.86189585421584e-05,9494.047923899412,23.404876743196784,1.2005243610556755,0.0841526811052133
-4.692,-2.055,-4.692,-2.055,1.5766502342961676e-06,1.3337172465153508e-05,71.4693086288734,27.487923919137195,1.2793018943875525,0.0673899843055521,-4.692,-2.055,2.47012092238844e-06,1.978674023124892e-05,4262.731477173795,29.027812529912342,1.3034200005668248,0.0796524236698306
-4.773,-1.924,-4.773,-1.924,1.5790840141606954e-06,1.3231566895790113e-05,61.02650344568701,27.7500843610135,1.2914457878369454,0.0669695159469168,-4.773,-1.924,2.397105256332192e-06,1.946971484330928e-05,4106.77830055156,28.628451705402263,1.2959719521347317,0.076716727089638
-4.854,-1.794,-4.854,-1.794,1.3163243091357766e-06,1.0264111806882092e-05,24.488731704616235,29.820290856664304,1.3112382221666214,0.0712685364433654,-4.854,-1.794,2.535132712492151e-06,2.0326071194916063e-05,4378.252888187615,29.001309255828048,1.309213294280602,0.0877661635942693
-4.935,-1.664,-4.935,-1.664,1.2142424667482336e-06,9.435663893397065e-06,20.46925774846662,29.922873927619165,1.3315396063790086,0.0555431104909916,-4.935,-1.664,2.455357174753712e-06,1.9860745230651616e-05,4273.750023784807,28.746798444444075,1.3082495649045016,0.0820189933725396
-5.017,-1.534,-5.017,-1.534,1.0836174973556585e-06,8.149345089386931e-06,11.84850570820514,30.9188724688811,1.3481643968644792,0.0712905500577334,-5.017,-1.534,2.9672341917257973e-06,2.1238367812241543e-05,4725.222661185101,32.486358646681474,1.3547212824555646,0.0796497658749541
-5.099,-1.404,-5.099,-1.404,1.1354773853283377e-06,7.89294946772696e-06,12.754340945850942,33.45103149824365,1.383245334155305,0.0673096951607722,-5.099,-1.404,3.1778950784887827e-06,2.144026007937925e-05,4928.397937045297,34.465124588654334,1.3720397102229818,0.083441036260901
-5.181,-1.274,-5.181,-1.274,1.448613843412903e-06,8.909556565180952e-06,17.102748784313007,37.806536178640606,1.4187505607182191,0.0633853999490164,-5.181,-1.274,2.8866614589189155e-06,2.1129838001290183e-05,4874.435042366597,31.766548760106648,1.3574550093451705,0.0838881871564052
-4.341,-2.01,-4.341,-2.01,1.2287108392967356e-06,1.089639358408648e-05,26.18480761473373,26.22027578278517,1.2660214957596518,0.0681141992247233,-4.341,-2.01,2.4236043032898555e-06,2.128039327457268e-05,5068.513507726941,26.482099488767247,1.2744629711028517,0.0780953569310845
-4.422,-1.879,-4.422,-1.879,1.4845228153305044e-06,1.230658743322483e-05,37.76288187142186,28.049142098757837,1.2825725165319113,0.060140056079662,-4.422,-1.879,2.607275411965136e-06,2.133351936640877e-05,5027.798459373407,28.41808115617716,1.2864125652038108,0.0831010530423261
-4.504,-1.748,-4.504,-1.748,1.29756428454315e-06,1.1591106805472584e-05,35.69776451746772,26.030009285191205,1.260110048601735,0.0682348159298569,-4.504,-1.748,2.9555665091610325e-06,2.356372678876087e-05,5623.098995763195,29.165344164460578,1.303984306751328,0.0869643731395857
-4.585,-1.618,-4.585,-1.618,1.3279103552016023e-06,1.0179979599113222e-05,23.35603634501141,30.33138191782377,1.3154974883652697,0.0610660304366841,-4.585,-1.618,2.8458010852161e-06,2.2548104096052977e-05,5575.139819453671,29.347077375232573,1.3113106556097789,0.0786992594358615
-4.667,-1.487,-4.667,-1.487,1.2975273382472605e-06,9.416772446605326e-06,16.45098800912979,32.03943055135279,1.349465216972596,0.059399847162057,-4.667,-1.487,2.9705175483642927e-06,2.362671845640325e-05,5820.525325539144,29.234728420557428,1.3134098757811905,0.0844944685461695
-4.749,-1.357,-4.749,-1.357,1.067769953308175e-06,7.9716551575494e-06,9.956180253896637,31.145803543177536,1.3396264267697104,0.0594085216380452,-4.749,-1.357,2.911071342999429e-06,2.3271768226539736e-05,5822.960614169924,29.08665727265197,1.316904914746238,0.0780945102834754
-4.831,-1.226,-4.831,-1.226,1.3681534396317285e-06,1.051137237789376e-05,32.28235094640677,30.265352217680817,1.336086399110614,0.0670478042105833,-4.831,-1.226,3.333070781278951e-06,2.42688917575783e-05,6121.103218155927,31.93485432236275,1.35558420607081,0.0820809842995088
-4.913,-1.096,-4.913,-1.096,1.3711780552104945e-06,9.482756036836656e-06,23.72145653761673,33.62247071756292,1.3769920560208004,0.0638711291377013,-4.913,-1.096,3.510440992292745e-06,2.5447375751764988e-05,6626.586497779912,32.076651246021754,1.3561080316311005,0.0859310808936886
-4.996,-0.966,-4.996,-0.966,1.2741398766360184e-06,8.835769934552806e-06,21.57828742615929,33.530733689021424,1.388021017322565,0.064518839144625,-4.996,-0.966,3.4673638042382776e-06,2.477398006911405e-05,6593.491570477751,32.544228085097444,1.3702913124904816,0.0826889431519456
-4.087,-1.853,-4.087,-1.853,1.3863732740762571e-06,1.2661435247917876e-05,29.837081841857756,25.46053861789164,1.2600565513514417,0.0603573986520699,-4.087,-1.853,2.7307284862013856e-06,2.343248172963557e-05,6259.57512604703,27.09758462724564,1.2584022378853448,0.0799663717800251
-4.168,-1.722,-4.168,-1.722,1.3819873470853672e-06,1.1541916427089068e-05,21.211765959645955,27.84174740936826,1.2920051915713522,0.0604435882907365,-4.168,-1.722,2.9596414324599587e-06,2.447982417808273e-05,6563.928807670278,28.11260896485745,1.2902211896886997,0.0766249213035541
-4.249,-1.59,-4.249,-1.59,1.5843197851813753e-06,1.2103832335287687e-05,30.35414202833865,30.43619053744568,1.3133106508529278,0.0636694266337528,-4.249,-1.59,3.159271211882432e-06,2.556039335852707e-05,6816.675949971796,28.74019593661013,1.295214443784861,0.0887457465831269
-4.331,-1.459,-4.331,-1.459,1.4404818519695797e-06,1.038147363648901e-05,19.487175184441377,32.26406866801413,1.345664865480657,0.0611690935306653,-4.331,-1.459,3.016828989680137e-06,2.5446668992027235e-05,7011.4055296032375,27.567037669052823,1.2851016582506545,0.0833161468239572
-4.413,-1.328,-4.413,-1.328,1.3066121931206052e-06,1.0343599921028222e-05,21.07550955284117,29.37279945069606,1.31825711078213,0.0686597305671868,-4.413,-1.328,3.443685337957185e-06,2.5802233655470685e-05,7047.63489515129,31.03391064742601,1.3298629353772145,0.0759329596312583
-4.495,-1.197,-4.495,-1.197,1.3348110387406112e-06,1.0227057605748002e-05,25.351432658975945,30.348654041793097,1.3288147978345477,0.0765613278005532,-4.495,-1.197,3.871161744344616e-06,2.695495463360757e-05,7563.589729157095,33.39435500295832,1.3559870526362372,0.0819685824378492
-4.578,-1.067,-4.578,-1.067,1.4628171520620311e-06,9.742021159984127e-06,21.312934768218064,34.91494184384985,1.3768222939446564,0.0599281093083802,-4.578,-1.067,3.822569167564235e-06,2.742966486811555e-05,7844.191678273156,32.40449059117621,1.3546624562858265,0.0846735381617096
-4.66,-0.936,-4.66,-0.936,1.2009910436530758e-06,8.000375485998252e-06,12.89228482947756,34.9059727898289,1.3888393063575506,0.0575571331824172,-4.66,-0.936,4.093752837328417e-06,2.9444198330772346e-05,8542.608614421504,32.328997043762634,1.36107446466014,0.0818716839269416
-4.743,-0.806,-4.743,-0.806,1.496123188777531e-06,9.894488752897451e-06,23.032680222209937,35.15963376206681,1.4064071371880271,0.0703940511889571,-4.743,-0.806,4.243552757058994e-06,2.941306279988548e-05,8698.076149233719,33.5474645923267,1.37091502525481,0.0803870244137816
-3.891,-1.559,-3.891,-1.559,1.615898280486694e-06,1.2203602729431704e-05,20.113719399253743,30.78905114204511,1.321222539469358,0.0614132432439272,-3.891,-1.559,2.9481630186503247e-06,2.63525035304832e-05,8010.927348180146,26.013570263429028,1.2547072785852948,0.0933281008324995
-3.973,-1.427,-3.973,-1.427,1.294840541966805e-06,1.1140820749764229e-05,16.32334511172707,27.02523317441025,1.2736999437479408,0.0659965777507994,-3.973,-1.427,4.016375827664036e-06,3.0693259852236875e-05,9100.609898393275,30.4271780626138,1.3092588493111823,0.0779711291589766
-4.055,-1.295,-4.055,-1.295,1.3467453330268374e-06,1.1163707166926467e-05,19.796156188678037,28.05093815850323,1.300682435758925,0.0688098762478828,-4.055,-1.295,3.51368275021624e-06,2.8352578052719365e-05,8745.37266696555,28.81644083875842,1.3072347983734052,0.0976041369408806
-4.137,-1.164,-4.137,-1.164,1.983285214444686e-06,1.3506916089202191e-05,31.061117318608584,34.14281461009608,1.3613358894536474,0.0565734875027983,-4.137,-1.164,3.7895200746850015e-06,2.925649907715212e-05,9325.086136079171,30.118421284890527,1.3187655674468968,0.0768151998678431
-4.219,-1.032,-4.219,-1.032,1.1784127575612625e-06,9.571433549328944e-06,18.11362151284736,28.627985895851687,1.3140366207637533,0.0695005256269248,-4.219,-1.032,4.005641733591697e-06,3.021694401372397e-05,9190.284884492778,30.824206882315263,1.3323463403071192,0.08555584820844
-4.302,-0.901,-4.302,-0.901,1.331469950372602e-06,8.82504054533178e-06,14.89486502636887,35.08205358794939,1.369895468243071,0.0768605187948914,-4.302,-0.901,4.087162960757679e-06,3.057363393269823e-05,9676.61326447833,31.084596923723343,1.3400701817357554,0.0878175886534364
-4.385,-0.77,-4.385,-0.77,5.970861001714404e-07,4.631084718210687e-06,4.820900952585415,29.979513639043848,1.3352549418642423,0.0698705304120637,-4.385,-0.77,4.5704823838182565e-06,3.3282971512581914e-05,10490.455578016326,31.930836327598964,1.3586851755376197,0.0729307827228563
-3.245,1.404,-3.245,1.404,1.7955363621908096e-06,1.5684458104901243e-05,26.21696771204471,26.619202111367883,1.254736422464381,0.0730310360919924,-3.245,1.404,4.126420065924285e-06,3.634296008206245e-05,13451.763869617596,26.40118906389996,1.2586590673086424,0.0780130092976988
-3.329,1.532,-3.329,1.532,1.507745701491642e-06,1.4987129082643733e-05,37.25175252133929,23.392681011304404,1.2162688510280846,0.0635146795278858,-3.329,1.532,3.823170745170949e-06,3.206159903549806e-05,11294.224711117173,27.727381850493508,1.2660988956363244,0.0773814266310077
-3.414,1.66,-3.414,1.66,1.965603633460066e-06,1.5704234131034067e-05,30.451964256573213,29.103788951482358,1.2863359342174454,0.0615133399236216,-3.414,1.66,3.4006772050084014e-06,3.182317152635745e-05,10786.232675057016,24.8480491960442,1.2345989693536568,0.0889457762801005
-3.498,1.789,-3.498,1.789,1.715770990120099e-06,1.5195478592116984e-05,18.083480187346265,26.255197233902447,1.2553467779966174,0.068873649051987,-3.498,1.789,3.4194237978447494e-06,2.9962600256240643e-05,9351.57870825597,26.53650829139259,1.2596472462595247,0.0839861637383577
-3.583,1.917,-3.583,1.917,1.379268450006586e-06,1.278570890826898e-05,14.69919048543628,25.08385819900442,1.2455614709207583,0.0579732188368578,-3.583,1.917,2.661127182327603e-06,2.57334940208962e-05,7697.950748483546,24.045688748201957,1.2262115635634796,0.0787864310925464
-3.668,2.045,-3.668,2.045,1.5767365654916093e-06,1.3760607346108615e-05,20.12473991865497,26.643537381041124,1.2602211819952025,0.0562741865607069,-3.668,2.045,2.766307701512348e-06,2.4993251655665964e-05,6907.2599003504665,25.73641620656977,1.241376662471125,0.0813623612818782
-3.753,2.172,-3.753,2.172,1.5824069875760865e-06,1.4043931154387704e-05,17.191620294292516,26.19991291403456,1.2598684326727416,0.0590313406948327,-3.753,2.172,2.857861071150797e-06,2.496125307649202e-05,6655.759539249702,26.62226957313932,1.25493610265008,0.0746781859120425
-2.896,1.456,-2.896,1.456,2.0576765297569244e-06,1.9647487638641645e-05,69.34722889016464,24.352324787962683,1.2201171782538676,0.0579327271439109,-2.896,1.456,3.916766223390432e-06,3.725189680164722e-05,14933.043697886982,24.4483529904856,1.2211832721239604,0.0806516456494206
-2.98,1.585,-2.98,1.585,2.406153111404143e-06,2.273404170877693e-05,144.02235946724292,24.6103026528163,1.2130399857722791,0.0567769825381848,-2.98,1.585,3.8044680655487662e-06,3.463559529781176e-05,12757.924498291894,25.54121977850585,1.23277607339885,0.0771112456097202
-3.064,1.714,-3.064,1.714,1.723576889971986e-06,1.7331658471730403e-05,60.6290034428514,23.123889610392293,1.1914714843773928,0.0568617546664375,-3.064,1.714,3.506413071155304e-06,3.282874759395654e-05,11644.229809569117,24.83585463996304,1.225321529540392,0.083429140425775
-3.149,1.843,-3.149,1.843,1.6567331782235066e-06,1.609140781064818e-05,47.06349633508037,23.940260719746316,1.205117169408555,0.070103527296836,-3.149,1.843,3.2265347051996155e-06,2.990806512249851e-05,9993.217858749724,25.085246372976226,1.2318693559800853,0.078430462315907
-3.234,1.972,-3.234,1.972,1.4948093528343684e-06,1.5093501207352535e-05,29.47620802819832,23.028527036139387,1.208357229402858,0.0622989375969369,-3.234,1.972,3.088436437664966e-06,2.806575464566139e-05,8694.053318806386,25.58776131952576,1.2270342199084905,0.0875967997638992
-3.319,2.1,-3.319,2.1,1.8351923943347292e-06,1.5700808352594933e-05,24.770171771110466,27.17877859147103,1.2640774820096214,0.0672414300931102,-3.319,2.1,2.597985462988024e-06,2.533606161886746e-05,7278.966114979041,23.843387537831827,1.2141246806815509,0.0914226258491638
-3.404,2.228,-3.404,2.228,1.4129728702658408e-06,1.46472843735692e-05,36.26589060790261,22.43091850361357,1.1900323464739928,0.0722476141028187,-3.404,2.228,2.6947091902134696e-06,2.461272181995841e-05,7088.534610360148,25.457901856001204,1.22290983588949,0.0995187121484755
-3.489,2.357,-3.489,2.357,1.3843436870637968e-06,1.3644794520630651e-05,33.14459994082604,23.59105006132996,1.2104832666958596,0.0646221859474198,-3.489,2.357,2.6023494897301783e-06,2.365746207703379e-05,6494.305464343401,25.57807261115678,1.2382978620370055,0.0779860037264535
-3.575,2.485,-3.575,2.485,1.275456714268053e-06,1.2319775172035876e-05,20.739061090524636,24.073170381079837,1.2150335176874747,0.0610518996554352,-3.575,2.485,2.2050709535687626e-06,2.138060353244228e-05,5219.684747075991,23.98131290691626,1.2247374815550376,0.0847101682679085
-2.645,1.619,-2.645,1.619,2.1591437762406253e-06,2.173333699215588e-05,114.66051053124768,23.100718939058588,1.1841765332054717,0.0634314950620557,-2.645,1.619,3.685399380572941e-06,3.673705848174708e-05,14838.274993847814,23.326550813424895,1.201312665494962,0.086316318015987
-2.729,1.749,-2.729,1.749,2.2367718850749098e-06,2.389716029629912e-05,157.33925639557532,21.764352244708046,1.1718435845525648,0.0615702838760349,-2.729,1.749,3.924097177669502e-06,3.476287691409809e-05,12670.08915198748,26.24788960063248,1.2355507480611452,0.0758846519829485
-2.814,1.878,-2.814,1.878,2.538498327228399e-06,2.282620757174488e-05,145.2235263618008,25.85910364840744,1.2115580823652945,0.0656794640371608,-2.814,1.878,3.624214228247389e-06,3.308049910375097e-05,11804.13437964447,25.474880486855707,1.2235852596993066,0.0753427153162229
-2.899,2.007,-2.899,2.007,1.7819281543616362e-06,1.8434497739034423e-05,70.06925347506876,22.47652811492122,1.1789561232237389,0.0672852756012224,-2.899,2.007,3.151079942909409e-06,2.9583820009807325e-05,9958.125128301215,24.767120514999817,1.2175819459297403,0.0816505931064026
-2.984,2.136,-2.984,2.136,1.6928307494063937e-06,1.881256814255585e-05,119.27132471006922,20.92357069563,1.1672903221913349,0.0615216536884591,-2.984,2.136,3.16770896753044e-06,2.9541192328870807e-05,9254.91517452008,24.93375004673499,1.2185479876029544,0.0795239379634589
-3.069,2.265,-3.069,2.265,1.6663890589916168e-06,1.8517027523697404e-05,94.36138649304496,20.92548251089513,1.1645095729780848,0.0644039809327689,-3.069,2.265,2.636969663066068e-06,2.550931837705024e-05,7461.026165879612,24.03679872655427,1.2140169032629324,0.0870541570887254
-3.154,2.394,-3.154,2.394,1.6149338702048331e-06,1.7468211621317732e-05,95.37421020250676,21.49694008950495,1.169281737170606,0.0674276309256177,-3.154,2.394,2.8960469521257115e-06,2.586192963072432e-05,7289.393918594057,26.03844353744972,1.243022791092933,0.0807902560658488
-3.24,2.522,-3.24,2.522,1.6230808826725502e-06,1.741335383613779e-05,87.61346197106728,21.673451843298125,1.18395306683952,0.0585185682858121,-3.24,2.522,2.3263162301288984e-06,2.29704860958236e-05,6007.2920297111605,23.548807117610306,1.2103772626734413,0.0808790557207402
-3.326,2.651,-3.326,2.651,1.3365411802289995e-06,1.4342285571262132e-05,45.84677426365583,21.668773320062908,1.1784449770303669,0.0711633803169765,-3.326,2.651,2.222584718062252e-06,2.1837005554945475e-05,5406.442943930291,23.66658453931857,1.2219397481326093,0.0908228612871961
-2.456,1.918,-2.456,1.918,2.279911953996707e-06,2.4259930130475495e-05,182.0657376245589,21.85238671561268,1.1621091242930626,0.0651512655170391,-2.456,1.918,3.3361538869321358e-06,3.392819521219178e-05,12595.002665714012,22.864181789816516,1.185234531345036,0.0791345116870649
-2.541,2.048,-2.541,2.048,2.6087574975368527e-06,2.4270745020591365e-05,216.46880694040948,24.99314737497865,1.1973980771088828,0.056317102130476,-2.541,2.048,3.226271130665675e-06,3.066868279580792e-05,10923.404568683303,24.461105792026995,1.2047144658376778,0.0883137182640906
-2.626,2.178,-2.626,2.178,1.910747584237497e-06,2.1553678247267725e-05,223.61040108034945,20.61352533210917,1.1508463005927685,0.0641011212102987,-2.626,2.178,2.811859341453972e-06,3.003944987936182e-05,9744.765441719956,21.765666202532437,1.1807647700995734,0.082206544667204
-2.711,2.307,-2.711,2.307,1.9850672575005325e-06,2.070778517674689e-05,128.1863532141645,22.290095163354056,1.175770861005197,0.0585940852237926,-2.711,2.307,2.608323285210369e-06,2.6968773270940725e-05,8346.54004881669,22.4890222378414,1.1882650356111275,0.0861118760509189
-2.797,2.436,-2.797,2.436,1.6933873467735522e-06,1.911199876158331e-05,112.47745479774268,20.60252972066839,1.160042056111437,0.0666405724694584,-2.797,2.436,2.581415851531074e-06,2.554538827568684e-05,7242.799181644852,23.4971836919299,1.2058837140138388,0.0799204670661958
-2.882,2.566,-2.882,2.566,1.6202625245651306e-06,1.7979536459712405e-05,138.23901359196267,20.954497179340223,1.1605051184590487,0.0670854864415329,-2.882,2.566,2.4125410119277374e-06,2.447529882289252e-05,6598.443424683425,22.92012857447468,1.2036411421945332,0.0802229276630491
-2.968,2.695,-2.968,2.695,1.8401187525803125e-06,1.877404124589187e-05,169.2262195347693,22.790740235477013,1.19485291215174,0.0566428798670966,-2.968,2.695,2.1331424200655977e-06,2.231043155380902e-05,5584.377742935878,22.23218915572988,1.1960780191073823,0.0804709787058723
6.357,-2.691,6.357,-2.691,9.40237520665641e-07,7.527721705422903e-06,19.34266015355333,29.043193635788505,1.3118998815945582,0.055905401769899,6.357,-2.691,1.52535781078034e-06,1.1616883518650351e-05,1195.2578190848892,30.531802406182724,1.321883739714758,0.0798010771249725
6.283,-2.557,6.283,-2.557,9.457769628492764e-07,7.22862892608528e-06,11.98758683191904,30.42307776886466,1.3325691572652951,0.0635084941432222,6.283,-2.557,1.629366289292228e-06,1.223235090959782e-05,1341.8461067241435,30.972705501122213,1.3282333175179395,0.0914592926256138
6.209,-2.422,6.209,-2.422,9.271447755519742e-07,6.915400106711005e-06,12.643828553314895,31.17457853111421,1.3309153920763517,0.0645846734400006,6.209,-2.422,1.5691936415706042e-06,1.2469761055537249e-05,1399.85551289945,29.260972475509146,1.3071119904966,0.090016787272267
6.134,-2.288,6.134,-2.288,1.0131726811846718e-06,8.324459381914292e-06,24.562481613180385,28.30073926000779,1.306218412803872,0.0670527407423941,6.134,-2.288,1.8116330301953132e-06,1.3934521101805892e-05,1652.353400368507,30.230722745144423,1.3274522584695878,0.0735586803511006
6.06,-2.153,6.06,-2.153,8.705611498933933e-07,7.063941759974408e-06,13.8818588307894,28.656458671621003,1.3104995068105425,0.0631005135646673,6.06,-2.153,1.948196802112777e-06,1.4333012049415808e-05,1794.494808321463,31.605721414352708,1.3439739831074222,0.0847510116658716
5.985,-2.019,5.985,-2.019,9.25894214139571e-07,5.9243105696258336e-06,6.249853658298084,36.3407512001664,1.3855030958049166,0.0561497791702958,5.985,-2.019,2.1245919439081227e-06,1.5606615055344145e-05,2048.154520408701,31.65462402002452,1.339072528780518,0.0819515732143982
5.91,-1.885,5.91,-1.885,8.421070480216285e-07,6.49300623389621e-06,10.247337456449756,30.157256505104087,1.330105596952978,0.075129841337739,5.91,-1.885,2.363687834212347e-06,1.6787201828272902e-05,2352.3011485745924,32.740262387209945,1.356516505323884,0.0746256173119109
6.71,-2.666,6.71,-2.666,6.204196196665394e-07,4.842819091822392e-06,4.919219800141218,29.78911663541284,1.3303267619747206,0.0705846786142643,6.71,-2.666,1.621480804278101e-06,1.1417094760034578e-05,1092.2979682170412,33.023762603248386,1.3531963795327164,0.0797075200772715
6.636,-2.53,6.636,-2.53,6.044654563687891e-07,4.529719570009299e-06,2.467275469954102,31.029195702888064,1.3462464124358728,0.0493528761900875,6.636,-2.53,1.660471182321478e-06,1.1399665758956962e-05,1111.8832089219443,33.8695613793936,1.3623611494989252,0.0750591245886302
6.561,-2.395,6.561,-2.395,7.209789177005036e-07,4.929883712850423e-06,3.185659569314348,34.00605383501473,1.370748032810243,0.055990249989483,6.561,-2.395,1.6488462690642244e-06,1.2050287142907672e-05,1251.4550827028474,31.81655236118307,1.3453292383091864,0.0787844357102264
6.487,-2.261,6.487,-2.261,7.176669272252335e-07,5.483930059497944e-06,6.367206031924349,30.42995941089399,1.3365932652428965,0.0552789270850494,6.487,-2.261,1.8708996923601712e-06,1.314416825031589e-05,1456.063925106403,33.09693229643691,1.3509623592761928,0.0863305140458551
6.412,-2.126,6.412,-2.126,8.058862157326462e-07,5.605424845625956e-06,8.275527072526447,33.429935669211034,1.3657803107138209,0.0650359863404663,6.412,-2.126,1.8963319341739771e-06,1.3855553566892509e-05,1540.9555005439024,31.82444396968932,1.350662172812012,0.0805513780111243
6.337,-1.991,6.337,-1.991,8.087995130725209e-07,5.639721829726979e-06,6.389717877017214,33.34675241318815,1.376182583770692,0.0611307543613508,6.337,-1.991,2.262810831609607e-06,1.5485686014565085e-05,1917.521420874976,33.97724386041252,1.37723405054472,0.0854209082598337
6.263,-1.856,6.263,-1.856,8.160706988539788e-07,5.75297466593498e-06,5.443412166210356,32.98417840016599,1.37311593449627,0.0676519024177314,6.263,-1.856,2.405669014837672e-06,1.6628785890301902e-05,2204.987305515884,33.6392016789904,1.3682203191301083,0.0838940768471745
6.188,-1.722,6.188,-1.722,8.983529122758809e-07,6.511276558581953e-06,9.609023698233788,32.08124291859192,1.3570075757063722,0.0581938709219196,6.188,-1.722,2.3659896980072684e-06,1.6485154300188182e-05,2330.980054511196,33.37261055137979,1.3665796145233378,0.088902579823808
6.112,-1.587,6.112,-1.587,7.983932025581503e-07,5.376251212178696e-06,3.941524923810424,34.53087829910195,1.3954006093572278,0.057774164094997,6.112,-1.587,2.7067283372075638e-06,1.8105651414117804e-05,2677.127602165245,34.76168842149532,1.3887717773410393,0.0782605789614551
6.972,-2.522,6.972,-2.522,5.870382846251871e-07,4.357364268233268e-06,2.35521927412824,31.32657428300453,1.357452544698004,0.0612643418981409,6.972,-2.522,1.5435426884584974e-06,1.1079285481988769e-05,1004.4939519950108,32.39494443886643,1.3588252638864382,0.0748782565855508
6.898,-2.386,6.898,-2.386,6.568365872510365e-07,4.643662840763e-06,1.682077347111091,32.89023706874141,1.372255810169711,0.0652027580589017,6.898,-2.386,1.5847302403161297e-06,1.1262949121241146e-05,1111.9992378088496,32.71700728257795,1.3595931899644431,0.0830225084596355
6.824,-2.251,6.824,-2.251,7.374895320276105e-07,5.2001928306932095e-06,2.856808833166152,32.97666706961257,1.3935736180388525,0.060179595768632,6.824,-2.251,1.8063679592463988e-06,1.2725221408674316e-05,1291.050967696449,33.00739279463464,1.3653899935658684,0.0805739966500052
6.749,-2.116,6.749,-2.116,6.657647635798298e-07,4.59803297455585e-06,2.9672875161901,33.668135934978544,1.3784707951015829,0.068255214148628,6.749,-2.116,1.94911936498434e-06,1.3253992892787751e-05,1417.1887377752505,34.19495610140177,1.3692709920273078,0.0849768117787542
6.674,-1.981,6.674,-1.981,6.575514455380301e-07,4.565322650836597e-06,3.50612065472446,33.49103800166024,1.3694703907351031,0.0590897219165197,6.674,-1.981,2.006331184785132e-06,1.4228341873687264e-05,1627.4545543306017,32.78828333986881,1.3653298385582642,0.088023097108408
6.599,-1.846,6.599,-1.846,8.336817018885677e-07,5.842022994450233e-06,9.043469543252264,33.182366438198926,1.3653899594376375,0.0596338529836492,6.599,-1.846,2.1178410730926884e-06,1.444713559010946e-05,1797.9392075537992,34.086465097800264,1.3827828523095171,0.0771110781216649
6.524,-1.711,6.524,-1.711,7.817954283699901e-07,5.5830385109464965e-06,8.195226421060395,32.560633845102856,1.3703031262708785,0.0721525270707269,6.524,-1.711,2.4430063375242746e-06,1.5900644172620417e-05,2058.574374681816,35.725656829716755,1.3992304281413732,0.0805327650393147
6.449,-1.576,6.449,-1.576,8.279974750531581e-07,5.316216558962989e-06,5.123069126978616,36.21568434021116,1.4117934134943655,0.0658048457677292,6.449,-1.576,2.544970517332401e-06,1.6147436321745918e-05,2245.4865331567057,36.64793618733983,1.4016820772637784,0.0827193155077792
6.373,-1.441,6.373,-1.441,6.723327502118806e-07,4.664890237970626e-06,3.480405942422314,33.51299061279556,1.3812511554829234,0.065272903390183,6.373,-1.441,2.9380358422776657e-06,1.911120058760208e-05,2783.6168032498304,35.746988977697086,1.41129899134986,0.0747582166242417
7.183,-2.238,7.183,-2.238,7.005369617902557e-07,4.747755497582228e-06,4.660981898409707,34.30939474936863,1.387148739457091,0.0677899597313413,7.183,-2.238,1.680923234430445e-06,1.1476154684565648e-05,1067.9423047979394,34.05821121208067,1.37759750873369,0.0853097352725004
7.109,-2.102,7.109,-2.102,6.330906202921974e-07,4.337229485018646e-06,4.3020972874227645,33.94093681491082,1.388798665104404,0.0667699382852409,7.109,-2.102,1.895507036096311e-06,1.2677275411082777e-05,1264.188873861639,34.76720857866893,1.39152763237202,0.0788430109299712
7.034,-1.967,7.034,-1.967,7.514087493718949e-07,5.395138134925941e-06,7.365641103620686,32.385009335242216,1.3712486293821238,0.102606111234599,7.034,-1.967,2.052607674063121e-06,1.3843255107333329e-05,1476.4758252099718,34.47768310184176,1.3949292690056194,0.0851870577787726
6.959,-1.831,6.959,-1.831,8.244739064323736e-07,5.728390108527715e-06,9.16933433754095,33.466837636354235,1.3767363967673636,0.0676431880867316,6.959,-1.831,2.132140137835997e-06,1.419304909541475e-05,1573.7252836995876,34.93094930266042,1.394707344079564,0.07873578821747
6.884,-1.696,6.884,-1.696,8.230914442797111e-07,5.77094141839857e-06,11.352520213224237,33.16437133523681,1.3786986506941628,0.0623441031684681,6.884,-1.696,2.328025304605936e-06,1.540450384437768e-05,1853.8346921365824,35.140693599435615,1.4075327219463942,0.07072532769973
6.808,-1.561,6.808,-1.561,8.073362211073329e-07,5.028777472551706e-06,4.042818044529912,37.33037622990321,1.4341254519742512,0.0549066992421154,6.808,-1.561,2.4209367688795094e-06,1.5899630737698322e-05,2070.6829561821914,35.405175863103764,1.3989010866763856,0.0908249341618147
6.733,-1.425,6.733,-1.425,4.112814471233399e-07,2.764246797406894e-06,1.3342073064562388,34.59653874612742,1.3816014923585938,0.0669378541643103,6.733,-1.425,2.951871880730981e-06,1.8536373904902164e-05,2565.8783936743434,37.029092651202696,1.4263392000704165,0.078749345776597
5.228,-1.926,5.228,-1.926,1.1184803703304724e-06,8.720309864001833e-06,16.18847267060853,29.82406222739281,1.3096379665767777,0.0616676424125276,5.228,-1.926,2.326359133936924e-06,1.8406983751950272e-05,3040.018458410334,29.38762428335933,1.3063611352398663,0.0796391280794263
5.153,-1.792,5.153,-1.792,1.2845323904661975e-06,1.0846364217260924e-05,34.68319991700466,27.53792568393716,1.2938657291946458,0.0568076460511971,5.153,-1.792,2.402420948467896e-06,1.912830669037588e-05,3337.5815059260312,29.204039512877,1.300041856138118,0.0919809657395556
5.077,-1.658,5.077,-1.658,1.5041004914694103e-06,1.142224471059761e-05,45.39680311837835,30.619334023295718,1.3157488403870394,0.0637047638170524,5.077,-1.658,2.7727653334880404e-06,2.1379583793188745e-05,3867.354031699849,30.156727861448303,1.326844508735462,0.0812765689078084
5.002,-1.524,5.002,-1.524,1.48464321348677e-06,9.391841479669938e-06,21.34509427197713,36.75713820752215,1.342724774746563,0.0675189628488092,5.002,-1.524,2.919876952820014e-06,2.252794436380342e-05,4334.49056113686,30.13792396090981,1.3213561152074076,0.0848583519156515
4.926,-1.391,4.926,-1.391,8.66289504886497e-07,6.96627129002885e-06,6.367847104321527,28.91565385173785,1.308102966656927,0.075653145865643,4.926,-1.391,3.3480524112604745e-06,2.4196703422413823e-05,5110.651170402996,32.17409902229865,1.3375202259213006,0.0813538913472705
4.85,-1.257,4.85,-1.257,1.0174605899308823e-06,7.720867007558965e-06,10.70617481761147,30.64233612522536,1.327962176138316,0.0691366667000374,4.85,-1.257,3.635338988706247e-06,2.643700805537909e-05,5660.088049871288,31.974440844644636,1.3431063343416367,0.0822304737633644
4.774,-1.123,4.774,-1.123,7.669274858750285e-07,6.175673284999239e-06,5.465588055757308,28.87621974332889,1.2921654373754097,0.0599184156288238,4.774,-1.123,3.691453118657171e-06,2.7277250981594865e-05,6142.854434538941,31.467852449228385,1.3398103106340502,0.0804158072766528
5.58,-1.897,5.58,-1.897,9.543159793027712e-07,7.512743794500041e-06,13.258663108125406,29.536835545909693,1.3201165320798225,0.0638917499569258,5.58,-1.897,2.377424665131092e-06,1.760222467049392e-05,2651.039071273062,31.405777659961817,1.3308908536977566,0.0845726315329402
5.505,-1.762,5.505,-1.762,7.174427578534565e-07,5.839207211267526e-06,4.735861943339659,28.56957083733286,1.309727264671533,0.0517624978636167,5.505,-1.762,2.547808634928844e-06,1.841665092879136e-05,2916.431995726524,32.168180444349915,1.343342481780629,0.0902469720839615
5.429,-1.628,5.429,-1.628,1.0665280662340846e-06,7.656960794700728e-06,9.999692716680332,32.38815528073718,1.357301445785462,0.059267556794477,5.429,-1.628,2.536092889242026e-06,1.937264665475604e-05,3300.0989135160426,30.44013307241002,1.3296051406254712,0.0886739888962853
5.354,-1.494,5.354,-1.494,9.620538986465916e-07,7.491169887185617e-06,15.317400262306077,29.862083479402692,1.3204909884432388,0.0716965992669201,5.354,-1.494,2.951070018428055e-06,2.1882660074273663e-05,3949.689667579718,31.35810048150961,1.3442018018339048,0.0756998690405594
5.278,-1.36,5.278,-1.36,1.1204142533619836e-06,7.964639698992456e-06,15.50580162257836,32.7101728067028,1.369277593666082,0.0627450442551679,5.278,-1.36,3.331064564978247e-06,2.319371012922069e-05,4334.167583262765,33.39513266039645,1.3588173829444363,0.0873446002384819
5.202,-1.226,5.202,-1.226,7.297643278285291e-07,5.697107890148317e-06,4.863583817822545,29.78506374961311,1.3255518596792029,0.0604100328090115,5.202,-1.226,3.622392613388988e-06,2.4491105212530277e-05,5042.353656087503,34.392004041137426,1.3758335280628318,0.0783572644925424
5.126,-1.092,5.126,-1.092,9.945160294807058e-07,6.415494214129472e-06,6.860539170285732,36.04557994358423,1.3817700942074316,0.057596313208598,5.126,-1.092,3.5400370816279387e-06,2.5258908173426464e-05,5448.280193249116,32.5884410023713,1.3614489365753475,0.0868614305365775
5.05,-0.958,5.05,-0.958,3.628036866866085e-07,2.9377861803811664e-06,1.8214005741232613,28.71586186951245,1.2998082086172948,0.0642508549834264,5.05,-0.958,4.144079636561528e-06,2.7888111973905786e-05,6435.023895597031,34.55248814976017,1.3834531392729088,0.0847985331403817
4.973,-0.824,4.973,-0.824,3.514976016500434e-07,2.748519189818029e-06,1.922813068307048,29.73678002081634,1.314157072683368,0.0677925431520364,4.973,-0.824,4.199119394432237e-06,2.913937669522552e-05,7207.542482458031,33.50798504977519,1.3754545682132884,0.0814942801118551
5.841,-1.751,5.841,-1.751,8.203434390985823e-07,5.99782517897388e-06,6.084886999515124,31.803304953895744,1.3583708799019991,0.0610339569202271,5.841,-1.751,2.482211723890869e-06,1.821192126787453e-05,2797.715211308914,31.692274287628383,1.3526534521899805,0.0734408734011667
5.766,-1.616,5.766,-1.616,9.615505420164858e-07,6.503301152403688e-06,7.478054127567415,34.380215847653474,1.3804757620285637,0.0615699445279219,5.766,-1.616,2.7111047024826827e-06,1.924770215621962e-05,2983.2460024002453,32.751994184669186,1.3614310347824137,0.0815526261950084
5.69,-1.481,5.69,-1.481,1.0759484236774755e-06,8.030233776284038e-06,16.78545128050171,31.155420163945603,1.3558421501014204,0.0686778168032399,5.69,-1.481,2.669023048931987e-06,1.8923664200618044e-05,3159.0783609326327,32.79574031588642,1.358346211523528,0.084914843162856
5.614,-1.347,5.614,-1.347,8.706294661995147e-07,6.386494305808409e-06,7.58223830445915,31.698680165393757,1.3576197653607145,0.0614699956649541,5.614,-1.347,3.1094649722950263e-06,2.1260783419736825e-05,3751.694169392625,34.00766023931271,1.3783788243651935,0.0791919592004915
5.538,-1.212,5.538,-1.212,9.370204845622004e-07,6.504466959966091e-06,9.195038752901622,33.49713941998878,1.3846844665855809,0.0714406086576154,5.538,-1.212,3.4014536861296662e-06,2.3574454955180383e-05,4508.991472680288,33.550055970593846,1.3808616232311652,0.0746086950481149
5.462,-1.078,5.462,-1.078,5.333551787969616e-07,3.773013380781387e-06,2.4366722500848383,32.869910272111014,1.3528625466497823,0.0628720928543259,5.462,-1.078,3.8360927752675855e-06,2.477617679664998e-05,4894.834545915601,36.00187819004616,1.3954382063087258,0.083819392994266
5.386,-0.944,5.386,-0.944,4.0346321458948e-07,2.345721057773122e-06,1.2580699635005348,39.99428392914132,1.432125651772912,0.0546280139966691,5.386,-0.944,3.962048451221302e-06,2.6257565370819503e-05,5673.139000325777,35.08614665625251,1.3997971593811986,0.0733462251020417
5.309,-0.81,5.309,-0.81,1.7220504402318777e-07,9.758254765279998e-07,0.3830325504223998,41.03401977129921,1.461952372866336,0.0825127678158467,5.309,-0.81,4.177006537736296e-06,2.7991395378876835e-05,6361.543366614072,34.69852021633323,1.3905121383480448,0.0819122515601091
5.233,-0.676,5.233,-0.676,1.7670367562180178e-07,1.1758425402987432e-06,0.5330486182687636,34.94352897970914,1.4066662875233116,0.0721885394812293,5.233,-0.676,4.425015223216421e-06,2.961426502920588e-05,7260.542818239965,34.74434733523494,1.4008333631610024,0.0817192627496308
6.05,-1.465,6.05,-1.465,5.483898187161522e-07,3.655271487451407e-06,1.3875602949075403,34.88510961701949,1.3813365522554295,0.0547243334771338,6.05,-1.465,2.6845266209764976e-06,1.880116208469131e-05,2920.180494005245,33.20116852306367,1.372627999157988,0.0790680072555814
5.974,-1.33,5.974,-1.33,3.3037981199364734e-07,2.2057348211609425e-06,0.6444615846770767,34.8281615273774,1.38858575216693,0.0778227462399005,5.974,-1.33,2.886956827555352e-06,1.9591997957823132e-05,3151.458467623434,34.26351469147194,1.3881125245351624,0.0792666792485352
5.898,-1.195,5.898,-1.195,2.465487534563343e-07,1.7251462477595717e-06,0.4716743904575659,33.231293087661506,1.3779980981840505,0.0615642332551766,5.898,-1.195,3.643580083786874e-06,2.2045793688539096e-05,3824.9939592298433,38.4302250961684,1.4291123664692933,0.0804089367322771
5.822,-1.06,5.822,-1.06,2.3694224698391453e-07,1.4934691727058552e-06,0.4620260748917771,36.89067380534439,1.436577375342509,0.0635888969435009,5.822,-1.06,3.4786500706693934e-06,2.2714301463131937e-05,4422.637091823693,35.61079800567861,1.4055709012115385,0.0808678599861996
5.745,-0.926,5.745,-0.926,1.4382473391079257e-07,7.352907917580557e-07,0.2179144867762466,45.48254936651326,1.4890499629372314,0.0706214301597586,5.745,-0.926,3.829866607687796e-06,2.402426305874318e-05,4886.687084454817,37.06840684098355,1.412606352971642,0.0873342708313783
5.669,-0.791,5.669,-0.791,2.8635972166414697e-07,1.5096963725194888e-06,0.6800343437993343,44.10549165841452,1.4871360349856066,0.0676272718025423,5.669,-0.791,4.095352783371674e-06,2.6100465845805952e-05,5801.578623915158,36.48492078516595,1.4178170019289675,0.0862223670985856
5.592,-0.657,5.592,-0.657,1.2626368646994798e-07,7.272347410618755e-07,0.3080101194970398,40.371435783752005,1.4787415885231838,0.0822218211170927,5.592,-0.657,4.43876520345719e-06,2.8349835233969663e-05,6414.937717108803,36.40675584189005,1.4204794921020645,0.0849492435529572
1.065,4.212,1.065,4.212,8.034377016484961e-07,8.60213675814209e-06,7.670329695077779,21.71781914105582,1.177513330208651,0.06371152846979,1.065,4.212,1.3207485641059048e-06,1.3405673618950802e-05,1752.2065878007309,22.908774279311626,1.2063849040163237,0.0801176112239175
0.982,4.341,0.982,4.341,9.328807380324618e-07,8.867453234986515e-06,4.0459431310597935,24.462315702283185,1.2285744080040528,0.0625016093769633,0.982,4.341,1.452244567100263e-06,1.2845854327586588e-05,1583.0626362525825,26.287368623470545,1.2460695656523797,0.0717759784054235
0.898,4.47,0.898,4.47,6.641737059326579e-07,7.1382507414789495e-06,4.413062509275226,21.635165748998023,1.181801292389662,0.0647493451004364,0.898,4.47,1.231012694819398e-06,1.178672392671637e-05,1371.8497533929285,24.285092821685385,1.2274992967426523,0.0845044429116459
0.813,4.598,0.813,4.598,7.830236828016628e-07,7.500319278280603e-06,5.187624230340911,24.27534965661303,1.2274618163606572,0.0638637504698753,0.813,4.598,1.255079310677023e-06,1.1231498461959767e-05,1231.6414810336446,25.98386888570208,1.2441010301713151,0.0768597442618477
0.729,4.727,0.729,4.727,6.713409341816454e-07,7.271703298685577e-06,8.661160698832138,21.467295068516336,1.1832585106083136,0.0687560219347693,0.729,4.727,1.417277473004378e-06,1.089659026457172e-05,1164.952164561698,30.243678383204053,1.2851851311173932,0.0789568061895714
0.644,4.855,0.644,4.855,7.837761468609799e-07,7.753574156536852e-06,16.566972773422254,23.505010247183908,1.203332578678482,0.0615040501015009,0.644,4.855,1.0497236347484028e-06,1.0015761767764824e-05,944.2973681633966,24.370325909987965,1.2375931078670763,0.0892977687011228
0.56,4.984,0.56,4.984,7.959396633360848e-07,7.977787541982333e-06,24.146444558158063,23.19893394242694,1.209246434408467,0.0666295960740859,0.56,4.984,1.2755025611489052e-06,1.030765553970886e-05,944.0179578446234,28.77343991497146,1.2923523184908097,0.076415811236056
1.416,4.263,1.416,4.263,8.200679287640632e-07,8.609856943973407e-06,3.8913768527370913,22.14747600627092,1.1929587386366087,0.0710618261417075,1.416,4.263,1.29471171043227e-06,1.2479088099657788e-05,1553.6007574619746,24.12462509375724,1.2212235814225123,0.0865384611447863
1.332,4.393,1.332,4.393,9.79862634621011e-07,8.54025970393539e-06,6.758104052238559,26.678687930215183,1.252020324991956,0.0648176727235294,1.332,4.393,1.2847944744298964e-06,1.2037710403973324e-05,1415.826567588397,24.81761920675172,1.2334770009868523,0.0856093337797932
1.248,4.522,1.248,4.522,7.305064173116723e-07,7.208991432221484e-06,6.39182979212991,23.56241894952109,1.2125322197686002,0.0615807704451936,1.248,4.522,1.2409944765355818e-06,1.1483824441994998e-05,1312.8229764915186,25.12775283066857,1.2402828617791088,0.0906323224477133
1.164,4.651,1.164,4.651,7.0316086578031e-07,7.054066913113059e-06,6.079851952601103,23.178507349724413,1.2048547662726792,0.0589614160383812,1.164,4.651,1.2369332191090325e-06,1.0960045481896478e-05,1198.118718726894,26.24244189597616,1.250926852790944,0.0752929379374246
1.079,4.78,1.079,4.78,6.977352461219175e-07,6.55178249884392e-06,4.405971380929082,24.762901941730053,1.223387410515491,0.0608365726083237,1.079,4.78,1.0829197651633362e-06,1.0444879711947125e-05,1014.8004202233402,24.108111154038266,1.236384578210122,0.0860115624291693
0.995,4.909,0.995,4.909,7.278707583458487e-07,7.44509132622395e-06,13.05827745192286,22.73288685556449,1.1996597572509131,0.0598378616858384,0.995,4.909,1.0181033981547109e-06,9.519453613633777e-06,880.2662110056784,24.8685356170034,1.2406316290185426,0.090663650920716
1.668,4.425,1.668,4.425,8.126796582346897e-07,7.860509262783176e-06,7.034029450374393,24.04025406172516,1.2046112627733123,0.0643291184073379,1.668,4.425,1.2331361070715774e-06,1.1946990037233527e-05,1359.2946131128856,24.00064208254989,1.2241533682574088,0.0821213720946638
1.584,4.555,1.584,4.555,7.704989881542392e-07,7.48892744949906e-06,6.364750644440029,23.92339423026331,1.2207180273378158,0.0662773791038912,1.584,4.555,1.2209088879020115e-06,1.091941770413576e-05,1171.4686817153895,25.99884910124126,1.2537096110486594,0.0765634621497517
1.5,4.685,1.5,4.685,7.572773209084527e-07,7.564742759770733e-06,10.552390261452013,23.277221213619114,1.2069670535319683,0.0669363069667241,1.5,4.685,1.3529533598437938e-06,1.13488196773919e-05,1196.054205742831,27.720590514793017,1.2720145081393934,0.0785609544461958
1.415,4.814,1.415,4.814,7.265515571385591e-07,7.397146347630963e-06,11.87619973426764,22.83876282253357,1.1950416533577928,0.0650282782811129,1.415,4.814,1.18080704399519e-06,1.0353630297040328e-05,989.255954072944,26.51896862447753,1.26054511019606,0.0760151704994052
1.331,4.944,1.331,4.944,6.744067626781549e-07,6.865578811225796e-06,12.290267687350836,22.840999657360257,1.2001981743802788,0.0657542567192784,1.331,4.944,1.0263598579086368e-06,9.558578329433572e-06,859.0621030250426,24.967594488887944,1.2497409609181338,0.077449839492542
1.859,4.723,1.859,4.723,6.813493628900118e-07,7.0412113160772574e-06,6.940430619759357,22.500533907988203,1.1956329362865064,0.0689696679726821,1.859,4.723,1.0473157609498754e-06,9.91217820634584e-06,981.1942696394028,24.568513771365637,1.233348435718768,0.0866083549862482
1.774,4.853,1.774,4.853,7.275124145464344e-07,7.075809005375929e-06,8.927585536600482,23.90752698308517,1.2165006431852396,0.0631533014246298,1.774,4.853,1.009636183443229e-06,9.60593045143274e-06,895.4600349058928,24.439696933331945,1.239198020671146,0.0868383713288923
1.69,4.983,1.69,4.983,6.724458646902192e-07,6.256987577772605e-06,4.460049361580337,24.989777076820005,1.2298516510530306,0.0627369373739312,1.69,4.983,1.0339425707784318e-06,9.227096382608012e-06,784.657998138817,26.05563774130122,1.2547931018805694,0.0822051674067909
0.031,3.542,0.031,3.542,1.128606836508943e-06,1.2428129964975504e-05,24.570029391835497,21.11578532566497,1.1526186527103917,0.0645861703737671,0.031,3.542,1.7395840592355384e-06,1.8182953700560124e-05,3371.42266531219,22.245969324458176,1.1891842559266832,0.0826790684289707
-0.053,3.671,-0.053,3.671,1.159837268555101e-06,1.118989341618088e-05,15.014774453211071,24.10135486855499,1.1848164750916392,0.0582905983748663,-0.053,3.671,1.6639113575620338e-06,1.693825716718699e-05,2940.0479756118725,22.84187820126734,1.2000420380694303,0.075754732722257
-0.137,3.799,-0.137,3.799,1.055958837991512e-06,1.1697449321559456e-05,26.149547896300643,20.990663410474305,1.1646626586191695,0.0652589031463256,-0.137,3.799,1.7111890692124694e-06,1.67140908057041e-05,2730.8141420512643,23.80595386623812,1.2136677925342174,0.0758205974196799
-0.221,3.928,-0.221,3.928,9.863786806103628e-07,1.0305923778191304e-05,15.536257467423528,22.254974365941763,1.1808738765411946,0.0611234969965468,-0.221,3.928,1.6083630372618363e-06,1.539215209537699e-05,2411.3114087324657,24.29713603422,1.2178511573680573,0.0821404218439431
-0.306,4.056,-0.306,4.056,1.1251504142735266e-06,1.1562994650437398e-05,33.891686279484745,22.62614715162947,1.1893917085734276,0.0657289345811041,-0.306,4.056,1.5584960899981357e-06,1.5108010050217105e-05,2184.8324757305736,23.9866058905417,1.2248205818483016,0.0869634638212146
-0.39,4.184,-0.39,4.184,1.0063971727752032e-06,1.0228264784597518e-05,24.87753779110899,22.87903977496186,1.181197273077368,0.0676134418158917,-0.39,4.184,1.503685679678311e-06,1.4557858409764452e-05,1963.1529959660668,24.017617288344816,1.235494712973264,0.0794881503272121
-0.475,4.313,-0.475,4.313,9.256586547503416e-07,9.613237133254838e-06,18.267489540321236,22.389869294302738,1.1800123978264163,0.0584029426234041,-0.475,4.313,1.2999919606525973e-06,1.235960974387367e-05,1570.8826539989082,24.45717302781548,1.2206699916595445,0.0816741970044492
0.381,3.593,0.381,3.593,9.859687313576022e-07,1.0980787269527525e-05,12.78726573524678,20.878534504969156,1.164530872520016,0.064205684121764,0.381,3.593,1.9716795371603394e-06,1.949050304179273e-05,3525.8796891301567,23.522508196863186,1.2074179280582642,0.0782153590774933
0.297,3.723,0.297,3.723,1.2728646129348394e-06,1.2472620394560596e-05,6.926069067394788,23.729842493698914,1.2125234674041814,0.0619805287336424,0.297,3.723,1.6236961810954348e-06,1.657129335737524e-05,2759.6337468048687,22.783409245748118,1.1985437565602417,0.0771561143493912
0.213,3.852,0.213,3.852,1.0138321287343473e-06,1.0426751377932377e-05,6.166591818685537,22.60931369608798,1.1835165480030354,0.0670514953042412,0.213,3.852,1.7421848509857082e-06,1.5748566668307648e-05,2543.8983627407856,25.72311429044278,1.226296977675268,0.0770341031587431
0.129,3.981,0.129,3.981,9.200010691467028e-07,9.798907409707176e-06,7.173889635255757,21.831371781357173,1.18293504941667,0.0669329153575867,0.129,3.981,1.7695143440501692e-06,1.5967286278278862e-05,2412.5047644200818,25.76874828233937,1.2373841293059322,0.072543536587514
0.044,4.11,0.044,4.11,9.976573900827244e-07,9.86722970677877e-06,4.732611547391832,23.510211326666266,1.2052390634204233,0.0684481222353957,0.044,4.11,1.3718298774451088e-06,1.395152200562726e-05,1957.3226680855464,22.863831791912123,1.2047403522883309,0.0828396513188632
-0.04,4.239,-0.04,4.239,1.0135287390119312e-06,1.058740160561195e-05,31.63984871398377,22.259583201401234,1.179063587810609,0.0713618922372459,-0.04,4.239,1.2424758455002931e-06,1.272791674525059e-05,1654.9416827304085,22.698699542203048,1.1958009398610692,0.0885904373296347
-0.125,4.367,-0.125,4.367,7.643569319616011e-07,8.209946211560715e-06,11.206732661407973,21.648421957475648,1.1763674748313415,0.0689728460343401,-0.125,4.367,1.2746864066470562e-06,1.234028607899153e-05,1513.249645317167,24.01864339365642,1.2227986003668994,0.0815668493607001
-0.21,4.496,-0.21,4.496,7.800963934659781e-07,7.560544153316435e-06,5.802420038536352,23.991950883008272,1.2158941614090326,0.0746770947334885,-0.21,4.496,1.1657821277547707e-06,1.1681730990500102e-05,1377.6707271751652,23.20494479638072,1.220183682990316,0.085684451715282
-0.296,4.624,-0.296,4.624,7.657282165966584e-07,7.605251451298441e-06,5.466092082993853,23.41161754426085,1.2001259026110531,0.066958764214869,-0.296,4.624,1.1787518995763311e-06,1.0822971052359408e-05,1187.27226668129,25.32481353321973,1.2403670526081363,0.0772063001570021
0.633,3.756,0.633,3.756,1.1908913300986349e-06,1.0974599640875306e-05,9.58847970779314,25.23212312378122,1.2124981717836467,0.0578656786354398,0.633,3.756,1.5572753464033751e-06,1.6073867817624372e-05,2663.694716239343,22.527622667740964,1.1930534318909003,0.079571646572665
0.549,3.886,0.549,3.886,1.0172611340138132e-06,1.0644342257510515e-05,6.092630787857176,22.22204225870321,1.1793571226915536,0.0624048834637891,0.549,3.886,1.558149294749285e-06,1.488086356020422e-05,2345.554508971709,24.347326531480636,1.2105584262559217,0.0834477530759884
0.464,4.015,0.464,4.015,9.54669993226293e-07,1.0017468259731706e-05,5.297547959360191,22.159790220473944,1.1823383848073592,0.0713427540002974,0.464,4.015,1.3761831216781273e-06,1.3872858537322322e-05,2035.269194951268,23.066442381070708,1.2046927548895163,0.0965401340922289
0.38,4.144,0.38,4.144,8.774278502124781e-07,9.0647963080718e-06,6.688343230479735,22.50731623907504,1.188066937132145,0.0625430366767144,0.38,4.144,1.480412035987883e-06,1.4288597584269008e-05,1908.2901504183253,24.091472738306194,1.2233819542429796,0.0818386221980115
0.295,4.274,0.295,4.274,8.290934213890896e-07,8.917880680472451e-06,13.19175155445648,21.617833095148782,1.1760145240466398,0.0626853023847528,0.295,4.274,1.3765230593193765e-06,1.294170828833106e-05,1636.8344239131236,24.732170522413035,1.2257953048031185,0.0832615452464329
0.21,4.403,0.21,4.403,8.005207798346674e-07,8.277899381395847e-06,10.07185242780782,22.486549236012976,1.1937547515671787,0.0690495536096139,0.21,4.403,1.272845552119008e-06,1.2285920545835727e-05,1487.2839004111606,24.090086226680693,1.2266665944573376,0.0812169949693442
0.125,4.532,0.125,4.532,7.32814069276629e-07,7.682149420463597e-06,4.510528628667366,22.18101401501981,1.187700867670527,0.0661187195691802,0.125,4.532,1.129805343483462e-06,1.1293278877774852e-05,1312.87785016747,23.262367861721707,1.21390892260757,0.090262800646633
0.04,4.661,0.04,4.661,7.702149134729999e-07,8.28964804654553e-06,18.21969472465823,21.604597464176823,1.1809489267744524,0.0652487556387465,0.04,4.661,1.0934620329659349e-06,1.0786773906984753e-05,1162.6894629760664,23.57124271071995,1.2263356976677708,0.0876503787820954
-0.046,4.79,-0.046,4.79,7.959427744809841e-07,8.292134825629115e-06,32.96807010892982,22.319570714318164,1.1998422688477148,0.0645048778789362,-0.046,4.79,1.1606464155966035e-06,1.0464438528556668e-05,1058.2871947634917,25.7901786746526,1.250676684381367,0.0745842808520258
0.823,4.054,0.823,4.054,1.0172750242289014e-06,9.806282610599682e-06,6.095618148376008,24.12150074425219,1.212546457518163,0.0727724924326726,0.823,4.054,1.5129736412006582e-06,1.4739477296435706e-05,2101.1674588446144,23.868197728795145,1.2159871840475445,0.075860380343887
0.739,4.184,0.739,4.184,9.564708794132748e-07,9.534106768127024e-06,5.883440244946761,23.32717183844823,1.2069640257420795,0.060924856196894,0.739,4.184,1.6477687050232045e-06,1.3869611042930556e-05,1842.6910181056703,27.625001860853786,1.25081479049802,0.0836322431922129
0.654,4.314,0.654,4.314,8.462064062258079e-07,8.153005227509772e-06,6.319145057545371,24.13397928554376,1.2129457700263364,0.0630830021326729,0.654,4.314,1.3376235397495228e-06,1.2669482641635972e-05,1642.278005656101,24.5496536664514,1.2245786496929592,0.0891855931329902
0.569,4.444,0.569,4.444,7.537762784253123e-07,7.768134904477967e-06,4.723194599932544,22.56295901053295,1.196523015242687,0.0754264473233734,0.569,4.444,1.238363532093637e-06,1.2092571665415064e-05,1388.7838382679276,23.812217017335183,1.2271198292174883,0.0774375189750142
0.484,4.573,0.484,4.573,7.921643335617823e-07,7.721897799868921e-06,6.198178836015187,23.85402021723701,1.2177061967513632,0.0700229835455494,0.484,4.573,1.2220524421861442e-06,1.165075065409323e-05,1283.823744197813,24.38969015688033,1.2356731766603342,0.0746493867567867
0.399,4.703,0.399,4.703,8.097216899723708e-07,7.798180000009497e-06,13.193068571444636,24.14420250128677,1.2159430327212235,0.0747337275325699,0.399,4.703,1.1026102132293288e-06,1.015404154011137e-05,1084.2166669275944,25.24953722436213,1.2414252297668082,0.0831692240823232
0.313,4.832,0.313,4.832,8.384760734466566e-07,8.134396201797475e-06,16.375461727730194,23.968215456300992,1.2112504153887105,0.0732558794775573,0.313,4.832,1.2100122158160635e-06,1.0346248061250778e-05,1035.1770478150297,27.194258128046684,1.2723035778205831,0.0809358903633948
1.202,2.857,1.202,2.857,1.4060914685575818e-06,1.7211774183848998e-05,83.68543049328898,18.995830301937897,1.122663420347748,0.0667605998608984,1.202,2.857,2.4342194521950706e-06,2.473759036734568e-05,6179.755812307897,22.880877842127735,1.1813017355298814,0.0803216934167881
1.12,2.987,1.12,2.987,1.6808373852296294e-06,1.7293283421259733e-05,68.21041048011162,22.60052810743976,1.161635309659342,0.0575979948683065,1.12,2.987,2.0561190261402605e-06,2.2440646484394896e-05,5397.809469794174,21.30508323227308,1.1590442186824748,0.0942625857117238
1.037,3.117,1.037,3.117,1.7281773077736515e-06,1.735304712601015e-05,63.33691066406664,23.15703220346975,1.1539254418960465,0.0632233905384346,1.037,3.117,2.3407690276056147e-06,2.3939773015243845e-05,5195.348214793448,22.73572887384397,1.1950376260987023,0.0725969168204673
0.955,3.246,0.955,3.246,1.226168614907431e-06,1.351032895024559e-05,28.027597521165948,21.103506375828687,1.1553033229039855,0.060931832916066,0.955,3.246,1.966413515754896e-06,2.082973408315196e-05,4470.9375000604905,21.9513620361522,1.1809736307647196,0.0799336721073454
0.872,3.376,0.872,3.376,1.4504310139836408e-06,1.4634619110745117e-05,45.3157033667782,23.04549290471256,1.1764948623207745,0.060280081229097,0.872,3.376,2.0043550002195806e-06,1.9440070298101616e-05,3756.53532330466,23.9743676135537,1.2002545123023396,0.0809660273806744
0.789,3.505,0.789,3.505,1.1249666072055083e-06,1.2872987978926256e-05,36.27751488488429,20.32032338534653,1.147609023221296,0.0705179981864452,0.789,3.505,1.97262500396164e-06,1.9052294517080062e-05,3491.079860062063,24.0750720166489,1.212765387977662,0.0744278381897476
0.705,3.634,0.705,3.634,1.1021057854815464e-06,1.2165311670679716e-05,26.61965661554653,21.0654329730637,1.1585177439403505,0.0589707027633945,0.705,3.634,1.6886924392839958e-06,1.7283091090098403e-05,3150.225352611157,22.71953757288317,1.1999810492993597,0.0851812068796702
1.553,2.905,1.553,2.905,1.330058566165513e-06,1.4729236951882112e-05,22.204579070086403,20.9971747823671,1.1599026279156697,0.0624570036294047,1.553,2.905,2.528913270877789e-06,2.4637510756685316e-05,5901.778203127625,23.867528847087502,1.1965651762444556,0.0803810442675251
1.47,3.035,1.47,3.035,1.478213815785262e-06,1.4953206991216004e-05,22.545355433420283,22.98652171416603,1.1850322981041952,0.0568726416544505,1.47,3.035,2.001768704233957e-06,2.21132764764741e-05,4937.748980884547,21.048984433375168,1.1579401670660705,0.0820180083096814
1.388,3.165,1.388,3.165,1.2450610289410774e-06,1.4083712421232203e-05,33.67244172177757,20.55624753478004,1.1430365904771935,0.0616852387453422,1.388,3.165,2.039720532368337e-06,2.120712445174412e-05,4525.607462566501,22.364501908453107,1.1779197426015569,0.0800959133767377
1.305,3.295,1.305,3.295,1.110338728172079e-06,1.2459590914036744e-05,22.26702943838939,20.721541135420896,1.150987837944308,0.0585685731517627,1.305,3.295,2.0592965190629342e-06,2.0687079639839696e-05,4094.363841204132,23.146751363460144,1.1996446919368644,0.0729599122677696
1.222,3.425,1.222,3.425,1.1982674097561775e-06,1.3563883001618964e-05,18.188209512001123,20.54187396077755,1.166624144901313,0.0546726121719807,1.222,3.425,1.7600326643941134e-06,1.8076922140355185e-05,3525.93899442257,22.63948733039808,1.1883943519608984,0.0857022761676112
1.139,3.555,1.139,3.555,1.0053597461470153e-06,1.1183679905095662e-05,13.02450686902525,20.902927373363045,1.16559565629565,0.0726599878780651,1.139,3.555,1.7120944042627275e-06,1.760790875485e-05,3112.934039253345,22.609464505333,1.1870917074421612,0.0845693886693673
1.056,3.685,1.056,3.685,9.996501479416188e-07,1.0013178234373074e-05,11.362843888671396,23.2138105341378,1.1843683142635069,0.0697882500168306,1.056,3.685,1.8473230181685563e-06,1.8012436388786868e-05,3056.462913519292,23.84738313399522,1.212214048349858,0.0848471605760812
0.972,3.814,0.972,3.814,9.575087454115324e-07,1.035581564826607e-05,5.103401265134918,21.499521104421447,1.1731356333764924,0.0683597187160478,0.972,3.814,1.6516288617445229e-06,1.657936512983042e-05,2586.437233024457,23.16407246236062,1.2075982994377925,0.0825143036299967
0.889,3.944,0.889,3.944,8.715439154265985e-07,9.503089751847053e-06,5.921723292453172,21.325282441440947,1.1716664176866425,0.062240804567001,0.889,3.944,1.7578449310105995e-06,1.562410519174662e-05,2296.085349551532,26.1610851459548,1.2403981159131174,0.0677865668264992
1.806,3.064,1.806,3.064,1.4051463029609457e-06,1.4837092128048565e-05,11.970914493092929,22.02130739568441,1.1756709527171012,0.0642624904756883,1.806,3.064,2.017568879546461e-06,2.169349621334553e-05,4647.923215144421,21.62564988835541,1.1707869331950176,0.0798754301132969
1.724,3.195,1.724,3.195,1.4050412437445596e-06,1.4246198001012406e-05,12.11127966403132,22.9329774620058,1.186877099572477,0.0612416240917078,1.724,3.195,1.8282127552036192e-06,1.95549485780872e-05,4100.569024274848,21.739042117158466,1.1747667160403763,0.0949716756882913
1.641,3.325,1.641,3.325,1.1757861439980168e-06,1.2343774895740958e-05,13.02327281242468,22.148825028564357,1.1711136616040427,0.0729468069967204,1.641,3.325,1.916118780798492e-06,1.9523685887187167e-05,3727.62141139216,22.82080518004269,1.1891592928462644,0.089937209117385
1.558,3.456,1.558,3.456,1.0905527298440126e-06,1.1958335728168586e-05,19.421649453530463,21.20539051597307,1.1674431478627585,0.0588410654509913,1.558,3.456,1.8236907304238227e-06,1.8608994473803445e-05,3345.1777178207053,22.787602298522497,1.196069992978125,0.0813469450045523
1.475,3.586,1.475,3.586,1.0482502734682543e-06,1.1433922738987828e-05,17.427099456825133,21.31768686931468,1.1641794001519987,0.0620232415788703,1.475,3.586,1.6531663108980011e-06,1.6826781305265844e-05,2870.2285991057684,22.844720223656456,1.1942396715533026,0.0854898274811608
1.391,3.716,1.391,3.716,1.0877117466086383e-06,1.1215430678963313e-05,3.829871657501048,22.551124927202608,1.1918075994382402,0.064042474351298,1.391,3.716,1.8282733192330976e-06,1.6491975301136597e-05,2769.526598544815,25.777381159556004,1.230072507058775,0.0777379464824634
1.308,3.846,1.308,3.846,1.035363458414814e-06,1.0612270354017555e-05,1.893412264601693,22.685840554766944,1.181419791879782,0.0693085768540893,1.308,3.846,1.7184386658773825e-06,1.581643581519632e-05,2391.397267312337,25.26363047059669,1.2263647777354103,0.0814828617870628
1.224,3.976,1.224,3.976,1.0891524540622849e-06,9.89776663804813e-06,4.24164771892803,25.58714391351036,1.2012742667981382,0.0571786167003189,1.224,3.976,1.3621797668967872e-06,1.433643059227808e-05,2077.8613500146043,22.093460069810817,1.193955279727229,0.0882623046110292
1.14,4.106,1.14,4.106,8.438570251959002e-07,8.689604927833998e-06,5.31077965374104,22.58079282172236,1.1886573179767996,0.0636813721543255,1.14,4.106,1.4234912551004536e-06,1.35199244276422e-05,1889.8503058638987,24.482225118880617,1.216797332953775,0.0780366825584084
2.0,3.36,2.0,3.36,1.001770630914973e-06,1.1478163590832537e-05,16.569242109424874,20.29393348734192,1.1557788344226343,0.0607009164734461,2.0,3.36,1.8455150267502643e-06,1.8703233025812053e-05,3446.467826357258,22.944111708977264,1.1991299257720456,0.0782732636692593
1.917,3.491,1.917,3.491,1.0847887378267356e-06,1.104817852495384e-05,7.628719377364659,22.8309946368089,1.192217608084542,0.0594986939221686,1.917,3.491,1.7911344721884733e-06,1.842741544947689e-05,3235.619884541958,22.60133605463392,1.1926956971598992,0.0809169289851267
1.834,3.622,1.834,3.622,1.137495679826437e-06,1.1558962077358748e-05,6.9417623109150846,22.88238374410396,1.192979648178054,0.0600951613749816,1.834,3.622,1.5837061378873946e-06,1.646588249530602e-05,2836.353068989501,22.364538234125543,1.190264158054125,0.0890171584414879
1.75,3.753,1.75,3.753,9.836049020437526e-07,1.1031372719284588e-05,4.766198269378188,20.732967820815244,1.1673936930843902,0.0582298619205516,1.75,3.753,1.5979186059198911e-06,1.5955378038033127e-05,2483.321973705931,23.28723375613347,1.2080050908095128,0.0813781353017736
1.667,3.883,1.667,3.883,1.031664626215516e-06,1.0786919456644603e-05,5.26762398611906,22.238805231365195,1.1936918795011222,0.0615696427890285,1.667,3.883,1.539073364657147e-06,1.515161781301689e-05,2300.4518562798407,23.61949798687857,1.2080596152433627,0.0813655016177453
1.583,4.014,1.583,4.014,8.928367983230668e-07,9.548182203153316e-06,1.6632317386138038,21.743113413708507,1.186866080299025,0.0663613590490704,1.583,4.014,1.5429971703642015e-06,1.4078671093458992e-05,1950.7107461942608,25.48436485460109,1.2270191495295533,0.0853304331163728
1.499,4.144,1.499,4.144,8.4956784758748e-07,9.056544286287794e-06,1.487213106133111,21.812522904276832,1.1820133064531049,0.0612473970126577,1.499,4.144,1.2679975063179724e-06,1.2769343706877166e-05,1709.066300082209,23.08979994890978,1.209074608043533,0.0808649028240189
-4.279,0.735,-4.279,0.735,1.835667274477891e-07,9.949676581285413e-07,0.4502391024043451,42.8998080607992,1.4471069220712331,0.0648724748972044,-4.279,0.735,4.855915675330525e-06,3.4081853366505215e-05,11690.221978760072,33.12975928777975,1.3661055923615604,0.072731176178837
-4.363,0.863,-4.363,0.863,2.2450795268259841e-07,1.5691102607106142e-06,0.8948845824462277,33.26967931418103,1.3388681337959385,0.0647629051846918,-4.363,0.863,4.282444534273691e-06,3.067865053453391e-05,9950.828157942304,32.458305383059944,1.3574615644897912,0.0829867570889965
-4.447,0.992,-4.447,0.992,7.940195151244964e-07,6.333613689935605e-06,6.1891343357312,29.15076480108487,1.312749953628814,0.0639574018414116,-4.447,0.992,3.994125972955955e-06,3.018015354883984e-05,9252.149179518728,30.77305838101086,1.3409902090148842,0.0846373300486345
-4.531,1.12,-4.531,1.12,1.1107809048110736e-06,7.278749958015106e-06,6.265095553893775,35.48476653724358,1.3653406029510846,0.0490738575524977,-4.531,1.12,3.7536305321636473e-06,2.838209735421252e-05,8416.684851897224,30.75228459733856,1.339185625211154,0.077620823268952
-4.616,1.248,-4.616,1.248,6.898532071297303e-07,5.573981612793251e-06,3.514932875904746,28.77805932236992,1.3081377154472928,0.0625256412656209,-4.616,1.248,3.58065096287586e-06,2.676761807976139e-05,7250.4726807596835,31.104455919567712,1.3437403973000344,0.0794993281417348
-4.701,1.376,-4.701,1.376,9.413151108700464e-07,7.435225560125552e-06,6.359151610228777,29.438198534789105,1.3182393846718,0.0661881563050517,-4.701,1.376,3.1542755925324784e-06,2.357025365717602e-05,5934.852630402005,31.117573691048957,1.339033768795332,0.0841467927991329
-4.786,1.503,-4.786,1.503,3.505884613974757e-07,2.6908067093585417e-06,0.7907844794169903,30.296011999593237,1.3127606316914089,0.0428551198464987,-4.786,1.503,3.1384192966335277e-06,2.4278762794289447e-05,5862.656566500228,30.057631856156775,1.3315919406079304,0.0866689200773823
-3.929,0.788,-3.929,0.788,4.966187320972714e-07,3.43538258312959e-06,2.508670001392409,33.613855970300975,1.3561916604223447,0.068466008286231,-3.929,0.788,5.066771959175408e-06,3.543796066026598e-05,13103.057555725158,33.24550882647637,1.3472691720629868,0.0777363729173649
-4.013,0.917,-4.013,0.917,6.631751138712492e-07,4.805307369811543e-06,3.6772268153066783,32.09056738558642,1.3032791839853022,0.0561582813788023,-4.013,0.917,4.588022542271222e-06,3.491691663166738e-05,11836.89927957079,30.553432279972743,1.3366056515287996,0.074564974756295
-4.098,1.045,-4.098,1.045,9.61342310770176e-07,7.399381838319777e-06,6.715643283143107,30.210155818193552,1.317599275404114,0.0571400977577761,-4.098,1.045,4.331919182673459e-06,3.247078939661554e-05,10803.416878907849,31.021146622069185,1.3352497166403088,0.0769852539455072
-4.182,1.174,-4.182,1.174,5.2470144624305e-07,4.697933491825474e-06,3.298718006261497,25.970226933608387,1.2613695712092725,0.0842161004650387,-4.182,1.174,4.056429733526949e-06,2.9674241528779477e-05,9129.396437057112,31.78591207753076,1.3279827941422302,0.0786486450707264
-4.267,1.303,-4.267,1.303,1.1153258774705686e-06,9.14636083884188e-06,9.456270888332137,28.354617641971995,1.2974482620789334,0.0608065381004919,-4.267,1.303,3.4227545496269863e-06,2.804338772652605e-05,8227.498522228489,28.380211484767425,1.30468049847757,0.0786516495024546
-4.352,1.431,-4.352,1.431,1.6259545763406882e-06,1.1625692269015226e-05,19.78080439569068,32.52070360526206,1.357372087069539,0.0683951888245093,-4.352,1.431,3.395591426239615e-06,2.603751428338584e-05,6996.150282156094,30.323983713203177,1.3081244593689392,0.0903436272786649
-4.437,1.559,-4.437,1.559,1.2866509391108515e-06,1.0252210010408394e-05,16.793390365836974,29.181902025368743,1.3115705197212977,0.0586549036301264,-4.437,1.559,3.413019177568786e-06,2.491705107372769e-05,6590.96189692152,31.850219798157312,1.329654233911789,0.0810894922020356
-4.523,1.688,-4.523,1.688,1.2164246583890342e-06,9.756977927102176e-06,9.701334363421704,28.98946765499713,1.3162183814876989,0.0600198930412626,-4.523,1.688,2.964353772841279e-06,2.3226900713962492e-05,5753.762318303466,29.67625650253169,1.320162731850112,0.0802222130857783
-4.608,1.816,-4.608,1.816,7.503743415914269e-07,6.875857603797363e-06,3.330838807080577,25.37589968621965,1.2658219759726772,0.069607157343546,-4.608,1.816,2.4320171455533416e-06,2.01887013407009e-05,4789.500460566527,28.010998904270664,1.2910162633407132,0.0937647410702193
-3.679,0.951,-3.679,0.951,3.303704989904628e-07,2.512865996915853e-06,1.2972084941695667,30.570481363793157,1.3112189656011557,0.0569580333640143,-3.679,0.951,4.819648285416787e-06,3.694308814327642e-05,13832.841960172242,30.335593641802884,1.322228586294092,0.0865246315550855
-3.763,1.08,-3.763,1.08,9.195034853191032e-07,7.541064882816521e-06,6.162883691016291,28.352479811579983,1.278950186215758,0.0525545082212275,-3.763,1.08,4.138941098241046e-06,3.3866827708102955e-05,12065.85013383256,28.417448078065085,1.2965788309898971,0.0779668736684653
-3.848,1.209,-3.848,1.209,1.3393828364227476e-06,1.133670713217212e-05,14.33358129540618,27.471865372141583,1.2850482641512044,0.0591975109618064,-3.848,1.209,4.164203769638261e-06,3.309254213638396e-05,10867.791219856104,29.25985637591581,1.3022449720509466,0.0890870029461955
-3.932,1.339,-3.932,1.339,1.359326633553976e-06,1.1548428139592948e-05,15.725286119894667,27.36977942989177,1.2913470262590123,0.0688711017861468,-3.932,1.339,3.683755782843125e-06,2.9199573417262714e-05,9354.411779487613,29.33490400686902,1.3070218981976425,0.0797138146526263
-4.017,1.468,-4.017,1.468,1.3094925831819656e-06,1.0788840003052151e-05,14.350846402970664,28.22270510662586,1.2857795852758511,0.0687561457752347,-4.017,1.468,3.3756066130475224e-06,2.8806604136575173e-05,8445.939499450622,27.24771650352594,1.2762211230399072,0.0839971829956883
-4.103,1.596,-4.103,1.596,1.4060352738396823e-06,1.2939071890252492e-05,36.63990593465247,25.267567694734822,1.2506088589698128,0.0650131019860695,-4.103,1.596,3.4239415599639405e-06,2.696448862589993e-05,7603.036895543338,29.525992333613846,1.3096569358241206,0.0739498460523033
-4.188,1.725,-4.188,1.725,1.4154998139994094e-06,1.1747367599703516e-05,22.910611948593047,28.01815962772806,1.2939479960072582,0.0611892593774266,-4.188,1.725,3.041135975486148e-06,2.4705915220437693e-05,6576.056503706353,28.622346804761563,1.2980301051286496,0.0754364426218704
-4.274,1.854,-4.274,1.854,1.475647971806085e-06,1.1502870086049334e-05,13.188346088149968,29.82956347483767,1.3145108653362616,0.0603278340894814,-4.274,1.854,3.14591858313866e-06,2.4353736648170952e-05,6286.926027605009,30.036700279089093,1.307948687888796,0.0762248473718281
-4.36,1.982,-4.36,1.982,1.2684641961575337e-06,1.0479417415478924e-05,7.802629995850001,28.145658981336616,1.298074164530897,0.0645320174957663,-4.36,1.982,2.482666713639449e-06,2.117241423124014e-05,5166.670483801661,27.26580891917676,1.2790087113946411,0.0828725519402651
-3.49,1.25,-3.49,1.25,1.5466393209480976e-06,1.307503889759109e-05,18.901852583524278,27.50530121166774,1.2687434279620766,0.0592035958521561,-3.49,1.25,3.981871868514727e-06,3.379562541729081e-05,12070.749920245296,27.39662975553741,1.2726252855618378,0.0850266642396811
-3.575,1.38,-3.575,1.38,1.681821548209692e-06,1.4390820364895626e-05,28.667221485834727,27.174696853902823,1.2831757691008423,0.0589533859305641,-3.575,1.38,3.659242262375217e-06,3.1903211234485296e-05,11074.971899971324,26.670251515460738,1.267463831614741,0.0844972083407042
-3.66,1.509,-3.66,1.509,1.747512069714778e-06,1.438510119391538e-05,17.924652907244713,28.24734343942965,1.2896200460621006,0.0770397920233448,-3.66,1.509,3.5678905900339475e-06,2.999641034643236e-05,9509.278696629422,27.657478898715333,1.2734093279613277,0.0859296769752809
-3.745,1.639,-3.745,1.639,1.7317211377755938e-06,1.3286997255573232e-05,16.642884759238726,30.30550046553567,1.3076474510094531,0.0657489688345351,-3.745,1.639,3.486285358990707e-06,2.907791949486779e-05,8831.669209495107,27.87853510781301,1.276752990035863,0.0840771574522772
-3.831,1.768,-3.831,1.768,1.8168803058524357e-06,1.393697914567532e-05,25.067357104169545,30.31293685113692,1.2837335258662246,0.0540637503159702,-3.831,1.768,3.0247682983128684e-06,2.5819865594359476e-05,7559.711596951415,27.240086544094837,1.2642315704493607,0.088032244814293
-3.916,1.897,-3.916,1.897,1.7228139529781389e-06,1.4102523089500007e-05,28.211387241540265,28.40611942379164,1.2868255491244127,0.0562953072494941,-3.916,1.897,2.9730826106648397e-06,2.561104018345143e-05,6985.851809922404,26.99293486931025,1.2705103162467928,0.083025086079727
-4.002,2.026,-4.002,2.026,1.4861185613555062e-06,1.2787214400133989e-05,12.235137367421975,27.02388966744338,1.2828534332569086,0.0569012933483185,-4.002,2.026,2.460077072042359e-06,2.279105206663444e-05,6060.524479341576,25.098899967483536,1.245550414843282,0.084274826791397
-5.886,-1.313,-5.886,-1.313,8.567312025753787e-07,5.537315038440502e-06,7.804687280920803,35.9762339830066,1.4190291495270848,0.0550065093378117,-5.886,-1.313,3.134666965178295e-06,2.012045941898687e-05,3722.187604035228,36.2262901929031,1.416489296245084,0.0834176595142046
-5.969,-1.184,-5.969,-1.184,1.02759775594798e-06,6.713053298708924e-06,13.232142407673615,35.5937216180666,1.4269615282720496,0.0744455424098175,-5.969,-1.184,3.104742198129727e-06,1.994191816628829e-05,3871.2410057313577,36.2016997623358,1.4231550611550214,0.0812273310110442
-6.052,-1.055,-6.052,-1.055,8.875996755915363e-07,5.668719574225162e-06,8.711221110120283,36.40847671592842,1.433014514725257,0.0542635952469191,-6.052,-1.055,3.1864414719725496e-06,2.0340456125307566e-05,4126.319605041773,36.426345781398034,1.4257191560189848,0.0866614332641339
-6.135,-0.926,-6.135,-0.926,7.725983568544209e-07,4.758748979114178e-06,6.577786717961128,37.75124954317773,1.446753762237054,0.0616772679577441,-6.135,-0.926,3.3879910452551285e-06,2.0306732056923796e-05,4226.190507229903,38.794714749703225,1.4466483361715303,0.0762502208809013
-6.218,-0.797,-6.218,-0.797,3.466692580730531e-07,2.052023464073516e-06,1.661547040700272,39.28288323998856,1.4553381684618971,0.0788133186502323,-6.218,-0.797,3.2729662452553937e-06,2.0463346078670808e-05,4417.399733631904,37.19077468212868,1.4342700227966227,0.0875700124142603
-6.302,-0.668,-6.302,-0.668,1.8395941635683067e-07,9.331379849834372e-07,0.6811529501721202,45.840199824011705,1.514171841377049,0.071041370953704,-6.302,-0.668,3.3767636068651755e-06,2.1029726795694027e-05,4720.055787549458,37.33682424829008,1.445255528073193,0.0829442624404838
-6.386,-0.54,-6.386,-0.54,1.10296469032706e-07,4.86284547751891e-07,0.1991078640744928,52.74016539274849,1.584668904130351,0.0361296645686493,-6.386,-0.54,3.906404506044557e-06,2.279716352206992e-05,5361.555124634962,39.84434991280919,1.4766248348227675,0.0783134920830386
-5.536,-1.263,-5.536,-1.263,1.0177506858303455e-06,7.098861418225348e-06,13.118345494322996,33.3367342646115,1.3904257557344355,0.0605359541418308,-5.536,-1.263,2.8791043806978737e-06,2.022406935630543e-05,4353.941327618488,33.10237939472414,1.382167477483787,0.0861087337893012
-5.619,-1.134,-5.619,-1.134,1.2006978719729137e-06,7.341543840425641e-06,13.363373931347782,38.0291564331971,1.437005528897885,0.0612447922660651,-5.619,-1.134,3.1020212761561588e-06,2.059373394785203e-05,4349.290205133011,35.0251514647043,1.398202867670062,0.0916558838105502
-5.702,-1.004,-5.702,-1.004,1.0839280500387596e-06,6.91502394240748e-06,14.934312399730803,36.44828636906033,1.425561396179619,0.0745881051406507,-5.702,-1.004,3.636004420812125e-06,2.24619419156162e-05,4983.372752345263,37.639812408035226,1.4272430186493217,0.0770580128083606
-5.785,-0.874,-5.785,-0.874,1.129890167912978e-06,7.093930792117788e-06,13.57499499312389,37.03562089212216,1.4394741806050708,0.055744506345059,-5.785,-0.874,3.468716373799123e-06,2.1865715776601305e-05,4992.853680103582,36.88717867393649,1.4271204214824915,0.0826590616122692
-5.869,-0.745,-5.869,-0.745,5.619131842441221e-07,3.6590967881839832e-06,4.870384000824199,35.70801202629772,1.4135855527159191,0.0732967193739173,-5.869,-0.745,3.91041161900082e-06,2.405590952417183e-05,5604.807230460583,37.79819320111179,1.4392899875589589,0.0808419423934345
-5.952,-0.616,-5.952,-0.616,8.240029408502413e-07,4.55438110869928e-06,5.842641988031856,42.06973146509437,1.506570979300218,0.0542411287420617,-5.952,-0.616,3.7033274841193033e-06,2.288518211287343e-05,5732.624826294037,37.6277364150688,1.4412549629495195,0.0826934641887682
-6.036,-0.487,-6.036,-0.487,4.511558366546173e-07,2.550922861232255e-06,2.969804357367892,41.12440257523585,1.448870256201048,0.0759837728870396,-6.036,-0.487,3.868630654940398e-06,2.334427842755417e-05,5854.341584367842,38.53427230188567,1.4522406942076571,0.0903125003831794
-6.121,-0.358,-6.121,-0.358,4.144626153907424e-07,1.7154664618235377e-06,1.586656698392085,56.17893203357654,1.6179482465204549,0.0550353117479892,-6.121,-0.358,3.9822659424577335e-06,2.3819348300970385e-05,6182.576925769115,38.87502955178497,1.4566692110442316,0.0851310077595073
-6.205,-0.229,-6.205,-0.229,1.8268559043799006e-07,7.382114601153663e-07,0.5873261582097052,57.54317989444112,1.5914985485364423,0.0936030019179218,-6.205,-0.229,4.389109270423012e-06,2.587235199064747e-05,6957.49686237788,39.44671383553303,1.4696979628010187,0.0832188005662258
-5.284,-1.103,-5.284,-1.103,6.818994868962913e-07,5.032756629086269e-06,5.831670452442314,31.505384314325923,1.3568107870092965,0.0628195743248024,-5.284,-1.103,3.169024227511007e-06,2.2152544747329585e-05,5050.243893305131,33.26383245498187,1.3751381330429164,0.0802698011137257
-5.367,-0.972,-5.367,-0.972,1.2105643938484803e-06,7.405166815999384e-06,13.887905552369642,38.01223427250862,1.4316429934145516,0.0595585957892073,-5.367,-0.972,3.485949047422126e-06,2.38042246771538e-05,5649.264716828808,34.05158578028536,1.3942767933710725,0.0831888202366798
-5.45,-0.842,-5.45,-0.842,4.106467267388396e-07,2.9399923372413822e-06,2.462379525365239,32.47824207817834,1.3700378295522453,0.0836111299722576,-5.45,-0.842,3.884000668261259e-06,2.439973463998313e-05,5960.196307309827,37.01387383948682,1.4133978003353465,0.0858803316229934
-5.534,-0.712,-5.534,-0.712,2.849807455170765e-07,1.8685212965330947e-06,1.5258025662644616,35.46400779400668,1.420245997343238,0.0729533205265896,-5.534,-0.712,4.396266263660298e-06,2.6468365426361213e-05,6684.95896024764,38.62132894398642,1.447507111624764,0.0729523122177837
-5.618,-0.583,-5.618,-0.583,2.499271431875504e-07,1.3911771388459009e-06,0.7008104354631434,41.77354578664108,1.4708320316254255,0.0647569759037231,-5.618,-0.583,4.019562031077533e-06,2.5293088487567717e-05,6699.552749739192,36.95278876041693,1.4361091001954305,0.0782325799606449
-5.702,-0.453,-5.702,-0.453,1.814785906632005e-07,8.80329878626252e-07,0.5191518475767206,47.93473197109047,1.5550493834143937,0.0805675819891591,-5.702,-0.453,4.392583341925932e-06,2.648726371044051e-05,7330.88926783999,38.56144168613113,1.445750735534648,0.079702849270037
-5.786,-0.323,-5.786,-0.323,5.530685484702152e-07,2.9411233323944493e-06,4.2016047605635,43.725629754836746,1.5039723275703758,0.0647166014754489,-5.786,-0.323,6.004144737075089e-06,3.44557721428213e-05,9957.598925150294,40.51907418838862,1.4969900067035156,0.0657754340026413
-5.87,-0.194,-5.87,-0.194,4.416925009449519e-07,2.088538358962005e-06,2.8695025239024394,49.17540182495453,1.5498920919987984,0.0552827104365594,-5.87,-0.194,4.541570034385087e-06,2.7554958962110347e-05,7904.132014420384,38.32450857623412,1.4573267556550975,0.0773132717002147
-5.955,-0.065,-5.955,-0.065,3.6250866553541996e-07,1.711644966205339e-06,2.1114795855868675,49.24646402692721,1.579652598480403,0.0483832334414249,-5.955,-0.065,4.643772138931147e-06,2.6993899426640748e-05,7981.983747246282,40.00143982012751,1.4666825417144067,0.0805303450573149
-5.092,-0.805,-5.092,-0.805,6.214565722527317e-07,4.066744615049362e-06,4.24606761225937,35.533192819989765,1.3765657478271205,0.0699265234371524,-5.092,-0.805,3.737577998961439e-06,2.565868303206527e-05,6866.969050931882,33.87086207690163,1.3845505543897756,0.0823388136320859
-5.176,-0.675,-5.176,-0.675,5.841814718204865e-07,3.617963747759425e-06,4.167599587278083,37.54515618109836,1.4117919157418832,0.0442923595176225,-5.176,-0.675,4.024299226143878e-06,2.7202141268757016e-05,7556.554694926282,34.39992700496492,1.3997303903035914,0.0826977499422872
-5.26,-0.544,-5.26,-0.544,7.8938834188468e-07,5.501367337647134e-06,9.961721328279822,33.364944834791494,1.3793365996768956,0.0742498789383017,-5.26,-0.544,4.431933803876523e-06,2.7614536699783327e-05,7868.225283278541,37.31864369106838,1.4232384994922784,0.0784615549576425
-5.344,-0.414,-5.344,-0.414,1.0263306961597468e-06,6.415835962320607e-06,14.896705591101128,37.19670019224522,1.42750239430735,0.0630812061856717,-5.344,-0.414,4.538667591914164e-06,2.973526903560756e-05,8909.99122740748,35.49170408657001,1.412832502153103,0.0808838083891257
-5.428,-0.284,-5.428,-0.284,5.534587169755838e-07,3.5977130706919997e-06,6.424935065884667,35.770833149747475,1.4053197434530929,0.0782364373969787,-5.428,-0.284,4.996000717648808e-06,3.0456645385391364e-05,9312.661158289704,38.14264210554306,1.443317565144132,0.0789032223296328
-5.513,-0.154,-5.513,-0.154,2.438844188196229e-07,1.0511328753426053e-06,0.95661809039255,53.95066266740116,1.5932887715987458,0.0371506700527025,-5.513,-0.154,4.624489303547921e-06,2.8447291190942555e-05,9040.931917488397,37.80012261061152,1.449330147616214,0.077367407032395
-5.598,-0.024,-5.598,-0.024,2.3274780060844767e-07,1.0636726279107711e-06,0.914864924051553,50.880099257361394,1.5726023627097625,0.0501242378734998,-5.598,-0.024,4.9279786521784336e-06,2.930940646432518e-05,9228.502305659144,39.09598340031781,1.4562981370668164,0.0740983758705441
-8.055,-2.496,-8.055,-2.496,6.803588335134573e-07,4.559746957243614e-06,9.205785899914634,34.695059230813264,1.418252551304908,0.064371019949649,-8.055,-2.496,1.2289713977081906e-06,7.853641642161462e-06,587.5348237255484,36.38656361908872,1.4306974259522198,0.0907074463986925
-8.138,-2.367,-8.138,-2.367,7.012161535319231e-07,4.28536735958231e-06,8.129434900207128,38.04820757962269,1.455560462599806,0.0653333363660918,-8.138,-2.367,1.5718793891156916e-06,8.75197993460546e-06,678.5813099315308,41.76218892181044,1.4860260253212256,0.0749084945389882
-8.221,-2.238,-8.221,-2.238,5.423648049500749e-07,3.4660572041604364e-06,3.4677128321538264,36.3853134916317,1.4446892038624992,0.0729609838381293,-8.221,-2.238,1.5255538274530516e-06,9.03452731189284e-06,704.6896278941034,39.26381079725416,1.461452514089894,0.080350301107881
-8.304,-2.109,-8.304,-2.109,5.493519122369673e-07,3.1641893974883074e-06,3.979375760523064,40.36997841367972,1.477769534673511,0.0634992161130104,-8.304,-2.109,1.5980483649550056e-06,9.15693196474356e-06,721.4498356312873,40.57983522622512,1.4762114447634935,0.0897822876850127
-8.388,-1.981,-8.388,-1.981,6.431098918608708e-07,3.401462762499234e-06,3.625018019531417,43.96325263315721,1.5167848697613526,0.0493810871379867,-8.388,-1.981,1.5374330562228151e-06,9.022904542677974e-06,742.1636669336858,39.62052257262934,1.4769843744759616,0.0756915865115082
-8.472,-1.852,-8.472,-1.852,5.425371130545101e-07,2.95964655387788e-06,3.1133841878699378,42.62456400210048,1.509371718382368,0.0611046962591111,-8.472,-1.852,1.7576404753194848e-06,1.0139912488825364e-05,884.0886068809283,40.3056737980169,1.4813146727987807,0.0805744610791411
-8.556,-1.724,-8.556,-1.724,6.349305676019812e-07,3.1906086569817184e-06,3.3668390141532494,46.27250854225875,1.539954637561836,0.0738657263874887,-8.556,-1.724,1.818553830212928e-06,9.837571822874623e-06,878.6686670659982,42.984174675040926,1.5150412941536482,0.0698141141583621
-7.705,-2.446,-7.705,-2.446,8.6040556213669e-07,5.2311948048047645e-06,10.172610947248938,38.24482374468841,1.4386476483961526,0.0615041243892132,-7.705,-2.446,1.3531652277311768e-06,8.641362540182881e-06,737.1879050243089,36.41153189666378,1.4257868537719518,0.0798785345619433
-7.788,-2.316,-7.788,-2.316,8.359265841596401e-07,5.238560588927528e-06,13.477133027031831,37.104493978351066,1.4293733520622476,0.064866278321146,-7.788,-2.316,1.5542671730521649e-06,9.169045118332867e-06,748.1502798622639,39.415942196301145,1.4546374290557291,0.0818187494077041
-7.871,-2.187,-7.871,-2.187,6.878544144313699e-07,4.165560217066037e-06,6.606113783474139,38.39666099268776,1.448070711785129,0.0636708118185693,-7.871,-2.187,1.5869579230137672e-06,9.147387167526008e-06,790.4596499722599,40.34026049324872,1.4575338662507054,0.0827599198835328
-7.955,-2.058,-7.955,-2.058,6.982983242589802e-07,4.365058201883917e-06,6.607275970271376,37.19814719664952,1.4500788291982258,0.0666736284675318,-7.955,-2.058,1.7413513419345752e-06,9.51551567128186e-06,845.6865731616671,42.55243565406562,1.474333094026247,0.0876384976845902
-8.039,-1.928,-8.039,-1.928,8.068757492464251e-07,4.790630788940766e-06,8.84689160455791,39.16375356440548,1.4578346652040068,0.0531930189795396,-8.039,-1.928,1.6487991387712422e-06,9.751618087748166e-06,889.1308669784604,39.31528382375803,1.462789609371291,0.0848546356311312
-8.123,-1.799,-8.123,-1.799,7.175197415458277e-07,4.198840360782248e-06,6.534760321420571,39.735148370057416,1.475976032101699,0.0704104047629169,-8.123,-1.799,1.7792072506055666e-06,9.957052294303402e-06,975.732113362442,41.54952844777986,1.488708980469888,0.0782432487184327
-8.207,-1.67,-8.207,-1.67,5.818259935026786e-07,3.070008098831343e-06,2.843588161061028,44.068061431802086,1.521608999421913,0.0657772707974803,-8.207,-1.67,2.133462740475229e-06,1.1521972581113465e-05,1142.3180557512542,43.05549363012534,1.5063553308965878,0.0662523595707781
-8.291,-1.542,-8.291,-1.542,4.61755033542975e-07,2.586348699870742e-06,1.992770292836952,41.51403130092529,1.5047920137695776,0.0777675244374386,-8.291,-1.542,1.9594183380484067e-06,1.0847833146385232e-05,1127.7982663961843,42.00050567983345,1.4906270409877744,0.0871883504212462
-8.376,-1.413,-8.376,-1.413,1.7835705533271957e-07,1.053949343003681e-06,0.2678663790923996,39.34965270381264,1.452398563470519,0.0904005774777943,-8.376,-1.413,2.0905114556302017e-06,1.1117332949615908e-05,1204.787134571061,43.72424175791792,1.5110169957870867,0.078983480075803
-7.453,-2.285,-7.453,-2.285,6.963030839390025e-07,4.622194338487863e-06,7.451296045665779,35.02841327334597,1.4063809157337803,0.0638073272374523,-7.453,-2.285,1.7187606616790344e-06,1.0459355039571555e-05,1002.5791961529168,38.21033519547848,1.4437047242024437,0.0753910943811164
-7.536,-2.155,-7.536,-2.155,7.580340820412952e-07,4.736669549916649e-06,7.531705511657066,37.21225535149057,1.4360697734337091,0.0708748769875535,-7.536,-2.155,1.4946298294741427e-06,9.791082384890036e-06,957.9915978314406,35.49549919258799,1.4210949598859366,0.0666894827396168
-7.62,-2.025,-7.62,-2.025,8.200824612123666e-07,4.597430507727638e-06,6.181680209714864,41.4775120421067,1.4877681205037605,0.0564535946351198,-7.62,-2.025,1.7021352112385657e-06,1.036532479995085e-05,1039.8278877329026,38.18400586409588,1.446070116106731,0.0794460817056675
-7.703,-1.895,-7.703,-1.895,6.490566100394231e-07,3.677169378226063e-06,4.192764412092998,41.04301817030702,1.4822725347948216,0.0603817553815829,-7.703,-1.895,1.806498366430396e-06,1.055317786921511e-05,1057.6999941154647,39.80381166881634,1.4703470657391493,0.0748012522502393
-7.787,-1.765,-7.787,-1.765,6.710353250596631e-07,3.6147794950298574e-06,4.043319896834481,43.16521621952104,1.4985595687542372,0.0689852433138632,-7.787,-1.765,1.8230664765127312e-06,1.0717772894691443e-05,1104.808761933365,39.551986642821085,1.4653492546142033,0.0775451197521143
-7.872,-1.636,-7.872,-1.636,6.651983744785469e-07,3.683370963444824e-06,4.140702257563812,41.99291923608211,1.500721828593759,0.0673615398689521,-7.872,-1.636,2.0386096206635737e-06,1.1557117540435836e-05,1254.90041747052,41.01614943847902,1.480522466212241,0.0729244872460786
-7.956,-1.507,-7.956,-1.507,6.421451982790253e-07,3.196216891596308e-06,3.002180115715251,46.716182311898834,1.5227646207835528,0.0724799307258957,-7.956,-1.507,2.270085253773567e-06,1.2532304032871476e-05,1406.3122929394865,42.119343450083406,1.499862866351548,0.0760415558293388
-8.041,-1.377,-8.041,-1.377,1.9775282797384259e-07,1.0073631695621592e-06,0.3652180690891247,45.64644732884983,1.5329402317226628,0.0643375739003434,-8.041,-1.377,2.4495643828453384e-06,1.2985813481560535e-05,1523.3288072899345,43.86216310731741,1.514406954756346,0.0829440608697004
-8.126,-1.248,-8.126,-1.248,5.4822604047948265e-08,3.089120149670778e-07,0.051959023474017,41.266269276677455,1.4813819210345067,0.0391998723849634,-8.126,-1.248,2.4347577404708283e-06,1.27665250116789e-05,1558.1899442406918,44.34589275213168,1.520565556843707,0.0788853500579837
-7.261,-1.988,-7.261,-1.988,9.165100624786968e-07,5.873555734721082e-06,10.367984229642229,36.2832758747796,1.4340343633803865,0.062063156095702,-7.261,-1.988,1.876452570669975e-06,1.185766040630042e-05,1225.930834804572,36.79670498370075,1.4318053516557816,0.0787935773613038
-7.345,-1.857,-7.345,-1.857,7.686907392129258e-07,4.405518884441369e-06,5.177242519301942,40.57186103774508,1.46317631027328,0.0762145932366039,-7.345,-1.857,2.005040757888073e-06,1.2043997307442042e-05,1366.8956365204965,38.70997609147617,1.4513667631534002,0.0832424852731331
-7.429,-1.727,-7.429,-1.727,7.887087844639697e-07,4.173815185066541e-06,5.078714011911167,43.93936848251885,1.5084803789347132,0.0472308685281728,-7.429,-1.727,2.087610570443273e-06,1.2366141913329824e-05,1403.6483443053146,39.25415279782743,1.4603584232546196,0.0747298589788237
-7.514,-1.597,-7.514,-1.597,7.697147072575122e-07,4.2911724089219365e-06,5.032695356371788,41.70846134192467,1.502585582794869,0.0824582021073562,-7.514,-1.597,2.1708582197500646e-06,1.251362770076852e-05,1492.8289118623966,40.338391621301824,1.4666117122596969,0.086234312042912
-7.599,-1.466,-7.599,-1.466,6.393591655842564e-07,3.6760765160407255e-06,3.4185032860982645,40.441820805173656,1.484264308861025,0.0560551033190429,-7.599,-1.466,2.246531535078454e-06,1.3132402857291093e-05,1614.0361519503904,39.777608580835945,1.475136233068971,0.0756787192463695
-7.683,-1.337,-7.683,-1.337,2.3109156045434094e-07,1.1669880073669616e-06,0.3917938855359613,46.045589747712754,1.505063825865878,0.0759428446799219,-7.683,-1.337,2.4270025070206592e-06,1.3738618091223976e-05,1747.400273353833,41.0768868234259,1.4922578119659409,0.0793631583064877
-7.769,-1.207,-7.769,-1.207,1.7312346081972737e-07,8.225283508096598e-07,0.2441341494636563,48.9412882421584,1.5398945820067045,0.1084717478038005,-7.769,-1.207,2.351033058614137e-06,1.3633897575637836e-05,1827.245732315214,40.096739261104965,1.4789675556387272,0.0917831318037984
0.625,1.047,0.625,1.047,2.4250035111119737e-06,2.8962349217671e-05,58.98614578886921,19.469237075300157,1.1056052107685448,0.0620359844777132,0.625,1.047,6.477036953314849e-06,6.59560886965033e-05,43062.0637211268,22.834516962231405,1.1536413373339784,0.09148491335816
0.544,1.177,0.544,1.177,2.6664200915705133e-06,3.037080825510669e-05,69.67511634301322,20.414679718504,1.1106923880814732,0.061872338667118,0.544,1.177,5.448349394359283e-06,6.075055022733696e-05,35492.36357552056,20.853794149860803,1.134011812954936,0.0768929861723188
0.463,1.308,0.463,1.308,2.5320486795180624e-06,2.873128604644608e-05,80.06187970601756,20.49214086044877,1.1244968697195878,0.0647776049177243,0.463,1.308,5.536384799364641e-06,5.886245464701453e-05,33200.93469355486,21.87047655312882,1.1462294428639954,0.0792772725340029
0.382,1.438,0.382,1.438,2.415662198924202e-06,2.9005839798803795e-05,165.77362620388772,19.36516077391902,1.0944602516488664,0.0661348187691453,0.382,1.438,5.47939774164003e-06,5.6138916502895545e-05,29751.804853741567,22.695468256195465,1.15193812889498,0.0847958518538717
0.301,1.569,0.301,1.569,2.4247576372044767e-06,2.9045130118127204e-05,131.87991765798216,19.41177983922401,1.108839846543158,0.0663796286024114,0.301,1.569,4.518700450992781e-06,4.939937806871232e-05,24981.111034482637,21.269751639730508,1.1444098866671482,0.0798859249168806
0.219,1.699,0.219,1.699,3.139248178862324e-06,3.1244017134228994e-05,239.34832195109132,23.363028096105232,1.1392651747110638,0.0656310999561892,0.219,1.699,4.513565853910256e-06,4.883109964636184e-05,23335.21576020831,21.492831129820846,1.1516815706943264,0.0800633585055977
0.137,1.829,0.137,1.829,2.8313809920093413e-06,3.132479720502486e-05,236.1509323864736,21.017467845919125,1.121402124115145,0.0560379164333289,0.137,1.829,4.053689542846053e-06,4.297385022145543e-05,19325.396921572075,21.93393571873993,1.1448901364484383,0.0786017862769763
0.976,1.091,0.976,1.091,2.4427713820322096e-06,2.8051989674753295e-05,79.19376980633683,20.248343541938283,1.1192124301873103,0.0645444035088553,0.976,1.091,5.818424163060687e-06,6.061192466115735e-05,36973.61475114557,22.321205764415566,1.1566018756178762,0.0806992027375499
0.895,1.222,0.895,1.222,2.533835979310041e-06,2.8905926863258004e-05,135.16631714604625,20.382710995621835,1.117380042790321,0.0614920856816278,0.895,1.222,5.485422337390165e-06,5.775193511250849e-05,32403.44201295085,22.085837752638405,1.154835074941158,0.0752904197064306
0.814,1.353,0.814,1.353,2.239527410297838e-06,2.6367944673871104e-05,88.92331798993771,19.749242889608123,1.1168103188307992,0.0732106855585767,0.814,1.353,5.361227796751523e-06,5.619486435154401e-05,31447.05592744188,22.18390419545286,1.143282045780876,0.0753779456747343
0.733,1.484,0.733,1.484,2.7485370511471176e-06,2.8513146066280188e-05,108.71538491713238,22.41438382126646,1.1554775624721123,0.0547948431409974,0.733,1.484,4.95659609815229e-06,5.162023851256205e-05,25806.50793415198,22.327179882917925,1.1522518924541167,0.0857901292149132
0.651,1.614,0.651,1.614,1.9281079913272144e-06,2.3954866095401016e-05,95.38599537606824,18.715780997431125,1.1025453732931303,0.0730857351517948,0.651,1.614,4.5210847170997264e-06,4.798045552797164e-05,23264.704754877523,21.910315220515518,1.1537482321984212,0.0791228966114802
0.57,1.745,0.57,1.745,2.188561714284832e-06,2.6880939930430675e-05,148.9428972440098,18.931485571698445,1.1006288860357425,0.0681534555189424,0.57,1.745,4.38002120607922e-06,4.649984883574088e-05,20828.82063863045,21.90256710906625,1.155607959929184,0.0799690394976201
0.488,1.876,0.488,1.876,2.026903881132869e-06,2.691126904332629e-05,185.21065910843265,17.51335390094586,1.0825911411065794,0.0633066665499485,0.488,1.876,4.190036810407824e-06,4.247222777669664e-05,18097.06905826772,22.93945758056632,1.1576107831668607,0.0753057989873526
0.406,2.006,0.406,2.006,2.291300717157127e-06,2.9248947875991292e-05,255.0476046722709,18.215545856645917,1.0974150260919755,0.0617959045542408,0.406,2.006,3.3135888312702545e-06,3.738782610909639e-05,14898.578768015504,20.60813787153345,1.135759134350267,0.0803515522310468
0.323,2.136,0.323,2.136,1.7670235494045846e-06,2.1335632372318516e-05,73.2541025454873,19.25782187918273,1.110806791287552,0.0678175033418592,0.323,2.136,3.285713656382573e-06,3.694513884623192e-05,14137.77125968357,20.679629678662167,1.13478042161143,0.0862742344185468
1.231,1.247,1.231,1.247,2.5505344396379798e-06,2.7223938587739773e-05,105.36715801898596,21.784649825747543,1.150931313395584,0.0656894006265918,1.231,1.247,5.357427277312561e-06,5.647378855453656e-05,29977.043551388928,22.058689557409835,1.1529807832374648,0.0796674053624335
1.149,1.379,1.149,1.379,2.22573584173844e-06,2.524089993988905e-05,62.38043001399432,20.504025430502747,1.1286226632735126,0.0639413817720585,1.149,1.379,5.10180403705554e-06,5.518029959028977e-05,27619.43870150916,21.49859441988172,1.1535232000504725,0.0733460733658507
1.068,1.51,1.068,1.51,3.030134644159892e-06,2.842801011216241e-05,79.13458439133467,24.78482250888884,1.175475549575881,0.0619775094873896,1.068,1.51,4.1056537704541004e-06,4.762014702514753e-05,23211.171650976048,20.047579214483537,1.124679217570016,0.0874805744117342
0.987,1.642,0.987,1.642,2.123143064566095e-06,2.4496593319314744e-05,96.23052838380777,20.15319535084652,1.1254378732754555,0.0803735744201004,0.987,1.642,4.326409281618102e-06,4.696945241352317e-05,21690.5354754786,21.418174479830743,1.144377023633575,0.0877556475523666
0.905,1.773,0.905,1.773,1.8875974309703344e-06,2.2628147257797577e-05,76.53115030314054,19.396828629084325,1.1094209298483353,0.053917105404756,0.905,1.773,3.891033620536415e-06,4.235696327601059e-05,18236.822082466628,21.36045574439828,1.1470140054295266,0.0785036586973531
0.823,1.904,0.823,1.904,2.0897964484371504e-06,2.607020621096329e-05,141.65620078112596,18.63931157071092,1.1079174542098351,0.0693285385818344,0.823,1.904,3.80018584386193e-06,4.118670427817797e-05,17035.895440860826,21.45448736326465,1.155292445666123,0.077670092986193
0.741,2.035,0.741,2.035,2.1608869983545663e-06,2.667280876531324e-05,129.1063953685791,18.8379505606226,1.102164757817008,0.0661275472483703,0.741,2.035,3.757750094161904e-06,3.85778474500126e-05,15684.840882375096,22.649585079204872,1.1603668679910948,0.082552779068792
0.659,2.165,0.659,2.165,2.122141280425321e-06,2.2158716509116e-05,78.9527270289284,22.26896536004393,1.1457031956724215,0.0652193948645464,0.659,2.165,3.3847033283380942e-06,3.620996223029618e-05,13264.962784914358,21.735162136949857,1.1608496671427533,0.082075313939267
0.577,2.296,0.577,2.296,1.7846452256780203e-06,1.9933623996870268e-05,51.508484407912775,20.817855037258557,1.137507602424348,0.0687988073847904,0.577,2.296,3.335846792159635e-06,3.457071749676183e-05,12125.0776568313,22.43716856262585,1.1635936052459297,0.0853409141157731
1.427,1.542,1.427,1.542,2.103020380424516e-06,2.5838853533323716e-05,152.32905513250142,18.925204841265387,1.093129180929578,0.0661180909442435,1.427,1.542,4.401272049547076e-06,4.7694862769393656e-05,21546.363444068185,21.457393114099222,1.15127777273619,0.0811338806646858
1.345,1.673,1.345,1.673,2.422638470162044e-06,2.4835579483168104e-05,33.59529847920944,22.682173030507084,1.165230119757823,0.057590930411755,1.345,1.673,4.219214510854027e-06,4.557634242852287e-05,19831.909644295712,21.525957784359072,1.150247315546106,0.0843627508824533
1.264,1.805,1.264,1.805,1.7192181261363974e-06,2.099191587396836e-05,21.50754409371385,19.043608810348857,1.1115144768952476,0.0610082771607653,1.264,1.805,3.9586223794533605e-06,4.266037172310204e-05,17207.07694433399,21.576936713057037,1.1459136980314844,0.0773708172308631
1.182,1.937,1.182,1.937,1.8219577233350544e-06,2.1314444340099572e-05,73.9705279013614,19.87625810773116,1.122590409078809,0.0653361773338749,1.182,1.937,3.430464212456984e-06,3.832677359619026e-05,15425.791994997517,20.81234322118545,1.14535715682564,0.0701304059239997
1.1,2.068,1.1,2.068,1.8420331997419496e-06,2.0729564964507557e-05,38.22635228339853,20.66225005091846,1.1356004920677791,0.0648261324898249,1.1,2.068,3.323370463338548e-06,3.567938414299199e-05,13677.27674663442,21.658668482342947,1.1552879179722997,0.0795467753660952
1.018,2.199,1.018,2.199,1.8325066536751428e-06,2.0910536864990128e-05,48.02964253636737,20.377491684114883,1.1443722658066005,0.0526283931045284,1.018,2.199,3.0563002877565742e-06,3.49527161315797e-05,12402.684794149232,20.33224995284297,1.1344834112317868,0.0840968855002124
0.935,2.33,0.935,2.33,1.847764283844995e-06,2.04994932124056e-05,68.16287547766572,20.95915605101928,1.1414357275759532,0.061815411224138,0.935,2.33,3.330658810749628e-06,3.364311469073246e-05,11169.63337914832,23.019945852770636,1.173920925499751,0.0826269200506079
-0.436,0.423,-0.436,0.423,1.4415212016852654e-07,5.094907688513057e-07,0.1727568351126794,65.78926919867595,1.703841621243759,0.022354550073765,-0.436,0.423,8.069963816033787e-06,8.824708941458812e-05,103552.88760787583,21.263832605086268,1.1145326050484976,0.0836056358721054
-0.517,0.554,-0.517,0.554,1.8847789002530199e-07,5.876988569340916e-07,0.1362439263118511,74.57202093881193,1.77298440883247,0.1035861260599833,-0.517,0.554,8.453955206642904e-06,8.856666317097489e-05,85656.87546925909,22.195248276368087,1.14492151306636,0.0831196790744082
-0.598,0.684,-0.598,0.684,2.1657048521348007e-07,1.2330663470702704e-06,0.4319663730635155,40.83975913155115,1.4063977741698332,0.0245451772576644,-0.598,0.684,6.354901841884792e-06,7.471238465008475e-05,63187.60191150784,19.778192341488403,1.098901445471731,0.0929837301923812
-0.679,0.815,-0.679,0.815,7.005242879294144e-07,5.991079061164808e-06,3.3061103540683554,27.188703217373185,1.1623232313748744,0.050516441326964,-0.679,0.815,6.2445258118800255e-06,7.135327634430766e-05,54424.03632351824,20.349600759369928,1.1199125382153363,0.0868201731869426
-0.761,0.945,-0.761,0.945,1.6733200410528264e-06,2.341465716567248e-05,35.79146641526914,16.6173419507694,1.042954133458892,0.0613634710502576,-0.761,0.945,5.897770164766759e-06,6.650229533810413e-05,46072.24236524262,20.621561913296432,1.1295313663829047,0.0769682682069164
-0.843,1.075,-0.843,1.075,2.1604022186057635e-06,2.8161472156854528e-05,47.76796901195157,17.838141644178236,1.0709189896713065,0.0676157452264129,-0.843,1.075,6.311702740911612e-06,6.579062411243302e-05,42523.48617727746,22.30760152654644,1.1535023798724375,0.0822890026833294
-0.924,1.205,-0.924,1.205,2.9253278683206283e-06,3.186132473951683e-05,72.47843337691616,21.34917351826258,1.1532114927822088,0.0734698027992937,-0.924,1.205,5.491644579789349e-06,5.809825491998165e-05,34686.22587321574,21.97908869693505,1.1510553219250068,0.077200827738564
-0.086,0.468,-0.086,0.468,1.502397523287488e-07,4.946619666865601e-07,0.161140967729587,70.62308532024439,1.6957676977545193,0.0521730623647923,-0.086,0.468,8.650409047056779e-06,9.505116114224424e-05,109025.10050420108,21.16165185372278,1.1087728266062111,0.0793645164838572
-0.167,0.599,-0.167,0.599,2.75618728445748e-07,2.3310883351114125e-06,0.8940900699002242,27.492886630402797,1.269518869157939,0.0327392263111516,-0.167,0.599,8.366300049846896e-06,9.007547691808762e-05,83023.39627609223,21.597188232809827,1.1362877024169882,0.0824133635657179
-0.248,0.73,-0.248,0.73,8.636568954120015e-07,8.812033436861207e-06,6.524960137380546,22.78953458377857,1.1134102211099537,0.0648516205608394,-0.248,0.73,7.0592674584307525e-06,7.895874170899985e-05,66805.64505885886,20.78881647913043,1.1225313253458071,0.0889474362491094
-0.329,0.86,-0.329,0.86,1.855167011167717e-06,2.6082617630495703e-05,42.57745822459622,16.538731090576324,1.0440592307876673,0.0549922789611508,-0.329,0.86,7.413444254171704e-06,7.45690206184116e-05,57914.010937142,23.11702457198043,1.1615671690669571,0.0710408851637387
-0.411,0.991,-0.411,0.991,2.1460009341101995e-06,2.84200593151731e-05,51.71499981463568,17.55800928056438,1.0642236571220771,0.0624601971459046,-0.411,0.991,6.424811012538194e-06,7.020062832696873e-05,48199.8877211964,21.28088601778424,1.1381713449815,0.0775543248651125
-0.492,1.122,-0.492,1.122,2.307199439661908e-06,2.8625908932619977e-05,52.38098531710534,18.741148409261832,1.0954091673940818,0.0699105519039438,-0.492,1.122,6.004458543644273e-06,6.526961284677113e-05,44588.57863545299,21.39110214948133,1.1435710823943075,0.0819265888450314
-0.574,1.252,-0.574,1.252,2.69804699528834e-06,2.9891112217496918e-05,65.15606116942945,20.988325101551453,1.1366456974738783,0.0599796760706595,-0.574,1.252,5.370580174003741e-06,5.7315027468214426e-05,33723.3594582406,21.78828497887393,1.1433288151167744,0.0852118594952374
-0.656,1.382,-0.656,1.382,2.538315417575711e-06,2.9926328078195725e-05,81.05386950879169,19.722524421325232,1.1252085676128505,0.0658906790666956,-0.656,1.382,5.045775921952728e-06,5.4656615668311085e-05,31517.201150305897,21.466219746948283,1.1438767281563855,0.074745115332831
-0.739,1.513,-0.739,1.513,2.416536746937651e-06,2.6661889584901085e-05,66.98867450884761,21.07525439632088,1.1421220663154663,0.0602057697110672,-0.739,1.513,4.544146838871942e-06,5.0534353195197794e-05,26283.40007615304,20.909131445717144,1.1379456856650307,0.0833904021910944
0.169,0.624,0.169,0.624,8.197292962799792e-07,1.1007137551026828e-05,10.62229078571807,17.316750931490827,1.0284690226846265,0.0719199899587967,0.169,0.624,7.832264016186543e-06,8.563484335165365e-05,77785.07549793947,21.26704541712503,1.121848038096697,0.0786516105628643
0.088,0.756,0.088,0.756,6.967184564870783e-07,7.177516583450263e-06,4.787293980755471,22.571138121508472,1.086510209024351,0.0747404579798139,0.088,0.756,7.803663590632146e-06,8.208167692954237e-05,67410.25295871569,22.106636293728197,1.1512451968347708,0.0721230001717099
0.006,0.887,0.006,0.887,2.154243558860935e-06,2.849795161611365e-05,51.95736864663435,17.577273319251837,1.0502867672541265,0.0669290423816498,0.006,0.887,6.277098702785622e-06,7.293477574040798e-05,55161.50971621085,20.012191649768702,1.1161185059369712,0.0798732662015203
-0.075,1.018,-0.075,1.018,2.9590547108120378e-06,3.3556718719007894e-05,86.43072811354311,20.50424842604771,1.1184957153966844,0.0701520586303907,-0.075,1.018,6.257465860413167e-06,7.109799680254368e-05,48648.82783671877,20.464986940737816,1.1172748960382275,0.0842268535084471
-0.157,1.149,-0.157,1.149,2.660606216836479e-06,3.023511172242952e-05,69.64004805610456,20.46158967809251,1.1266680981866397,0.062545543051662,-0.157,1.149,5.441491918960043e-06,6.022411022436301e-05,38765.53656761513,21.00960773352525,1.1294911590416703,0.082204205546103
-0.239,1.28,-0.239,1.28,2.8393926117262086e-06,3.068477321669398e-05,59.56663925130111,21.51656191909522,1.1392056634404768,0.0549351633221199,-0.239,1.28,5.4310545262046e-06,6.080788599773266e-05,35893.6797295918,20.767996659674417,1.1343557876662729,0.082176316489313
-0.321,1.411,-0.321,1.411,2.69438033218257e-06,3.0065090302428656e-05,85.33759256147873,20.83851345076545,1.134765205205691,0.0620763604327615,-0.321,1.411,5.3089319968552506e-06,5.650522881730035e-05,30887.746094935137,21.84685227494752,1.1493144182484676,0.0822631118735606
-0.403,1.542,-0.403,1.542,2.1043118625982326e-06,2.581962019814398e-05,89.7914400077399,18.95093322826913,1.0864571074435547,0.0657774446684804,-0.403,1.542,4.705653567436831e-06,5.189720426891722e-05,27246.38682716315,21.08367610574788,1.145603186455887,0.0816566723881299
-0.486,1.673,-0.486,1.673,2.236442765314705e-06,2.633070650668237e-05,86.41050987497329,19.749932859200047,1.1219282222249654,0.0655854514348865,-0.486,1.673,4.228750364508144e-06,4.855200942447773e-05,23227.72993204112,20.252338938273585,1.1323275614763302,0.0808589225893768
0.365,0.919,0.365,0.919,2.645534240825757e-06,3.160088090268553e-05,82.61854588749695,19.4663507958363,1.1066667310199585,0.0624047307211779,0.365,0.919,6.572992257723744e-06,7.158834652008488e-05,51415.86184106083,21.34966853178112,1.1312246725098491,0.0825972625408319
0.283,1.051,0.283,1.051,2.5671109998092503e-06,3.0172324533520952e-05,63.77601146497175,19.78364110349999,1.0888717828261771,0.0624609003055645,0.283,1.051,6.165734319690488e-06,6.836358424253754e-05,45493.884575838405,20.971540350674264,1.1328763894530298,0.0831296956234508
0.202,1.182,0.202,1.182,2.971625302704617e-06,3.05147417296372e-05,87.14352550999403,22.64408083981009,1.1377030991073291,0.0675957286565453,0.202,1.182,5.381564899088886e-06,5.994634687275877e-05,36300.89878836166,20.87450603104663,1.1333569266516912,0.0843676447712056
0.12,1.314,0.12,1.314,3.118907694805973e-06,3.2050002929707624e-05,72.83883606580235,22.627928400312367,1.1487140332505217,0.0546773120628826,0.12,1.314,5.5193061931907295e-06,5.933407315793029e-05,34211.85053868551,21.629708810817043,1.1428391128695692,0.0790512782531038
0.038,1.445,0.038,1.445,2.557004957536805e-06,2.916845603466384e-05,106.50880790826938,20.38395614377101,1.1232456477371875,0.0599633092782822,0.038,1.445,4.68869294024784e-06,5.304579504362712e-05,28790.17130449129,20.552808541355155,1.1287685927198448,0.0908826069788685
-0.045,1.576,-0.045,1.576,2.81214942136992e-06,3.3466650502212454e-05,293.19961507504013,19.538737223762144,1.0947620297673393,0.0599172228643031,-0.045,1.576,4.870952283246411e-06,5.175140992095041e-05,26219.778106489663,21.88578036213697,1.1483990726684563,0.0756582573402061
-0.127,1.707,-0.127,1.707,2.251000208997894e-06,2.8740484395558454e-05,176.98993542048916,18.211755008864483,1.0900958322426468,0.0750695735527,-0.127,1.707,3.890297720537649e-06,4.4747911310450425e-05,21906.355568700557,20.21531056114804,1.1291626359655835,0.0840359113234225
-1.503,-0.192,-1.503,-0.192,9.989837148376801e-08,5.359597167417731e-07,0.3454267228105545,43.34076844135193,1.4700993465726997,0.1546728680077488,-1.503,-0.192,8.134799982355772e-06,7.700827320123558e-05,71212.1542416517,24.56291138925773,1.191095333817366,0.0807263979500023
-1.584,-0.061,-1.584,-0.061,7.352155112966481e-08,3.968855521932049e-07,0.2042934331009005,43.0744478388712,1.480361414140496,0.1272326247440759,-1.584,-0.061,8.458592736100861e-06,7.557126375299526e-05,73841.42442084577,26.026260825537776,1.212218962359329,0.0783706961591405
-1.665,0.069,-1.665,0.069,1.1264678002781017e-07,6.550260736694626e-07,0.3739634057654742,39.98807905119665,1.4877762388460098,0.1295600157982211,-1.665,0.069,9.23297812921088e-06,7.627660182636225e-05,73072.01572129769,28.14626794376544,1.2441353944858624,0.0844039263899179
-1.746,0.199,-1.746,0.199,1.2747625829216012e-07,5.359755550226854e-07,0.326312504313797,55.30376168200795,1.604836361389449,0.0108796290448474,-1.746,0.199,7.685509527861106e-06,7.143146315078472e-05,58650.7917798539,25.018050618759855,1.21178444692633,0.0797331812600302
-1.828,0.329,-1.828,0.329,2.315027409140873e-07,1.8989032385744747e-06,1.4275012321642817,28.34807999876485,1.3064694874417666,0.1025835768353303,-1.828,0.329,8.219018848376597e-06,7.118798687080244e-05,50921.62032938146,26.84624889714973,1.2400635067620225,0.0789553158118758
-1.909,0.459,-1.909,0.459,8.309724746918451e-07,2.598451124145755e-06,1.5656144153375848,74.36052265342887,1.6432362136043108,0.0510949498327101,-1.909,0.459,6.934958076662496e-06,6.38754181199057e-05,42435.11772450817,25.245293933941763,1.226871962060678,0.0811497987795138
-1.991,0.589,-1.991,0.589,1.2381506725454482e-06,3.691147568119389e-06,2.437413908515651,77.99781510648985,1.5727887731461307,0.0360599784800771,-1.991,0.589,6.373064084959416e-06,5.947590007158097e-05,36371.07856893558,24.915959143818288,1.2171159568483485,0.0847970939506208
-1.152,-0.147,-1.152,-0.147,1.504099965250843e-07,5.983872333821215e-07,0.2878577549000281,58.447337145494025,1.6399558502802398,0.0478855853466214,-1.152,-0.147,8.84794747364099e-06,8.675848658500883e-05,105049.26062578656,23.713787059505545,1.1666859717078697,0.0837774822071222
-1.233,-0.016,-1.233,-0.016,6.714468409554615e-08,2.982921540038353e-07,0.1158948953326589,52.3407754042177,1.5600961697782316,0.0537601139575386,-1.233,-0.016,1.021902670262126e-05,9.258742717305976e-05,116238.69488918032,25.66420794483064,1.1975044702197606,0.0755819603208931
-1.314,0.114,-1.314,0.114,1.4030780515485406e-07,6.515855749447206e-07,0.4138739861845183,50.07036039874907,1.5513495646989617,0.0992099234338836,-1.314,0.114,9.118007736470391e-06,8.646073852689269e-05,99785.35328417589,24.52174450095273,1.1867949842977534,0.0666484283412457
-1.396,0.245,-1.396,0.245,2.926844651249107e-07,2.3341741726181968e-06,1.9733034354546848,29.156592035150123,1.2322050186839038,0.0594013117753955,-1.396,0.245,8.508324857777411e-06,7.93379709395751e-05,72608.20652635091,24.93637508002104,1.1970875719915652,0.0730215875913204
-1.477,0.376,-1.477,0.376,5.102153421151491e-07,6.026979823135064e-06,6.286807355662441,19.684488024532925,1.0798367012091237,0.0559578000774189,-1.477,0.376,7.855309080703863e-06,7.34340971121979e-05,59234.597785010905,24.8734407703498,1.2098444851708383,0.0837634246421025
-1.559,0.506,-1.559,0.506,1.3018071133119697e-06,1.1705504503013847e-05,16.837730134095295,25.859900616103555,1.1391572827165606,0.0527002984196117,-1.559,0.506,7.570502225437787e-06,7.121339336074531e-05,52745.87493728928,24.71914006679635,1.204521445703716,0.0806165473118663
-1.641,0.637,-1.641,0.637,8.628529376174442e-07,9.500749392400187e-06,10.296751526022,21.11782890917175,1.1124859905692277,0.0638108357645017,-1.641,0.637,7.346410514281288e-06,6.817849570650923e-05,45709.00443496944,25.055214535721184,1.1994189607669714,0.0821538680160644
-1.723,0.767,-1.723,0.767,1.3099568116088637e-06,1.6077372535212587e-05,22.69387995352414,18.9457695322523,1.091703095091802,0.0662261345981465,-1.723,0.767,6.553855252466525e-06,6.125196815103453e-05,39825.07282230354,24.87981489706124,1.1933172311470126,0.0915804158116742
-1.806,0.897,-1.806,0.897,1.805425445488272e-06,1.954903116386665e-05,27.84736725777334,21.47457945888728,1.1455995530663534,0.0660703615146326,-1.806,0.897,6.286566072112124e-06,5.788652594214424e-05,35219.32161922072,25.25261431449712,1.213199892918673,0.0820539758563079
-0.898,0.01,-0.898,0.01,6.648369802720944e-08,3.241975422679146e-07,0.1029699390589113,47.68434238606061,1.60116656914196,0.0385280611153077,-0.898,0.01,9.934071810196094e-06,0.0001005796654159,170397.85240574542,22.9661108154358,1.141369060244392,0.085720045461507
-0.979,0.141,-0.979,0.141,2.396289590069563e-07,8.704606731446895e-07,0.3891145884398977,64.0118669572549,1.691815620421511,0.0472562202108071,-0.979,0.141,9.28271981187911e-06,9.483880463808345e-05,130548.96868859432,22.75933236759906,1.1482822414690197,0.0766094915526486
-1.06,0.272,-1.06,0.272,2.553450396506362e-07,9.784140472590848e-07,0.4478748253881551,60.68412494996448,1.6962320731620386,0.0596302548629827,-1.06,0.272,7.930228359488217e-06,7.975397826896027e-05,88453.913269394,23.12084410365576,1.1591515272065342,0.0833637727464694
-1.142,0.403,-1.142,0.403,2.681714283329875e-07,1.2503075620430429e-06,0.6789550677379536,49.87305762809866,1.511600372736415,0.1531474882499392,-1.142,0.403,8.383856116029044e-06,7.999827377721856e-05,73477.76019515528,24.368766586218083,1.1943169522285078,0.0774310478553367
-1.224,0.534,-1.224,0.534,4.673849211797814e-07,4.478972115695182e-06,3.5741784002248544,24.264239604656773,1.1498652515880248,0.0559849118842546,-1.224,0.534,8.410765442586074e-06,8.096137793676882e-05,63988.30375622463,24.15616448214276,1.1862534262208229,0.0789601693222889
-1.306,0.665,-1.306,0.665,1.3897573826759062e-06,1.8884216834333536e-05,31.25520587960609,17.112377761441387,1.0520803871030442,0.0703187514973344,-1.306,0.665,6.8434247332009546e-06,6.925358580734225e-05,50411.02748750224,22.97743665276045,1.1744573197607422,0.0844900364320246
-1.388,0.796,-1.388,0.796,1.7746866203682136e-06,2.1903030236686568e-05,37.5532301617001,18.840300263113157,1.087772484583584,0.06434502753627,-1.388,0.796,5.763530980682111e-06,6.214475274832383e-05,42670.091377511526,21.565250889667237,1.1513959938556282,0.0887251085007015
-1.47,0.927,-1.47,0.927,2.3536987247568477e-06,2.6048293744449424e-05,65.68457441002828,21.010768558714688,1.147543134852253,0.0606673159034055,-1.47,0.927,6.012206200750487e-06,6.227531938930134e-05,39856.20440915285,22.448547774966453,1.1723743252243386,0.0769556476952539
-1.553,1.057,-1.553,1.057,2.3796705567505773e-06,2.5961519971335107e-05,65.47672123918059,21.313612674340767,1.1383694709154273,0.0595700329559141,-1.553,1.057,5.840892519117077e-06,5.729705944578253e-05,34561.58625769602,23.70375928752747,1.187344871154643,0.0830287933919689
-0.702,0.304,-0.702,0.304,9.681801669561357e-08,2.917494775084256e-07,0.0767390577337904,77.16430386402222,1.7457470646679767,0.026707868018037,-0.702,0.304,9.270474923558136e-06,9.5226000141223e-05,121832.42026512018,22.63689145503225,1.136666286474626,0.0835556019204919
-0.783,0.436,-0.783,0.436,7.176047402912484e-08,2.529584022339896e-07,0.0685033306247076,65.96393225491897,1.6899122704813436,0.0688832135897813,-0.783,0.436,1.0044988676874284e-05,8.976881374853794e-05,92496.91269483068,26.019222376436847,1.1780884588034433,0.080768171308257
-0.865,0.567,-0.865,0.567,2.7493195033898268e-08,1.7362871409327518e-07,0.04137935501749,36.81917148431467,1.4516321588715797,0.0346656550635433,-0.865,0.567,7.487357266704809e-06,7.905107032410572e-05,67952.96797309139,22.023743961095853,1.1507169362698728,0.0801993726840398
-0.947,0.699,-0.947,0.699,3.82934301876429e-07,3.828350321048318e-06,2.054715315337375,23.2585666079624,1.143197945345202,0.0407538545498788,-0.947,0.699,7.272529628413696e-06,7.431944965995435e-05,59564.14852420064,22.75376989371086,1.1566409718826012,0.0856344911618001
-1.03,0.83,-1.03,0.83,1.4937047457349651e-06,1.8532767120972164e-05,23.26104653936104,18.741089723937357,1.0702865932368013,0.0609248327359458,-1.03,0.83,6.413478024911432e-06,6.857335686832585e-05,49887.7697433162,21.74746039492377,1.151730122201607,0.0744716493750799
-1.112,0.961,-1.112,0.961,2.084367472233192e-06,2.617014628647623e-05,48.02923929388122,18.519893479489525,1.088134589077127,0.0617124440342981,-1.112,0.961,6.0707499270853484e-06,6.312218893878315e-05,42261.32729786482,22.363029672766,1.1620906509903202,0.0830339407588644
-1.195,1.092,-1.195,1.092,2.708238371997903e-06,2.867019925443828e-05,54.65626787651978,21.964763095583464,1.1387075917153189,0.0605335481962339,-1.195,1.092,5.916027279049742e-06,6.0921073724784376e-05,37904.85956394769,22.580469431534127,1.1673593270656195,0.0779771883407166
-7.93,-3.845,-7.93,-3.845,6.932039242136436e-07,4.6419697290733975e-06,11.188053768166895,34.72394471707682,1.408647577771199,0.0651097741872701,-7.93,-3.845,8.672547278694507e-07,5.44998958444216e-06,298.1773901544171,37.00167219924167,1.4087610787770537,0.0812831220865651
-8.011,-3.715,-8.011,-3.715,5.567329544858828e-07,3.7959007222655065e-06,7.397315874071357,34.10377318555319,1.3964178657095814,0.0598566079313324,-8.011,-3.715,8.969752566646125e-07,5.70390546253123e-06,322.6049663187886,36.566087301549054,1.4221453625616065,0.0800718753191937
-8.092,-3.585,-8.092,-3.585,5.85797914230335e-07,3.982683282815123e-06,7.177753602735487,34.20128294593754,1.408197477000629,0.0678058204618524,-8.092,-3.585,9.153939641267176e-07,6.00264830686936e-06,331.707431889783,35.459735607176896,1.4089296356663088,0.1010989994606784
-8.173,-3.455,-8.173,-3.455,5.812165333379867e-07,3.97397732431554e-06,7.192200511244347,34.00814335730504,1.3992515293600742,0.0691955000115231,-8.173,-3.455,8.362443507986427e-07,5.699499778014115e-06,323.71709847217505,34.116683254041355,1.402805931481912,0.0798350323353216
-8.255,-3.325,-8.255,-3.325,7.079729035880946e-07,4.448866150974075e-06,8.271953300160302,37.00306034957724,1.4320293859131072,0.0594202391895795,-8.255,-3.325,9.518361395656702e-07,6.188096224578697e-06,348.54717766439995,35.7664206029301,1.4138019093130303,0.0847605692662941
-8.337,-3.195,-8.337,-3.195,6.914548321279384e-07,4.360555480897197e-06,9.52591827277356,36.87163084322607,1.4371731378024022,0.0671556889713863,-8.337,-3.195,1.2333526565087438e-06,6.388914388259326e-06,368.3836161633616,44.88803068215309,1.472798808382314,0.0899290912022189
-8.419,-3.066,-8.419,-3.066,6.62629346007473e-07,4.283888876337634e-06,7.877582657907599,35.96688418669813,1.4330446159048975,0.0649705957300254,-8.419,-3.066,1.0522182765032264e-06,6.5946949305844576e-06,378.45582411210506,37.1006465946156,1.4429676168496082,0.0784694135572632
-7.579,-3.801,-7.579,-3.801,6.919655011503955e-07,5.031286473945699e-06,11.566175802174024,31.979800057222278,1.373250282549785,0.0689202306314747,-7.579,-3.801,9.530869108624196e-07,6.346059508715556e-06,406.8033555945639,34.92196820029911,1.3900202869363802,0.0828736346901781
-7.66,-3.67,-7.66,-3.67,5.825954573065914e-07,4.152263045057026e-06,6.749879572063173,32.62515497755624,1.383585016157442,0.0605111485026062,-7.66,-3.67,1.0247530866235937e-06,6.927746916318697e-06,442.6430601820937,34.39517860673297,1.395637094434005,0.0809094568899668
-7.741,-3.539,-7.741,-3.539,6.369676553058677e-07,4.388219115891055e-06,7.390966369511751,33.751993006613674,1.3895327843061402,0.0606851199401268,-7.741,-3.539,9.080408163528094e-07,6.404323780173521e-06,403.3905537575749,32.96874669854455,1.3794907345085168,0.0836322960749954
-7.822,-3.408,-7.822,-3.408,6.125387866835917e-07,4.378532277569323e-06,8.456558971457047,32.529350047332485,1.377372848887919,0.0791685733346826,-7.822,-3.408,1.018865750918742e-06,6.351926252980198e-06,398.5581186919554,37.29768391027077,1.4188660848364518,0.0753624573822071
-7.904,-3.278,-7.904,-3.278,7.831970968790364e-07,5.028471871065086e-06,12.577249778907364,36.216409449805695,1.4200140163635622,0.0545217439177705,-7.904,-3.278,1.055267115001502e-06,6.471553664870224e-06,412.7582306096052,37.91614672940859,1.4252167439530798,0.0843683362375224
-7.986,-3.148,-7.986,-3.148,7.445024924784297e-07,4.520927060595196e-06,8.215182095974399,38.29208403318319,1.4284743881611974,0.0625920781512831,-7.986,-3.148,1.1214063637637343e-06,7.060544479067731e-06,447.3216905650788,36.93134892221358,1.4331810336600357,0.0747495626020169
-8.068,-3.017,-8.068,-3.017,6.938708304511775e-07,4.297969209715496e-06,5.755947887926259,37.53925749557551,1.4453293348881582,0.0718904825346122,-8.068,-3.017,1.0113297781952152e-06,6.683313890541664e-06,431.123495029715,35.186112248590305,1.4165343838305675,0.0733030420178569
-8.151,-2.887,-8.151,-2.887,4.449071018422684e-07,2.7245367075644905e-06,1.727040734420162,37.97056175113404,1.4465001527592871,0.0580650942168584,-8.151,-2.887,1.181152962343847e-06,7.437211569312038e-06,495.3343618974152,36.92889858378896,1.432076916234293,0.0839654361329356
-8.234,-2.757,-8.234,-2.757,5.303637663179538e-07,3.291178787722941e-06,3.238507411148703,37.47077868960799,1.4428802967950063,0.0624666381932428,-8.234,-2.757,1.135799023822296e-06,7.339919156481874e-06,485.9869869470763,35.98160752712964,1.4261393612673758,0.077566903240449
-7.323,-3.644,-7.323,-3.644,7.494176783986675e-07,5.076791777647e-06,12.711966813320837,34.324556132735395,1.3860910982597578,0.0616210393958015,-7.323,-3.644,9.049535759104514e-07,6.630052597186759e-06,452.0989192388191,31.738008660960052,1.362697084259871,0.0868058263345606
-7.405,-3.513,-7.405,-3.513,7.040573077608117e-07,4.854110292979128e-06,13.271344098889742,33.72630150837147,1.3714496170284023,0.0607901814792416,-7.405,-3.513,9.209184145321378e-07,6.554735278940397e-06,463.0552846220424,32.66903813450405,1.3750703229400107,0.0862522485166124
-7.486,-3.381,-7.486,-3.381,7.194989233657254e-07,4.842786169139706e-06,7.643300228093636,34.54659133468061,1.397792095174644,0.0609293901207088,-7.486,-3.381,1.100707361190515e-06,7.237421371738039e-06,519.4786374910526,35.36375392847734,1.4099300292365655,0.0764933975395438
-7.568,-3.25,-7.568,-3.25,6.777309050498807e-07,4.899029029795162e-06,13.42303021068185,32.167523351554706,1.3755085285029365,0.0777680013013474,-7.568,-3.25,1.1661894136701574e-06,7.527014539368439e-06,529.7138170357621,36.026053311224906,1.4090408653855673,0.0741945969365631
-7.65,-3.119,-7.65,-3.119,6.568010826554141e-07,4.802628206648086e-06,9.113008424201226,31.79986236896129,1.3737488245345777,0.0639521332612638,-7.65,-3.119,1.182668424951426e-06,7.66596323444704e-06,562.809017898443,35.87291079873089,1.415007126332526,0.0868300974307199
-7.733,-2.988,-7.733,-2.988,6.569745616147633e-07,4.290556815569078e-06,7.14617883276235,35.60452892405549,1.408387068881988,0.0633964014824479,-7.733,-2.988,1.1284517278867503e-06,7.366716206908538e-06,539.1170616179211,35.618809016120274,1.415101425033011,0.082988330951831
-7.815,-2.857,-7.815,-2.857,6.821425453790657e-07,4.615596961401046e-06,6.734042547183617,34.36509954191871,1.4173101832024424,0.0567956831200593,-7.815,-2.857,1.1127637604601674e-06,7.476083162672615e-06,546.8236458903241,34.60980858027048,1.4040523600067665,0.0856061967002811
-7.898,-2.727,-7.898,-2.727,8.319921618530702e-07,4.748205049420825e-06,9.124103721881228,40.74366730240678,1.4582671149606588,0.0610173549623622,-7.898,-2.727,1.238275455899144e-06,7.605637826316286e-06,562.9117827926482,37.8575035282901,1.4362542328723362,0.0764232471897586
-7.981,-2.597,-7.981,-2.597,8.103844787245423e-07,5.100197075555004e-06,12.950236111116116,36.946602155029424,1.433313595663366,0.0719641844295949,-7.981,-2.597,1.4648536481213317e-06,8.313204891247853e-06,620.6065076074946,40.97284304931249,1.463689417366369,0.0777575568767708
-7.127,-3.35,-7.127,-3.35,6.059083778943331e-07,4.650202891543678e-06,6.971520608355758,30.29740296654864,1.3438836403924168,0.0679534060057974,-7.127,-3.35,1.0681875167461425e-06,7.595876609490297e-06,602.5098094500516,32.69941210397649,1.3668742699570722,0.0857480169932791
-7.209,-3.218,-7.209,-3.218,6.51508895801369e-07,4.782190602533179e-06,7.0137600553644415,31.678442131578446,1.3667044973405862,0.0652885610455065,-7.209,-3.218,1.106256036005437e-06,7.748917645900648e-06,630.7615890625057,33.19593882606089,1.3757410932316376,0.0857320700479995
-7.291,-3.086,-7.291,-3.086,7.489041935826526e-07,5.264948631039965e-06,11.112747147187727,33.07519945619489,1.378899642392202,0.0615028527519861,-7.291,-3.086,1.0544551179116825e-06,7.618652279150839e-06,605.7402208921922,32.18253825157277,1.3712193804474546,0.0744714588071395
-7.374,-2.954,-7.374,-2.954,7.853019745851269e-07,5.15077658891246e-06,9.50787150818775,35.4514762014171,1.405405849637586,0.0778430909129545,-7.374,-2.954,1.2145391082325912e-06,7.96972093088142e-06,656.77724069637,35.435514019401616,1.4085085908691246,0.0816584755043873
-7.456,-2.823,-7.456,-2.823,7.716947807643323e-07,4.915736431739298e-06,7.497235305444567,36.50289602570149,1.4112142301304915,0.0583463470481863,-7.456,-2.823,1.1677474207558644e-06,7.993529155199269e-06,650.153545626838,33.96883879131152,1.3922149862177302,0.0841267580408104
-7.539,-2.692,-7.539,-2.692,7.273603808323724e-07,4.731420878373522e-06,7.438183394605514,35.74607868861271,1.4093887492884458,0.0566230555155766,-7.539,-2.692,1.3405573425869523e-06,8.911872046999704e-06,715.414209873014,34.97734179048863,1.4096058345564404,0.0758800965551035
-7.623,-2.561,-7.623,-2.561,8.293437534734254e-07,4.96888951149255e-06,8.690187511062218,38.810173626899,1.4385461787727751,0.0581600048642853,-7.623,-2.561,1.3886160132845083e-06,8.54458077247714e-06,707.8178411885419,37.78868307921878,1.4321832400612349,0.0745592780327306
2.857,0.932,2.857,0.932,8.079575366547076e-07,8.473058350963867e-06,7.83227039406019,22.17270540030441,1.1723438532580224,0.0598009343435661,2.857,0.932,5.193537936594165e-06,4.47408323320445e-05,18503.1719544574,26.9916601237748,1.2597053977311246,0.0836459293083128
2.778,1.064,2.778,1.064,1.2777311219539317e-06,1.3941238159683004e-05,17.079386060660873,21.311227945673824,1.16960789221343,0.0711250199934817,2.778,1.064,5.0206930327177945e-06,4.380313018998786e-05,17408.93635755928,26.65194266597637,1.2499948093212183,0.0801753605440985
2.698,1.195,2.698,1.195,2.0275982638755915e-06,1.782234937448183e-05,37.39691135209036,26.4537536762609,1.2430233027028836,0.0635273274663639,2.698,1.195,5.24750072220301e-06,4.554716025747808e-05,17929.100856820394,26.789311339144533,1.2450622149673023,0.0787362395992692
2.619,1.326,2.619,1.326,2.3629724039472213e-06,2.1279939465510168e-05,89.71961885878267,25.82014097393469,1.2216433378936296,0.062613487838479,2.619,1.326,4.119622760249005e-06,4.0364380727848216e-05,15419.431575977418,23.73173567797713,1.1987021375120068,0.0785048976513427
2.539,1.458,2.539,1.458,2.2819144599195463e-06,2.5726066737688103e-05,269.59768293932626,20.625112021571795,1.1471601011541703,0.062645710477316,2.539,1.458,4.4986457885132495e-06,4.204308700263849e-05,15536.265865635944,24.88041101174348,1.2112447495386929,0.0762121463055451
2.459,1.589,2.459,1.589,2.48434635631703e-06,2.5751295165928376e-05,255.4890091521372,22.432796354614656,1.159207502974034,0.0589888495662238,2.459,1.589,4.25588811419446e-06,4.042757555673872e-05,14627.907421869875,24.47839012624152,1.2040917081197209,0.0759889677082084
2.379,1.72,2.379,1.72,2.3917894112684467e-06,2.5636597244826657e-05,148.02833307063523,21.693663825517213,1.1861057865548204,0.0546743611692347,2.379,1.72,4.007047312146836e-06,3.890402012048151e-05,14034.994600426871,23.94971428199646,1.190804613933636,0.0814709871686925
3.208,0.972,3.208,0.972,6.078565893382722e-07,6.402206095160332e-06,4.869631663114229,22.07708989228147,1.1810011751503848,0.0618819337529113,3.208,0.972,5.448978716663545e-06,4.319938812503316e-05,15497.975432942852,29.32971639939192,1.3009328746155742,0.0736629713902928
3.129,1.104,3.129,1.104,8.812436839306188e-07,9.371062710034343e-06,8.050667679014103,21.866411701995432,1.1740026944006643,0.0703793735633664,3.129,1.104,4.860115240693415e-06,4.0395269066057367e-05,14317.677430408852,27.976050902479304,1.2741595210711183,0.0807876561761109
3.049,1.236,3.049,1.236,1.4602343658243192e-06,1.4315147107744729e-05,14.782480088925396,23.71903944517281,1.2195800739300937,0.1174482644576269,3.049,1.236,4.355349913597646e-06,3.9003144813325725e-05,13735.73992717299,25.96532569552615,1.2445001756193288,0.0880219324989689
2.97,1.368,2.97,1.368,1.9863242594412126e-06,1.717752834341873e-05,43.84194879284641,26.888081790452738,1.2559581322088682,0.0604023288158753,2.97,1.368,4.80152931290835e-06,3.869439331494976e-05,13635.004968287314,28.853725134803646,1.2619557078366077,0.077617218198298
2.89,1.499,2.89,1.499,2.566031311342749e-06,2.6045246490761005e-05,285.0898602367083,22.90887840431834,1.1871568170288276,0.0713841522177921,2.89,1.499,4.287095972940794e-06,3.636344240081464e-05,12100.856559284308,27.413757320002357,1.2494548482867982,0.0761474085582919
2.81,1.631,2.81,1.631,2.2506247726158685e-06,2.3179934863438665e-05,197.67016156123395,22.576739979934104,1.1800056260159977,0.0663041130844939,2.81,1.631,3.846692279588995e-06,3.600819886569203e-05,12048.666875026069,24.84027474043136,1.223364239372705,0.0815906133008467
2.73,1.763,2.73,1.763,1.5916599509810451e-06,1.7638000676065662e-05,57.63697377320984,20.983178806336756,1.158402900867512,0.0775106463039843,2.73,1.763,4.0895600949811725e-06,3.6407275452755866e-05,11842.266082415235,26.119133332349488,1.2313307018573283,0.0724563900956045
2.649,1.894,2.649,1.894,1.8326585321045287e-06,1.9190762692207453e-05,79.82040266832365,22.20545444178835,1.1727202670950934,0.0650527629732073,2.649,1.894,3.215278053065772e-06,3.193241434525945e-05,10127.50799681765,23.41300337738456,1.1916836693957824,0.0858197012928435
2.569,2.025,2.569,2.025,1.7538389950037786e-06,1.905398266782145e-05,69.01348956720027,21.40298286193637,1.1603701190152589,0.0596442456529155,2.569,2.025,2.97431927597534e-06,3.0352390670994127e-05,9466.76863671847,22.785839282482044,1.1821224302072944,0.0807730184315127
3.465,1.126,3.465,1.126,1.041848604947494e-06,1.0136497885409126e-05,9.541658844100612,23.899401649665997,1.2253650784109016,0.0698964245832135,3.465,1.126,4.6068471453437614e-06,3.638864144927196e-05,12348.88112783555,29.438000510514872,1.29233315468554,0.083567744102324
3.385,1.258,3.385,1.258,1.36711203793018e-06,1.2102810677380552e-05,12.75493859387941,26.265653777792703,1.2420791660016282,0.0604317274707271,3.385,1.258,4.515371907957817e-06,3.684206782531773e-05,11859.517928149811,28.498360541266884,1.2812658374968142,0.0818573646376233
3.305,1.39,3.305,1.39,1.403970144927414e-06,1.294515576455487e-05,14.27548797751308,25.2185980580947,1.2212484635417835,0.0728112183860877,3.305,1.39,4.2086286971364494e-06,3.56342574221291e-05,11148.964369642808,27.46270088409531,1.2660015078139326,0.0813830452470711
3.226,1.522,3.226,1.522,1.4790352077418614e-06,1.4358490482449436e-05,20.379792942831465,23.951905814230557,1.2138248303233954,0.0695049805708146,3.226,1.522,3.9352072491075295e-06,3.30004568042307e-05,10382.630037546862,27.727965535822555,1.2602454868353088,0.0866503323311953
3.146,1.655,3.146,1.655,1.8182017103824208e-06,1.73938118703764e-05,58.58610986492513,24.30623212259844,1.207988902869822,0.0684272075354685,3.146,1.655,3.5630723989503352e-06,3.2696043221499696e-05,10001.74791858307,25.33960237657959,1.2271674732187812,0.0887144521027058
3.065,1.787,3.065,1.787,1.74204602740378e-06,1.66883869547789e-05,48.8138833251831,24.27256159700496,1.208463394898969,0.0744985863651178,3.065,1.787,3.0781079582010976e-06,3.047445532120645e-05,9338.044107599042,23.486496807030164,1.2042024185419693,0.0842746579774515
2.985,1.918,2.985,1.918,1.7249171953323971e-06,1.6209769787884833e-05,52.01819398305147,24.74353538120068,1.1950227399851598,0.0589346618112237,2.985,1.918,3.3264446728278217e-06,3.053773767245723e-05,9020.917910139666,25.328752011957707,1.2208525986399792,0.0805196988885978
2.904,2.05,2.904,2.05,1.7211865489607211e-06,1.6492760707239598e-05,32.7402151074801,24.266376590131777,1.2046115322930273,0.062938034105092,2.904,2.05,3.1662502027304343e-06,3.0040200889332645e-05,8652.642796779712,24.508275044340824,1.210191642666852,0.0833119105908803
2.824,2.182,2.824,2.182,1.4560253687922988e-06,1.515641188449662e-05,37.84965985249976,22.33792819119316,1.1787372330502304,0.0845605496444354,2.824,2.182,2.875154931891384e-06,2.9527149207161692e-05,8341.57908487419,22.64175471173232,1.1875842240743208,0.0865417047851667
3.664,1.417,3.664,1.417,1.3576913989098886e-06,1.2050644091215031e-05,15.815968594066364,26.197578735983832,1.2556129944560743,0.0680685224319641,3.664,1.417,3.875778009395698e-06,3.304465607604594e-05,9582.016797192418,27.27269186270072,1.2698785814516005,0.0800692339053972
3.585,1.55,3.585,1.55,1.6813639757098178e-06,1.4208809378919072e-05,21.51366643166388,27.515309217911906,1.276902532297198,0.0574812144038324,3.585,1.55,3.635027716341069e-06,3.106201333820251e-05,8753.225803644304,27.211248744591582,1.2607212293705836,0.0879927712843959
3.504,1.683,3.504,1.683,1.611766892322943e-06,1.3888862189239454e-05,18.110193127149856,26.983973984202503,1.259621509298147,0.0555537191232086,3.504,1.683,3.791737626675281e-06,3.012867543603394e-05,8346.91613840546,29.263656263273543,1.2725364042625138,0.07616892341254
3.424,1.815,3.424,1.815,1.4061705394943049e-06,1.3114820687805734e-05,24.198490470261703,24.931360891167625,1.228840932132934,0.0580747429576777,3.424,1.815,3.588293257489705e-06,3.0517443945978123e-05,8370.619760095731,27.34073094416711,1.2507831041914863,0.085924145339649
3.344,1.947,3.344,1.947,1.6281463452955262e-06,1.6141253711147245e-05,49.04916026247143,23.454518536960137,1.2044730907838426,0.0609904618986602,3.344,1.947,2.8482295535608515e-06,2.7536967505020847e-05,7424.978078461415,24.05078322280101,1.208857023076003,0.0878660272658575
3.263,2.08,3.263,2.08,1.4969849358415214e-06,1.5292438914195782e-05,50.908947479552985,22.76203166965997,1.1900827503388325,0.0636070645411237,3.263,2.08,2.92813980035164e-06,2.754108857399358e-05,7421.051243538661,24.721854914977197,1.2253392397374252,0.0783951220508055
3.182,2.212,3.182,2.212,1.5229777552710422e-06,1.661747133177614e-05,83.08735665888071,21.31076153551468,1.1571276889088211,0.0639824158008744,3.182,2.212,2.9146763333193965e-06,2.6860601188403097e-05,6716.054694447184,25.23160943029278,1.221162866518546,0.0809013316608355
2.323,2.254,2.323,2.254,1.9409089067206974e-06,2.0717426091430305e-05,123.85389619854944,21.78410403322156,1.146594630866751,0.0558227506667558,2.323,2.254,3.1628364065386174e-06,3.120358082365069e-05,8957.125452192411,23.569080603615987,1.194948418774037,0.0796564683639468
2.242,2.384,2.242,2.384,1.6389273549518323e-06,1.885099662674749e-05,79.55503014288827,20.216023598268595,1.1372565466366087,0.06652259482961,2.242,2.384,3.0306817524994614e-06,2.9416008963272447e-05,8466.07087235646,23.95669658521038,1.1951694823129024,0.0760357119686712
2.161,2.515,2.161,2.515,1.8014632649653043e-06,1.941314119934478e-05,90.10171780535734,21.577441346142763,1.1562486057212344,0.0671703445129023,2.161,2.515,2.9142144174675733e-06,2.93984134189774e-05,7823.361959481826,23.04984222910503,1.1857241618559282,0.0771365286722835
2.079,2.645,2.079,2.645,1.5268410587269148e-06,1.7844126396147442e-05,73.16526590554015,19.896142689510324,1.1313479544152298,0.0670623948816149,2.079,2.645,2.691643681226001e-06,2.587651768217899e-05,6686.919140225096,24.18700443280104,1.1877817850883514,0.0842315878567523
1.998,2.776,1.998,2.776,1.25880310826168e-06,1.490770226667726e-05,38.52658892597688,19.63439137752921,1.1320046914382411,0.0709963339877857,1.998,2.776,2.390527161592759e-06,2.38081135852159e-05,5975.098273809028,23.347427976377148,1.187421929798478,0.0869457065159244
1.916,2.906,1.916,2.906,1.1276346608915854e-06,1.298707833557558e-05,17.36233242175984,20.18958091018009,1.1487018637810238,0.0667638933967483,1.916,2.906,2.1212291494527597e-06,2.2843229163626397e-05,5239.746350526732,21.59237615828645,1.1648146247753557,0.0826189969064776
1.834,3.036,1.834,3.036,1.2605494193324385e-06,1.4275737964574545e-05,13.458331938080176,20.53201895426236,1.1583215761975778,0.0597237440902967,1.834,3.036,2.197990562215069e-06,2.2395541287431227e-05,4934.980800894392,22.820996655465382,1.1898627112759723,0.083493751134111
2.673,2.298,2.673,2.298,1.7993563540862722e-06,1.89726150410346e-05,76.64715006363492,22.052627138257517,1.1665623782611878,0.0728874935749716,2.673,2.298,2.7435359433180517e-06,2.792544015698229e-05,7498.042191929828,22.84446411005913,1.1837208203641842,0.0771642889387435
2.592,2.429,2.592,2.429,1.6327982549809004e-06,1.803828359495406e-05,90.92957144106882,21.047846343513736,1.1435118421303887,0.0671977970614594,2.592,2.429,2.5180738848884967e-06,2.6279915647385557e-05,7043.864563379165,22.27998271775277,1.1768911116060126,0.0879551179509428
2.511,2.56,2.511,2.56,1.5193110279192568e-06,1.7309476769667294e-05,73.7097945869008,20.409534409083708,1.1525792762965892,0.0738908647612827,2.511,2.56,2.597504202547828e-06,2.6276618714051307e-05,6517.235036713462,22.98566787344097,1.1846670209434034,0.0760537989403792
2.43,2.691,2.43,2.691,1.5881191145511654e-06,1.7621538263110048e-05,108.56578508316602,20.95605855464383,1.1468984106713271,0.0641810199293362,2.43,2.691,2.4850757766970835e-06,2.5699808913810476e-05,5905.21663875645,22.48433717962148,1.1878309755605518,0.0793777349513999
2.348,2.821,2.348,2.821,1.5365788658474433e-06,1.6904603829979767e-05,92.7110645904173,21.135873739645625,1.1555026612329466,0.0654657026005953,2.348,2.821,2.4663642353884148e-06,2.352357891953128e-05,5442.445484656633,24.379464661007574,1.200398777480263,0.0699430053925158
2.267,2.952,2.267,2.952,1.5199131961764684e-06,1.6862417732883866e-05,66.72962727461986,20.95893879099422,1.1671661861212212,0.0560934821314897,2.267,2.952,2.169477000027049e-06,2.2178716339045874e-05,4837.24345370399,22.74515974934744,1.1878441944428684,0.0834444092154419
2.185,3.083,2.185,3.083,1.2168594167674655e-06,1.2771932165854457e-05,19.28508960631462,22.154102034641724,1.1774117429654296,0.0655249675539021,2.185,3.083,1.9456564344610447e-06,2.017198373600409e-05,4286.271571385385,22.42786291375143,1.1821476241219748,0.0805095173427496
2.103,3.213,2.103,3.213,1.408744244646824e-06,1.3817066507704565e-05,9.77011211576115,23.70754886036193,1.1977616161670368,0.067215171341695,2.103,3.213,2.001876393155102e-06,2.057740032659474e-05,4122.036857775643,22.621276028199336,1.1866899943123963,0.0865949385559101
2.021,3.343,2.021,3.343,1.257077081946902e-06,1.2766483197759671e-05,20.03324577452937,22.89607180027748,1.187179676243011,0.0722127656826432,2.021,3.343,1.8709588426943533e-06,1.8165762960861854e-05,3463.957203553427,23.94864457740846,1.199116051439191,0.0930362584709019
2.928,2.454,2.928,2.454,1.3773934115377802e-06,1.5379925846400637e-05,55.91007943355648,20.82447720555921,1.15418588675836,0.0697651147963868,2.928,2.454,2.6133198655420926e-06,2.561862208815259e-05,6306.310310874759,23.719588486304776,1.2038543578598146,0.0813189049871201
2.847,2.586,2.847,2.586,1.4409520737172533e-06,1.713637681875297e-05,98.02007540326696,19.5524363354876,1.1271308576154857,0.0672195143207462,2.847,2.586,2.3172955675112614e-06,2.364639870297405e-05,5499.060966063937,22.78697996710022,1.1863143631469424,0.0840250890114931
2.766,2.717,2.766,2.717,1.5570476923944953e-06,1.761501452069976e-05,108.7875092629349,20.55366421912745,1.1578717865350177,0.0736653523789551,2.766,2.717,2.138453546924691e-06,2.251979591078735e-05,5221.450354198833,22.080338035388237,1.17770388591429,0.0869386596602077
2.684,2.848,2.684,2.848,1.4600490093936696e-06,1.6180368454219752e-05,78.46616846488227,20.98212038864581,1.1651855773640185,0.0719696321959616,2.684,2.848,2.338014180803549e-06,2.1920665098668265e-05,4681.491607159066,24.800689867385373,1.2063134679202594,0.0757240421195821
2.603,2.98,2.603,2.98,1.4619265993225984e-06,1.6418500270716326e-05,77.6733608830445,20.704389592867138,1.1550506658709214,0.0575840307061161,2.603,2.98,2.2211057580750883e-06,2.1975409628409652e-05,4636.776233394285,23.501880104343037,1.1979844782816105,0.0753667375631983
2.521,3.111,2.521,3.111,1.2114318927249698e-06,1.3337586810270133e-05,30.470822665279226,21.11991137097699,1.17279737341669,0.0652828132140397,2.521,3.111,1.9750751273959837e-06,1.953812406872091e-05,3864.344159161572,23.50558717041867,1.2017345659471748,0.0716943357514308
2.439,3.242,2.439,3.242,1.0370325902841783e-06,1.12971999877295e-05,11.15578487215329,21.344792421647536,1.1687453652276527,0.0608968440005728,2.439,3.242,1.8678407812193e-06,1.8655092959909288e-05,3528.9678818819502,23.281597854084502,1.1925316965808468,0.076753945935799
2.356,3.372,2.356,3.372,1.3005553599818895e-06,1.1917751739148276e-05,12.056056512417404,25.37493021501325,1.2144712394129222,0.0715324208304375,2.356,3.372,1.83934853144398e-06,1.8728369506941803e-05,3394.1295659625503,22.836755815319997,1.190094954756345,0.0787283867348325
2.274,3.503,2.274,3.503,1.0408677991936563e-06,1.1164998672904432e-05,19.427210639752776,21.67740267171849,1.1671652633297074,0.0641613936015094,2.274,3.503,1.7562989197357712e-06,1.7688462951134426e-05,2955.8247106381405,23.087594469471497,1.1938480218569014,0.084561997218083
3.125,2.749,3.125,2.749,1.6787033279969665e-06,1.61118404505688e-05,85.97398697602154,24.226972503736075,1.191595456061421,0.058205304101804,3.125,2.749,1.9291688625030025e-06,2.066769938435992e-05,4446.058973661386,21.704433511763543,1.1732702918662865,0.0851588973270066
3.043,2.88,3.043,2.88,1.6888506213074551e-06,1.700771710996792e-05,112.7419241187708,23.08955494683789,1.1851932096009123,0.065905368713421,3.043,2.88,2.10023396926207e-06,2.1081858371729737e-05,4173.2780423865215,23.164830921394763,1.2040852753186757,0.0708786082588549
2.962,3.012,2.962,3.012,1.1483506069009778e-06,1.2724022679822154e-05,32.72349409596578,20.98555296632741,1.158558003270466,0.0583515074862142,2.962,3.012,2.0742451868771083e-06,2.0428763204080604e-05,3988.71348853548,23.609585591818306,1.206797877814623,0.0748463163420792
2.88,3.143,2.88,3.143,1.2295274031250314e-06,1.2565643489287237e-05,24.41209580780498,22.752222507671583,1.184377374620403,0.0592193907575921,2.88,3.143,1.726941084514376e-06,1.852466414208834e-05,3487.0487845795374,21.676917582540028,1.176532774366776,0.0878006752721269
2.798,3.275,2.798,3.275,1.2224720163890476e-06,1.3828720555662424e-05,61.26546328739806,20.55546346835123,1.1537743504095646,0.0731768324913172,2.798,3.275,1.8095394674653596e-06,1.8628648641178518e-05,3367.183032036078,22.5869222007158,1.1957588998376008,0.0855667830071398
2.715,3.406,2.715,3.406,1.156527470123763e-06,1.2840155397334466e-05,48.246563968057416,20.94382596876433,1.1609152607104272,0.064476390166036,2.715,3.406,1.7375624413636396e-06,1.7606927490671725e-05,3009.0103827257326,22.9470674549744,1.1954885444208037,0.0866102431546719
2.633,3.537,2.633,3.537,1.2242593908738876e-06,1.2995055046084602e-05,56.05566467766448,21.90613037829828,1.1739959497394168,0.0587591258248036,2.633,3.537,1.7195377996956417e-06,1.627334494157569e-05,2644.76627405181,24.57000498252373,1.1992860084259938,0.0857305555260085
2.197,3.615,2.197,3.615,1.0992577564614052e-06,1.1072206332947408e-05,19.844914700365315,23.08531027168121,1.1754963098778008,0.0694656647305648,2.197,3.615,1.6086415380947045e-06,1.6335675199081144e-05,2629.24053082326,22.897735616801693,1.2016988786863674,0.0865264635774881
2.114,3.745,2.114,3.745,1.0502601309241412e-06,1.1150290669041806e-05,24.203923965729185,21.90186199970837,1.1751582480528395,0.0613119527195477,2.114,3.745,1.6226138785373582e-06,1.566299693839164e-05,2459.077918364544,24.088550675946937,1.2117830794358082,0.0902990903327205
2.032,3.875,2.032,3.875,1.089264907023578e-06,1.0041914366281496e-05,13.896205803375286,25.22245443629589,1.2106723079013129,0.0750992678358698,2.032,3.875,1.755610260802684e-06,1.5790320091178325e-05,2304.382401998816,25.85279629370077,1.2325340146432169,0.0830048717805933
1.949,4.004,1.949,4.004,9.404836594738162e-07,9.28815102003504e-06,6.218587802704069,23.544655138908364,1.2092730639315874,0.0644063992166954,1.949,4.004,1.3492729842638654e-06,1.3402835296908767e-05,1895.760395699208,23.408494952949997,1.2054527420487682,0.0887106766056467
1.866,4.134,1.866,4.134,8.156603723995747e-07,8.456547846237095e-06,7.24927833781195,22.4277961704947,1.1977934275850213,0.0635494186664262,1.866,4.134,1.415224713771081e-06,1.3653602322511016e-05,1768.9815738925165,24.101745829278247,1.222530628380032,0.0790658468474684
1.783,4.263,1.783,4.263,8.039082400176646e-07,8.505640729068939e-06,9.256674586843564,21.9770700883676,1.1893186176553954,0.0650801255908602,1.783,4.263,1.3820176673064803e-06,1.28880019747441e-05,1565.0909133837554,24.93436706740743,1.2293880756162916,0.0766508338399876
1.7,4.392,1.7,4.392,7.68611495188404e-07,8.032835327083554e-06,5.185878718645754,22.24889051688493,1.198347461852841,0.0648325855704767,1.7,4.392,1.2332258582033414e-06,1.1553998484058083e-05,1367.322565817624,24.818793395063928,1.2292955595991546,0.0810582629014151
2.548,3.663,2.548,3.663,1.2082965719796462e-06,1.3135690018022098e-05,64.62765624889303,21.389025572919543,1.1709081739735256,0.0705722146667902,2.548,3.663,1.6708513923924666e-06,1.5919820450780344e-05,2471.811175316428,24.404505222622248,1.217769410759612,0.0826356005622541
2.465,3.793,2.465,3.793,1.084490828687669e-06,1.1892506530419794e-05,49.471656932201405,21.20424593178557,1.171214102618547,0.0693663503705226,2.465,3.793,1.6580286128297671e-06,1.537456687937483e-05,2270.09029786656,25.076070290176126,1.2346803275301332,0.0721385084021189
2.383,3.923,2.383,3.923,1.0271832853167178e-06,1.0918715779485057e-05,28.62159362995682,21.87493293236865,1.1796046486789995,0.0642044265010567,2.383,3.923,1.443723091694192e-06,1.3942014016040073e-05,1947.970581421619,24.078461574409804,1.2194187877410687,0.0783526358039011
2.3,4.053,2.3,4.053,9.846391192293886e-07,9.937765831338104e-06,15.724508357350196,23.038737401320866,1.1951613129888956,0.0666411084513437,2.3,4.053,1.3996789493754782e-06,1.3554041705534287e-05,1764.582788078992,24.01208991790404,1.2242341200336693,0.086647359084844
2.217,4.183,2.217,4.183,1.004714861167869e-06,1.020119810052968e-05,25.474748262912925,22.90139789476716,1.200687113226871,0.067322925501245,2.217,4.183,1.4252465536409184e-06,1.257575251004224e-05,1583.7345334807508,26.35277567755812,1.2337997730998749,0.0799869432261036
2.134,4.313,2.134,4.313,8.902897357104508e-07,8.34221813070422e-06,10.37759657074584,24.81533671420529,1.217701390332274,0.0670524932495741,2.134,4.313,1.3721753931376966e-06,1.269657503735642e-05,1519.911155290589,25.13005220730432,1.2377910791970346,0.0751844200290332
2.05,4.443,2.05,4.443,7.902478420427063e-07,8.202432111640112e-06,10.962081223827486,22.402218126208265,1.196591837094907,0.0588420734918799,2.05,4.443,1.2067426520251257e-06,1.1611698633245628e-05,1275.4801221617204,24.165136623058075,1.22877796745337,0.0811897083008226
1.967,4.572,1.967,4.572,7.625365607349952e-07,7.599739738871554e-06,8.404657044993266,23.330943352276947,1.2032361583461746,0.0658104394016145,1.967,4.572,1.2799998076831974e-06,1.1202671804656236e-05,1151.9583421212017,26.567986320464083,1.2588064146353737,0.0812909984442784
1.883,4.702,1.883,4.702,7.101556943404023e-07,6.948555842769044e-06,7.334693449735196,23.76453764488234,1.2090174735941372,0.0666738255929819,1.883,4.702,1.0217058514101152e-06,9.98806713711623e-06,1016.009811351386,23.785636376535894,1.2275709776436272,0.0817634399114303
2.801,3.822,2.801,3.822,1.028862301088593e-06,1.164243702555778e-05,63.68944882278196,20.54866937440692,1.163419374438266,0.0696276869069343,2.801,3.822,1.661717533602737e-06,1.4740266875660254e-05,2044.593477615743,26.21333051036747,1.23599688358265,0.0845515437696074
2.719,3.953,2.719,3.953,1.157966051496799e-06,1.147252445924754e-05,39.5693114768866,23.46968077329645,1.2073676606436878,0.066717577540758,2.719,3.953,1.42714664621574e-06,1.4216208987812811e-05,1946.5953291564765,23.3429182766404,1.211733187404474,0.0805851062272181
2.636,4.083,2.636,4.083,1.0194658925250023e-06,9.734847174796398e-06,15.24377320605584,24.350837922643255,1.2041847087965305,0.0677084256309196,2.636,4.083,1.3030048238071384e-06,1.2857077814094865e-05,1663.80534533648,23.565361085036496,1.214796850369594,0.0877834905990589
2.553,4.214,2.553,4.214,9.106091173459926e-07,9.198491088081832e-06,16.621392471220695,23.01896274072943,1.20374152160327,0.060803893802229,2.553,4.214,1.2711128103328158e-06,1.253800807686139e-05,1482.5758499168028,23.57359933757133,1.2210603108646672,0.0827878183159159
2.47,4.344,2.47,4.344,8.467720715505532e-07,7.856606859135261e-06,5.469807644438822,25.06119936327136,1.2292253804991085,0.0593917224819389,2.47,4.344,1.2636390221600828e-06,1.1872617153037292e-05,1347.2946275645925,24.74838780141651,1.230282053614625,0.0909940407146436
2.386,4.474,2.386,4.474,9.076338303020476e-07,8.257448431361589e-06,9.556792797236415,25.558487667892333,1.239022957270676,0.0582580437178035,2.386,4.474,1.2023748896710805e-06,1.1178608628825176e-05,1216.8034413844591,25.010506907958707,1.2346913807422866,0.0787012246063662
2.303,4.604,2.303,4.604,8.78748621709097e-07,8.451763817040384e-06,17.316822797587662,24.17617842325293,1.2181597332546037,0.0660794840038456,2.303,4.604,1.1641624484109043e-06,1.0855968074423638e-05,1117.2046600672163,24.9353447212836,1.2361483469519758,0.0819402621684181
2.219,4.734,2.219,4.734,6.494656208645713e-07,6.776025743682475e-06,8.02583910721801,22.286992510445923,1.189552153117338,0.0637133054382425,2.219,4.734,1.1088520587810197e-06,1.0183275350591346e-05,943.9052447974792,25.319578271815192,1.245413360614928,0.0759387838608394
2.135,4.864,2.135,4.864,8.038687460530867e-07,7.647572847901213e-06,17.324232243542873,24.441725867537247,1.2295576597608189,0.0698178236843449,2.135,4.864,1.0720411236633071e-06,1.016124978278714e-05,946.9079385164476,24.53209656831308,1.2409116178522963,0.0842430604195078
2.995,4.118,2.995,4.118,9.335068652643462e-07,9.443036014183126e-06,27.404054118170173,22.98667829402254,1.198241586744111,0.0700893909237782,2.995,4.118,1.3622554141937523e-06,1.2699636686755828e-05,1555.498370509678,24.94236288509795,1.2325762663253474,0.0801865750584027
2.912,4.249,2.912,4.249,9.895996999525598e-07,1.016428676423869e-05,36.21672569841217,22.638778653008234,1.2045196171008867,0.0522907776708743,2.912,4.249,1.1312595851756392e-06,1.1498605747264556e-05,1343.146997116175,22.876387058720685,1.2079922329249555,0.090358394610565
2.829,4.38,2.829,4.38,9.511305145495356e-07,9.583327249104098e-06,26.67629650997276,23.07778612079561,1.2062240428907318,0.0663350040742529,2.829,4.38,1.1690575752404516e-06,1.1187008952165452e-05,1201.3619134670669,24.29921604315092,1.22486335734331,0.0866853833150099
2.746,4.511,2.746,4.511,7.048219574962399e-07,7.308926326112293e-06,7.177165477106283,22.423127617862992,1.2009485863299287,0.0758329534889621,2.746,4.511,1.1285501548532615e-06,1.056368248156643e-05,1093.2347910453311,24.841388869339596,1.230605263295142,0.0854789249262908
2.662,4.641,2.662,4.641,8.695924770452706e-07,8.22882868689719e-06,23.542902617799516,24.57242965954492,1.2170133708567588,0.0653238640240508,2.662,4.641,1.143841258754979e-06,1.0490779137225188e-05,1026.549203026796,25.352941908185716,1.2467864665090185,0.0775130455885146
2.578,4.772,2.578,4.772,7.176985876007916e-07,7.601514067702245e-06,19.27021878107064,21.953933055569347,1.1950628264366616,0.0534646204307107,2.578,4.772,9.76181626006773e-07,9.53298574007375e-06,893.8340103156233,23.81069286962897,1.227785946870528,0.0805904985132708
2.495,4.902,2.495,4.902,6.428061838867928e-07,6.856881230513164e-06,14.435082032804011,21.7983572874626,1.1938437776211654,0.0632877132503233,2.495,4.902,9.53316681086316e-07,9.268894123247198e-06,822.1635106040178,23.915508454385645,1.2352858589855378,0.0882891259082815
7.456,-2.135,7.456,-2.135,6.046181676714328e-07,4.120713789090352e-06,2.710352517659021,34.117648413647686,1.4062356800495133,0.0549609960742494,7.456,-2.135,1.67646958626351e-06,1.1351486529548374e-05,1057.3746099918565,34.34102775337718,1.389431261247059,0.0784462398488134
7.382,-2.001,7.382,-2.001,5.799613766722863e-07,3.784673139677952e-06,2.0535056496115165,35.63206908405478,1.4111235007091705,0.073761548464912,7.382,-2.001,1.896512487486428e-06,1.1969061385124946e-05,1169.5896965995405,36.84393096460951,1.4196094380895907,0.0747403356035357
7.308,-1.866,7.308,-1.866,8.728791358367472e-07,5.4797136181512855e-06,10.09525188486344,37.039626482407,1.400713777751377,0.0716151975018152,7.308,-1.866,2.094527005955365e-06,1.3189476611906216e-05,1354.7168257135045,36.92570109152,1.4208225385886246,0.0812056395230234
7.234,-1.732,7.234,-1.732,8.05733169279937e-07,5.3668167279821e-06,8.18247967278708,34.909596190922905,1.4028416467018134,0.0654109054548439,7.234,-1.732,2.4912651878569447e-06,1.4420792712672106e-05,1549.8186982091256,40.16993904173124,1.4455935695554265,0.078214742104374
7.159,-1.597,7.159,-1.597,7.761216671080279e-07,4.920052843248053e-06,5.164748856215002,36.680089625141335,1.4308644691806571,0.0763725714880768,7.159,-1.597,2.5065925970271275e-06,1.500986553416231e-05,1807.8782157348105,38.83088588580842,1.4351862251337872,0.0786651531387504
7.084,-1.463,7.084,-1.463,8.71847488183413e-07,5.560240466243954e-06,7.32708675452037,36.460052874225966,1.4257587813584016,0.0610360110450056,7.084,-1.463,2.701989962199125e-06,1.6124851955933884e-05,2048.9875114134597,38.96353420371888,1.4446642162046228,0.0874939078928404
7.01,-1.329,7.01,-1.329,8.197735149366014e-07,4.916436701813227e-06,4.868877459232204,38.77160491643549,1.45170872379428,0.0705558946464575,7.01,-1.329,3.0106985341744666e-06,1.758159836673698e-05,2428.9190373868846,39.817983644393166,1.456939506900616,0.0806267258992464
7.809,-2.109,7.809,-2.109,9.75665461200886e-07,6.612204887462613e-06,23.508113043755227,34.310336421090376,1.389062602271689,0.0620517131908691,7.809,-2.109,1.8130240108499649e-06,1.109762184438422e-05,946.9562841561687,37.98778587165128,1.434888544804823,0.0803814129086876
7.735,-1.974,7.735,-1.974,7.981594881716855e-07,5.051544306412453e-06,8.256400677550324,36.73972166351764,1.4173153396603826,0.0696963886207948,7.735,-1.974,1.83587902267948e-06,1.1358602388516127e-05,1041.3667462850324,37.58283262605301,1.4299120757681327,0.0800695990531409
7.661,-1.839,7.661,-1.839,9.030699226446568e-07,5.7720632731560966e-06,11.013606024882405,36.37982808550135,1.415368635680167,0.0605570211342594,7.661,-1.839,2.1374173148566874e-06,1.3114089897604214e-05,1299.9871374544632,37.898455770231685,1.4345035222482954,0.0754321194913072
7.586,-1.704,7.586,-1.704,8.837190473542535e-07,5.823600951858415e-06,10.9970479806563,35.28523018697151,1.412751779351168,0.055011533970166,7.586,-1.704,2.171882023525334e-06,1.30475678657352e-05,1418.5794356128954,38.70588605839514,1.4428578284207465,0.0822020183310719
7.511,-1.57,7.511,-1.57,9.135196963664098e-07,5.759641791949354e-06,11.13313196234214,36.88015935182618,1.4217499204973136,0.0576145060717767,7.511,-1.57,2.334671841524628e-06,1.4258241378437228e-05,1608.7512900759154,38.07415120185652,1.443404032882647,0.0818300590850303
7.437,-1.435,7.437,-1.435,7.555321350012093e-07,4.329882797912179e-06,4.845374398461108,40.5739367185588,1.4612455387429857,0.0738180972195249,7.437,-1.435,2.6780810973683007e-06,1.5592549512749058e-05,1871.9856340270803,39.93713808766807,1.4611787950370458,0.0797658019003376
7.362,-1.3,7.362,-1.3,6.288846112004867e-07,3.790674869543656e-06,3.2106751062876056,38.57667383969156,1.448118026333158,0.0674324301100933,7.362,-1.3,2.904051673171717e-06,1.671889739402845e-05,2189.7139323991646,40.38936774850572,1.4693949071803645,0.0706113347103794
7.287,-1.166,7.287,-1.166,3.354546056947584e-07,2.217775154671995e-06,1.2050974563810144,35.17115193850219,1.3993942041869176,0.0673336456839068,7.287,-1.166,2.9899058430650475e-06,1.751322778523977e-05,2484.19458957625,39.697363415945176,1.4646046782282474,0.078462879677432
7.212,-1.031,7.212,-1.031,2.146841022669959e-07,1.051657084938786e-06,0.39589407637657,47.46746960239489,1.512489317127881,0.0621775880596139,7.212,-1.031,3.522300586841716e-06,1.993118386043449e-05,3028.550455388715,41.09260440742118,1.4759936117229115,0.0758565329009482
8.072,-1.965,8.072,-1.965,8.059330964837669e-07,4.9419347005419445e-06,7.791616114671318,37.92034988471406,1.4316989671303306,0.0645483352675558,8.072,-1.965,1.82789127035867e-06,1.1027752710636043e-05,957.1975174201776,38.54195034178212,1.4445954291928285,0.0774462182115373
7.997,-1.83,7.997,-1.83,7.346891062287587e-07,4.431589161762034e-06,5.720715216701088,38.54911892540928,1.4487066360615484,0.0611495492842044,7.997,-1.83,2.0594239503241315e-06,1.2145617126855733e-05,1098.6131004960198,39.42725304604048,1.4534532731063123,0.0788540590178725
7.923,-1.695,7.923,-1.695,9.885765040742878e-07,6.123839225984948e-06,14.86597047340586,37.536765864758834,1.4326224322808736,0.0629214719845594,7.923,-1.695,2.1023502295975023e-06,1.2286103712851963e-05,1256.6722544828006,39.78883626059485,1.4548120459152405,0.0889685757379481
7.848,-1.56,7.848,-1.56,7.910153345288807e-07,4.371843106772556e-06,4.601347994518721,42.07176019678951,1.487312715236055,0.0615741047603534,7.848,-1.56,2.201874287152812e-06,1.2864386435118562e-05,1369.328579120393,39.79914937920831,1.4643385989857935,0.0820932739783073
7.773,-1.425,7.773,-1.425,6.997274141049759e-07,4.138830619775831e-06,4.3425046529069045,39.31167813102976,1.4585488030243738,0.0526913770376516,7.773,-1.425,2.4536531275943137e-06,1.4692012389961869e-05,1720.6509053987816,38.83311494430856,1.456825254297342,0.0795549650119222
7.698,-1.29,7.698,-1.29,5.760735229230843e-07,3.600345655112516e-06,3.034752409003836,37.20523609853934,1.448985329838275,0.0597855380039115,7.698,-1.29,2.6823318991113784e-06,1.554138950130668e-05,1936.7592244456243,40.13220453891985,1.4668639175935616,0.0877983670407112
7.623,-1.155,7.623,-1.155,5.812978551416468e-07,3.1717720480628783e-06,2.675785776268852,42.61545214423271,1.4765801636092524,0.06288505333842,7.623,-1.155,2.805272573322514e-06,1.6388663948129457e-05,2270.4170896365013,39.80172211336596,1.465673650582291,0.0911800088695886
7.548,-1.02,7.548,-1.02,4.20895549375024e-07,2.3270032624118512e-06,1.5016090221383942,42.05791015095328,1.466860284636596,0.0539286425280425,7.548,-1.02,3.3339760857953573e-06,1.857975564688365e-05,2796.295056657758,41.72466225317678,1.4888372330088235,0.0702980877990135
7.473,-0.885,7.473,-0.885,1.98592861554114e-07,1.0974649041280005e-06,0.5244175130387779,42.07686169040506,1.472990495945034,0.0671043753618352,7.473,-0.885,3.206646441847672e-06,1.8712342078916e-05,2899.779421484388,39.84678417917103,1.4707362686866008,0.0847975890296506
8.282,-1.682,8.282,-1.682,7.585497015662227e-07,4.453785062717953e-06,5.68704027288664,39.60273092327012,1.457132822338425,0.0667609026593901,8.282,-1.682,2.037533609688976e-06,1.1990573453353885e-05,1115.7894741315415,39.51256060502027,1.4662505641347143,0.0724503021744029
8.208,-1.546,8.208,-1.546,8.51404202169363e-07,5.244490881596797e-06,9.893054934643176,37.748769743305765,1.4409260408064537,0.0633218941864768,8.208,-1.546,2.4135072355550454e-06,1.3602762672292633e-05,1381.476199749468,41.256447748715786,1.4851336574661385,0.075035240598858
8.133,-1.41,8.133,-1.41,6.651710601993229e-07,3.6246376188246254e-06,3.080941976000932,42.67161696889576,1.49921026259502,0.0566310198675968,8.133,-1.41,2.488187392781823e-06,1.3878317126298303e-05,1531.5827506478477,41.68853424316122,1.484487683402777,0.0874281378909344
8.058,-1.275,8.058,-1.275,7.285253179205717e-07,3.865700269553663e-06,2.6844684404805297,43.82145760009168,1.548226428285933,0.0411967370830699,8.058,-1.275,2.624534318560684e-06,1.516485280778176e-05,1812.333816514978,40.242449175787854,1.4731632653957574,0.0821534159320608
7.983,-1.14,7.983,-1.14,4.622532345155857e-07,2.4615892575823637e-06,1.637783652892414,43.6651260631206,1.4987238387277704,0.055803570552643,7.983,-1.14,3.021629086177826e-06,1.6283432249766853e-05,2088.093552913036,43.148484674554346,1.5004807653303538,0.0678831879434004
7.907,-1.004,7.907,-1.004,2.603725033684625e-07,1.6491982594019842e-06,0.921981927786106,36.710694315861545,1.4201617790441223,0.0779405255938425,7.907,-1.004,2.988993122652352e-06,1.650970374431546e-05,2295.161123287972,42.09746874245596,1.4940533393289337,0.0826282504585824
7.832,-0.869,7.832,-0.869,1.8403595480529816e-07,1.0124471764045843e-06,0.4021886618079628,42.26692495521085,1.4826590103237212,0.0784522627231635,7.832,-0.869,3.3473022753882346e-06,1.8350264249272077e-05,2802.910411389856,42.41534049484731,1.4994127161568875,0.0807406867197413
