field,RAdeg,DEdeg,GLON,GLAT,sigma18,sigma21,N18,N21
BLG500.01,268.526,-29.081,0.829,-1.666,356.6,4333.5,59437,722294
BLG500.02,268.351,-29.081,0.751,-1.534,276.5,3174.1,46075,528914
BLG500.03,268.175,-29.081,0.673,-1.401,225.8,2704.4,37609,450453
BLG500.04,267.999,-29.081,0.595,-1.269,166.7,1588.2,27758,264465
BLG500.05,267.823,-29.081,0.516,-1.137,85.2,829.9,14184,138160
BLG500.08,268.694,-28.759,1.18,-1.63,270.6,4225.4,45092,704120
BLG500.09,268.518,-28.759,1.102,-1.497,277.4,3963.2,46193,659959
BLG500.10,268.342,-28.759,1.024,-1.365,231.3,2724.2,38507,453530
BLG500.11,268.167,-28.759,0.946,-1.232,185.8,1757.4,30932,292575
BLG500.12,267.991,-28.759,0.868,-1.099,141.5,1306.3,23540,217322
BLG500.17,268.694,-28.46,1.438,-1.479,194.3,2456.7,32363,409191
BLG500.18,268.518,-28.46,1.36,-1.346,216.4,2537.1,36018,422287
BLG500.19,268.342,-28.46,1.282,-1.213,208.5,2413.8,34687,401579
BLG500.20,268.167,-28.46,1.204,-1.08,175.8,1573.2,29240,261667
BLG500.21,267.991,-28.46,1.125,-0.947,143.8,1257.9,23912,209173
BLG500.22,267.815,-28.46,1.046,-0.814,132.8,1145.3,22077,190403
BLG500.26,268.526,-28.139,1.641,-1.19,94.4,835.0,15712,138984
BLG500.27,268.351,-28.139,1.563,-1.056,119.1,1071.9,19809,178289
BLG500.28,268.175,-28.139,1.484,-0.923,91.2,843.9,15165,140332
BLG501.01,268.515,-30.304,-0.233,-2.277,246.4,3194.8,40344,523089
BLG501.02,268.338,-30.304,-0.31,-2.144,259.8,4108.6,42558,673033
BLG501.03,268.16,-30.304,-0.388,-2.012,231.3,3628.8,37898,594590
BLG501.04,267.982,-30.304,-0.466,-1.88,215.1,2792.7,35252,457687
BLG501.05,267.804,-30.304,-0.545,-1.748,200.5,2476.2,32867,405923
BLG501.06,267.626,-30.304,-0.623,-1.616,176.0,2062.6,28844,338039
BLG501.07,267.449,-30.304,-0.702,-1.484,103.6,934.9,16983,153258
BLG501.08,268.685,-29.983,0.119,-2.241,321.0,4073.0,52608,667511
BLG501.09,268.507,-29.983,0.041,-2.108,320.2,4318.4,52477,707730
BLG501.10,268.329,-29.983,-0.037,-1.975,318.6,4341.6,52215,711548
BLG501.11,268.152,-29.983,-0.115,-1.843,274.0,4016.2,44937,658685
BLG501.12,267.974,-29.983,-0.193,-1.71,223.9,2647.1,36720,434145
BLG501.13,267.796,-29.983,-0.272,-1.578,206.6,2282.9,33891,374490
BLG501.14,267.618,-29.983,-0.351,-1.445,164.2,1689.0,26936,277063
BLG501.15,267.44,-29.983,-0.43,-1.313,88.8,764.0,14570,125360
BLG501.17,268.685,-29.684,0.378,-2.09,346.1,4124.6,56748,676302
BLG501.18,268.507,-29.684,0.3,-1.957,343.5,4004.1,56348,656836
BLG501.19,268.329,-29.684,0.221,-1.824,307.6,4609.2,50471,756286
BLG501.20,268.152,-29.684,0.143,-1.691,281.5,4125.2,46189,676879
BLG501.21,267.974,-29.684,0.064,-1.558,238.8,2579.1,39182,423175
BLG501.22,267.796,-29.684,-0.015,-1.425,202.8,2096.0,33283,343999
BLG501.23,267.618,-29.684,-0.094,-1.292,175.5,1661.1,28803,272623
BLG501.24,267.44,-29.684,-0.173,-1.159,107.6,1042.5,17655,171055
BLG501.26,268.515,-29.362,0.581,-1.801,287.9,4161.9,47272,683388
BLG501.27,268.338,-29.362,0.502,-1.667,264.0,2974.9,43348,488475
BLG501.28,268.16,-29.362,0.423,-1.533,209.3,2394.5,34358,393078
BLG501.29,267.982,-29.362,0.345,-1.4,190.0,2094.2,31205,343936
BLG501.30,267.804,-29.362,0.266,-1.267,111.5,1092.4,18316,179455
BLG501.31,267.626,-29.362,0.186,-1.134,98.0,847.9,16099,139289
BLG502.01,268.468,-34.008,-3.457,-4.11,116.6,1948.6,19036,318126
BLG502.02,268.283,-34.008,-3.534,-3.977,98.3,1655.0,16052,270266
BLG502.03,268.098,-34.008,-3.612,-3.845,101.0,1721.1,16497,281127
BLG502.04,267.912,-34.008,-3.69,-3.713,112.4,1915.6,18359,312897
BLG502.05,267.727,-34.008,-3.768,-3.581,105.4,1862.5,17220,304305
BLG502.06,267.542,-34.008,-3.846,-3.449,108.5,1725.8,17731,282031
BLG502.07,267.357,-34.008,-3.925,-3.317,110.2,1753.8,18008,286615
BLG502.08,268.644,-33.687,-3.104,-4.075,114.4,2023.5,18677,330362
BLG502.09,268.459,-33.687,-3.182,-3.942,104.4,1831.8,17048,299130
BLG502.10,268.274,-33.687,-3.26,-3.809,97.6,1769.3,15938,288940
BLG502.11,268.089,-33.687,-3.338,-3.676,90.9,1592.5,14847,260113
BLG502.12,267.904,-33.687,-3.416,-3.543,83.9,1261.6,13704,206072
BLG502.13,267.719,-33.687,-3.494,-3.411,87.9,1229.7,14361,200909
BLG502.14,267.534,-33.687,-3.573,-3.278,106.2,1719.4,17355,280986
BLG502.15,267.349,-33.687,-3.652,-3.146,120.5,2013.9,19692,329113
BLG502.16,267.164,-33.687,-3.731,-3.014,125.9,2235.8,20579,365455
BLG502.17,268.644,-33.388,-2.845,-3.925,115.1,2075.2,18800,338975
BLG502.18,268.459,-33.388,-2.923,-3.791,113.8,2009.5,18583,328157
BLG502.19,268.274,-33.388,-3.001,-3.658,116.9,2100.7,19090,343050
BLG502.20,268.089,-33.388,-3.079,-3.525,127.1,2175.6,20755,355282
BLG502.21,267.904,-33.388,-3.158,-3.391,113.9,2023.4,18609,330593
BLG502.22,267.719,-33.388,-3.237,-3.258,115.6,2111.2,18886,344938
BLG502.23,267.534,-33.388,-3.315,-3.125,122.0,2094.1,19932,342136
BLG502.24,267.349,-33.388,-3.395,-2.993,120.6,1992.8,19703,325577
BLG502.25,267.164,-33.388,-3.474,-2.86,125.9,2142.5,20574,350129
BLG502.26,268.468,-33.067,-2.641,-3.636,126.1,2138.6,20602,349414
BLG502.27,268.283,-33.067,-2.719,-3.502,120.2,2155.8,19638,352224
BLG502.28,268.098,-33.067,-2.798,-3.368,119.8,2037.7,19573,332921
BLG502.29,267.912,-33.067,-2.877,-3.234,121.5,2228.4,19850,364086
BLG502.30,267.727,-33.067,-2.956,-3.101,117.8,2077.2,19246,339366
BLG502.31,267.542,-33.067,-3.035,-2.967,110.7,1909.5,18090,312052
BLG502.32,267.357,-33.067,-3.115,-2.834,104.9,1775.8,17138,290123
BLG503.01,268.455,-35.239,-4.529,-4.719,120.4,1704.1,19493,275909
BLG503.02,268.267,-35.239,-4.606,-4.586,165.2,2070.2,26747,335184
BLG503.03,268.079,-35.239,-4.684,-4.454,183.1,2091.7,29638,338575
BLG503.04,267.892,-35.239,-4.762,-4.322,173.6,2058.0,28120,333367
BLG503.05,267.704,-35.239,-4.84,-4.19,163.3,2072.8,26452,335772
BLG503.06,267.516,-35.239,-4.918,-4.058,142.6,2070.1,23126,335726
BLG503.07,267.328,-35.239,-4.997,-3.926,133.4,2016.1,21650,327202
BLG503.08,268.634,-34.918,-4.176,-4.685,122.9,1793.3,19884,290155
BLG503.09,268.446,-34.918,-4.254,-4.551,114.7,1755.2,18553,283922
BLG503.10,268.258,-34.918,-4.332,-4.418,156.9,2021.7,25385,327096
BLG503.11,268.071,-34.918,-4.409,-4.285,177.3,2168.1,28685,350775
BLG503.12,267.883,-34.918,-4.488,-4.153,173.9,2185.8,28142,353732
BLG503.13,267.695,-34.918,-4.566,-4.02,165.8,2161.4,26844,349950
BLG503.14,267.507,-34.918,-4.645,-3.888,143.0,2139.8,23169,346692
BLG503.15,267.32,-34.918,-4.723,-3.755,149.9,2068.6,24304,335396
BLG503.16,267.132,-34.918,-4.802,-3.623,139.7,2111.7,22667,342629
BLG503.17,268.634,-34.618,-3.917,-4.535,141.9,2062.1,22936,333311
BLG503.18,268.446,-34.618,-3.994,-4.401,153.4,2155.2,24789,348292
BLG503.19,268.258,-34.618,-4.072,-4.268,161.4,2068.8,26076,334241
BLG503.20,268.071,-34.618,-4.151,-4.134,175.6,2189.8,28383,353967
BLG503.21,267.883,-34.618,-4.229,-4.001,164.1,2189.6,26537,354089
BLG503.22,267.695,-34.618,-4.308,-3.868,162.9,2298.3,26362,371938
BLG503.23,267.507,-34.618,-4.387,-3.735,149.9,2154.8,24264,348801
BLG503.24,267.32,-34.618,-4.466,-3.602,148.5,2177.8,24055,352769
BLG503.25,267.132,-34.618,-4.545,-3.469,146.7,2566.8,23780,416094
BLG503.26,268.455,-34.297,-3.712,-4.246,150.0,2041.5,24234,329834
BLG503.27,268.267,-34.297,-3.79,-4.112,123.5,1883.6,19948,304250
BLG503.28,268.079,-34.297,-3.869,-3.978,132.0,2019.4,21326,326260
BLG503.29,267.892,-34.297,-3.948,-3.844,137.8,2104.2,22268,340051
BLG503.30,267.704,-34.297,-4.027,-3.711,122.9,2016.3,19875,326072
BLG503.31,267.516,-34.297,-4.106,-3.577,111.3,1888.9,18012,305688
BLG503.32,267.328,-34.297,-4.185,-3.444,111.9,1827.2,18117,295851
BLG504.01,269.913,-28.465,1.971,-2.41,272.6,3769.1,44791,619324
BLG504.02,269.738,-28.465,1.894,-2.276,270.6,3759.2,44463,617689
BLG504.03,269.563,-28.465,1.818,-2.143,237.5,3740.1,38996,614113
BLG504.04,269.389,-28.465,1.741,-2.01,239.8,3224.1,39365,529261
BLG504.05,269.214,-28.465,1.664,-1.877,236.2,3106.2,38774,509899
BLG504.06,269.039,-28.465,1.587,-1.744,200.4,2528.6,32889,414996
BLG504.07,268.865,-28.465,1.51,-1.612,182.8,2455.6,30007,403093
BLG504.08,270.079,-28.144,2.323,-2.378,231.2,3571.9,37980,586777
BLG504.09,269.905,-28.144,2.246,-2.244,227.9,3398.7,37429,558192
BLG504.10,269.73,-28.144,2.17,-2.11,180.9,2515.4,29696,412917
BLG504.11,269.555,-28.144,2.093,-1.977,179.6,2565.6,29468,420955
BLG504.12,269.381,-28.144,2.016,-1.843,214.3,2985.3,35162,489828
BLG504.13,269.206,-28.144,1.939,-1.71,228.5,2923.7,37483,479598
BLG504.14,269.031,-28.144,1.861,-1.577,179.9,2323.3,29510,381116
BLG504.15,268.857,-28.144,1.784,-1.444,146.0,1560.0,23944,255841
BLG504.16,268.682,-28.144,1.706,-1.311,125.3,1259.5,20549,206559
BLG504.17,270.079,-27.845,2.583,-2.229,205.2,2818.4,33701,462896
BLG504.18,269.905,-27.845,2.506,-2.095,196.0,2843.1,32175,466712
BLG504.19,269.73,-27.845,2.429,-1.961,182.4,2590.4,29928,425046
BLG504.20,269.555,-27.845,2.352,-1.827,160.5,2262.4,26322,371048
BLG504.21,269.381,-27.845,2.275,-1.694,124.7,1466.5,20451,240510
BLG504.22,269.206,-27.845,2.198,-1.56,142.8,1574.9,23419,258288
BLG504.23,269.031,-27.845,2.12,-1.426,139.0,1505.5,22785,246787
BLG504.24,268.857,-27.845,2.042,-1.293,117.2,1179.2,19211,193299
BLG504.25,268.682,-27.845,1.964,-1.16,77.6,704.3,12717,115424
BLG504.26,269.913,-27.523,2.789,-1.942,180.3,2546.0,29598,417953
BLG504.27,269.738,-27.523,2.712,-1.808,203.2,2817.2,33325,462034
BLG504.28,269.563,-27.523,2.634,-1.673,182.4,2625.7,29914,430619
BLG504.29,269.389,-27.523,2.557,-1.539,101.2,1122.8,16593,184101
BLG504.30,269.214,-27.523,2.479,-1.405,50.4,498.5,8261,81717
BLG505.01,269.921,-29.692,0.908,-3.024,231.7,3083.7,38193,508305
BLG505.02,269.744,-29.692,0.832,-2.891,260.6,3728.3,42957,614569
BLG505.03,269.567,-29.692,0.755,-2.757,273.9,3794.7,45138,625354
BLG505.04,269.39,-29.692,0.679,-2.624,226.8,3705.6,37376,610687
BLG505.05,269.214,-29.692,0.602,-2.491,214.2,3065.7,35291,505096
BLG505.06,269.037,-29.692,0.525,-2.358,254.9,3288.6,41997,541829
BLG505.07,268.86,-29.692,0.447,-2.226,292.6,3818.8,48197,629036
BLG505.08,270.089,-29.37,1.26,-2.992,212.9,3070.4,35111,506364
BLG505.09,269.912,-29.37,1.184,-2.858,219.8,2996.6,36231,493948
BLG505.10,269.736,-29.37,1.107,-2.725,282.1,3763.6,46501,620379
BLG505.11,269.559,-29.37,1.031,-2.591,254.4,3783.4,41924,623508
BLG505.12,269.382,-29.37,0.954,-2.458,208.1,2933.4,34294,483421
BLG505.13,269.205,-29.37,0.877,-2.324,233.2,3790.4,38422,624506
BLG505.14,269.029,-29.37,0.799,-2.191,228.1,3973.2,37572,654469
BLG505.15,268.852,-29.37,0.722,-2.058,268.4,3996.8,44211,658356
BLG505.16,268.675,-29.37,0.644,-1.925,275.8,4111.7,45419,677118
BLG505.17,270.089,-29.071,1.521,-2.844,330.8,3838.1,54567,633113
BLG505.18,269.912,-29.071,1.444,-2.71,356.1,4023.0,58713,663304
BLG505.19,269.736,-29.071,1.367,-2.576,369.7,3860.0,60940,636278
BLG505.20,269.559,-29.071,1.29,-2.442,286.9,4163.2,47280,686099
BLG505.21,269.382,-29.071,1.213,-2.308,249.8,3985.0,41166,656724
BLG505.22,269.205,-29.071,1.136,-2.174,182.7,2335.9,30101,384871
BLG505.23,269.029,-29.071,1.058,-2.041,205.6,2606.8,33874,429496
BLG505.24,268.852,-29.071,0.98,-1.907,259.7,4341.1,42767,714904
BLG505.25,268.675,-29.071,0.903,-1.774,277.5,4154.1,45698,684093
BLG505.26,269.921,-28.75,1.727,-2.557,312.1,3811.4,51483,628725
BLG505.27,269.744,-28.75,1.65,-2.422,322.2,3910.1,53136,644837
BLG505.28,269.567,-28.75,1.573,-2.288,278.7,3943.3,45951,650171
BLG505.29,269.39,-28.75,1.495,-2.154,269.5,3353.7,44424,552812
BLG505.30,269.214,-28.75,1.418,-2.02,213.9,3022.7,35250,498137
BLG505.31,269.037,-28.75,1.34,-1.885,250.1,3856.0,41206,635314
BLG505.32,268.86,-28.75,1.262,-1.752,226.6,3305.0,37316,544270
BLG506.01,269.916,-30.927,-0.169,-3.632,107.5,1917.9,17046,304121
BLG506.02,269.737,-30.927,-0.246,-3.499,113.9,1931.5,18056,306212
BLG506.03,269.558,-30.927,-0.322,-3.365,140.3,2294.8,22225,363535
BLG506.04,269.379,-30.927,-0.398,-3.232,174.8,2555.1,27684,404671
BLG506.05,269.2,-30.927,-0.475,-3.099,201.9,3291.2,31961,520995
BLG506.06,269.021,-30.927,-0.552,-2.966,216.0,3494.8,34184,553089
BLG506.07,268.842,-30.927,-0.629,-2.834,212.3,3348.6,33591,529824
BLG506.08,270.087,-30.606,0.183,-3.601,157.2,2403.0,24933,381137
BLG506.09,269.908,-30.606,0.107,-3.467,153.0,2393.9,24261,379608
BLG506.10,269.729,-30.606,0.03,-3.333,130.9,2214.1,20751,351005
BLG506.11,269.55,-30.606,-0.046,-3.199,121.7,1984.7,19274,314332
BLG506.12,269.371,-30.606,-0.123,-3.066,127.7,1969.2,20220,311795
BLG506.13,269.192,-30.606,-0.2,-2.932,140.4,2077.8,22225,328927
BLG506.14,269.013,-30.606,-0.277,-2.799,153.8,2318.8,24340,366972
BLG506.15,268.834,-30.606,-0.355,-2.666,137.7,1948.7,21782,308257
BLG506.16,268.655,-30.606,-0.432,-2.533,126.4,1554.9,19989,245912
BLG506.17,270.087,-30.307,0.444,-3.453,194.5,2754.3,30871,437181
BLG506.18,269.908,-30.307,0.367,-3.319,169.8,2469.1,26925,391517
BLG506.19,269.729,-30.307,0.291,-3.185,158.3,2349.8,25095,372518
BLG506.20,269.55,-30.307,0.214,-3.05,148.4,2265.8,23514,359027
BLG506.21,269.371,-30.307,0.137,-2.917,144.0,2272.7,22800,359851
BLG506.22,269.192,-30.307,0.059,-2.783,153.5,2201.1,24299,348430
BLG506.23,269.013,-30.307,-0.018,-2.649,169.0,2306.7,26740,364977
BLG506.24,268.834,-30.307,-0.096,-2.516,170.3,2245.3,26945,355262
BLG506.25,268.655,-30.307,-0.174,-2.382,156.6,1922.1,24765,303968
BLG506.26,269.916,-29.985,0.65,-3.166,222.6,3270.6,35314,518862
BLG506.27,269.737,-29.985,0.574,-3.031,232.9,3269.5,36922,518320
BLG506.28,269.558,-29.985,0.496,-2.897,222.3,3425.6,35232,542925
BLG506.29,269.379,-29.985,0.419,-2.762,188.7,2675.4,29893,423826
BLG506.30,269.2,-29.985,0.341,-2.628,203.8,2765.3,32277,437962
BLG506.31,269.021,-29.985,0.264,-2.494,202.3,3627.4,32024,574228
BLG506.32,268.842,-29.985,0.186,-2.36,266.7,3618.4,42198,572525
BLG507.01,269.919,-32.163,-1.245,-4.244,93.5,1601.5,15237,260991
BLG507.02,269.738,-32.163,-1.321,-4.111,102.2,1715.2,16651,279455
BLG507.03,269.556,-32.163,-1.397,-3.978,110.5,1988.1,18003,323910
BLG507.04,269.375,-32.163,-1.473,-3.845,118.4,2013.0,19290,327976
BLG507.05,269.194,-32.163,-1.55,-3.711,125.5,2140.8,20447,348798
BLG507.06,269.012,-32.163,-1.627,-3.579,126.3,2225.6,20592,362864
BLG507.07,268.831,-32.163,-1.704,-3.446,120.2,2100.7,19602,342590
BLG507.08,270.092,-31.841,-0.892,-4.213,120.9,2095.4,19702,341472
BLG507.09,269.91,-31.841,-0.968,-4.08,108.8,1827.0,17730,297732
BLG507.10,269.729,-31.841,-1.044,-3.946,96.9,1627.7,15791,265261
BLG507.11,269.548,-31.841,-1.121,-3.812,95.8,1597.2,15612,260290
BLG507.12,269.367,-31.841,-1.198,-3.678,109.3,1963.7,17803,319865
BLG507.13,269.185,-31.841,-1.275,-3.545,133.7,2345.2,21783,382101
BLG507.14,269.004,-31.841,-1.352,-3.412,152.3,2592.9,24825,422658
BLG507.15,268.823,-31.841,-1.429,-3.278,152.3,2530.2,24825,412445
BLG507.16,268.641,-31.841,-1.507,-3.145,143.1,2480.8,23342,404681
BLG507.17,270.092,-31.542,-0.631,-4.066,120.5,2065.7,19646,336799
BLG507.18,269.91,-31.542,-0.707,-3.932,104.0,1938.0,16956,315971
BLG507.19,269.729,-31.542,-0.784,-3.797,109.5,1983.0,17844,323155
BLG507.20,269.548,-31.542,-0.861,-3.663,128.4,2180.4,20924,355341
BLG507.21,269.367,-31.542,-0.938,-3.529,121.9,2161.0,19865,352171
BLG507.22,269.185,-31.542,-1.015,-3.395,140.8,2319.4,22945,377993
BLG507.23,269.004,-31.542,-1.092,-3.262,149.0,2454.8,24287,400147
BLG507.24,268.823,-31.542,-1.17,-3.128,158.9,2503.4,25901,408061
BLG507.25,268.641,-31.542,-1.248,-2.995,157.9,2519.9,25750,410961
BLG507.26,269.919,-31.221,-0.424,-3.779,116.9,2043.8,19059,333229
BLG507.27,269.738,-31.221,-0.501,-3.644,109.1,1763.8,17788,287577
BLG507.28,269.556,-31.221,-0.578,-3.51,122.4,2111.9,19956,344324
BLG507.29,269.375,-31.221,-0.655,-3.375,154.1,2398.1,25131,391081
BLG507.30,269.194,-31.221,-0.732,-3.241,164.6,2583.7,26837,421248
BLG507.31,269.012,-31.221,-0.81,-3.107,158.8,2476.8,25897,403923
BLG507.32,268.831,-31.221,-0.888,-2.973,166.6,2496.8,27163,407080
BLG508.01,269.926,-33.393,-2.316,-4.856,84.6,1480.9,13382,234250
BLG508.02,269.742,-33.393,-2.392,-4.723,86.1,1471.9,13619,232834
BLG508.03,269.559,-33.393,-2.468,-4.589,99.0,1641.4,15659,259638
BLG508.04,269.375,-33.393,-2.544,-4.456,104.2,1756.3,16482,277821
BLG508.05,269.191,-33.393,-2.621,-4.323,124.1,2000.7,19611,316166
BLG508.06,269.008,-33.393,-2.697,-4.19,122.3,1899.2,19336,300265
BLG508.07,268.824,-33.393,-2.774,-4.057,124.9,1831.0,19747,289490
BLG508.08,270.101,-33.072,-1.963,-4.826,98.1,1675.5,15525,265161
BLG508.09,269.918,-33.072,-2.039,-4.692,98.8,1634.0,15635,258601
BLG508.10,269.734,-33.072,-2.115,-4.558,94.8,1570.0,14999,248413
BLG508.11,269.55,-33.072,-2.191,-4.424,93.1,1713.4,14730,271102
BLG508.12,269.366,-33.072,-2.268,-4.29,113.2,1888.0,17906,298647
BLG508.13,269.183,-33.072,-2.345,-4.157,122.7,1891.3,19408,299177
BLG508.14,268.999,-33.072,-2.422,-4.023,114.7,1905.4,18143,301399
BLG508.15,268.815,-33.072,-2.499,-3.89,124.0,2415.4,19609,381973
BLG508.16,268.631,-33.072,-2.576,-3.757,123.8,1953.4,19578,308918
BLG508.17,270.101,-32.773,-1.701,-4.679,119.4,1814.6,18905,287316
BLG508.18,269.918,-32.773,-1.777,-4.544,108.6,1774.7,17195,280998
BLG508.19,269.734,-32.773,-1.854,-4.41,105.9,1813.3,16755,286900
BLG508.20,269.55,-32.773,-1.931,-4.276,103.3,1784.2,16340,282228
BLG508.21,269.366,-32.773,-2.008,-4.142,116.9,1893.8,18500,299710
BLG508.22,269.183,-32.773,-2.085,-4.008,116.1,1802.9,18373,285325
BLG508.23,268.999,-32.773,-2.162,-3.874,119.0,2003.0,18828,316916
BLG508.24,268.815,-32.773,-2.239,-3.74,129.6,2736.4,20505,432963
BLG508.25,268.631,-32.773,-2.317,-3.606,133.1,2515.6,21059,398020
BLG508.26,269.926,-32.451,-1.493,-4.392,100.4,1720.7,15904,272581
BLG508.27,269.742,-32.451,-1.57,-4.257,113.9,1830.6,18030,289778
BLG508.28,269.559,-32.451,-1.647,-4.123,113.5,1893.0,17966,299664
BLG508.29,269.375,-32.451,-1.724,-3.988,128.2,1940.9,20303,307390
BLG508.30,269.191,-32.451,-1.802,-3.854,121.8,1957.0,19285,309855
BLG508.31,269.008,-32.451,-1.879,-3.719,105.9,1744.4,16767,276209
BLG508.32,268.824,-32.451,-1.957,-3.585,108.8,2302.0,17218,364314
BLG509.01,269.934,-34.624,-3.389,-5.467,108.4,1638.8,17823,269449
BLG509.02,269.748,-34.624,-3.464,-5.333,126.5,1639.7,20799,269609
BLG509.03,269.561,-34.624,-3.54,-5.2,146.5,1882.9,24094,309681
BLG509.04,269.375,-34.624,-3.616,-5.066,130.7,1768.0,21506,290923
BLG509.05,269.189,-34.624,-3.693,-4.933,130.5,1817.5,21483,299204
BLG509.06,269.002,-34.624,-3.769,-4.8,136.6,1855.9,22493,305599
BLG509.07,268.816,-34.624,-3.846,-4.667,139.8,1924.5,23031,317056
BLG509.08,270.112,-34.302,-3.035,-5.437,103.5,1579.3,17005,259491
BLG509.09,269.925,-34.302,-3.111,-5.303,106.8,1591.9,17552,261623
BLG509.10,269.739,-34.302,-3.187,-5.169,129.3,1791.2,21260,294519
BLG509.11,269.553,-34.302,-3.263,-5.035,135.3,1794.8,22252,295191
BLG509.12,269.366,-34.302,-3.34,-4.901,151.4,1932.5,24912,317991
BLG509.13,269.18,-34.302,-3.416,-4.767,147.2,1919.2,24232,315938
BLG509.14,268.994,-34.302,-3.493,-4.634,151.2,1984.6,24897,326783
BLG509.15,268.807,-34.302,-3.57,-4.5,142.4,1953.8,23459,321883
BLG509.16,268.621,-34.302,-3.648,-4.367,149.9,2142.1,24700,352981
BLG509.17,270.112,-34.003,-2.773,-5.29,116.1,1637.0,19080,269036
BLG509.18,269.925,-34.003,-2.849,-5.156,109.2,1655.9,17955,272273
BLG509.19,269.739,-34.003,-2.926,-5.021,123.1,1718.9,20240,282640
BLG509.20,269.553,-34.003,-3.002,-4.887,128.7,1841.2,21171,302896
BLG509.21,269.366,-34.003,-3.079,-4.753,157.4,2059.2,25905,338913
BLG509.22,269.18,-34.003,-3.156,-4.618,151.6,2007.9,24956,330548
BLG509.23,268.994,-34.003,-3.233,-4.484,150.2,2095.1,24744,345153
BLG509.24,268.807,-34.003,-3.311,-4.351,144.5,2052.7,23805,338167
BLG509.25,268.621,-34.003,-3.388,-4.217,133.9,2004.4,22069,330377
BLG509.26,269.934,-33.682,-2.565,-5.004,110.7,1630.5,18206,268153
BLG509.27,269.748,-33.682,-2.641,-4.869,117.0,1768.5,19242,290858
BLG509.28,269.561,-33.682,-2.718,-4.734,128.2,1913.4,21094,314848
BLG509.29,269.375,-33.682,-2.795,-4.599,151.2,2111.6,24885,347529
BLG509.30,269.189,-33.682,-2.873,-4.465,137.6,1945.3,22652,320251
BLG509.31,269.002,-33.682,-2.95,-4.33,119.4,1936.7,19665,318980
BLG509.32,268.816,-33.682,-3.028,-4.196,120.4,2069.6,19835,340943
BLG510.01,269.943,-35.854,-4.464,-6.075,92.1,1228.0,15014,200205
BLG510.02,269.753,-35.854,-4.539,-5.942,87.5,1224.4,14264,199618
BLG510.03,269.564,-35.854,-4.615,-5.808,91.4,1283.0,14900,209171
BLG510.04,269.375,-35.854,-4.691,-5.675,89.0,1323.1,14509,215701
BLG510.05,269.186,-35.854,-4.767,-5.541,80.9,1302.5,13188,212350
BLG510.06,268.997,-35.854,-4.843,-5.408,84.0,1290.0,13694,210304
BLG510.07,268.807,-35.854,-4.92,-5.275,96.2,1423.8,15683,232125
BLG510.08,270.123,-35.533,-4.11,-6.046,90.0,1254.2,14672,204476
BLG510.09,269.934,-35.533,-4.185,-5.912,92.5,1260.6,15079,205511
BLG510.10,269.745,-35.533,-4.261,-5.778,89.5,1328.3,14590,216556
BLG510.11,269.555,-35.533,-4.337,-5.644,92.4,1320.1,15092,215619
BLG510.12,269.366,-35.533,-4.414,-5.51,92.4,1412.6,15063,230291
BLG510.13,269.177,-35.533,-4.49,-5.376,101.7,1468.0,16579,239331
BLG510.14,268.988,-35.533,-4.567,-5.242,104.4,1533.0,17015,249852
BLG510.15,268.799,-35.533,-4.644,-5.109,105.5,1604.4,17195,261506
BLG510.16,268.609,-35.533,-4.721,-4.975,116.8,1713.3,19036,279247
BLG510.17,270.123,-35.234,-3.847,-5.9,88.6,1278.0,14447,208406
BLG510.18,269.934,-35.234,-3.923,-5.765,95.5,1368.4,15569,223086
BLG510.19,269.745,-35.234,-3.999,-5.631,97.6,1429.7,15915,233135
BLG510.20,269.555,-35.234,-4.076,-5.496,108.3,1501.0,17655,244695
BLG510.21,269.366,-35.234,-4.152,-5.362,109.0,1538.5,17769,250825
BLG510.22,269.177,-35.234,-4.229,-5.228,114.4,1652.5,18650,269393
BLG510.23,268.988,-35.234,-4.306,-5.093,108.4,1706.0,17667,278057
BLG510.24,268.799,-35.234,-4.384,-4.959,100.6,1651.0,16400,269157
BLG510.25,268.609,-35.234,-4.461,-4.826,95.0,1697.9,15483,276745
BLG510.26,269.943,-34.912,-3.638,-5.614,95.7,1384.7,15605,225797
BLG510.27,269.753,-34.912,-3.715,-5.479,110.4,1516.4,17998,247214
BLG510.28,269.564,-34.912,-3.791,-5.344,124.9,1686.7,20362,274969
BLG510.29,269.375,-34.912,-3.868,-5.209,119.1,1697.0,19416,276648
BLG510.30,269.186,-34.912,-3.945,-5.074,109.8,1646.7,17900,268448
BLG510.31,268.997,-34.912,-4.023,-4.94,107.3,1754.6,17488,285978
BLG510.32,268.807,-34.912,-4.1,-4.805,98.1,1578.0,15989,257195
BLG511.01,271.277,-27.851,3.098,-3.155,249.8,2950.3,40999,484240
BLG511.02,271.104,-27.851,3.023,-3.021,219.6,3026.2,36051,496808
BLG511.03,270.93,-27.851,2.948,-2.887,231.6,3074.6,38021,504745
BLG511.04,270.756,-27.851,2.873,-2.753,217.2,2780.3,35666,456550
BLG511.05,270.583,-27.851,2.797,-2.619,223.4,3360.1,36684,551758
BLG511.06,270.409,-27.851,2.721,-2.486,242.0,3374.6,39748,554271
BLG511.07,270.235,-27.851,2.646,-2.352,225.7,3305.7,37070,542946
BLG511.08,271.443,-27.53,3.451,-3.127,274.0,3122.4,44971,512479
BLG511.09,271.269,-27.53,3.376,-2.992,241.7,2956.3,39670,485217
BLG511.10,271.096,-27.53,3.301,-2.858,241.0,3204.9,39564,526153
BLG511.11,270.922,-27.53,3.225,-2.723,204.8,2527.7,33621,414961
BLG511.12,270.748,-27.53,3.15,-2.589,191.3,2434.0,31405,399587
BLG511.13,270.574,-27.53,3.074,-2.455,193.9,2498.4,31840,410259
BLG511.14,270.401,-27.53,2.998,-2.321,209.6,2683.5,34426,440759
BLG511.15,270.227,-27.53,2.922,-2.187,215.4,3388.6,35379,556562
BLG511.16,270.053,-27.53,2.845,-2.053,198.4,2597.5,32586,426634
BLG511.17,271.443,-27.231,3.713,-2.981,267.7,3047.1,43948,500231
BLG511.18,271.269,-27.231,3.637,-2.846,271.3,3008.6,44539,493918
BLG511.19,271.096,-27.231,3.562,-2.711,272.8,3008.0,44785,493820
BLG511.20,270.922,-27.231,3.486,-2.577,190.0,2318.3,31199,380685
BLG511.21,270.748,-27.231,3.41,-2.442,113.8,1620.1,18686,266035
BLG511.22,270.574,-27.231,3.334,-2.308,118.2,1638.8,19409,269113
BLG511.23,270.401,-27.231,3.258,-2.173,135.2,1753.5,22206,288008
BLG511.24,270.227,-27.231,3.182,-2.039,169.1,2290.2,27774,376168
BLG511.25,270.053,-27.231,3.105,-1.905,186.4,2355.9,30615,386951
BLG511.26,271.277,-26.909,3.922,-2.696,209.5,2529.5,34401,415366
BLG511.27,271.104,-26.909,3.846,-2.561,204.4,2553.4,33564,419291
BLG511.28,270.93,-26.909,3.77,-2.425,164.8,2272.9,27061,373230
BLG511.29,270.756,-26.909,3.694,-2.291,136.7,1883.3,22452,309336
BLG511.30,270.583,-26.909,3.618,-2.156,113.1,1591.0,18576,261318
BLG511.31,270.409,-26.909,3.541,-2.021,99.4,1238.8,16326,203470
BLG511.32,270.235,-26.909,3.465,-1.886,113.8,1499.8,18686,246280
BLG512.01,271.296,-29.082,2.03,-3.768,205.4,2823.1,34834,478786
BLG512.02,271.12,-29.082,1.955,-3.634,241.0,3033.9,40881,514652
BLG512.03,270.944,-29.082,1.88,-3.5,259.3,3175.4,43996,538791
BLG512.04,270.769,-29.082,1.804,-3.366,258.9,3015.3,43928,511618
BLG512.05,270.593,-29.082,1.729,-3.233,247.0,3190.2,41919,541413
BLG512.06,270.417,-29.082,1.653,-3.099,245.4,3311.7,41657,562169
BLG512.07,270.242,-29.082,1.577,-2.965,278.7,3240.7,47343,550498
BLG512.08,271.463,-28.76,2.382,-3.74,201.6,2476.1,34181,419821
BLG512.09,271.288,-28.76,2.307,-3.606,236.0,2848.2,40014,482929
BLG512.10,271.112,-28.76,2.232,-3.471,279.6,3232.7,47418,548234
BLG512.11,270.936,-28.76,2.157,-3.337,298.8,3327.6,50686,564482
BLG512.12,270.761,-28.76,2.081,-3.203,295.1,3338.1,50070,566380
BLG512.13,270.585,-28.76,2.006,-3.068,287.2,3326.3,48753,564664
BLG512.14,270.409,-28.76,1.93,-2.934,288.2,3476.3,48923,590119
BLG512.15,270.233,-28.76,1.854,-2.8,344.3,3589.0,58460,609394
BLG512.16,270.058,-28.76,1.777,-2.666,352.3,3699.9,59860,628664
BLG512.17,271.463,-28.461,2.644,-3.595,205.9,2840.2,34935,481916
BLG512.18,271.288,-28.461,2.569,-3.46,233.3,2934.6,39566,497696
BLG512.19,271.112,-28.461,2.494,-3.325,264.4,3238.9,44851,549436
BLG512.20,270.936,-28.461,2.418,-3.191,287.0,3217.4,48684,545771
BLG512.21,270.761,-28.461,2.342,-3.056,289.1,3341.8,49064,567150
BLG512.22,270.585,-28.461,2.266,-2.921,294.8,3279.6,50031,556602
BLG512.23,270.409,-28.461,2.19,-2.787,297.5,3445.1,50514,584960
BLG512.24,270.233,-28.461,2.114,-2.653,292.3,3542.4,49631,601490
BLG512.25,270.058,-28.461,2.038,-2.518,288.1,3575.2,48929,607206
BLG512.26,271.296,-28.14,2.854,-3.31,282.3,3059.2,47910,519189
BLG512.27,271.12,-28.14,2.778,-3.175,258.4,3173.8,43854,538629
BLG512.28,270.944,-28.14,2.702,-3.04,249.1,3295.2,42285,559376
BLG512.29,270.769,-28.14,2.626,-2.904,300.2,3321.7,50960,563866
BLG512.30,270.593,-28.14,2.55,-2.77,279.3,3249.1,47423,551680
BLG512.31,270.417,-28.14,2.474,-2.635,229.4,3254.2,38950,552538
BLG512.32,270.242,-28.14,2.397,-2.5,231.5,3144.9,39307,533996
BLG513.01,271.307,-30.315,0.953,-4.376,134.6,2285.7,21275,361293
BLG513.02,271.129,-30.315,0.878,-4.242,137.9,2256.5,21792,356592
BLG513.03,270.951,-30.315,0.803,-4.108,172.0,2504.2,27187,395831
BLG513.04,270.773,-30.315,0.728,-3.974,179.7,2464.9,28397,389528
BLG513.05,270.596,-30.315,0.653,-3.84,196.1,2671.7,31004,422406
BLG513.06,270.418,-30.315,0.577,-3.706,198.3,2749.9,31337,434574
BLG513.07,270.24,-30.315,0.502,-3.572,198.6,2864.8,31384,452716
BLG513.08,271.476,-29.994,1.306,-4.348,158.4,2414.8,25067,382151
BLG513.09,271.299,-29.994,1.231,-4.214,145.2,2266.9,22967,358580
BLG513.10,271.121,-29.994,1.156,-4.079,202.8,2564.1,32086,405689
BLG513.11,270.943,-29.994,1.081,-3.945,242.2,2822.8,38302,446398
BLG513.12,270.765,-29.994,1.006,-3.81,237.2,2769.4,37520,438077
BLG513.13,270.587,-29.994,0.93,-3.676,203.9,2780.9,32261,439986
BLG513.14,270.409,-29.994,0.854,-3.542,205.7,2964.9,32538,469004
BLG513.15,270.232,-29.994,0.778,-3.408,229.9,2998.0,36375,474346
BLG513.16,270.054,-29.994,0.702,-3.274,209.5,2978.5,33147,471261
BLG513.17,271.476,-29.695,1.569,-4.203,200.7,2747.4,31792,435212
BLG513.18,271.299,-29.695,1.494,-4.068,217.8,2819.2,34493,446490
BLG513.19,271.121,-29.695,1.418,-3.933,216.0,2628.2,34216,416333
BLG513.20,270.943,-29.695,1.343,-3.798,199.8,2769.2,31627,438345
BLG513.21,270.765,-29.695,1.267,-3.664,223.0,2819.7,35308,446454
BLG513.22,270.587,-29.695,1.191,-3.529,220.5,2823.2,34904,446904
BLG513.23,270.409,-29.695,1.115,-3.395,223.7,2863.4,35419,453376
BLG513.24,270.232,-29.695,1.039,-3.26,207.6,2887.7,32878,457336
BLG513.25,270.054,-29.695,0.963,-3.126,213.3,2730.9,33764,432293
BLG513.26,271.307,-29.373,1.779,-3.918,197.7,2406.8,31340,381535
BLG513.27,271.129,-29.373,1.703,-3.783,216.4,2654.9,34304,420865
BLG513.28,270.951,-29.373,1.627,-3.648,261.4,3016.8,41428,478128
BLG513.29,270.773,-29.373,1.551,-3.513,212.4,3201.6,33662,507400
BLG513.30,270.596,-29.373,1.475,-3.378,189.1,2655.8,29962,420800
BLG513.31,270.418,-29.373,1.399,-3.243,175.6,2690.8,27830,426451
BLG513.32,270.24,-29.373,1.323,-3.108,186.3,2548.9,29533,404066
BLG514.01,271.338,-31.545,-0.113,-4.995,116.3,1746.2,19299,289759
BLG514.02,271.158,-31.545,-0.188,-4.861,121.2,1759.3,20116,292018
BLG514.03,270.978,-31.545,-0.263,-4.726,118.1,1689.1,19602,280358
BLG514.04,270.798,-31.545,-0.338,-4.592,142.7,1969.6,23691,326992
BLG514.05,270.618,-31.545,-0.413,-4.458,146.0,2051.6,24244,340688
BLG514.06,270.438,-31.545,-0.488,-4.325,136.5,1967.7,22667,326747
BLG514.07,270.258,-31.545,-0.564,-4.191,128.9,2010.1,21410,333867
BLG514.08,271.51,-31.224,0.24,-4.968,115.3,1753.0,19128,290834
BLG514.09,271.33,-31.224,0.165,-4.833,101.2,1671.5,16789,277305
BLG514.10,271.15,-31.224,0.091,-4.698,87.9,1582.7,14586,262636
BLG514.11,270.97,-31.224,0.016,-4.564,88.0,1513.6,14606,251220
BLG514.12,270.79,-31.224,-0.06,-4.429,137.1,1993.6,22761,330977
BLG514.13,270.609,-31.224,-0.135,-4.295,137.9,1945.7,22899,323094
BLG514.14,270.429,-31.224,-0.211,-4.161,128.8,2006.6,21388,333215
BLG514.15,270.249,-31.224,-0.287,-4.027,127.6,2019.1,21194,335370
BLG514.16,270.069,-31.224,-0.363,-3.893,135.6,2012.3,22523,334241
BLG514.17,271.51,-30.925,0.503,-4.824,111.8,1740.5,18552,288822
BLG514.18,271.33,-30.925,0.428,-4.688,112.4,1765.2,18651,292912
BLG514.19,271.15,-30.925,0.353,-4.553,99.7,1629.7,16544,270427
BLG514.20,270.97,-30.925,0.278,-4.418,91.3,1622.8,15157,269408
BLG514.21,270.79,-30.925,0.202,-4.283,95.2,1657.6,15808,275252
BLG514.22,270.609,-30.925,0.126,-4.149,114.3,1929.8,18980,320470
BLG514.23,270.429,-30.925,0.05,-4.014,134.0,2405.7,22257,399584
BLG514.24,270.249,-30.925,-0.026,-3.879,128.3,2078.8,21310,345286
BLG514.25,270.069,-30.925,-0.102,-3.745,120.5,2045.1,20014,339689
BLG514.26,271.338,-30.603,0.714,-4.539,134.5,2032.7,22335,337550
BLG514.27,271.158,-30.603,0.638,-4.403,131.6,2070.8,21853,343868
BLG514.28,270.978,-30.603,0.563,-4.268,119.5,1855.3,19844,308091
BLG514.29,270.798,-30.603,0.487,-4.133,128.4,2087.8,21322,346700
BLG514.30,270.618,-30.603,0.411,-3.997,150.9,2089.7,25064,347097
BLG514.31,270.438,-30.603,0.335,-3.862,170.8,2577.7,28369,428145
BLG514.32,270.258,-30.603,0.258,-3.727,174.1,2592.9,28917,430686
BLG515.01,271.36,-32.778,-1.189,-5.606,81.7,1257.0,13107,201679
BLG515.02,271.177,-32.778,-1.263,-5.472,91.5,1303.8,14676,209138
BLG515.03,270.995,-32.778,-1.338,-5.337,92.0,1386.1,14753,222277
BLG515.04,270.813,-32.778,-1.413,-5.203,97.2,1424.3,15583,228348
BLG515.05,270.63,-32.778,-1.487,-5.069,99.0,1514.2,15871,242761
BLG515.06,270.448,-32.778,-1.563,-4.935,102.3,1610.5,16401,258192
BLG515.07,270.265,-32.778,-1.638,-4.801,96.2,1545.0,15423,247707
BLG515.08,271.534,-32.457,-0.835,-5.58,88.0,1369.2,14118,219665
BLG515.09,271.351,-32.457,-0.909,-5.445,92.9,1339.2,14908,214920
BLG515.10,271.169,-32.457,-0.984,-5.31,92.6,1369.0,14856,219640
BLG515.11,270.986,-32.457,-1.059,-5.175,99.0,1402.7,15871,224877
BLG515.12,270.804,-32.457,-1.134,-5.041,119.0,1725.8,19078,276693
BLG515.13,270.622,-32.457,-1.209,-4.906,94.9,1567.5,15214,251298
BLG515.14,270.439,-32.457,-1.285,-4.772,93.9,1551.2,15054,248701
BLG515.15,270.257,-32.457,-1.36,-4.637,111.3,1820.3,17852,291984
BLG515.16,270.074,-32.457,-1.436,-4.503,107.9,1791.2,17307,287316
BLG515.17,271.534,-32.157,-0.571,-5.436,93.5,1393.8,15004,223663
BLG515.18,271.351,-32.157,-0.646,-5.3,97.1,1389.7,15578,222962
BLG515.19,271.169,-32.157,-0.721,-5.165,87.6,1395.7,14051,223870
BLG515.20,270.986,-32.157,-0.796,-5.03,92.3,1497.2,14804,240142
BLG515.21,270.804,-32.157,-0.872,-4.895,106.4,1647.7,17066,264283
BLG515.22,270.622,-32.157,-0.947,-4.76,115.2,1734.6,18478,278221
BLG515.23,270.439,-32.157,-1.023,-4.625,118.9,1881.8,19071,301832
BLG515.24,270.257,-32.157,-1.099,-4.491,108.6,1814.6,17419,291061
BLG515.25,270.074,-32.157,-1.175,-4.356,107.4,1862.9,17226,298809
BLG515.26,271.36,-31.836,-0.36,-5.152,110.5,1596.5,17732,256199
BLG515.27,271.177,-31.836,-0.435,-5.016,112.7,1619.5,18077,259759
BLG515.28,270.995,-31.836,-0.511,-4.88,115.4,1691.4,18510,271308
BLG515.29,270.813,-31.836,-0.586,-4.745,104.3,1669.5,16729,267795
BLG515.30,270.63,-31.836,-0.662,-4.609,114.9,1767.3,18429,283474
BLG515.31,270.448,-31.836,-0.738,-4.474,107.7,1804.2,17279,289472
BLG515.32,270.265,-31.836,-0.815,-4.339,107.3,1778.2,17219,285358
BLG516.01,271.388,-34.008,-2.262,-6.218,95.7,1256.8,15933,209256
BLG516.02,271.203,-34.008,-2.336,-6.084,92.2,1245.9,15350,207441
BLG516.03,271.018,-34.008,-2.411,-5.949,95.5,1361.6,15903,226741
BLG516.04,270.833,-34.008,-2.485,-5.815,88.5,1265.1,14734,210630
BLG516.05,270.648,-34.008,-2.56,-5.681,87.1,1270.9,14498,211546
BLG516.06,270.463,-34.008,-2.635,-5.547,92.7,1389.5,15430,231279
BLG516.07,270.278,-34.008,-2.71,-5.413,112.8,1611.6,18776,268257
BLG516.08,271.565,-33.687,-1.908,-6.193,87.5,1216.2,14568,202488
BLG516.09,271.38,-33.687,-1.982,-6.058,94.9,1244.7,15796,207176
BLG516.10,271.195,-33.687,-2.056,-5.923,99.7,1357.2,16595,225911
BLG516.11,271.01,-33.687,-2.131,-5.788,102.7,1408.3,17094,234425
BLG516.12,270.825,-33.687,-2.206,-5.653,106.2,1474.6,17673,245394
BLG516.13,270.64,-33.687,-2.281,-5.519,110.5,1582.2,18388,263308
BLG516.14,270.455,-33.687,-2.356,-5.384,99.3,1470.6,16528,244778
BLG516.15,270.27,-33.687,-2.432,-5.25,92.2,1473.2,15343,245152
BLG516.16,270.085,-33.687,-2.508,-5.116,116.1,1791.5,19316,298069
BLG516.17,271.565,-33.388,-1.644,-6.05,97.9,1328.6,16303,221254
BLG516.18,271.38,-33.388,-1.718,-5.914,112.9,1462.8,18797,243537
BLG516.19,271.195,-33.388,-1.793,-5.779,106.1,1427.8,17660,237654
BLG516.20,271.01,-33.388,-1.868,-5.643,98.2,1389.1,16341,231165
BLG516.21,270.825,-33.388,-1.943,-5.508,92.7,1464.8,15426,243763
BLG516.22,270.64,-33.388,-2.019,-5.373,94.3,1473.6,15692,245227
BLG516.23,270.455,-33.388,-2.094,-5.238,94.7,1500.8,15759,249745
BLG516.24,270.27,-33.388,-2.17,-5.103,83.6,1414.2,13908,235279
BLG516.25,270.085,-33.388,-2.246,-4.969,91.2,1613.6,15176,268525
BLG516.26,271.388,-33.067,-1.431,-5.766,104.2,1387.3,17360,231139
BLG516.27,271.203,-33.067,-1.507,-5.63,106.9,1438.6,17798,239516
BLG516.28,271.018,-33.067,-1.582,-5.494,113.2,1561.8,18847,260037
BLG516.29,270.833,-33.067,-1.657,-5.359,92.6,1498.0,15413,249356
BLG516.30,270.648,-33.067,-1.733,-5.223,93.0,1459.1,15476,242814
BLG516.31,270.463,-33.067,-1.809,-5.088,89.4,1453.1,14877,241816
BLG516.32,270.278,-33.067,-1.885,-4.952,90.0,1429.7,14973,237866
BLG517.01,271.417,-35.239,-3.338,-6.828,80.4,903.0,13224,148537
BLG517.02,271.23,-35.239,-3.412,-6.694,83.0,942.3,13648,154964
BLG517.03,271.042,-35.239,-3.486,-6.559,78.6,964.9,12925,158672
BLG517.04,270.854,-35.239,-3.56,-6.425,85.3,1011.9,14027,166401
BLG517.05,270.666,-35.239,-3.635,-6.291,81.3,1047.0,13369,172165
BLG517.06,270.479,-35.239,-3.71,-6.156,84.0,1067.5,13813,175536
BLG517.07,270.291,-35.239,-3.785,-6.022,86.2,1114.7,14175,183298
BLG517.08,271.596,-34.918,-2.983,-6.804,76.6,914.0,12602,150383
BLG517.09,271.409,-34.918,-3.057,-6.669,81.3,916.3,13372,150724
BLG517.10,271.221,-34.918,-3.131,-6.533,87.9,987.8,14458,162477
BLG517.11,271.033,-34.918,-3.206,-6.398,88.5,1050.7,14553,172782
BLG517.12,270.845,-34.918,-3.281,-6.264,100.8,1144.4,16576,188190
BLG517.13,270.658,-34.918,-3.355,-6.129,99.1,1196.5,16292,196719
BLG517.14,270.47,-34.918,-3.431,-5.994,104.4,1241.5,17163,204101
BLG517.15,270.282,-34.918,-3.506,-5.86,110.3,1315.2,18129,216174
BLG517.16,270.094,-34.918,-3.581,-5.725,100.0,1379.5,16440,226789
BLG517.17,271.596,-34.618,-2.718,-6.661,81.9,966.3,13474,158979
BLG517.18,271.409,-34.618,-2.793,-6.525,92.0,1091.8,15132,179575
BLG517.19,271.221,-34.618,-2.867,-6.39,94.4,1066.8,15527,175471
BLG517.20,271.033,-34.618,-2.942,-6.254,94.3,1137.3,15507,187031
BLG517.21,270.845,-34.618,-3.017,-6.119,97.6,1200.5,16049,197424
BLG517.22,270.658,-34.618,-3.092,-5.984,102.1,1233.0,16785,202712
BLG517.23,270.47,-34.618,-3.168,-5.849,103.9,1334.4,17085,219443
BLG517.24,270.282,-34.618,-3.243,-5.714,107.3,1382.4,17636,227219
BLG517.25,270.094,-34.618,-3.319,-5.579,105.3,1377.8,17307,226455
BLG517.26,271.417,-34.297,-2.505,-6.378,80.5,989.0,13250,162783
BLG517.27,271.23,-34.297,-2.58,-6.242,81.3,1040.6,13375,171203
BLG517.28,271.042,-34.297,-2.655,-6.106,87.1,1134.3,14326,186582
BLG517.29,270.854,-34.297,-2.731,-5.97,94.6,1204.7,15556,198098
BLG517.30,270.666,-34.297,-2.806,-5.834,95.0,1252.8,15622,206008
BLG517.31,270.479,-34.297,-2.882,-5.699,96.2,1328.8,15819,218506
BLG517.32,270.291,-34.297,-2.958,-5.563,96.2,1275.4,15812,209632
BLG518.01,272.627,-27.24,4.213,-3.907,161.7,2225.2,26348,362591
BLG518.02,272.454,-27.24,4.14,-3.773,155.9,2276.4,25409,371034
BLG518.03,272.281,-27.24,4.066,-3.638,171.1,2462.6,27893,401470
BLG518.04,272.108,-27.24,3.991,-3.503,157.5,2463.4,25676,401600
BLG518.05,271.936,-27.24,3.917,-3.369,166.7,2448.8,27189,399405
BLG518.06,271.763,-27.24,3.843,-3.234,245.4,2840.8,40026,463351
BLG518.07,271.59,-27.24,3.768,-3.1,242.4,2943.5,39536,480102
BLG518.08,272.791,-26.919,4.567,-3.882,150.5,2109.6,24523,343755
BLG518.09,272.619,-26.919,4.493,-3.747,127.5,1737.4,20775,283105
BLG518.10,272.446,-26.919,4.419,-3.612,124.0,1754.6,20210,285978
BLG518.11,272.273,-26.919,4.344,-3.477,146.3,2221.9,23845,362143
BLG518.12,272.1,-26.919,4.27,-3.342,181.6,2548.8,29605,415523
BLG518.13,271.928,-26.919,4.195,-3.207,211.6,2681.8,34504,437318
BLG518.14,271.755,-26.919,4.121,-3.072,243.7,2851.3,39739,464958
BLG518.15,271.582,-26.919,4.046,-2.938,238.7,2886.4,38942,470909
BLG518.16,271.409,-26.919,3.971,-2.803,218.5,2940.1,35638,479547
BLG518.17,272.791,-26.62,4.83,-3.739,172.9,2263.8,28173,368873
BLG518.18,272.619,-26.62,4.756,-3.604,154.3,2190.9,25142,356994
BLG518.19,272.446,-26.62,4.681,-3.468,141.3,2225.9,23030,362803
BLG518.20,272.273,-26.62,4.607,-3.333,154.4,2262.3,25165,368727
BLG518.21,272.1,-26.62,4.532,-3.198,160.7,2439.4,26198,397688
BLG518.22,271.928,-26.62,4.458,-3.062,198.2,2672.2,32319,435736
BLG518.23,271.755,-26.62,4.383,-2.927,205.7,2738.6,33542,446572
BLG518.24,271.582,-26.62,4.308,-2.792,188.0,2578.4,30656,420449
BLG518.25,271.409,-26.62,4.232,-2.657,155.0,2542.9,25281,414770
BLG518.26,272.627,-26.298,5.042,-3.456,163.6,2201.3,26664,358793
BLG518.27,272.454,-26.298,4.967,-3.32,165.9,2323.1,27039,378637
BLG518.28,272.281,-26.298,4.893,-3.184,164.5,2350.4,26817,383178
BLG518.29,272.108,-26.298,4.818,-3.049,136.4,2121.2,22236,345804
BLG518.30,271.936,-26.298,4.743,-2.913,127.4,1722.5,20774,280873
BLG518.31,271.763,-26.298,4.668,-2.778,124.8,1667.9,20350,271977
BLG518.32,271.59,-26.298,4.592,-2.642,111.3,1989.4,18149,324411
BLG519.01,272.649,-28.471,3.139,-4.513,166.2,2025.6,26424,322056
BLG519.02,272.474,-28.471,3.066,-4.378,149.0,2031.8,23695,323121
BLG519.03,272.3,-28.471,2.992,-4.244,158.4,2152.0,25184,342152
BLG519.04,272.125,-28.471,2.918,-4.109,182.4,2429.1,28993,386109
BLG519.05,271.95,-28.471,2.844,-3.974,185.0,2450.6,29420,389723
BLG519.06,271.776,-28.471,2.769,-3.84,202.3,2599.1,32164,413230
BLG519.07,271.601,-28.471,2.695,-3.706,191.8,2583.2,30509,410917
BLG519.08,272.816,-28.15,3.493,-4.489,204.8,2294.8,32593,365208
BLG519.09,272.641,-28.15,3.419,-4.353,171.3,2155.4,27268,343107
BLG519.10,272.466,-28.15,3.345,-4.218,174.1,2259.8,27694,359466
BLG519.11,272.292,-28.15,3.271,-4.083,163.7,2289.1,26039,364127
BLG519.12,272.117,-28.15,3.197,-3.948,160.8,2326.4,25572,369972
BLG519.13,271.942,-28.15,3.122,-3.813,166.0,2293.4,26405,364819
BLG519.14,271.767,-28.15,3.048,-3.678,168.4,2454.6,26787,390453
BLG519.15,271.593,-28.15,2.973,-3.544,217.0,2582.2,34518,410750
BLG519.16,271.418,-28.15,2.898,-3.409,275.3,3063.2,43791,487263
BLG519.17,272.816,-27.85,3.756,-4.346,212.1,2372.3,33771,377732
BLG519.18,272.641,-27.85,3.682,-4.21,209.3,2368.4,33325,377111
BLG519.19,272.466,-27.85,3.608,-4.075,181.0,2304.2,28805,366696
BLG519.20,272.292,-27.85,3.534,-3.939,177.1,2350.6,28184,374088
BLG519.21,272.117,-27.85,3.459,-3.804,176.4,2396.8,28059,381251
BLG519.22,271.942,-27.85,3.385,-3.669,201.7,2545.3,32092,404977
BLG519.23,271.767,-27.85,3.31,-3.533,213.1,3184.3,33905,506647
BLG519.24,271.593,-27.85,3.235,-3.398,291.1,3583.8,46316,570219
BLG519.25,271.418,-27.85,3.16,-3.263,278.8,3503.3,44370,557539
BLG519.26,272.649,-27.529,3.969,-4.063,197.7,2243.1,31493,357333
BLG519.27,272.474,-27.529,3.894,-3.927,205.0,2431.8,32656,387393
BLG519.28,272.3,-27.529,3.82,-3.791,201.6,2391.3,32099,380749
BLG519.29,272.125,-27.529,3.745,-3.655,190.5,2907.8,30331,462980
BLG519.30,271.95,-27.529,3.67,-3.52,195.2,2533.8,31065,403244
BLG519.31,271.776,-27.529,3.595,-3.384,207.0,2839.8,32951,452053
BLG519.32,271.601,-27.529,3.52,-3.249,238.5,3295.6,37956,524489
BLG520.01,272.68,-29.702,2.067,-5.124,149.1,1862.9,24717,308829
BLG520.02,272.503,-29.702,1.993,-4.989,140.2,1837.6,23242,304635
BLG520.03,272.327,-29.702,1.92,-4.854,167.9,2020.4,27834,334939
BLG520.04,272.15,-29.702,1.846,-4.719,157.3,2072.6,26077,343585
BLG520.05,271.973,-29.702,1.772,-4.585,172.1,2140.6,28517,354707
BLG520.06,271.797,-29.702,1.698,-4.45,178.4,2231.7,29561,369786
BLG520.07,271.62,-29.702,1.623,-4.316,183.9,2338.1,30472,387417
BLG520.08,272.849,-29.38,2.421,-5.1,156.9,1914.5,26029,317599
BLG520.09,272.672,-29.38,2.347,-4.965,157.1,1909.1,26049,316552
BLG520.10,272.495,-29.38,2.273,-4.829,165.6,2020.7,27459,335058
BLG520.11,272.319,-29.38,2.199,-4.694,160.4,2089.9,26603,346624
BLG520.12,272.142,-29.38,2.125,-4.559,160.1,2033.8,26547,337230
BLG520.13,271.965,-29.38,2.051,-4.424,158.0,2119.4,26199,351440
BLG520.14,271.788,-29.38,1.977,-4.289,156.7,2069.6,25977,343094
BLG520.15,271.612,-29.38,1.902,-4.154,163.4,2220.8,27094,368238
BLG520.16,271.435,-29.38,1.827,-4.019,180.2,2323.6,29859,385020
BLG520.17,272.849,-29.081,2.685,-4.958,177.2,1965.5,29424,326375
BLG520.18,272.672,-29.081,2.611,-4.822,199.5,2218.4,33119,368291
BLG520.19,272.495,-29.081,2.537,-4.686,184.3,2140.2,30588,355215
BLG520.20,272.319,-29.081,2.463,-4.551,164.8,2054.9,27345,340975
BLG520.21,272.142,-29.081,2.388,-4.415,183.7,2178.7,30489,361605
BLG520.22,271.965,-29.081,2.314,-4.28,195.2,2375.2,32390,394132
BLG520.23,271.788,-29.081,2.239,-4.144,188.8,2332.0,31320,386867
BLG520.24,271.612,-29.081,2.164,-4.009,206.2,2567.9,34199,425909
BLG520.25,271.435,-29.081,2.089,-3.874,208.9,2940.3,34638,487557
BLG520.26,272.68,-28.76,2.898,-4.675,170.1,2066.4,28258,343299
BLG520.27,272.503,-28.76,2.824,-4.539,160.3,2024.9,26624,336315
BLG520.28,272.327,-28.76,2.749,-4.403,201.5,2416.6,33467,401381
BLG520.29,272.15,-28.76,2.675,-4.267,196.3,2397.8,32595,398165
BLG520.30,271.973,-28.76,2.6,-4.131,185.4,2199.6,30778,365157
BLG520.31,271.797,-28.76,2.525,-3.996,195.2,2431.9,32405,403713
BLG520.32,271.62,-28.76,2.45,-3.86,192.7,2599.6,31967,431258
BLG521.01,272.72,-30.932,0.995,-5.739,120.9,1464.4,20656,250210
BLG521.02,272.541,-30.932,0.922,-5.604,122.0,1429.8,20844,244298
BLG521.03,272.362,-30.932,0.849,-5.469,126.3,1573.6,21579,268859
BLG521.04,272.183,-30.932,0.775,-5.334,115.1,1540.5,19656,263090
BLG521.05,272.004,-30.932,0.701,-5.199,117.3,1570.4,20032,268188
BLG521.06,271.825,-30.932,0.627,-5.064,111.9,1576.7,19105,269192
BLG521.07,271.647,-30.932,0.553,-4.93,111.7,1687.8,19062,288036
BLG521.08,272.891,-30.611,1.35,-5.716,124.5,1534.7,21296,262506
BLG521.09,272.712,-30.611,1.276,-5.58,124.0,1472.0,21195,251623
BLG521.10,272.533,-30.611,1.203,-5.445,125.9,1591.5,21515,271977
BLG521.11,272.354,-30.611,1.129,-5.309,115.7,1545.4,19763,263986
BLG521.12,272.175,-30.611,1.055,-5.174,130.2,1673.2,22240,285799
BLG521.13,271.996,-30.611,0.981,-5.039,122.9,1647.1,20993,281349
BLG521.14,271.817,-30.611,0.907,-4.904,106.3,1616.8,18140,275916
BLG521.15,271.638,-30.611,0.832,-4.769,102.7,1628.1,17526,277845
BLG521.16,271.459,-30.611,0.758,-4.634,121.5,1874.4,20734,319877
BLG521.17,272.891,-30.312,1.614,-5.574,120.7,1498.2,20655,256381
BLG521.18,272.712,-30.312,1.541,-5.438,122.5,1591.1,20949,272090
BLG521.19,272.533,-30.312,1.467,-5.302,120.5,1561.2,20602,266930
BLG521.20,272.354,-30.312,1.393,-5.166,127.8,1695.7,21840,289784
BLG521.21,272.175,-30.312,1.319,-5.031,125.5,1674.0,21447,286076
BLG521.22,271.996,-30.312,1.245,-4.895,121.0,1741.7,20673,297566
BLG521.23,271.817,-30.312,1.17,-4.76,133.1,1824.6,22730,311596
BLG521.24,271.638,-30.312,1.095,-4.624,140.5,1957.6,23982,334150
BLG521.25,271.459,-30.312,1.02,-4.489,149.8,1999.2,25569,341259
BLG521.26,272.72,-29.99,1.828,-5.292,130.1,1628.6,22269,278770
BLG521.27,272.541,-29.99,1.754,-5.155,124.2,1642.5,21254,281084
BLG521.28,272.362,-29.99,1.68,-5.019,134.4,1744.8,22984,298392
BLG521.29,272.183,-29.99,1.606,-4.883,154.0,1929.1,26329,329822
BLG521.30,272.004,-29.99,1.531,-4.747,151.5,1953.3,25896,333881
BLG521.31,271.825,-29.99,1.456,-4.611,136.7,1927.8,23355,329361
BLG521.32,271.647,-29.99,1.381,-4.475,140.5,1924.7,23993,328678
BLG522.01,273.961,-26.625,5.323,-4.662,146.4,1628.8,23982,266810
BLG522.02,273.789,-26.625,5.25,-4.527,142.2,1690.7,22433,266719
BLG522.03,273.618,-26.625,5.178,-4.392,137.9,1690.3,21754,266664
BLG522.04,273.446,-26.625,5.105,-4.256,141.8,1712.4,22369,270143
BLG522.05,273.274,-26.625,5.031,-4.121,151.7,1780.3,24832,291437
BLG522.06,273.102,-26.625,4.958,-3.986,153.2,1903.1,24162,300155
BLG522.07,272.93,-26.625,4.885,-3.851,147.0,1973.3,23190,311309
BLG522.08,274.125,-26.304,5.677,-4.641,145.4,1597.4,22960,252247
BLG522.09,273.953,-26.304,5.604,-4.505,146.6,1675.0,23155,264564
BLG522.10,273.781,-26.304,5.531,-4.369,140.6,1674.2,22202,264366
BLG522.11,273.61,-26.304,5.458,-4.233,124.0,1652.7,19576,260908
BLG522.12,273.438,-26.304,5.385,-4.098,135.0,1683.7,21317,265874
BLG522.13,273.266,-26.304,5.311,-3.962,139.1,1716.3,21949,270825
BLG522.14,273.094,-26.304,5.238,-3.827,143.0,1829.8,22564,288735
BLG522.15,272.922,-26.304,5.164,-3.691,138.4,1832.0,21838,289090
BLG522.16,272.751,-26.304,5.09,-3.556,145.7,2041.8,22990,322195
BLG522.17,274.125,-26.005,5.942,-4.5,158.2,1737.9,24999,274633
BLG522.18,273.953,-26.005,5.869,-4.364,138.0,1668.9,21802,263666
BLG522.19,273.781,-26.005,5.795,-4.228,122.9,1610.3,19416,254415
BLG522.20,273.61,-26.005,5.722,-4.092,127.2,1663.0,20091,262670
BLG522.21,273.438,-26.005,5.649,-3.956,126.8,1675.5,20032,264716
BLG522.22,273.266,-26.005,5.575,-3.82,114.6,1615.8,18092,255083
BLG522.23,273.094,-26.005,5.501,-3.684,123.0,1672.3,19418,264018
BLG522.24,272.922,-26.005,5.428,-3.548,148.4,1923.2,23428,303621
BLG522.25,272.751,-26.005,5.354,-3.413,158.8,1979.5,25070,312509
BLG522.26,273.961,-25.683,6.156,-4.218,130.8,1611.5,20679,254775
BLG522.27,273.789,-25.683,6.083,-4.082,127.1,1585.5,20090,250604
BLG522.28,273.618,-25.683,6.009,-3.946,104.9,1454.2,16585,229913
BLG522.29,273.446,-25.683,5.936,-3.809,104.9,1516.9,16581,239768
BLG522.30,273.274,-25.683,5.862,-3.673,97.8,1442.0,15455,227867
BLG522.31,273.102,-25.683,5.788,-3.537,104.1,1528.7,16454,241633
BLG522.32,272.93,-25.683,5.714,-3.401,120.6,1672.2,19048,264131
BLG523.01,274.0,-27.856,4.249,-5.271,197.5,1845.0,32221,301002
BLG523.02,273.827,-27.856,4.177,-5.136,184.9,1799.7,30165,293612
BLG523.03,273.653,-27.856,4.104,-5.0,210.0,1979.6,34260,322961
BLG523.04,273.479,-27.856,4.031,-4.865,216.5,2089.8,35329,341024
BLG523.05,273.305,-27.856,3.958,-4.73,196.9,2064.3,32123,336780
BLG523.06,273.132,-27.856,3.885,-4.595,195.7,2180.1,31935,355751
BLG523.07,272.958,-27.856,3.812,-4.459,199.7,2185.4,32580,356545
BLG523.08,274.166,-27.534,4.603,-5.25,163.1,1749.2,26608,285373
BLG523.09,273.992,-27.534,4.531,-5.114,182.8,1811.9,29822,295602
BLG523.10,273.818,-27.534,4.458,-4.978,200.9,1900.1,32767,309917
BLG523.11,273.645,-27.534,4.385,-4.842,194.5,1945.3,31724,317290
BLG523.12,273.471,-27.534,4.312,-4.707,216.2,2128.0,35263,347089
BLG523.13,273.297,-27.534,4.239,-4.571,196.3,2068.1,32017,337319
BLG523.14,273.124,-27.534,4.166,-4.436,212.6,2240.2,34676,365381
BLG523.15,272.95,-27.534,4.092,-4.3,217.7,2245.8,35508,366303
BLG523.16,272.776,-27.534,4.018,-4.165,219.0,2439.1,35711,397734
BLG523.17,274.166,-27.235,4.869,-5.11,167.9,1817.7,27398,296621
BLG523.18,273.992,-27.235,4.796,-4.974,171.6,1767.1,27995,288293
BLG523.19,273.818,-27.235,4.723,-4.837,163.1,1831.7,26602,298761
BLG523.20,273.645,-27.235,4.65,-4.701,173.2,1892.7,28249,308710
BLG523.21,273.471,-27.235,4.576,-4.565,186.8,2048.7,30468,334155
BLG523.22,273.297,-27.235,4.503,-4.429,193.0,2090.3,31479,340940
BLG523.23,273.124,-27.235,4.429,-4.293,202.4,2220.7,33004,362120
BLG523.24,272.95,-27.235,4.356,-4.157,195.5,2198.1,31879,358427
BLG523.25,272.776,-27.235,4.282,-4.022,178.8,2226.6,29156,363082
BLG523.26,274.0,-26.914,5.084,-4.829,140.6,1655.5,22943,270152
BLG523.27,273.827,-26.914,5.011,-4.692,145.2,1728.4,23688,281979
BLG523.28,273.653,-26.914,4.937,-4.556,157.7,1860.7,25721,303491
BLG523.29,273.479,-26.914,4.864,-4.419,167.5,1901.0,27320,310064
BLG523.30,273.305,-26.914,4.79,-4.283,156.4,1938.5,25503,316103
BLG523.31,273.132,-26.914,4.716,-4.147,152.2,1991.9,24818,324819
BLG523.32,272.958,-26.914,4.642,-4.011,142.6,1939.5,23242,316107
BLG524.01,274.035,-29.086,3.171,-5.875,135.2,1469.5,21876,237773
BLG524.02,273.86,-29.086,3.099,-5.739,139.9,1501.9,22636,243016
BLG524.03,273.684,-29.086,3.027,-5.604,163.4,1611.3,26439,260718
BLG524.04,273.508,-29.086,2.954,-5.468,169.1,1785.5,27361,288904
BLG524.05,273.333,-29.086,2.881,-5.333,158.8,1763.6,25694,285361
BLG524.06,273.157,-29.086,2.808,-5.197,161.8,1815.9,26180,293823
BLG524.07,272.981,-29.086,2.735,-5.062,175.2,1917.0,28341,310115
BLG524.08,274.203,-28.765,3.526,-5.855,141.8,1507.7,22949,244013
BLG524.09,274.027,-28.765,3.453,-5.718,142.2,1528.4,23008,247304
BLG524.10,273.852,-28.765,3.381,-5.582,149.4,1591.9,24179,257641
BLG524.11,273.676,-28.765,3.308,-5.446,161.8,1740.2,26180,281582
BLG524.12,273.5,-28.765,3.235,-5.31,185.9,1873.8,30086,303265
BLG524.13,273.324,-28.765,3.162,-5.175,184.3,1870.7,29828,302763
BLG524.14,273.149,-28.765,3.089,-5.039,186.3,2018.0,30137,326445
BLG524.15,272.973,-28.765,3.016,-4.903,184.0,2052.6,29765,332051
BLG524.16,272.797,-28.765,2.942,-4.768,190.9,2153.8,30881,348405
BLG524.17,274.203,-28.466,3.792,-5.715,176.5,1735.3,28565,280849
BLG524.18,274.027,-28.466,3.719,-5.578,174.3,1686.5,28202,272885
BLG524.19,273.852,-28.466,3.646,-5.442,176.8,1744.2,28607,282222
BLG524.20,273.676,-28.466,3.573,-5.306,190.2,1846.0,30775,298693
BLG524.21,273.5,-28.466,3.5,-5.169,187.9,1899.6,30403,307366
BLG524.22,273.324,-28.466,3.427,-5.033,207.4,2073.1,33558,335431
BLG524.23,273.149,-28.466,3.354,-4.897,205.4,2063.7,33226,333838
BLG524.24,272.973,-28.466,3.28,-4.761,210.0,2190.8,33971,354391
BLG524.25,272.797,-28.466,3.206,-4.625,199.5,2157.3,32272,348979
BLG524.26,274.035,-28.144,4.008,-5.434,184.8,1796.6,29908,290770
BLG524.27,273.86,-28.144,3.935,-5.297,180.0,1816.9,29125,293985
BLG524.28,273.684,-28.144,3.861,-5.161,195.9,2019.6,31697,326783
BLG524.29,273.508,-28.144,3.788,-5.024,218.6,2091.3,35370,338392
BLG524.30,273.333,-28.144,3.715,-4.888,210.2,2162.8,34011,349945
BLG524.31,273.157,-28.144,3.641,-4.751,192.7,2123.5,31172,343512
BLG524.32,272.981,-28.144,3.567,-4.615,198.6,2105.8,32118,340572
BLG525.01,274.083,-30.317,2.096,-6.486,104.5,1124.1,17480,188033
BLG525.02,273.906,-30.317,2.024,-6.35,106.1,1129.5,17743,188895
BLG525.03,273.728,-30.317,1.952,-6.214,116.2,1253.1,19437,209608
BLG525.04,273.55,-30.317,1.879,-6.078,111.5,1236.8,18651,206882
BLG525.05,273.372,-30.317,1.807,-5.943,113.8,1301.8,19040,217824
BLG525.06,273.194,-30.317,1.734,-5.807,122.7,1440.3,20534,241047
BLG525.07,273.017,-30.317,1.661,-5.672,128.8,1452.0,21571,243176
BLG525.08,274.253,-29.995,2.451,-6.466,114.0,1169.7,19069,195653
BLG525.09,274.075,-29.995,2.379,-6.33,122.8,1241.9,20531,207643
BLG525.10,273.897,-29.995,2.306,-6.193,133.6,1347.5,22342,225361
BLG525.11,273.72,-29.995,2.234,-6.057,128.9,1353.0,21552,226214
BLG525.12,273.542,-29.995,2.161,-5.921,132.3,1422.8,22126,237960
BLG525.13,273.364,-29.995,2.089,-5.785,129.6,1436.0,21679,240216
BLG525.14,273.186,-29.995,2.016,-5.65,126.7,1478.7,21189,247292
BLG525.15,273.008,-29.995,1.942,-5.514,138.1,1556.9,23112,260569
BLG525.16,272.83,-29.995,1.869,-5.378,145.6,1657.9,24373,277530
BLG525.17,274.253,-29.696,2.717,-6.327,139.1,1302.5,23268,217880
BLG525.18,274.075,-29.696,2.645,-6.19,153.8,1509.8,25721,252487
BLG525.19,273.897,-29.696,2.572,-6.054,151.1,1453.3,25264,243001
BLG525.20,273.72,-29.696,2.5,-5.917,164.6,1519.1,27521,253995
BLG525.21,273.542,-29.696,2.427,-5.781,158.1,1578.0,26440,263907
BLG525.22,273.364,-29.696,2.354,-5.644,153.2,1545.7,25621,258497
BLG525.23,273.186,-29.696,2.281,-5.508,158.0,1647.8,26430,275647
BLG525.24,273.008,-29.696,2.207,-5.372,150.8,1664.3,25226,278407
BLG525.25,272.83,-29.696,2.134,-5.236,153.0,1744.4,25612,292010
BLG525.26,274.083,-29.375,2.934,-6.047,142.1,1434.0,23776,239943
BLG525.27,273.906,-29.375,2.861,-5.91,145.4,1473.9,24316,246497
BLG525.28,273.728,-29.375,2.788,-5.773,162.8,1586.8,27226,265387
BLG525.29,273.55,-29.375,2.715,-5.636,169.3,1637.8,28320,273974
BLG525.30,273.372,-29.375,2.642,-5.499,170.6,1748.7,28538,292517
BLG525.31,273.194,-29.375,2.569,-5.363,162.3,1765.5,27149,295344
BLG525.32,273.017,-29.375,2.495,-5.226,153.6,1680.5,25694,281117
BLG526.01,274.144,-31.547,1.022,-7.103,80.6,839.0,13117,136550
BLG526.02,273.964,-31.547,0.951,-6.967,87.1,879.1,13688,138154
BLG526.03,273.784,-31.547,0.879,-6.831,81.5,920.9,13267,149916
BLG526.04,273.604,-31.547,0.807,-6.695,76.1,862.8,11962,135618
BLG526.05,273.424,-31.547,0.735,-6.559,69.1,848.2,10859,133298
BLG526.06,273.244,-31.547,0.662,-6.424,77.4,910.9,12166,143179
BLG526.07,273.064,-31.547,0.59,-6.288,93.1,1018.2,15163,165842
BLG526.08,274.316,-31.226,1.378,-7.084,82.7,850.0,13466,138414
BLG526.09,274.136,-31.226,1.306,-6.948,84.8,914.1,13323,143627
BLG526.10,273.956,-31.226,1.234,-6.811,91.5,909.5,14379,142923
BLG526.11,273.776,-31.226,1.162,-6.675,92.1,946.8,14477,148822
BLG526.12,273.596,-31.226,1.09,-6.539,104.4,1031.1,16406,162041
BLG526.13,273.416,-31.226,1.017,-6.403,108.2,1041.0,17004,163589
BLG526.14,273.236,-31.226,0.944,-6.267,111.8,1073.4,17569,168689
BLG526.15,273.056,-31.226,0.871,-6.131,108.8,1087.2,17102,170908
BLG526.16,272.875,-31.226,0.798,-5.995,95.5,1192.6,15011,187468
BLG526.17,274.316,-30.927,1.645,-6.946,83.8,897.5,13651,146217
BLG526.18,274.136,-30.927,1.573,-6.809,96.3,980.0,15687,159657
BLG526.19,273.956,-30.927,1.501,-6.672,98.0,977.8,15404,153711
BLG526.20,273.776,-30.927,1.428,-6.536,104.9,1031.4,16485,162096
BLG526.21,273.596,-30.927,1.356,-6.399,108.4,1090.9,17035,171447
BLG526.22,273.416,-30.927,1.283,-6.262,117.5,1184.4,18465,186133
BLG526.23,273.236,-30.927,1.21,-6.126,130.6,1247.0,20524,195978
BLG526.24,273.056,-30.927,1.137,-5.99,121.3,1216.2,19071,191215
BLG526.25,272.875,-30.927,1.063,-5.854,130.0,1303.5,20439,204941
BLG526.26,274.144,-30.605,1.863,-6.666,92.9,1007.0,14610,158362
BLG526.27,273.964,-30.605,1.79,-6.529,100.1,1043.7,15734,164061
BLG526.28,273.784,-30.605,1.718,-6.392,108.2,1057.5,17639,172396
BLG526.29,273.604,-30.605,1.645,-6.255,112.0,1089.7,17609,171325
BLG526.30,273.424,-30.605,1.572,-6.118,107.9,1155.6,16965,181687
BLG526.31,273.244,-30.605,1.499,-5.981,119.2,1227.3,18741,192968
BLG526.32,273.064,-30.605,1.425,-5.844,123.1,1315.0,19350,206699
BLG527.01,275.274,-23.549,8.608,-4.271,104.6,1263.1,16984,205082
BLG527.02,275.106,-23.549,8.536,-4.135,106.3,1252.3,17251,203248
BLG527.03,274.938,-23.549,8.464,-3.999,105.0,1263.9,17036,205074
BLG527.04,274.771,-23.549,8.391,-3.864,103.2,1253.7,16744,203410
BLG527.05,274.603,-23.549,8.319,-3.728,107.9,1290.6,17511,209456
BLG527.06,274.436,-23.549,8.247,-3.592,115.5,1372.1,18749,222738
BLG527.07,274.268,-23.549,8.174,-3.457,128.7,1522.1,20892,247088
BLG527.08,275.434,-23.227,8.961,-4.251,112.6,1177.2,18282,191151
BLG527.09,275.266,-23.227,8.889,-4.115,109.1,1235.1,17710,200495
BLG527.10,275.098,-23.227,8.817,-3.979,103.3,1215.3,16760,197196
BLG527.11,274.931,-23.227,8.745,-3.843,103.7,1218.1,16829,197682
BLG527.12,274.763,-23.227,8.672,-3.706,89.1,1199.7,14460,194704
BLG527.13,274.595,-23.227,8.6,-3.57,104.3,1264.2,16927,205180
BLG527.14,274.428,-23.227,8.527,-3.435,113.4,1386.9,18404,225093
BLG527.15,274.26,-23.227,8.454,-3.299,112.5,1363.1,18267,221331
BLG527.16,274.092,-23.227,8.381,-3.163,109.9,1404.7,17844,228078
BLG527.17,275.434,-22.928,9.227,-4.112,100.4,1141.2,16302,185297
BLG527.18,275.266,-22.928,9.155,-3.975,93.1,1184.2,15116,192287
BLG527.19,275.098,-22.928,9.082,-3.839,84.2,1118.2,13678,181648
BLG527.20,274.931,-22.928,9.01,-3.702,87.0,1147.3,14122,186250
BLG527.21,274.763,-22.928,8.937,-3.566,88.9,1178.2,14434,191305
BLG527.22,274.595,-22.928,8.864,-3.43,94.4,1240.1,15324,201310
BLG527.23,274.428,-22.928,8.792,-3.294,90.6,1214.8,14707,197211
BLG527.24,274.26,-22.928,8.719,-3.157,88.2,1214.5,14328,197287
BLG527.25,274.092,-22.928,8.645,-3.021,105.1,1277.4,17069,207466
BLG527.26,275.274,-22.607,9.443,-3.832,68.3,993.2,11097,161372
BLG527.27,275.106,-22.607,9.37,-3.695,81.2,1096.9,13193,178230
BLG527.28,274.938,-22.607,9.298,-3.558,76.5,1051.5,12424,170765
BLG527.29,274.771,-22.607,9.225,-3.421,85.9,1182.2,13951,192001
BLG527.30,274.603,-22.607,9.152,-3.285,91.6,1246.1,14873,202334
BLG527.31,274.436,-22.607,9.079,-3.148,85.8,1177.2,13941,191282
BLG527.32,274.268,-22.607,9.006,-3.012,75.3,1004.4,12229,163124
BLG528.01,275.291,-24.779,7.522,-4.858,105.2,1280.8,17846,217271
BLG528.02,275.122,-24.779,7.451,-4.722,105.4,1354.2,17872,229633
BLG528.03,274.953,-24.779,7.379,-4.586,114.7,1367.3,19449,231854
BLG528.04,274.783,-24.779,7.307,-4.45,116.2,1343.6,19698,227775
BLG528.05,274.614,-24.779,7.235,-4.314,115.5,1437.7,19580,243727
BLG528.06,274.445,-24.779,7.162,-4.179,111.3,1495.6,18863,253476
BLG528.07,274.276,-24.779,7.09,-4.043,100.4,1397.7,17016,236891
BLG528.08,275.452,-24.458,7.876,-4.839,101.8,1258.2,17265,213388
BLG528.09,275.283,-24.458,7.805,-4.702,96.8,1199.5,16410,203346
BLG528.10,275.114,-24.458,7.733,-4.566,99.5,1245.1,16867,211068
BLG528.11,274.945,-24.458,7.661,-4.43,111.0,1316.0,18813,223036
BLG528.12,274.775,-24.458,7.588,-4.293,108.1,1329.4,18317,225262
BLG528.13,274.606,-24.458,7.516,-4.157,112.9,1388.6,19130,235294
BLG528.14,274.437,-24.458,7.443,-4.021,114.2,1394.5,19346,236239
BLG528.15,274.268,-24.458,7.371,-3.885,103.8,1333.5,17584,225914
BLG528.16,274.098,-24.458,7.298,-3.75,99.9,1328.0,16919,224912
BLG528.17,275.452,-24.159,8.142,-4.7,102.7,1243.9,17414,210921
BLG528.18,275.283,-24.159,8.07,-4.563,108.1,1281.8,18325,217298
BLG528.19,275.114,-24.159,7.998,-4.426,116.0,1355.4,19660,229722
BLG528.20,274.945,-24.159,7.926,-4.29,130.9,1449.8,22185,245713
BLG528.21,274.775,-24.159,7.853,-4.153,136.9,1493.8,23191,253053
BLG528.22,274.606,-24.159,7.781,-4.017,132.5,1506.1,22446,255145
BLG528.23,274.437,-24.159,7.708,-3.881,125.0,1473.6,21171,249580
BLG528.24,274.268,-24.159,7.635,-3.744,108.0,1257.9,18287,212998
BLG528.25,274.098,-24.159,7.562,-3.608,105.4,1324.4,17851,224319
BLG528.26,275.291,-23.837,8.359,-4.42,113.1,1277.2,19182,216619
BLG528.27,275.122,-23.837,8.287,-4.283,124.2,1328.2,21059,225207
BLG528.28,274.953,-23.837,8.214,-4.146,131.5,1443.9,22287,244722
BLG528.29,274.783,-23.837,8.141,-4.009,117.9,1404.9,19977,238056
BLG528.30,274.614,-23.837,8.068,-3.872,116.2,1374.8,19685,232902
BLG528.31,274.445,-23.837,7.996,-3.736,122.8,1475.1,20803,249885
BLG528.32,274.276,-23.837,7.922,-3.599,121.6,1455.5,20600,246581
BLG529.01,275.309,-26.01,6.435,-5.443,99.7,1237.6,16728,207660
BLG529.02,275.138,-26.01,6.364,-5.307,109.8,1294.6,18423,217224
BLG529.03,274.967,-26.01,6.292,-5.171,115.3,1341.6,19351,225164
BLG529.04,274.796,-26.01,6.22,-5.035,120.4,1413.8,20192,237114
BLG529.05,274.625,-26.01,6.148,-4.899,132.3,1537.6,22188,257877
BLG529.06,274.454,-26.01,6.076,-4.763,132.0,1535.8,22127,257455
BLG529.07,274.283,-26.01,6.004,-4.628,150.0,1675.0,25133,280657
BLG529.08,275.472,-25.688,6.79,-5.424,93.4,1189.6,15675,199652
BLG529.09,275.301,-25.688,6.718,-5.288,106.2,1234.8,17815,207142
BLG529.10,275.13,-25.688,6.646,-5.151,119.1,1317.4,19984,221050
BLG529.11,274.959,-25.688,6.574,-5.015,124.1,1417.0,20803,237538
BLG529.12,274.788,-25.688,6.502,-4.879,136.6,1517.0,22898,254302
BLG529.13,274.617,-25.688,6.43,-4.742,142.1,1544.0,23820,258828
BLG529.14,274.446,-25.688,6.358,-4.606,133.1,1561.1,22317,261757
BLG529.15,274.275,-25.688,6.285,-4.47,133.0,1583.6,22290,265405
BLG529.16,274.104,-25.688,6.212,-4.334,140.0,1688.1,23463,282918
BLG529.17,275.472,-25.389,7.056,-5.286,100.1,1227.6,16796,205982
BLG529.18,275.301,-25.389,6.984,-5.149,125.5,1332.8,21048,223529
BLG529.19,275.13,-25.389,6.912,-5.012,128.9,1415.4,21608,237270
BLG529.20,274.959,-25.389,6.84,-4.876,143.3,1516.4,24022,254201
BLG529.21,274.788,-25.389,6.768,-4.739,139.6,1563.6,23412,262237
BLG529.22,274.617,-25.389,6.695,-4.602,129.7,1524.3,21742,255526
BLG529.23,274.446,-25.389,6.623,-4.466,129.4,1558.2,21691,261208
BLG529.24,274.275,-25.389,6.55,-4.33,132.5,1558.8,22216,261371
BLG529.25,274.104,-25.389,6.477,-4.193,141.7,1669.8,23759,279983
BLG529.26,275.309,-25.068,7.273,-5.006,117.0,1286.5,19627,215815
BLG529.27,275.138,-25.068,7.201,-4.869,121.8,1365.9,20432,229135
BLG529.28,274.967,-25.068,7.129,-4.732,133.4,1453.8,22367,243765
BLG529.29,274.796,-25.068,7.056,-4.595,128.2,1453.1,21500,243705
BLG529.30,274.625,-25.068,6.983,-4.458,121.6,1445.9,20389,242441
BLG529.31,274.454,-25.068,6.911,-4.322,123.1,1502.7,20655,252142
BLG529.32,274.283,-25.068,6.838,-4.185,113.6,1471.1,19043,246607
BLG530.01,275.327,-27.24,5.346,-6.026,95.9,1154.3,15834,190592
BLG530.02,275.154,-27.24,5.275,-5.89,101.8,1223.7,16812,202098
BLG530.03,274.981,-27.24,5.203,-5.754,114.5,1278.4,18910,211132
BLG530.04,274.808,-27.24,5.132,-5.618,105.3,1290.3,17390,213098
BLG530.05,274.636,-27.24,5.06,-5.482,124.6,1438.2,20578,237524
BLG530.06,274.463,-27.24,4.988,-5.346,143.8,1554.3,23760,256821
BLG530.07,274.29,-27.24,4.916,-5.21,152.1,1614.2,25131,266719
BLG530.08,275.491,-26.919,5.701,-6.008,99.8,1175.5,16474,194045
BLG530.09,275.319,-26.919,5.629,-5.871,97.6,1163.0,16111,191982
BLG530.10,275.146,-26.919,5.558,-5.735,104.2,1232.9,17200,203520
BLG530.11,274.973,-26.919,5.486,-5.598,112.7,1307.3,18608,215854
BLG530.12,274.8,-26.919,5.414,-5.462,123.0,1434.8,20313,236962
BLG530.13,274.628,-26.919,5.342,-5.326,125.5,1501.4,20731,248020
BLG530.14,274.455,-26.919,5.27,-5.189,151.2,1577.7,24971,260563
BLG530.15,274.282,-26.919,5.198,-5.053,138.9,1607.6,22939,265501
BLG530.16,274.109,-26.919,5.125,-4.917,139.4,1658.9,23022,273973
BLG530.17,275.491,-26.62,5.968,-5.87,89.3,1130.8,14744,186712
BLG530.18,275.319,-26.62,5.896,-5.733,92.7,1146.0,15302,189175
BLG530.19,275.146,-26.62,5.824,-5.596,104.4,1229.9,17233,203025
BLG530.20,274.973,-26.62,5.752,-5.459,119.5,1345.3,19726,222075
BLG530.21,274.8,-26.62,5.68,-5.323,109.6,1346.4,18096,222310
BLG530.22,274.628,-26.62,5.608,-5.186,115.9,1440.0,19136,237765
BLG530.23,274.455,-26.62,5.535,-5.05,137.9,1586.3,22769,261921
BLG530.24,274.282,-26.62,5.463,-4.913,146.7,1659.1,24222,273942
BLG530.25,274.109,-26.62,5.39,-4.777,144.5,1675.1,23864,276649
BLG530.26,275.327,-26.298,6.186,-5.591,96.6,1188.7,15950,196272
BLG530.27,275.154,-26.298,6.114,-5.454,106.0,1260.4,17502,208110
BLG530.28,274.981,-26.298,6.042,-5.316,118.6,1364.8,19587,225402
BLG530.29,274.808,-26.298,5.969,-5.179,129.9,1460.7,21448,241183
BLG530.30,274.636,-26.298,5.897,-5.042,119.5,1440.1,19731,237782
BLG530.31,274.463,-26.298,5.824,-4.906,130.0,1541.8,21464,254574
BLG530.32,274.29,-26.298,5.751,-4.769,138.5,1600.2,22862,264153
BLG531.01,275.382,-28.471,4.27,-6.636,81.8,1004.4,13406,164614
BLG531.02,275.208,-28.471,4.199,-6.5,87.1,1027.2,14275,168350
BLG531.03,275.033,-28.471,4.128,-6.364,94.2,1104.0,15438,180937
BLG531.04,274.858,-28.471,4.056,-6.227,101.4,1169.5,16614,191627
BLG531.05,274.684,-28.471,3.985,-6.091,105.8,1233.5,17335,202113
BLG531.06,274.509,-28.471,3.913,-5.955,137.4,1430.4,22513,234376
BLG531.07,274.334,-28.471,3.841,-5.819,166.0,1531.9,27193,250948
BLG531.08,275.549,-28.15,4.625,-6.619,81.4,1003.0,13344,164424
BLG531.09,275.374,-28.15,4.554,-6.482,88.2,1024.0,14455,167826
BLG531.10,275.2,-28.15,4.482,-6.346,104.3,1142.4,17089,187186
BLG531.11,275.025,-28.15,4.411,-6.209,104.3,1190.0,17094,195032
BLG531.12,274.85,-28.15,4.339,-6.072,108.9,1235.2,17839,202344
BLG531.13,274.676,-28.15,4.268,-5.936,117.1,1330.5,19182,217955
BLG531.14,274.501,-28.15,4.196,-5.8,134.3,1457.2,22005,238768
BLG531.15,274.326,-28.15,4.123,-5.663,162.7,1598.7,26646,261827
BLG531.16,274.151,-28.15,4.051,-5.527,180.3,1736.1,29528,284329
BLG531.17,275.549,-27.85,4.893,-6.482,81.0,1003.5,13278,164506
BLG531.18,275.374,-27.85,4.821,-6.345,99.6,1096.3,16323,179675
BLG531.19,275.2,-27.85,4.75,-6.208,107.1,1193.9,17548,195625
BLG531.20,275.025,-27.85,4.678,-6.071,122.2,1279.3,20027,209668
BLG531.21,274.85,-27.85,4.606,-5.934,120.6,1337.1,19756,219037
BLG531.22,274.676,-27.85,4.534,-5.797,128.8,1411.1,21099,231159
BLG531.23,274.501,-27.85,4.462,-5.66,144.0,1518.0,23583,248610
BLG531.24,274.326,-27.85,4.389,-5.524,155.7,1599.1,25493,261830
BLG531.25,274.151,-27.85,4.317,-5.387,186.9,1786.5,30602,292514
BLG531.26,275.382,-27.529,5.111,-6.203,89.5,1092.0,14672,179014
BLG531.27,275.208,-27.529,5.04,-6.066,104.3,1195.3,17094,195901
BLG531.28,275.033,-27.529,4.968,-5.928,115.9,1293.7,18990,211977
BLG531.29,274.858,-27.529,4.895,-5.791,114.9,1328.8,18826,217729
BLG531.30,274.684,-27.529,4.823,-5.654,129.5,1424.5,21214,233354
BLG531.31,274.509,-27.529,4.751,-5.517,131.7,1479.6,21569,242321
BLG531.32,274.334,-27.529,4.678,-5.38,145.6,1548.9,23834,253550
BLG532.01,275.43,-29.702,3.187,-7.237,72.9,785.7,11808,127270
BLG532.02,275.253,-29.702,3.116,-7.1,98.8,898.0,16491,149881
BLG532.03,275.077,-29.702,3.045,-6.964,88.4,943.5,14755,157492
BLG532.04,274.9,-29.702,2.974,-6.828,96.8,1002.0,16157,167248
BLG532.05,274.723,-29.702,2.903,-6.691,110.7,1091.2,18477,182129
BLG532.06,274.547,-29.702,2.832,-6.555,121.0,1166.3,20196,194672
BLG532.07,274.37,-29.702,2.76,-6.419,131.2,1229.3,21899,205188
BLG532.08,275.599,-29.38,3.543,-7.221,79.8,865.8,13322,144547
BLG532.09,275.422,-29.38,3.472,-7.084,85.2,903.1,14217,150704
BLG532.10,275.245,-29.38,3.401,-6.947,92.8,942.0,15486,157196
BLG532.11,275.069,-29.38,3.33,-6.81,100.4,1007.2,16754,168068
BLG532.12,274.892,-29.38,3.258,-6.673,109.4,1090.2,18256,181918
BLG532.13,274.715,-29.38,3.187,-6.537,120.5,1181.0,20108,197071
BLG532.14,274.538,-29.38,3.115,-6.4,132.8,1276.2,22161,212974
BLG532.15,274.362,-29.38,3.043,-6.264,139.8,1378.0,23329,229953
BLG532.16,274.185,-29.38,2.971,-6.127,146.3,1453.4,24419,242594
BLG532.17,275.599,-29.081,3.811,-7.084,85.6,910.7,14287,152008
BLG532.18,275.422,-29.081,3.74,-6.947,94.4,961.2,15760,160483
BLG532.19,275.245,-29.081,3.669,-6.81,104.0,1019.9,17359,170227
BLG532.20,275.069,-29.081,3.597,-6.672,112.4,1086.3,18761,181327
BLG532.21,274.892,-29.081,3.525,-6.535,117.3,1196.0,19583,199667
BLG532.22,274.715,-29.081,3.454,-6.398,127.0,1266.0,21203,211362
BLG532.23,274.538,-29.081,3.382,-6.261,131.4,1338.8,21937,223516
BLG532.24,274.362,-29.081,3.309,-6.125,137.1,1413.8,22889,236046
BLG532.25,274.185,-29.081,3.237,-5.988,139.2,1454.2,23239,242783
BLG532.26,275.43,-28.76,4.031,-6.806,84.1,939.2,14044,156838
BLG532.27,275.253,-28.76,3.959,-6.668,93.1,1006.8,15539,168040
BLG532.28,275.077,-28.76,3.888,-6.531,106.3,1122.2,17742,187302
BLG532.29,274.9,-28.76,3.816,-6.393,110.6,1195.2,18465,199542
BLG532.30,274.723,-28.76,3.744,-6.256,114.1,1253.8,19049,209325
BLG532.31,274.547,-28.76,3.671,-6.119,125.4,1329.8,20945,222117
BLG532.32,274.37,-28.76,3.599,-5.981,141.3,1362.3,23601,227554
BLG533.01,268.521,-27.856,1.883,-1.042,52.2,494.4,8185,77526
BLG533.02,268.347,-27.856,1.805,-0.91,37.4,301.3,5866,47258
BLG533.03,268.174,-27.856,1.727,-0.778,50.0,382.9,7844,60064
BLG533.04,268.0,-27.856,1.649,-0.646,51.0,331.9,8008,52129
BLG533.05,267.826,-27.856,1.571,-0.513,46.5,329.2,7304,51709
BLG533.06,267.653,-27.856,1.492,-0.382,41.0,287.5,6441,45170
BLG533.07,267.479,-27.856,1.413,-0.25,32.3,221.9,5079,34905
BLG533.08,268.687,-27.534,2.235,-1.006,57.5,495.0,9021,77659
BLG533.09,268.513,-27.534,2.157,-0.873,42.2,316.4,6625,49667
BLG533.10,268.339,-27.534,2.079,-0.741,27.5,169.3,4319,26593
BLG533.11,268.166,-27.534,2.0,-0.608,26.4,157.9,4149,24820
BLG533.12,267.992,-27.534,1.922,-0.475,31.2,196.7,4905,30927
BLG533.13,267.818,-27.534,1.843,-0.343,30.0,216.4,4719,34049
BLG533.14,267.645,-27.534,1.764,-0.211,28.4,222.1,4470,34971
BLG533.15,267.471,-27.534,1.685,-0.078,29.0,178.3,4566,28082
BLG533.16,267.297,-27.534,1.606,0.054,28.8,180.8,4537,28482
BLG533.17,268.687,-27.235,2.493,-0.855,27.0,171.4,4244,26935
BLG533.18,268.513,-27.235,2.415,-0.722,26.1,163.1,4104,25642
BLG533.19,268.339,-27.235,2.336,-0.589,25.9,175.4,4074,27599
BLG533.20,268.166,-27.235,2.258,-0.456,17.6,144.6,2770,22763
BLG533.21,267.992,-27.235,2.179,-0.323,17.4,148.6,2740,23396
BLG533.22,267.818,-27.235,2.1,-0.19,19.3,124.6,3041,19633
BLG533.23,267.645,-27.235,2.021,-0.057,14.0,101.7,2206,16017
BLG533.24,267.471,-27.235,1.942,0.075,13.2,83.0,2082,13091
BLG533.25,267.297,-27.235,1.863,0.208,9.9,95.8,1561,15113
BLG533.26,268.521,-26.914,2.696,-0.565,16.1,98.8,2535,15553
BLG533.27,268.347,-26.914,2.617,-0.432,13.8,113.8,2175,17948
BLG533.28,268.174,-26.914,2.538,-0.299,15.5,133.9,2444,21122
BLG533.29,268.0,-26.914,2.459,-0.165,17.6,138.2,2776,21805
BLG533.30,267.826,-26.914,2.38,-0.032,13.4,112.8,2114,17796
BLG533.31,267.653,-26.914,2.301,0.101,12.8,102.0,2020,16107
BLG533.32,267.479,-26.914,2.222,0.234,10.5,75.8,1658,11981
BLG534.01,268.501,-31.542,-1.308,-2.891,143.3,2301.1,24336,390780
BLG534.02,268.321,-31.542,-1.385,-2.759,127.2,2067.3,21601,351083
BLG534.03,268.141,-31.542,-1.463,-2.627,115.6,1682.8,19636,285852
BLG534.04,267.961,-31.542,-1.541,-2.494,88.4,981.9,15016,166792
BLG534.05,267.781,-31.542,-1.62,-2.362,66.6,727.4,11315,123591
BLG534.08,268.673,-31.22,-0.956,-2.856,165.0,2433.5,28034,413471
BLG534.09,268.493,-31.22,-1.034,-2.723,154.8,2364.6,26295,401667
BLG534.10,268.313,-31.22,-1.112,-2.59,150.9,2343.3,25632,398049
BLG534.11,268.133,-31.22,-1.19,-2.457,149.4,2208.5,25378,375151
BLG534.12,267.953,-31.22,-1.268,-2.325,113.4,1436.1,19262,243937
BLG534.13,267.773,-31.22,-1.347,-2.192,101.9,1174.4,17309,199500
BLG534.14,267.593,-31.22,-1.425,-2.06,37.0,391.8,6285,66553
BLG534.15,267.413,-31.22,-1.504,-1.928,29.4,315.5,4996,53617
BLG534.17,268.673,-30.921,-0.697,-2.705,197.2,3239.3,33529,550765
BLG534.18,268.493,-30.921,-0.775,-2.572,182.5,2462.9,31022,418658
BLG534.19,268.313,-30.921,-0.853,-2.439,191.8,2613.8,32603,444309
BLG534.20,268.133,-30.921,-0.932,-2.305,196.4,2601.2,33385,442176
BLG534.21,267.953,-30.921,-1.01,-2.172,165.4,2248.0,28102,381953
BLG534.22,267.773,-30.921,-1.089,-2.039,141.5,1792.7,24041,304594
BLG534.23,267.593,-30.921,-1.168,-1.907,140.0,1531.1,23781,260074
BLG534.24,267.413,-30.921,-1.247,-1.774,100.7,894.7,17113,152049
BLG534.25,267.233,-30.921,-1.327,-1.642,66.9,638.2,11369,108458
BLG534.26,268.501,-30.6,-0.494,-2.416,191.4,2916.3,32550,495974
BLG534.27,268.321,-30.6,-0.572,-2.282,181.1,2322.0,30799,394895
BLG534.28,268.141,-30.6,-0.651,-2.148,184.1,2199.8,31301,374023
BLG534.29,267.961,-30.6,-0.73,-2.015,172.4,1953.4,29299,331976
BLG534.30,267.781,-30.6,-0.809,-1.882,167.4,1921.9,28455,326704
BLG534.31,267.601,-30.6,-0.888,-1.748,184.1,2133.9,31294,362733
BLG534.32,267.421,-30.6,-0.968,-1.615,140.6,1397.1,23894,237430
BLG535.01,268.481,-32.778,-2.386,-3.5,134.4,2178.2,21265,344637
BLG535.02,268.298,-32.778,-2.463,-3.367,126.9,2165.1,20078,342572
BLG535.03,268.116,-32.778,-2.541,-3.235,140.5,2342.1,22230,370578
BLG535.04,267.933,-32.778,-2.619,-3.103,122.1,2092.2,19319,331046
BLG535.05,267.751,-32.778,-2.697,-2.971,111.5,1922.9,17642,304250
BLG535.06,267.568,-32.778,-2.776,-2.839,106.4,1789.4,16835,283127
BLG535.07,267.386,-32.778,-2.854,-2.707,85.0,946.5,13455,149832
BLG535.08,268.655,-32.457,-2.034,-3.464,137.9,2180.6,21813,344934
BLG535.09,268.472,-32.457,-2.111,-3.331,148.9,2293.2,23548,362675
BLG535.10,268.29,-32.457,-2.189,-3.199,146.4,2258.1,23158,357194
BLG535.11,268.107,-32.457,-2.267,-3.066,146.0,2245.4,23095,355185
BLG535.12,267.925,-32.457,-2.345,-2.933,123.6,1972.9,19561,312239
BLG535.13,267.742,-32.457,-2.424,-2.801,87.6,1193.1,13863,188824
BLG535.14,267.56,-32.457,-2.503,-2.668,58.8,574.9,9305,90985
BLG535.15,267.377,-32.457,-2.582,-2.536,73.5,789.1,11635,124916
BLG535.16,267.195,-32.457,-2.661,-2.404,54.0,581.4,8548,92036
BLG535.17,268.655,-32.157,-1.775,-3.314,130.1,2127.2,20585,336578
BLG535.18,268.472,-32.157,-1.852,-3.181,124.6,2145.2,19714,339434
BLG535.19,268.29,-32.157,-1.931,-3.047,126.8,2212.8,20063,350114
BLG535.20,268.107,-32.157,-2.009,-2.914,132.4,2165.4,20949,342630
BLG535.21,267.925,-32.157,-2.088,-2.781,122.2,2035.6,19335,322084
BLG535.22,267.742,-32.157,-2.166,-2.648,80.6,902.2,12756,142785
BLG535.23,267.56,-32.157,-2.245,-2.515,36.1,400.5,5713,63384
BLG535.24,267.377,-32.157,-2.325,-2.383,25.6,301.1,4053,47676
BLG535.26,268.481,-31.836,-1.571,-3.025,138.4,2239.8,21898,354394
BLG535.27,268.298,-31.836,-1.649,-2.891,139.6,2290.8,22088,362456
BLG535.28,268.116,-31.836,-1.728,-2.757,131.2,2155.2,20759,341016
BLG535.29,267.933,-31.836,-1.807,-2.624,96.2,1320.2,15221,208897
BLG536.01,269.951,-37.085,-5.541,-6.682,64.5,796.5,10896,134552
BLG536.02,269.759,-37.085,-5.616,-6.548,56.6,747.0,9557,126139
BLG536.03,269.567,-37.085,-5.692,-6.414,67.6,842.5,11417,142298
BLG536.04,269.375,-37.085,-5.768,-6.281,66.4,824.3,11209,139159
BLG536.05,269.183,-37.085,-5.843,-6.147,69.4,885.6,11716,149516
BLG536.06,268.991,-37.085,-5.92,-6.014,70.1,903.6,11831,152518
BLG536.07,268.799,-37.085,-5.996,-5.881,68.4,912.8,11544,154063
BLG536.08,270.135,-36.763,-5.187,-6.654,63.9,831.0,10792,140364
BLG536.09,269.943,-36.763,-5.262,-6.519,68.5,851.5,11558,143675
BLG536.10,269.75,-36.763,-5.338,-6.385,72.0,887.5,12149,149766
BLG536.11,269.558,-36.763,-5.414,-6.251,75.0,925.2,12658,156164
BLG536.12,269.366,-36.763,-5.49,-6.116,77.3,978.8,13040,165125
BLG536.13,269.174,-36.763,-5.566,-5.983,75.3,992.8,12703,167487
BLG536.14,268.982,-36.763,-5.643,-5.849,70.7,963.0,11927,162468
BLG536.15,268.79,-36.763,-5.719,-5.715,74.7,1008.0,12605,170083
BLG536.16,268.597,-36.763,-5.796,-5.582,79.4,1103.3,13398,186173
BLG536.17,270.135,-36.464,-4.923,-6.508,76.4,934.2,12897,157704
BLG536.18,269.943,-36.464,-4.999,-6.373,73.9,938.0,12464,158205
BLG536.19,269.75,-36.464,-5.075,-6.238,73.8,951.1,12447,160415
BLG536.20,269.558,-36.464,-5.151,-6.104,79.7,1031.2,13439,173892
BLG536.21,269.366,-36.464,-5.228,-5.969,81.1,1029.3,13672,173522
BLG536.22,269.174,-36.464,-5.305,-5.835,65.6,988.5,11059,166635
BLG536.23,268.982,-36.464,-5.381,-5.7,61.8,939.9,10420,158488
BLG536.24,268.79,-36.464,-5.459,-5.566,70.4,1045.8,11873,176378
BLG536.25,268.597,-36.464,-5.536,-5.432,85.2,1181.4,14376,199360
BLG536.26,269.951,-36.143,-4.713,-6.223,80.6,1010.5,13591,170393
BLG536.27,269.759,-36.143,-4.79,-6.087,78.8,1032.9,13287,174170
BLG536.28,269.567,-36.143,-4.866,-5.952,80.1,1063.0,13506,179254
BLG536.29,269.375,-36.143,-4.943,-5.817,76.9,1060.2,12961,178681
BLG536.30,269.183,-36.143,-5.02,-5.682,72.3,1056.7,12185,178100
BLG536.31,268.991,-36.143,-5.097,-5.547,68.5,1080.1,11553,182171
BLG536.32,268.799,-36.143,-5.175,-5.413,73.0,1059.4,12315,178722
BLG539.01,271.447,-36.47,-4.417,-7.436,61.0,664.3,9971,108586
BLG539.02,271.256,-36.47,-4.49,-7.301,58.9,656.7,9630,107370
BLG539.03,271.066,-36.47,-4.564,-7.166,61.0,676.8,9971,110621
BLG539.04,270.875,-36.47,-4.638,-7.032,57.8,688.2,9450,112520
BLG539.05,270.684,-36.47,-4.713,-6.897,61.7,756.2,10083,123588
BLG539.06,270.494,-36.47,-4.787,-6.763,68.0,799.4,10874,127837
BLG539.07,270.303,-36.47,-4.862,-6.629,68.3,850.0,10922,135921
BLG539.08,271.629,-36.148,-4.061,-7.412,69.8,741.5,11403,121147
BLG539.09,271.438,-36.148,-4.135,-7.277,65.6,728.5,10720,119052
BLG539.10,271.247,-36.148,-4.209,-7.141,67.2,744.5,10981,121666
BLG539.11,271.057,-36.148,-4.283,-7.006,72.1,797.8,11785,130408
BLG539.12,270.866,-36.148,-4.358,-6.871,73.3,837.0,11981,136816
BLG539.13,270.675,-36.148,-4.432,-6.736,71.5,838.6,11681,137012
BLG539.14,270.485,-36.148,-4.507,-6.601,76.2,897.2,12449,146595
BLG539.15,270.294,-36.148,-4.582,-6.467,72.9,899.3,11652,143744
BLG539.16,270.104,-36.148,-4.658,-6.332,79.2,993.7,12659,158825
BLG539.17,271.629,-35.849,-3.796,-7.27,69.3,776.2,11319,126794
BLG539.18,271.438,-35.849,-3.87,-7.134,72.9,785.6,11913,128391
BLG539.19,271.247,-35.849,-3.944,-6.998,80.9,856.2,13217,139886
BLG539.20,271.057,-35.849,-4.019,-6.863,79.0,890.0,12910,145444
BLG539.21,270.866,-35.849,-4.094,-6.727,82.4,927.5,13465,151581
BLG539.22,270.675,-35.849,-4.169,-6.592,80.8,956.5,13207,156349
BLG539.23,270.485,-35.849,-4.244,-6.457,80.7,989.0,13185,161577
BLG539.24,270.294,-35.849,-4.319,-6.322,78.1,1004.0,12763,164076
BLG539.25,270.104,-35.849,-4.395,-6.187,87.6,1163.3,14315,190118
BLG539.26,271.447,-35.528,-3.582,-6.987,71.3,843.0,11649,137722
BLG539.27,271.256,-35.528,-3.657,-6.851,80.9,904.5,13220,147822
BLG539.28,271.066,-35.528,-3.731,-6.715,81.0,927.5,13237,151564
BLG539.29,270.875,-35.528,-3.807,-6.579,81.2,954.5,13269,155993
BLG539.30,270.684,-35.528,-3.882,-6.443,84.6,1051.6,13828,171894
BLG539.31,270.494,-35.528,-3.957,-6.307,81.0,1053.0,13234,172050
BLG539.32,270.303,-35.528,-4.033,-6.172,83.4,1108.2,13629,181105
BLG543.01,273.947,-22.933,8.577,-2.906,97.6,1309.0,16050,215272
BLG543.02,273.78,-22.933,8.504,-2.77,78.7,1105.6,12942,181822
BLG543.03,273.613,-22.933,8.431,-2.635,73.9,1031.6,12153,169652
BLG543.04,273.446,-22.933,8.357,-2.5,62.6,850.0,10297,139820
BLG543.05,273.279,-22.933,8.284,-2.365,64.8,868.8,10651,142810
BLG543.06,273.112,-22.933,8.21,-2.23,41.1,457.5,6755,75202
BLG543.07,272.945,-22.933,8.137,-2.095,43.4,458.4,7135,75368
BLG543.08,274.106,-22.612,8.93,-2.882,88.8,1237.2,14607,203513
BLG543.09,273.939,-22.612,8.857,-2.747,80.6,1104.8,13258,181734
BLG543.10,273.772,-22.612,8.784,-2.611,71.0,967.1,11679,159083
BLG543.11,273.605,-22.612,8.71,-2.476,77.8,1046.5,12791,172062
BLG543.12,273.438,-22.612,8.637,-2.34,87.7,1117.7,14419,183768
BLG543.13,273.271,-22.612,8.563,-2.205,93.3,1101.4,15340,181088
BLG543.14,273.104,-22.612,8.489,-2.07,74.3,816.7,12210,134214
BLG543.15,272.937,-22.612,8.415,-1.934,54.9,578.5,9024,95092
BLG543.16,272.77,-22.612,8.341,-1.799,68.8,707.1,11309,116230
BLG543.17,274.106,-22.313,9.194,-2.741,72.9,1044.5,11997,171896
BLG543.18,273.939,-22.313,9.12,-2.605,90.2,1180.6,14840,194248
BLG543.19,273.772,-22.313,9.047,-2.469,90.0,1146.9,14801,188614
BLG543.20,273.605,-22.313,8.973,-2.333,85.4,1056.4,14044,173731
BLG543.21,273.438,-22.313,8.9,-2.197,73.8,834.3,12133,137173
BLG543.22,273.271,-22.313,8.826,-2.062,87.4,1029.3,14370,169234
BLG543.23,273.104,-22.313,8.752,-1.926,84.9,925.3,13955,152098
BLG543.24,272.937,-22.313,8.678,-1.791,72.9,651.3,11980,107033
BLG543.25,272.77,-22.313,8.603,-1.655,53.8,417.0,8843,68545
BLG543.26,273.947,-21.992,9.407,-2.459,93.7,1195.8,15420,196796
BLG543.27,273.78,-21.992,9.333,-2.322,75.9,952.3,12491,156722
BLG543.28,273.613,-21.992,9.26,-2.186,70.7,827.7,11635,136217
BLG543.29,273.446,-21.992,9.186,-2.05,74.2,819.8,12205,134853
BLG543.30,273.279,-21.992,9.112,-1.914,74.0,811.1,12166,133358
BLG543.31,273.112,-21.992,9.038,-1.778,75.6,776.7,12432,127732
BLG543.32,272.945,-21.992,8.963,-1.643,60.7,515.1,9975,84650
BLG544.01,273.951,-24.164,7.494,-3.492,111.4,1432.1,18101,232707
BLG544.02,273.783,-24.164,7.421,-3.357,95.7,1332.4,15550,216515
BLG544.03,273.614,-24.164,7.348,-3.222,75.5,1140.7,12271,185393
BLG544.04,273.446,-24.164,7.274,-3.087,64.1,962.8,10418,156486
BLG544.05,273.277,-24.164,7.201,-2.951,65.0,1066.4,10567,173366
BLG544.06,273.109,-24.164,7.127,-2.816,62.7,969.4,10190,157551
BLG544.07,272.941,-24.164,7.054,-2.682,53.8,692.1,8746,112516
BLG544.08,274.112,-23.843,7.847,-3.47,119.7,1522.9,19464,247637
BLG544.09,273.943,-23.843,7.774,-3.334,114.9,1491.8,18688,242646
BLG544.10,273.775,-23.843,7.701,-3.198,97.2,1341.7,15809,218216
BLG544.11,273.606,-23.843,7.627,-3.063,90.5,1347.8,14719,219225
BLG544.12,273.438,-23.843,7.554,-2.927,73.1,1134.2,11889,184483
BLG544.13,273.27,-23.843,7.48,-2.792,61.3,899.3,9970,146277
BLG544.14,273.101,-23.843,7.407,-2.656,62.0,937.9,10086,152584
BLG544.15,272.933,-23.843,7.333,-2.521,55.1,546.0,8966,88848
BLG544.16,272.764,-23.843,7.259,-2.386,30.8,307.8,5010,50075
BLG544.17,274.112,-23.543,8.111,-3.328,128.1,1565.1,20849,254738
BLG544.18,273.943,-23.543,8.038,-3.192,117.2,1492.4,19080,242973
BLG544.19,273.775,-23.543,7.964,-3.056,111.0,1467.1,18071,238846
BLG544.20,273.606,-23.543,7.891,-2.92,101.3,1448.7,16487,235793
BLG544.21,273.438,-23.543,7.817,-2.785,82.0,1232.6,13343,200566
BLG544.22,273.27,-23.543,7.743,-2.649,75.5,1104.0,12291,179733
BLG544.23,273.101,-23.543,7.67,-2.513,57.2,822.1,9314,133879
BLG544.24,272.933,-23.543,7.595,-2.378,59.4,844.9,9670,137551
BLG544.25,272.764,-23.543,7.521,-2.242,49.6,662.4,8076,107865
BLG544.26,273.951,-23.222,8.325,-3.046,101.3,1376.2,16507,224268
BLG544.27,273.783,-23.222,8.251,-2.91,93.0,1322.2,15154,215460
BLG544.28,273.614,-23.222,8.177,-2.774,83.0,1208.4,13525,196924
BLG544.29,273.446,-23.222,8.103,-2.638,62.5,918.8,10179,149645
BLG544.30,273.277,-23.222,8.03,-2.502,61.8,850.1,10065,138463
BLG544.31,273.109,-23.222,7.955,-2.366,53.7,702.9,8748,114506
BLG544.32,272.941,-23.222,7.881,-2.23,52.3,645.2,8524,105164
BLG545.01,273.956,-25.395,6.409,-4.078,128.8,1624.5,21114,266317
BLG545.02,273.786,-25.395,6.336,-3.943,96.0,1413.0,15737,231637
BLG545.03,273.616,-25.395,6.263,-3.807,82.3,1195.5,13491,195981
BLG545.04,273.446,-25.395,6.19,-3.672,94.4,1359.8,15475,222916
BLG545.05,273.276,-25.395,6.117,-3.537,81.2,1213.4,13311,198916
BLG545.06,273.106,-25.395,6.044,-3.402,88.4,1343.5,14491,220243
BLG545.07,272.936,-25.395,5.97,-3.267,86.8,1417.4,14229,232358
BLG545.08,274.118,-25.073,6.763,-4.056,110.3,1473.5,18081,241555
BLG545.09,273.948,-25.073,6.69,-3.92,110.1,1474.6,18049,241735
BLG545.10,273.778,-25.073,6.617,-3.784,103.2,1463.6,16917,239932
BLG545.11,273.608,-25.073,6.543,-3.649,107.2,1516.2,17569,248486
BLG545.12,273.438,-25.073,6.47,-3.513,99.7,1484.5,16344,243358
BLG545.13,273.268,-25.073,6.397,-3.378,76.6,1131.8,12557,185539
BLG545.14,273.098,-25.073,6.323,-3.242,66.6,1016.8,10915,166646
BLG545.15,272.928,-25.073,6.249,-3.107,79.8,1345.8,13081,220621
BLG545.16,272.758,-25.073,6.175,-2.972,82.9,1364.2,13586,223574
BLG545.17,274.118,-24.774,7.027,-3.915,91.9,1220.8,15065,200129
BLG545.18,273.948,-24.774,6.954,-3.779,86.0,1181.2,14098,193637
BLG545.19,273.778,-24.774,6.881,-3.642,91.7,1348.6,15032,221080
BLG545.20,273.608,-24.774,6.807,-3.507,93.6,1397.4,15344,229079
BLG545.21,273.438,-24.774,6.734,-3.371,80.8,1290.6,13245,211563
BLG545.22,273.268,-24.774,6.66,-3.235,69.3,1065.3,11357,174595
BLG545.23,273.098,-24.774,6.586,-3.099,57.0,882.2,9344,144621
BLG545.24,272.928,-24.774,6.512,-2.964,52.6,737.7,8620,120903
BLG545.25,272.758,-24.774,6.438,-2.828,48.0,625.0,7868,102458
BLG545.26,273.956,-24.453,7.241,-3.633,94.4,1329.8,15478,218049
BLG545.27,273.786,-24.453,7.168,-3.496,92.9,1338.8,15232,219533
BLG545.28,273.616,-24.453,7.094,-3.36,82.4,1158.1,13511,189895
BLG545.29,273.446,-24.453,7.02,-3.224,72.2,1109.6,11835,181900
BLG545.30,273.276,-24.453,6.946,-3.088,78.1,1167.7,12803,191424
BLG545.31,273.106,-24.453,6.872,-2.952,62.9,956.3,10311,156769
BLG545.32,272.936,-24.453,6.798,-2.816,52.5,836.2,8606,137072
BLG546.01,274.21,-32.778,-0.053,-7.72,61.5,635.0,10765,111149
BLG546.02,274.027,-32.778,-0.124,-7.584,63.8,647.4,11168,113328
BLG546.03,273.845,-32.778,-0.196,-7.448,66.3,684.0,11608,119763
BLG546.04,273.663,-32.778,-0.267,-7.312,68.8,711.4,12046,124552
BLG546.05,273.48,-32.778,-0.339,-7.176,68.4,736.9,11984,129115
BLG546.06,273.298,-32.778,-0.411,-7.04,73.1,780.7,12811,136812
BLG546.07,273.115,-32.778,-0.484,-6.904,74.9,834.5,13126,146258
BLG546.08,274.384,-32.457,0.303,-7.702,57.5,635.7,10074,111383
BLG546.09,274.201,-32.457,0.232,-7.565,62.4,648.7,10930,113634
BLG546.10,274.019,-32.457,0.16,-7.429,66.1,698.4,11578,122332
BLG546.11,273.836,-32.457,0.088,-7.292,74.8,743.8,13099,130255
BLG546.12,273.654,-32.457,0.016,-7.156,75.2,780.0,13170,136612
BLG546.13,273.472,-32.457,-0.056,-7.02,72.4,787.4,12682,137931
BLG546.14,273.289,-32.457,-0.128,-6.884,64.1,767.8,11226,134467
BLG546.15,273.107,-32.457,-0.201,-6.747,67.0,827.4,11736,144938
BLG546.16,272.924,-32.457,-0.274,-6.612,70.5,876.5,12358,153645
BLG546.17,274.384,-32.157,0.571,-7.565,59.1,645.5,10364,113195
BLG546.18,274.201,-32.157,0.499,-7.428,65.3,699.2,11451,122613
BLG546.19,274.019,-32.157,0.428,-7.291,64.6,694.8,11323,121803
BLG546.20,273.836,-32.157,0.355,-7.154,67.9,735.6,11902,128946
BLG546.21,273.654,-32.157,0.283,-7.017,64.5,741.4,11301,129903
BLG546.22,273.472,-32.157,0.211,-6.88,60.0,758.7,10512,132926
BLG546.23,273.289,-32.157,0.138,-6.744,60.6,820.3,10613,143661
BLG546.24,273.107,-32.157,0.065,-6.607,68.8,846.0,12057,148273
BLG546.25,272.924,-32.157,-0.008,-6.471,84.2,1009.7,14756,176953
BLG546.26,274.21,-31.836,0.79,-7.286,71.5,723.5,12553,127021
BLG546.27,274.027,-31.836,0.718,-7.148,71.9,781.0,12618,137071
BLG546.28,273.845,-31.836,0.646,-7.011,58.7,717.4,10299,125863
BLG546.29,273.663,-31.836,0.573,-6.874,52.2,713.8,9156,125202
BLG546.30,273.48,-31.836,0.5,-6.736,65.4,805.5,11469,141264
BLG546.31,273.298,-31.836,0.427,-6.599,67.8,875.2,11887,153461
BLG546.32,273.115,-31.836,0.354,-6.463,70.8,886.1,12410,155336
BLG547.01,274.272,-34.008,-1.133,-8.33,53.7,566.6,8851,93397
BLG547.02,274.087,-34.008,-1.204,-8.194,55.8,566.8,9198,93430
BLG547.03,273.902,-34.008,-1.275,-8.057,58.5,603.8,9643,99529
BLG547.04,273.717,-34.008,-1.347,-7.921,57.6,614.7,9494,101326
BLG547.05,273.532,-34.008,-1.418,-7.785,59.2,637.6,9758,105101
BLG547.06,273.347,-34.008,-1.49,-7.649,62.2,671.1,10252,110623
BLG547.07,273.162,-34.008,-1.562,-7.514,64.9,729.4,10698,120233
BLG547.08,274.448,-33.687,-0.777,-8.314,53.5,564.3,8818,93018
BLG547.09,274.263,-33.687,-0.848,-8.177,56.0,577.5,9228,95171
BLG547.10,274.078,-33.687,-0.919,-8.04,59.9,616.2,9871,101549
BLG547.11,273.893,-33.687,-0.991,-7.903,61.7,648.6,10168,106888
BLG547.12,273.708,-33.687,-1.062,-7.766,64.5,681.0,10629,112228
BLG547.13,273.523,-33.687,-1.134,-7.63,61.4,695.3,10118,114584
BLG547.14,273.338,-33.687,-1.206,-7.494,66.7,728.1,10992,119990
BLG547.15,273.153,-33.687,-1.279,-7.357,70.2,779.5,11568,128460
BLG547.16,272.968,-33.687,-1.351,-7.221,74.2,879.8,12228,144990
BLG547.17,274.448,-33.388,-0.508,-8.177,53.0,587.7,8738,96898
BLG547.18,274.263,-33.388,-0.579,-8.04,55.9,606.4,9212,99934
BLG547.19,274.078,-33.388,-0.651,-7.902,60.1,644.9,9904,106278
BLG547.20,273.893,-33.388,-0.723,-7.765,62.0,672.6,10217,110843
BLG547.21,273.708,-33.388,-0.795,-7.628,63.5,701.9,10467,115700
BLG547.22,273.523,-33.388,-0.867,-7.491,66.0,741.6,10876,122214
BLG547.23,273.338,-33.388,-0.939,-7.354,72.4,810.2,11931,133520
BLG547.24,273.153,-33.388,-1.012,-7.218,72.5,847.7,11947,139700
BLG547.25,272.968,-33.388,-1.085,-7.081,80.3,925.2,13233,152472
BLG547.26,274.272,-33.067,-0.288,-7.899,56.3,629.5,9282,103790
BLG547.27,274.087,-33.067,-0.359,-7.761,57.7,648.2,9511,106848
BLG547.28,273.902,-33.067,-0.432,-7.623,61.9,694.5,10203,114480
BLG547.29,273.717,-33.067,-0.504,-7.486,66.6,747.7,10975,123220
BLG547.30,273.532,-33.067,-0.577,-7.348,66.9,772.3,11025,127274
BLG547.31,273.347,-33.067,-0.649,-7.211,73.2,835.9,12063,137755
BLG547.32,273.162,-33.067,-0.722,-7.074,73.1,865.8,12041,142615
BLG566.01,279.234,-24.164,9.713,-7.777,46.5,508.3,7646,83587
BLG566.02,279.066,-24.164,9.644,-7.639,53.9,546.0,8863,89786
BLG566.03,278.898,-24.164,9.575,-7.502,51.3,536.1,8434,88138
BLG566.04,278.729,-24.164,9.506,-7.364,48.0,522.0,7893,85840
BLG566.05,278.561,-24.164,9.437,-7.226,54.7,573.4,8990,94247
BLG566.06,278.392,-24.164,9.368,-7.089,63.1,591.2,10371,97173
BLG566.07,278.224,-24.164,9.298,-6.952,54.6,584.0,8974,95989
BLG566.10,279.058,-23.843,9.931,-7.49,223.5,1061.6,36744,174533
BLG566.11,278.89,-23.843,9.862,-7.352,63.6,631.8,10456,103871
BLG566.12,278.721,-23.843,9.793,-7.214,53.9,557.7,8859,91666
BLG566.13,278.553,-23.843,9.723,-7.076,54.1,552.6,8890,90807
BLG566.14,278.384,-23.843,9.654,-6.939,61.4,594.3,10089,97659
BLG566.15,278.216,-23.843,9.584,-6.801,61.5,625.8,10103,102810
BLG566.16,278.048,-23.843,9.515,-6.663,61.7,640.1,10134,105135
BLG566.22,278.553,-23.543,9.993,-6.942,53.2,570.4,8742,93732
BLG566.23,278.384,-23.543,9.923,-6.804,56.0,585.0,9200,96107
BLG566.24,278.216,-23.543,9.853,-6.666,58.2,626.0,9559,102819
BLG566.25,278.048,-23.543,9.783,-6.529,64.0,682.8,10509,112121
BLG573.01,272.769,-32.163,-0.075,-6.357,91.1,1105.9,14910,181008
BLG573.02,272.588,-32.163,-0.148,-6.222,90.5,1131.6,14801,185082
BLG573.03,272.406,-32.163,-0.221,-6.087,94.6,1169.4,15472,191264
BLG573.04,272.225,-32.163,-0.295,-5.952,88.9,1191.6,14540,194895
BLG573.05,272.044,-32.163,-0.368,-5.817,99.8,1325.2,16330,216858
BLG573.06,271.862,-32.163,-0.442,-5.682,104.7,1389.0,17140,227390
BLG573.07,271.681,-32.163,-0.516,-5.548,102.8,1401.8,16833,229548
BLG573.08,272.942,-31.841,0.279,-6.335,88.6,1086.5,14494,177748
BLG573.09,272.76,-31.841,0.206,-6.199,95.9,1119.8,15688,183195
BLG573.10,272.579,-31.841,0.133,-6.064,105.2,1286.0,17206,210327
BLG573.11,272.398,-31.841,0.06,-5.928,101.9,1306.7,16662,213662
BLG573.12,272.217,-31.841,-0.014,-5.793,98.3,1261.8,16073,206328
BLG573.13,272.035,-31.841,-0.088,-5.657,95.1,1302.3,15550,212958
BLG573.14,271.854,-31.841,-0.162,-5.522,103.3,1418.2,16887,231855
BLG573.15,271.673,-31.841,-0.236,-5.387,114.2,1505.5,18678,246228
BLG573.16,271.491,-31.841,-0.311,-5.252,122.9,1637.5,20106,267881
BLG573.17,272.942,-31.542,0.545,-6.194,96.2,1153.1,15738,188643
BLG573.18,272.76,-31.542,0.472,-6.058,102.2,1205.5,16715,197169
BLG573.19,272.579,-31.542,0.398,-5.922,100.8,1265.6,16486,206999
BLG573.20,272.398,-31.542,0.324,-5.786,108.3,1349.2,17709,220619
BLG573.21,272.217,-31.542,0.25,-5.65,106.9,1413.3,17480,231101
BLG573.22,272.035,-31.542,0.176,-5.514,104.9,1467.3,17149,239874
BLG573.23,271.854,-31.542,0.102,-5.379,103.9,1509.3,16985,246740
BLG573.24,271.673,-31.542,0.027,-5.243,118.8,1556.2,19416,254355
BLG573.25,271.491,-31.542,-0.047,-5.108,123.2,1740.1,20145,284539
BLG573.26,272.769,-31.221,0.76,-5.912,94.2,1229.8,15418,201295
BLG573.27,272.588,-31.221,0.686,-5.776,110.2,1349.0,18024,220639
BLG573.28,272.406,-31.221,0.612,-5.639,123.7,1518.8,20227,248352
BLG573.29,272.225,-31.221,0.538,-5.503,120.5,1568.8,19704,256536
BLG573.30,272.044,-31.221,0.463,-5.367,118.5,1588.6,19372,259696
BLG573.31,271.862,-31.221,0.389,-5.231,123.9,1635.1,20255,267306
BLG573.32,271.681,-31.221,0.314,-5.095,110.6,1596.5,18076,260925
BLG580.01,272.604,-26.01,5.286,-3.3,162.9,2109.1,26311,340659
BLG580.02,272.434,-26.01,5.212,-3.165,156.6,2211.8,25299,357333
BLG580.03,272.263,-26.01,5.138,-3.031,170.5,2109.8,27532,340686
BLG580.04,272.092,-26.01,5.063,-2.896,148.0,2083.9,23905,336585
BLG580.05,271.921,-26.01,4.989,-2.762,139.5,2006.3,22537,324145
BLG580.06,271.75,-26.01,4.914,-2.627,118.3,1884.7,19112,304495
BLG580.07,271.579,-26.01,4.84,-2.493,96.6,1557.8,15606,251673
BLG580.08,272.767,-25.688,5.639,-3.275,143.8,1948.2,23248,314961
BLG580.09,272.597,-25.688,5.565,-3.139,139.3,2026.9,22526,327774
BLG580.10,272.426,-25.688,5.491,-3.004,120.0,1808.2,19396,292260
BLG580.11,272.255,-25.688,5.416,-2.869,123.3,1751.6,19934,283180
BLG580.12,272.084,-25.688,5.342,-2.734,144.4,2015.5,23340,325787
BLG580.13,271.913,-25.688,5.267,-2.6,144.9,1987.6,23421,321269
BLG580.14,271.742,-25.688,5.192,-2.465,122.7,1811.7,19837,292908
BLG580.15,271.571,-25.688,5.117,-2.33,118.1,1699.5,19089,274703
BLG580.16,271.4,-25.688,5.042,-2.196,128.4,1671.9,20754,270242
BLG580.17,272.767,-25.389,5.902,-3.131,87.7,1292.6,14195,209226
BLG580.18,272.597,-25.389,5.827,-2.996,109.9,1712.8,17780,277102
BLG580.19,272.426,-25.389,5.753,-2.86,124.6,1819.1,20163,294379
BLG580.20,272.255,-25.389,5.679,-2.725,131.6,1912.0,21286,309267
BLG580.21,272.084,-25.389,5.604,-2.59,124.6,1851.8,20149,299460
BLG580.22,271.913,-25.389,5.529,-2.455,134.3,1847.9,21723,298903
BLG580.23,271.742,-25.389,5.454,-2.32,96.8,1236.8,15665,200152
BLG580.24,271.571,-25.389,5.379,-2.185,96.5,1188.0,15612,192208
BLG580.25,271.4,-25.389,5.303,-2.05,75.3,846.6,12185,137006
BLG580.26,272.604,-25.068,6.113,-2.847,90.0,1343.4,14581,217657
BLG580.27,272.434,-25.068,6.039,-2.712,92.4,1324.6,14967,214562
BLG580.28,272.263,-25.068,5.964,-2.576,98.8,1434.3,16003,232332
BLG580.29,272.092,-25.068,5.889,-2.441,89.5,1259.4,14490,203904
BLG580.30,271.921,-25.068,5.814,-2.305,114.0,1258.8,18461,203856
BLG580.31,271.75,-25.068,5.739,-2.17,88.3,863.4,14292,139756
BLG580.32,271.579,-25.068,5.663,-2.034,52.0,504.2,8419,81634
BLG588.01,272.81,-33.393,-1.152,-6.967,81.4,872.3,13574,145472
BLG588.02,272.626,-33.393,-1.225,-6.832,74.3,891.8,12387,148688
BLG588.03,272.442,-33.393,-1.298,-6.696,75.8,920.9,12638,153540
BLG588.04,272.258,-33.393,-1.371,-6.561,77.6,992.2,12938,165428
BLG588.05,272.075,-33.393,-1.444,-6.426,78.7,984.5,13121,164144
BLG588.06,271.891,-33.393,-1.517,-6.291,87.6,1056.9,14602,176174
BLG588.07,271.707,-33.393,-1.591,-6.156,93.3,1146.2,15552,191060
BLG588.08,272.985,-33.072,-0.797,-6.946,78.6,878.0,13108,146423
BLG588.09,272.801,-33.072,-0.87,-6.81,75.0,879.9,12504,146704
BLG588.10,272.617,-33.072,-0.943,-6.674,82.0,925.2,13668,154221
BLG588.11,272.434,-33.072,-1.016,-6.538,77.7,956.5,12951,159438
BLG588.12,272.25,-33.072,-1.089,-6.402,82.2,1004.5,13701,167440
BLG588.13,272.066,-33.072,-1.163,-6.267,85.0,1053.7,14168,175641
BLG588.14,271.882,-33.072,-1.237,-6.132,83.8,1078.4,13965,179716
BLG588.15,271.699,-33.072,-1.311,-5.996,87.7,1135.2,14615,189182
BLG588.16,271.515,-33.072,-1.385,-5.861,95.6,1250.2,15928,208297
BLG588.17,272.985,-32.773,-0.531,-6.805,72.7,864.6,12126,144222
BLG588.18,272.801,-32.773,-0.604,-6.669,77.6,933.8,12938,155691
BLG588.19,272.617,-32.773,-0.677,-6.533,78.2,962.5,13038,160476
BLG588.20,272.434,-32.773,-0.751,-6.396,82.0,991.2,13668,165223
BLG588.21,272.25,-32.773,-0.824,-6.26,72.8,987.6,12135,164623
BLG588.22,272.066,-32.773,-0.898,-6.125,72.3,1015.8,12051,169323
BLG588.23,271.882,-32.773,-0.972,-5.989,71.0,1024.9,11832,170800
BLG588.24,271.699,-32.773,-1.047,-5.853,67.0,1008.5,11162,168027
BLG588.25,271.515,-32.773,-1.121,-5.717,73.5,1194.2,12243,198920
BLG588.26,272.81,-32.451,-0.315,-6.524,65.6,892.0,10942,148792
BLG588.27,272.626,-32.451,-0.389,-6.387,65.6,924.6,10940,154194
BLG588.28,272.442,-32.451,-0.462,-6.251,79.5,1047.8,13254,174698
BLG588.29,272.258,-32.451,-0.536,-6.114,82.9,1095.5,13818,182608
BLG588.30,272.075,-32.451,-0.611,-5.978,84.5,1135.6,14082,189248
BLG588.31,271.891,-32.451,-0.685,-5.841,76.8,1116.3,12798,186032
BLG588.32,271.707,-32.451,-0.76,-5.705,75.6,1127.2,12595,187812
BLG597.01,272.859,-34.624,-2.229,-7.58,59.1,640.5,9501,102976
BLG597.02,272.673,-34.624,-2.301,-7.444,59.6,663.9,9581,106721
BLG597.03,272.486,-34.624,-2.374,-7.309,65.0,745.9,10452,119933
BLG597.04,272.3,-34.624,-2.446,-7.173,62.0,705.9,9976,113582
BLG597.05,272.114,-34.624,-2.519,-7.038,65.8,781.5,10588,125747
BLG597.06,271.927,-34.624,-2.593,-6.903,68.3,805.2,10993,129600
BLG597.07,271.741,-34.624,-2.666,-6.768,75.0,881.1,12071,141817
BLG597.08,273.037,-34.302,-1.873,-7.559,58.4,649.4,9388,104398
BLG597.09,272.85,-34.302,-1.945,-7.423,58.1,657.7,9342,105750
BLG597.10,272.664,-34.302,-2.018,-7.287,62.3,695.5,10017,111836
BLG597.11,272.478,-34.302,-2.091,-7.151,63.1,744.2,10151,119716
BLG597.12,272.291,-34.302,-2.164,-7.015,68.3,801.5,10993,128996
BLG597.13,272.105,-34.302,-2.238,-6.88,68.5,816.2,11028,131402
BLG597.14,271.919,-34.302,-2.311,-6.744,73.4,872.5,11816,140466
BLG597.15,271.732,-34.302,-2.385,-6.609,74.6,906.1,12012,145919
BLG597.16,271.546,-34.302,-2.459,-6.473,84.8,981.7,13658,158123
BLG597.17,273.037,-34.003,-1.606,-7.42,67.2,714.8,10803,114911
BLG597.18,272.85,-34.003,-1.679,-7.283,70.1,756.8,11274,121714
BLG597.19,272.664,-34.003,-1.752,-7.147,73.3,789.7,11792,127044
BLG597.20,272.478,-34.003,-1.825,-7.01,76.1,815.8,12245,131275
BLG597.21,272.291,-34.003,-1.899,-6.874,77.4,876.5,12454,141050
BLG597.22,272.105,-34.003,-1.972,-6.738,76.9,911.6,12386,146831
BLG597.23,271.919,-34.003,-2.046,-6.602,79.0,961.9,12724,154933
BLG597.24,271.732,-34.003,-2.12,-6.466,83.7,1014.9,13484,163501
BLG597.25,271.546,-34.003,-2.195,-6.33,89.3,1095.3,14390,176513
BLG597.26,272.859,-33.682,-1.389,-7.139,74.8,812.2,12030,130632
BLG597.27,272.673,-33.682,-1.463,-7.002,79.5,824.8,12795,132754
BLG597.28,272.486,-33.682,-1.536,-6.865,72.5,865.4,11669,139289
BLG597.29,272.3,-33.682,-1.61,-6.728,76.1,914.5,12254,147262
BLG597.30,272.114,-33.682,-1.684,-6.592,75.3,941.9,12128,151711
BLG597.31,271.927,-33.682,-1.758,-6.455,77.7,968.1,12521,156006
BLG597.32,271.741,-33.682,-1.833,-6.319,78.8,969.3,12701,156237
BLG599.01,268.443,-36.47,-5.603,-5.327,85.4,1228.7,13716,197342
BLG599.02,268.252,-36.47,-5.68,-5.195,80.6,1201.8,12935,192890
BLG599.03,268.061,-36.47,-5.758,-5.062,90.1,1253.1,14457,201068
BLG599.04,267.871,-36.47,-5.835,-4.93,93.2,1290.4,14950,207003
BLG599.05,267.68,-36.47,-5.913,-4.798,85.5,1228.7,13705,196963
BLG599.06,267.49,-36.47,-5.991,-4.665,88.2,1312.1,14135,210282
BLG599.07,267.299,-36.47,-6.07,-4.534,83.7,1266.7,13414,203006
BLG599.08,268.625,-36.148,-5.25,-5.293,92.2,1278.8,14819,205537
BLG599.09,268.434,-36.148,-5.327,-5.16,97.1,1346.2,15595,216214
BLG599.10,268.243,-36.148,-5.405,-5.027,102.8,1409.1,16514,226371
BLG599.11,268.053,-36.148,-5.483,-4.894,96.8,1412.6,15539,226770
BLG599.12,267.862,-36.148,-5.561,-4.761,101.5,1454.0,16294,233424
BLG599.13,267.671,-36.148,-5.639,-4.628,102.8,1479.4,16498,237444
BLG599.14,267.481,-36.148,-5.717,-4.496,96.4,1431.7,15475,229836
BLG599.15,267.29,-36.148,-5.796,-4.363,95.6,1472.4,15332,236142
BLG599.16,267.099,-36.148,-5.875,-4.231,110.1,1650.0,17662,264681
BLG599.17,268.625,-35.849,-4.99,-5.144,108.5,1466.2,17443,235705
BLG599.18,268.434,-35.849,-5.067,-5.01,122.3,1561.9,19656,251039
BLG599.19,268.243,-35.849,-5.145,-4.877,124.6,1597.5,20026,256769
BLG599.20,268.053,-35.849,-5.223,-4.743,135.0,1689.8,21692,271522
BLG599.21,267.862,-35.849,-5.302,-4.61,128.6,1668.9,20664,268172
BLG599.22,267.671,-35.849,-5.38,-4.477,130.2,1781.2,20916,286156
BLG599.23,267.481,-35.849,-5.459,-4.343,112.6,1607.7,18084,258206
BLG599.24,267.29,-35.849,-5.538,-4.211,112.0,1695.5,17988,272323
BLG599.25,267.099,-35.849,-5.617,-4.078,114.6,1796.0,18401,288379
BLG599.26,268.443,-35.528,-4.785,-4.855,118.4,1594.6,19052,256603
BLG599.27,268.252,-35.528,-4.863,-4.721,114.8,1640.2,18469,263885
BLG599.28,268.061,-35.528,-4.941,-4.587,129.4,1777.9,20818,286030
BLG599.29,267.871,-35.528,-5.02,-4.453,129.3,1787.0,20796,287416
BLG599.30,267.68,-35.528,-5.099,-4.32,138.2,1862.4,22223,299481
BLG599.31,267.49,-35.528,-5.178,-4.186,124.8,1766.2,20068,284020
BLG599.32,267.299,-35.528,-5.257,-4.053,100.8,1548.0,16201,248803
BLG600.01,268.427,-37.7,-6.68,-5.931,64.0,833.5,10610,138180
BLG600.02,268.233,-37.7,-6.757,-5.799,67.8,843.3,11237,139772
BLG600.03,268.04,-37.7,-6.835,-5.666,67.5,876.9,11190,145375
BLG600.04,267.846,-37.7,-6.912,-5.534,63.0,856.1,10441,141894
BLG600.05,267.652,-37.7,-6.99,-5.401,62.2,844.7,10306,139971
BLG600.06,267.458,-37.7,-7.068,-5.269,60.8,850.1,10077,140899
BLG600.07,267.265,-37.7,-7.146,-5.137,61.3,861.7,10157,142787
BLG600.08,268.612,-37.379,-6.327,-5.898,71.0,900.5,11767,149253
BLG600.09,268.418,-37.379,-6.404,-5.765,68.3,901.5,11320,149419
BLG600.10,268.224,-37.379,-6.481,-5.631,73.5,933.0,12179,154602
BLG600.11,268.031,-37.379,-6.559,-5.498,75.2,963.9,12461,159723
BLG600.12,267.837,-37.379,-6.637,-5.365,70.4,944.2,11662,156421
BLG600.13,267.643,-37.379,-6.715,-5.233,62.6,880.8,10370,145918
BLG600.14,267.449,-37.379,-6.793,-5.1,60.9,905.0,10089,149927
BLG600.15,267.256,-37.379,-6.872,-4.967,71.8,1003.7,11894,166278
BLG600.16,267.062,-37.379,-6.951,-4.835,78.4,1083.7,12988,179532
BLG600.17,268.612,-37.08,-6.066,-5.749,74.2,965.0,12298,159943
BLG600.18,268.418,-37.08,-6.144,-5.615,78.6,966.9,13024,160220
BLG600.19,268.224,-37.08,-6.221,-5.481,77.0,1011.4,12759,167594
BLG600.20,268.031,-37.08,-6.299,-5.348,76.5,992.5,12673,164423
BLG600.21,267.837,-37.08,-6.378,-5.214,67.1,980.4,11116,162418
BLG600.22,267.643,-37.08,-6.456,-5.081,80.8,1096.9,13385,181719
BLG600.23,267.449,-37.08,-6.535,-4.948,122.9,1279.4,20355,211903
BLG600.24,267.256,-37.08,-6.614,-4.815,79.7,1147.5,13200,190056
BLG600.25,267.062,-37.08,-6.693,-4.682,84.0,1251.6,13912,207298
BLG600.26,268.427,-36.758,-5.86,-5.461,84.4,1118.3,13988,185352
BLG600.27,268.233,-36.758,-5.939,-5.326,78.7,1071.6,13040,177569
BLG600.28,268.04,-36.758,-6.017,-5.192,78.0,1094.8,12921,181371
BLG600.29,267.846,-36.758,-6.095,-5.058,77.2,1075.6,12789,178190
BLG600.30,267.652,-36.758,-6.174,-4.924,78.3,1107.0,12968,183349
BLG600.31,267.458,-36.758,-6.253,-4.791,81.5,1164.4,13498,192856
BLG600.32,267.265,-36.758,-6.333,-4.657,75.1,1144.3,12438,189535
BLG603.01,267.001,-34.624,-4.605,-3.38,125.9,2037.2,20544,332448
BLG603.02,266.814,-34.624,-4.684,-3.248,132.1,2086.5,21561,340566
BLG603.03,266.628,-34.624,-4.764,-3.117,122.0,2046.0,19913,333956
BLG603.04,266.442,-34.624,-4.843,-2.986,119.1,1940.8,19439,316785
BLG603.05,266.255,-34.624,-4.923,-2.855,119.4,1933.8,19488,315650
BLG603.06,266.069,-34.624,-5.003,-2.724,123.8,1998.3,20211,326248
BLG603.07,265.883,-34.624,-5.083,-2.593,116.7,1967.5,19052,321219
BLG603.08,267.179,-34.302,-4.254,-3.34,117.6,2095.7,19190,341986
BLG603.09,266.992,-34.302,-4.333,-3.208,118.7,2006.6,19370,327447
BLG603.10,266.806,-34.302,-4.412,-3.076,124.4,2121.6,20300,346205
BLG603.11,266.619,-34.302,-4.492,-2.944,130.0,2174.9,21214,354919
BLG603.12,266.433,-34.302,-4.572,-2.813,145.9,2227.8,23808,363543
BLG603.13,266.247,-34.302,-4.652,-2.681,144.4,2217.6,23569,361965
BLG603.14,266.06,-34.302,-4.732,-2.55,141.3,2311.8,23063,377333
BLG603.15,265.874,-34.302,-4.813,-2.419,132.0,2067.1,21545,337400
BLG603.16,265.687,-34.302,-4.894,-2.287,115.8,1969.2,18901,321428
BLG603.17,267.179,-34.003,-3.996,-3.187,123.1,2007.6,20092,327688
BLG603.18,266.992,-34.003,-4.076,-3.054,109.3,1720.0,17836,280670
BLG603.19,266.806,-34.003,-4.156,-2.922,115.5,1816.2,18847,296376
BLG603.20,266.619,-34.003,-4.236,-2.79,142.8,2224.4,23302,362996
BLG603.21,266.433,-34.003,-4.316,-2.657,138.5,2211.2,22601,360826
BLG603.22,266.247,-34.003,-4.396,-2.525,139.7,2292.6,22796,374117
BLG603.23,266.06,-34.003,-4.477,-2.394,128.1,1940.2,20903,316611
BLG603.24,265.874,-34.003,-4.558,-2.262,93.6,1291.5,15274,210745
BLG603.25,265.687,-34.003,-4.639,-2.13,107.1,1586.2,17477,258844
BLG603.26,267.001,-33.682,-3.796,-2.895,117.3,1837.8,19146,299981
BLG603.27,266.814,-33.682,-3.876,-2.762,92.1,1272.0,15032,207629
BLG603.28,266.628,-33.682,-3.957,-2.629,90.2,1053.8,14719,171964
BLG603.29,266.442,-33.682,-4.037,-2.497,151.6,2207.5,24738,360230
BLG603.30,266.255,-33.682,-4.118,-2.364,150.6,2356.7,24575,384569
BLG603.31,266.069,-33.682,-4.199,-2.232,122.4,1825.9,19973,297959
BLG603.32,265.883,-33.682,-4.28,-2.1,57.4,556.0,9366,90730
BLG604.01,266.968,-35.854,-5.677,-3.989,108.9,1809.1,17955,298282
BLG604.02,266.778,-35.854,-5.756,-3.857,106.0,1651.3,17477,272264
BLG604.03,266.589,-35.854,-5.835,-3.726,103.8,1683.0,17118,277558
BLG604.04,266.4,-35.854,-5.915,-3.595,94.3,1530.8,15551,252449
BLG604.05,266.211,-35.854,-5.995,-3.464,96.0,1597.4,15832,263441
BLG604.06,266.022,-35.854,-6.075,-3.333,82.9,1406.7,13671,231991
BLG604.07,265.832,-35.854,-6.155,-3.202,81.2,1399.5,13391,230804
BLG604.08,267.148,-35.533,-5.325,-3.95,127.1,1977.1,20946,325830
BLG604.09,266.959,-35.533,-5.404,-3.817,138.6,1857.9,22841,306185
BLG604.10,266.77,-35.533,-5.484,-3.686,116.4,1880.3,19182,309877
BLG604.11,266.58,-35.533,-5.563,-3.554,110.6,1742.5,18227,287167
BLG604.12,266.391,-35.533,-5.643,-3.422,123.0,1912.7,20270,315208
BLG604.13,266.202,-35.533,-5.723,-3.29,123.6,1892.5,20369,311887
BLG604.14,266.013,-35.533,-5.804,-3.159,107.0,1718.3,17633,283179
BLG604.15,265.824,-35.533,-5.884,-3.028,90.2,1470.9,14865,242407
BLG604.16,265.634,-35.533,-5.965,-2.897,105.4,1612.6,17378,265883
BLG604.17,267.148,-35.234,-5.068,-3.796,149.4,2123.2,24627,350000
BLG604.18,266.959,-35.234,-5.147,-3.664,151.3,2101.9,24934,346405
BLG604.19,266.77,-35.234,-5.227,-3.531,150.5,2153.9,24796,354889
BLG604.20,266.58,-35.234,-5.307,-3.399,134.5,2072.9,22160,341543
BLG604.21,266.391,-35.234,-5.387,-3.267,140.4,2116.0,23127,348558
BLG604.22,266.202,-35.234,-5.467,-3.135,132.7,1952.6,21859,321633
BLG604.23,266.013,-35.234,-5.548,-3.003,125.2,1989.2,20628,327744
BLG604.24,265.824,-35.234,-5.629,-2.871,126.4,2021.3,20825,333033
BLG604.25,265.634,-35.234,-5.71,-2.74,132.8,1886.7,21880,310856
BLG604.26,266.968,-34.912,-4.867,-3.505,165.9,2715.1,27334,447353
BLG604.27,266.778,-34.912,-4.947,-3.372,157.1,2223.5,25884,366354
BLG604.28,266.589,-34.912,-5.028,-3.239,134.1,2123.4,22094,349862
BLG604.29,266.4,-34.912,-5.108,-3.106,127.6,2059.9,21018,339325
BLG604.30,266.211,-34.912,-5.189,-2.974,118.7,1741.3,19552,286843
BLG604.31,266.022,-34.912,-5.27,-2.841,106.6,1611.7,17559,265479
BLG604.32,265.832,-34.912,-5.351,-2.709,93.9,1460.3,15460,240440
BLG605.01,266.931,-37.085,-6.751,-4.595,85.8,1161.7,14528,196709
BLG605.02,266.738,-37.085,-6.83,-4.463,79.0,1143.3,13376,193602
BLG605.03,266.546,-37.085,-6.91,-4.332,73.0,1119.0,12358,189427
BLG605.04,266.354,-37.085,-6.989,-4.201,62.7,929.6,10614,157371
BLG605.05,266.162,-37.085,-7.069,-4.069,67.5,999.8,11427,169256
BLG605.06,265.97,-37.085,-7.149,-3.939,58.9,913.7,9971,154680
BLG605.07,265.778,-37.085,-7.229,-3.808,60.0,813.9,10157,137785
BLG605.08,267.114,-36.763,-6.399,-4.556,78.4,1238.7,13272,209699
BLG605.09,266.922,-36.763,-6.478,-4.424,77.8,1131.7,13170,191585
BLG605.10,266.73,-36.763,-6.558,-4.292,82.1,1221.1,13898,206720
BLG605.11,266.537,-36.763,-6.637,-4.16,85.5,1278.8,14474,216496
BLG605.12,266.345,-36.763,-6.717,-4.028,77.9,1205.4,13187,204070
BLG605.13,266.153,-36.763,-6.797,-3.896,68.7,1023.5,11630,173268
BLG605.14,265.961,-36.763,-6.877,-3.765,62.4,933.9,10563,158099
BLG605.15,265.769,-36.763,-6.958,-3.634,58.7,865.2,9937,146469
BLG605.16,265.577,-36.763,-7.039,-3.503,50.8,804.5,8599,136193
BLG605.17,267.114,-36.464,-6.141,-4.403,86.9,1322.8,14714,223979
BLG605.18,266.922,-36.464,-6.221,-4.27,85.7,1292.7,14508,218832
BLG605.19,266.73,-36.464,-6.3,-4.138,81.3,1292.7,13763,218841
BLG605.20,266.537,-36.464,-6.38,-4.005,84.9,1312.8,14372,222243
BLG605.21,266.345,-36.464,-6.461,-3.873,70.4,1151.8,11918,194979
BLG605.22,266.153,-36.464,-6.541,-3.741,60.4,1011.8,10225,171287
BLG605.23,265.961,-36.464,-6.622,-3.609,66.3,980.7,11223,166022
BLG605.24,265.769,-36.464,-6.702,-3.477,65.1,980.9,11020,166056
BLG605.25,265.577,-36.464,-6.784,-3.346,56.6,813.9,9581,137785
BLG605.26,266.931,-36.143,-5.941,-4.111,105.4,1531.8,17843,259318
BLG605.27,266.738,-36.143,-6.021,-3.978,96.3,1533.0,16302,259530
BLG605.28,266.546,-36.143,-6.101,-3.845,78.0,1182.5,13204,200185
BLG605.29,266.354,-36.143,-6.181,-3.713,74.0,1115.5,12527,188842
BLG605.30,266.162,-36.143,-6.262,-3.58,77.6,1268.1,13136,214676
BLG605.31,265.97,-36.143,-6.343,-3.448,84.8,1389.5,14355,235228
BLG605.32,265.778,-36.143,-6.424,-3.315,75.4,1249.3,12761,211452
BLG606.01,266.89,-38.315,-7.829,-5.197,62.6,862.7,10597,146046
BLG606.02,266.695,-38.315,-7.907,-5.066,63.2,859.3,10699,145479
BLG606.03,266.499,-38.315,-7.987,-4.934,49.1,691.9,8312,117131
BLG606.04,266.304,-38.315,-8.066,-4.803,46.7,639.7,7905,108294
BLG606.05,266.109,-38.315,-8.146,-4.672,43.0,610.3,7279,103317
BLG606.06,265.914,-38.315,-8.225,-4.541,42.7,607.5,7228,102843
BLG606.07,265.718,-38.315,-8.305,-4.41,39.7,577.0,6720,97680
BLG606.08,267.076,-37.994,-7.476,-5.159,69.9,992.0,11833,167927
BLG606.09,266.881,-37.994,-7.555,-5.027,71.2,978.2,12056,165637
BLG606.10,266.686,-37.994,-7.634,-4.895,59.4,783.0,10055,132554
BLG606.11,266.49,-37.994,-7.714,-4.763,47.2,714.1,7990,120898
BLG606.12,266.295,-37.994,-7.794,-4.631,47.9,684.9,8110,115973
BLG606.13,266.1,-37.994,-7.874,-4.499,55.1,751.1,9327,127153
BLG606.14,265.904,-37.994,-7.954,-4.368,54.7,757.4,9260,128220
BLG606.15,265.709,-37.994,-8.034,-4.236,50.3,733.5,8515,124174
BLG606.16,265.514,-37.994,-8.115,-4.105,43.9,639.5,7433,108285
BLG606.17,267.076,-37.695,-7.218,-5.006,65.9,996.5,11156,168705
BLG606.18,266.881,-37.695,-7.297,-4.874,66.6,977.2,11274,165438
BLG606.19,266.686,-37.695,-7.377,-4.741,65.3,954.5,11054,161587
BLG606.20,266.49,-37.695,-7.457,-4.608,58.6,872.2,9922,147688
BLG606.21,266.295,-37.695,-7.537,-4.476,56.4,786.8,9547,133197
BLG606.22,266.1,-37.695,-7.617,-4.344,67.3,938.4,11393,158853
BLG606.23,265.904,-37.695,-7.698,-4.212,60.5,868.8,10242,147079
BLG606.24,265.709,-37.695,-7.779,-4.08,55.4,773.8,9378,130996
BLG606.25,265.514,-37.695,-7.86,-3.948,51.5,753.6,8718,127576
BLG606.26,266.89,-37.373,-7.017,-4.715,76.7,1093.2,12984,185076
BLG606.27,266.695,-37.373,-7.097,-4.582,78.2,1089.4,13238,184424
BLG606.28,266.499,-37.373,-7.177,-4.449,71.3,993.5,12070,168189
BLG606.29,266.304,-37.373,-7.257,-4.316,65.4,990.3,11071,167647
BLG606.30,266.109,-37.373,-7.338,-4.183,62.5,959.5,10580,162442
BLG606.31,265.914,-37.373,-7.419,-4.051,54.0,751.4,9143,127233
BLG606.32,265.718,-37.373,-7.5,-3.918,47.7,781.4,8073,132251
BLG609.01,265.522,-35.239,-5.763,-2.664,107.8,1740.9,17309,279539
BLG609.02,265.334,-35.239,-5.844,-2.534,104.6,1650.9,16703,263625
BLG609.03,265.146,-35.239,-5.925,-2.403,115.5,1841.3,18439,293966
BLG609.04,264.958,-35.239,-6.006,-2.273,110.0,1716.0,17654,275401
BLG609.05,264.771,-35.239,-6.088,-2.143,107.9,1628.2,17221,259883
BLG609.06,264.583,-35.239,-6.17,-2.014,92.4,1154.7,14754,184389
BLG609.07,264.395,-35.239,-6.252,-1.884,75.4,864.0,12104,138700
BLG609.08,265.701,-34.918,-5.412,-2.62,105.5,1783.0,16940,286299
BLG609.09,265.513,-34.918,-5.493,-2.489,105.9,1743.8,17000,279929
BLG609.10,265.325,-34.918,-5.574,-2.358,102.7,1627.5,16482,261197
BLG609.11,265.137,-34.918,-5.656,-2.227,94.4,1209.8,15150,194166
BLG609.12,264.95,-34.918,-5.738,-2.097,111.2,1686.3,17735,268961
BLG609.13,264.762,-34.918,-5.819,-1.966,100.5,1484.2,16032,236777
BLG609.14,264.574,-34.918,-5.902,-1.836,88.9,998.8,14182,159340
BLG609.15,264.386,-34.918,-5.984,-1.706,91.0,932.5,14517,148763
BLG609.16,264.199,-34.918,-6.067,-1.576,64.4,712.0,10333,114244
BLG609.17,265.701,-34.618,-5.157,-2.463,122.0,1998.0,19594,320908
BLG609.18,265.513,-34.618,-5.239,-2.331,127.5,1989.2,20467,319332
BLG609.19,265.325,-34.618,-5.32,-2.2,116.5,1893.2,18697,303857
BLG609.20,265.137,-34.618,-5.402,-2.069,97.1,1218.7,15587,195641
BLG609.21,264.95,-34.618,-5.484,-1.938,88.8,1081.5,14241,173449
BLG609.22,264.762,-34.618,-5.566,-1.807,63.7,695.6,10225,111666
BLG609.23,264.574,-34.618,-5.649,-1.676,67.7,719.7,10865,115507
BLG609.24,264.386,-34.618,-5.731,-1.546,85.3,900.8,13690,144572
BLG609.25,264.199,-34.618,-5.814,-1.415,69.6,716.1,11173,114957
BLG609.26,265.522,-34.297,-4.961,-2.168,111.0,1667.3,17823,267721
BLG609.27,265.334,-34.297,-5.043,-2.036,123.7,1997.2,19867,320762
BLG609.28,265.146,-34.297,-5.125,-1.905,109.6,1637.0,17598,262848
BLG609.29,264.958,-34.297,-5.208,-1.773,86.5,1062.8,13882,170574
BLG609.30,264.771,-34.297,-5.29,-1.642,56.6,623.4,9086,100076
BLG609.31,264.583,-34.297,-5.373,-1.511,45.0,488.9,7222,78465
BLG609.32,264.395,-34.297,-5.456,-1.38,76.2,748.3,12226,120069
BLG610.01,265.468,-36.47,-6.834,-3.274,56.2,843.1,9417,141285
BLG610.02,265.277,-36.47,-6.915,-3.144,51.0,731.3,8546,122550
BLG610.03,265.086,-36.47,-6.996,-3.013,50.4,692.7,8450,116138
BLG610.04,264.896,-36.47,-7.077,-2.883,59.4,854.3,9959,143231
BLG610.05,264.705,-36.47,-7.159,-2.753,63.5,915.6,10648,153546
BLG610.06,264.515,-36.47,-7.241,-2.624,70.1,1007.2,11758,168947
BLG610.07,264.324,-36.47,-7.323,-2.494,63.5,825.4,10654,138485
BLG610.08,265.65,-36.148,-6.483,-3.23,68.3,1041.7,11450,174648
BLG610.09,265.459,-36.148,-6.564,-3.099,66.4,992.2,11132,166349
BLG610.10,265.268,-36.148,-6.645,-2.968,74.3,1115.3,12456,186987
BLG610.11,265.078,-36.148,-6.727,-2.837,76.4,1097.1,12812,183980
BLG610.12,264.887,-36.148,-6.808,-2.707,70.2,964.9,11772,161810
BLG610.13,264.696,-36.148,-6.89,-2.576,68.6,947.8,11509,159019
BLG610.14,264.506,-36.148,-6.972,-2.446,72.5,1019.7,12163,171082
BLG610.15,264.315,-36.148,-7.055,-2.316,70.5,911.9,11828,152995
BLG610.16,264.124,-36.148,-7.138,-2.186,73.1,955.9,12267,160416
BLG610.17,265.65,-35.849,-6.228,-3.073,76.1,1105.5,12764,185429
BLG610.18,265.459,-35.849,-6.309,-2.941,72.4,1086.5,12143,182242
BLG610.19,265.268,-35.849,-6.391,-2.81,68.1,986.1,11422,165402
BLG610.20,265.078,-35.849,-6.473,-2.679,71.6,972.9,12012,163227
BLG610.21,264.887,-35.849,-6.555,-2.548,79.2,1126.7,13287,189030
BLG610.22,264.696,-35.849,-6.637,-2.417,77.8,1043.7,13056,175148
BLG610.23,264.506,-35.849,-6.719,-2.286,84.3,1157.0,14150,194208
BLG610.24,264.315,-35.849,-6.802,-2.156,88.6,1148.6,14871,192798
BLG610.25,264.124,-35.849,-6.885,-2.025,90.4,1319.0,15177,221445
BLG610.26,265.468,-35.528,-6.032,-2.778,97.5,1588.3,16357,266483
BLG610.27,265.277,-35.528,-6.114,-2.647,101.6,1604.2,17053,269276
BLG610.28,265.086,-35.528,-6.196,-2.515,103.0,1591.5,17288,267136
BLG610.29,264.896,-35.528,-6.278,-2.383,95.1,1518.7,15959,254860
BLG610.30,264.705,-35.528,-6.361,-2.252,99.2,1515.3,16647,254298
BLG610.31,264.515,-35.528,-6.444,-2.121,83.7,1037.4,14046,174091
BLG610.32,264.324,-35.528,-6.527,-1.99,70.2,736.7,11783,123658
BLG611.01,264.408,-27.632,0.179,2.182,74.2,902.3,12306,149654
BLG611.02,264.235,-27.632,0.096,2.312,61.6,741.9,10209,122963
BLG611.03,264.061,-27.632,0.014,2.441,93.9,1246.4,15563,206580
BLG611.04,263.888,-27.632,-0.069,2.571,96.9,1412.4,16056,234037
BLG611.05,263.715,-27.632,-0.152,2.7,89.6,1316.0,14843,218011
BLG611.06,263.541,-27.632,-0.235,2.829,74.8,1009.0,12388,167113
BLG611.07,263.368,-27.632,-0.318,2.958,82.2,1235.5,13610,204577
BLG611.08,264.573,-27.311,0.529,2.23,101.5,1340.5,16830,222284
BLG611.09,264.4,-27.311,0.446,2.36,94.1,1272.4,15592,210843
BLG611.10,264.227,-27.311,0.364,2.49,108.9,1616.7,18045,267895
BLG611.11,264.053,-27.311,0.281,2.62,117.7,1844.6,19489,305443
BLG611.12,263.88,-27.311,0.198,2.75,113.0,1906.0,18702,315458
BLG611.13,263.706,-27.311,0.115,2.879,96.7,1443.8,16000,238902
BLG611.14,263.533,-27.311,0.032,3.009,69.6,925.0,11513,153020
BLG611.15,263.36,-27.311,-0.052,3.139,64.5,892.7,10670,147677
BLG611.16,263.186,-27.311,-0.136,3.268,69.1,1029.2,11428,170218
BLG611.17,264.573,-27.012,0.782,2.389,90.6,1193.1,15016,197752
BLG611.18,264.4,-27.012,0.699,2.52,105.4,1527.8,17461,253106
BLG611.19,264.227,-27.012,0.617,2.65,102.1,1488.6,16902,246437
BLG611.20,264.053,-27.012,0.534,2.781,108.6,1791.2,17974,296463
BLG611.21,263.88,-27.012,0.451,2.911,115.2,1911.0,19053,316067
BLG611.22,263.706,-27.012,0.367,3.041,106.3,1841.3,17572,304392
BLG611.23,263.533,-27.012,0.284,3.171,86.2,1433.4,14250,236961
BLG611.24,263.36,-27.012,0.2,3.301,66.6,968.4,11007,160051
BLG611.25,263.186,-27.012,0.116,3.43,52.8,700.9,8728,115867
BLG611.26,264.408,-26.69,0.975,2.686,72.4,943.3,11986,156166
BLG611.27,264.235,-26.69,0.892,2.816,79.1,1137.9,13082,188204
BLG611.28,264.061,-26.69,0.809,2.947,82.9,1290.5,13708,213391
BLG611.29,263.888,-26.69,0.726,3.078,91.1,1514.1,15060,250306
BLG611.30,263.715,-26.69,0.642,3.208,85.9,1421.4,14197,234924
BLG611.31,263.541,-26.69,0.558,3.339,86.2,1440.1,14243,237957
BLG611.32,263.368,-26.69,0.474,3.469,70.0,1139.1,11563,188175
BLG612.01,263.024,-28.471,-1.188,2.757,96.4,1665.7,15426,266558
BLG612.02,262.849,-28.471,-1.272,2.885,99.6,1720.7,15938,275352
BLG612.03,262.675,-28.471,-1.356,3.014,108.4,1804.8,17342,288741
BLG612.04,262.5,-28.471,-1.441,3.142,106.4,1817.8,17026,290906
BLG612.05,262.325,-28.471,-1.525,3.27,96.2,1594.3,15391,255072
BLG612.06,262.151,-28.471,-1.61,3.399,89.5,1581.6,14319,253040
BLG612.07,261.976,-28.471,-1.695,3.527,89.4,1604.3,14292,256493
BLG612.08,263.191,-28.15,-0.838,2.809,92.0,1486.8,14736,238160
BLG612.09,263.016,-28.15,-0.922,2.938,96.0,1568.0,15377,251174
BLG612.10,262.841,-28.15,-1.007,3.067,96.8,1542.2,15505,247026
BLG612.11,262.667,-28.15,-1.091,3.196,95.1,1687.0,15233,270228
BLG612.12,262.492,-28.15,-1.176,3.325,97.4,1684.9,15598,269828
BLG612.13,262.317,-28.15,-1.26,3.453,81.9,1468.5,13115,235172
BLG612.14,262.142,-28.15,-1.345,3.582,77.5,1398.2,12408,223853
BLG612.15,261.968,-28.15,-1.431,3.71,75.1,1353.1,12021,216588
BLG612.16,261.793,-28.15,-1.516,3.839,74.8,1449.0,11970,231890
BLG612.17,263.191,-27.85,-0.587,2.971,88.7,1508.7,14218,241843
BLG612.18,263.016,-27.85,-0.671,3.101,91.0,1595.6,14583,255712
BLG612.19,262.841,-27.85,-0.756,3.23,83.8,1477.1,13429,236713
BLG612.20,262.667,-27.85,-0.84,3.36,96.9,1752.2,15529,280817
BLG612.21,262.492,-27.85,-0.925,3.489,80.2,1420.2,12859,227720
BLG612.22,262.317,-27.85,-1.01,3.618,70.0,1223.2,11215,195991
BLG612.23,262.142,-27.85,-1.095,3.747,73.4,1302.3,11760,208665
BLG612.24,261.968,-27.85,-1.181,3.876,63.1,1118.2,10110,179168
BLG612.25,261.793,-27.85,-1.267,4.004,62.9,1175.3,10077,188316
BLG612.26,263.024,-27.529,-0.397,3.27,73.3,1227.0,11761,196877
BLG612.27,262.849,-27.529,-0.482,3.4,75.1,1254.2,12050,201233
BLG612.28,262.675,-27.529,-0.567,3.53,75.3,1351.3,12082,216829
BLG612.29,262.5,-27.529,-0.652,3.659,61.3,1061.2,9835,170281
BLG612.30,262.325,-27.529,-0.737,3.789,54.2,923.1,8694,148080
BLG612.31,262.151,-27.529,-0.823,3.918,55.9,992.1,8967,159148
BLG612.32,261.976,-27.529,-0.908,4.047,57.2,1013.9,9175,162645
BLG613.01,263.03,-29.702,-2.217,2.081,103.5,1229.5,16918,200974
BLG613.02,262.853,-29.702,-2.301,2.209,107.2,1332.9,17522,217875
BLG613.03,262.677,-29.702,-2.386,2.338,119.9,1820.2,19594,297450
BLG613.04,262.5,-29.702,-2.47,2.466,135.1,2164.2,22078,353683
BLG613.05,262.323,-29.702,-2.555,2.594,111.5,1677.3,18221,274106
BLG613.06,262.147,-29.702,-2.639,2.722,104.1,1640.6,17012,268100
BLG613.07,261.97,-29.702,-2.724,2.85,111.1,1764.1,18156,288290
BLG613.08,263.199,-29.38,-1.868,2.133,101.2,1215.5,16542,198685
BLG613.09,263.022,-29.38,-1.952,2.262,105.5,1285.5,17240,210077
BLG613.10,262.845,-29.38,-2.036,2.391,84.2,949.0,13760,155086
BLG613.11,262.669,-29.38,-2.121,2.52,75.8,864.1,12387,141212
BLG613.12,262.492,-29.38,-2.205,2.649,101.4,1324.5,16570,216451
BLG613.13,262.315,-29.38,-2.29,2.777,112.1,1855.6,18319,303235
BLG613.14,262.138,-29.38,-2.375,2.906,114.5,1819.7,18707,297296
BLG613.15,261.962,-29.38,-2.46,3.034,107.8,1817.2,17616,296968
BLG613.16,261.785,-29.38,-2.546,3.162,115.0,1972.4,18788,322260
BLG613.17,263.199,-29.081,-1.617,2.296,101.0,1229.7,16509,201006
BLG613.18,263.022,-29.081,-1.701,2.425,84.4,992.7,13796,162266
BLG613.19,262.845,-29.081,-1.785,2.555,73.6,863.5,12027,141114
BLG613.20,262.669,-29.081,-1.87,2.684,91.4,1151.6,14936,188195
BLG613.21,262.492,-29.081,-1.955,2.813,102.0,1653.2,16668,270159
BLG613.22,262.315,-29.081,-2.04,2.942,111.4,1825.5,18205,298325
BLG613.23,262.138,-29.081,-2.125,3.071,120.4,2042.4,19675,333762
BLG613.24,261.962,-29.081,-2.211,3.199,105.6,1832.5,17248,299316
BLG613.25,261.785,-29.081,-2.297,3.328,98.7,1826.2,16121,298286
BLG613.26,263.03,-28.76,-1.427,2.595,84.3,1050.7,13779,171747
BLG613.27,262.853,-28.76,-1.512,2.724,99.1,1593.8,16198,260514
BLG613.28,262.677,-28.76,-1.597,2.854,91.9,1286.0,15018,210159
BLG613.29,262.5,-28.76,-1.682,2.984,97.3,1611.8,15900,263393
BLG613.30,262.323,-28.76,-1.768,3.113,96.7,1681.9,15798,274798
BLG613.31,262.147,-28.76,-1.853,3.242,104.8,1872.6,17122,305947
BLG613.32,261.97,-28.76,-1.939,3.371,93.1,1618.1,15207,264303
BLG614.01,261.64,-29.086,-2.372,3.431,97.8,1873.8,15866,304005
BLG614.02,261.464,-29.086,-2.457,3.558,88.6,1695.0,14377,275048
BLG614.03,261.288,-29.086,-2.543,3.686,95.2,1769.8,15452,287263
BLG614.04,261.112,-29.086,-2.629,3.813,90.9,1635.4,14754,265456
BLG614.05,260.937,-29.086,-2.716,3.94,78.8,1468.5,12793,238423
BLG614.06,260.761,-29.086,-2.802,4.067,71.6,1166.3,11638,189577
BLG614.07,260.585,-29.086,-2.889,4.194,58.1,929.9,9448,151224
BLG614.08,261.807,-28.765,-2.022,3.487,84.4,1585.4,13705,257454
BLG614.09,261.631,-28.765,-2.108,3.615,86.4,1655.4,14037,268957
BLG614.10,261.456,-28.765,-2.194,3.743,78.4,1409.8,12734,228985
BLG614.11,261.28,-28.765,-2.28,3.871,75.4,1408.4,12250,228821
BLG614.12,261.104,-28.765,-2.366,3.999,70.5,1316.1,11459,213926
BLG614.13,260.929,-28.765,-2.453,4.126,58.6,922.3,9522,149881
BLG614.14,260.753,-28.765,-2.54,4.254,55.8,862.8,9074,140311
BLG614.15,260.577,-28.765,-2.627,4.381,52.2,786.2,8493,127916
BLG614.16,260.402,-28.765,-2.714,4.508,46.5,722.3,7565,117519
BLG614.17,261.807,-28.466,-1.773,3.653,85.3,1650.8,13868,268395
BLG614.18,261.631,-28.466,-1.859,3.782,77.5,1507.0,12600,245015
BLG614.19,261.456,-28.466,-1.945,3.91,59.3,846.5,9643,137661
BLG614.20,261.28,-28.466,-2.031,4.038,66.7,1034.6,10849,168291
BLG614.21,261.104,-28.466,-2.118,4.166,61.4,994.8,9987,161817
BLG614.22,260.929,-28.466,-2.205,4.294,62.7,972.6,10206,158318
BLG614.23,260.753,-28.466,-2.292,4.422,60.0,1010.7,9769,164560
BLG614.24,260.577,-28.466,-2.379,4.55,54.1,895.7,8810,145871
BLG614.25,260.402,-28.466,-2.466,4.677,48.7,789.6,7934,128653
BLG614.26,261.64,-28.144,-1.587,3.954,72.5,1461.4,11801,237885
BLG614.27,261.464,-28.144,-1.673,4.083,69.1,1108.0,11250,180402
BLG614.28,261.288,-28.144,-1.76,4.211,72.5,1180.9,11807,192317
BLG614.29,261.112,-28.144,-1.847,4.34,62.1,1065.4,10118,173589
BLG614.30,260.937,-28.144,-1.934,4.468,60.0,1161.3,9778,189260
BLG614.31,260.761,-28.144,-2.021,4.597,66.9,970.3,10900,158095
BLG614.32,260.585,-28.144,-2.108,4.725,52.6,992.8,8574,161830
BLG615.01,261.629,-30.317,-3.401,2.753,77.0,1162.2,12145,183311
BLG615.02,261.451,-30.317,-3.486,2.881,72.0,1135.0,11295,178066
BLG615.03,261.274,-30.317,-3.572,3.008,74.0,1156.9,11751,183715
BLG615.04,261.096,-30.317,-3.658,3.135,71.3,1103.6,11246,174068
BLG615.05,260.918,-30.317,-3.745,3.262,69.0,1099.2,10962,174636
BLG615.06,260.74,-30.317,-3.831,3.389,64.9,1093.0,10311,173651
BLG615.07,260.562,-30.317,-3.918,3.516,56.7,944.0,9014,150087
BLG615.08,261.799,-29.995,-3.052,2.81,111.0,2099.8,17414,329423
BLG615.09,261.621,-29.995,-3.137,2.938,88.4,1504.1,13956,237461
BLG615.10,261.443,-29.995,-3.223,3.066,90.2,1547.0,14144,242586
BLG615.11,261.265,-29.995,-3.31,3.194,104.9,2009.8,16457,315303
BLG615.12,261.088,-29.995,-3.396,3.321,112.3,2255.8,17609,353734
BLG615.13,260.91,-29.995,-3.483,3.449,91.5,1788.9,14355,280655
BLG615.14,260.732,-29.995,-3.569,3.576,69.1,1151.8,10840,180702
BLG615.15,260.554,-29.995,-3.657,3.703,60.8,994.9,9538,156086
BLG615.16,260.376,-29.995,-3.744,3.83,66.6,1251.1,10581,198769
BLG615.17,261.799,-29.696,-2.803,2.976,107.7,2323.5,16888,364350
BLG615.18,261.621,-29.696,-2.889,3.105,93.3,1651.7,14630,259004
BLG615.19,261.443,-29.696,-2.975,3.233,89.9,1511.4,14193,238613
BLG615.20,261.265,-29.696,-3.061,3.361,87.0,1583.6,13642,248325
BLG615.21,261.088,-29.696,-3.148,3.489,93.5,1749.3,14661,274309
BLG615.22,260.91,-29.696,-3.235,3.617,97.1,2043.6,15308,322169
BLG615.23,260.732,-29.696,-3.322,3.745,80.3,1581.5,12591,247996
BLG615.24,260.554,-29.696,-3.409,3.872,72.1,1435.4,11366,226293
BLG615.25,260.376,-29.696,-3.497,4.0,80.7,1814.0,12728,286110
BLG615.26,261.629,-29.375,-2.617,3.278,97.5,2239.9,15289,351240
BLG615.27,261.451,-29.375,-2.704,3.406,102.3,2064.4,16127,325448
BLG615.28,261.274,-29.375,-2.79,3.535,101.8,2102.6,15963,329710
BLG615.29,261.096,-29.375,-2.877,3.663,108.8,2100.5,17269,333397
BLG615.30,260.918,-29.375,-2.964,3.792,101.6,2096.1,15931,328683
BLG615.31,260.74,-29.375,-3.052,3.92,74.9,1546.7,11747,242598
BLG615.32,260.562,-29.375,-3.139,4.048,65.6,1273.2,10284,199602
BLG617.01,259.533,-30.202,-4.33,4.312,65.1,1145.3,10689,188066
BLG617.02,259.355,-30.202,-4.419,4.438,60.5,1050.1,9929,172352
BLG617.03,259.178,-30.202,-4.507,4.564,61.3,1064.2,10058,174624
BLG617.04,259.0,-30.202,-4.596,4.689,63.0,1079.8,10342,177268
BLG617.05,258.822,-30.202,-4.685,4.815,61.0,1067.9,10007,175190
BLG617.06,258.645,-30.202,-4.774,4.94,62.0,1072.0,10171,175862
BLG617.08,259.702,-29.88,-3.982,4.376,71.2,1351.5,11691,221917
BLG617.09,259.525,-29.88,-4.07,4.502,64.2,1112.7,10542,182713
BLG617.10,259.347,-29.88,-4.159,4.629,62.5,1084.6,10262,178098
BLG617.11,259.169,-29.88,-4.248,4.755,63.2,1187.2,10370,194799
BLG617.12,258.992,-29.88,-4.337,4.881,70.3,1260.9,11532,206851
BLG617.17,259.702,-29.581,-3.736,4.547,81.0,1622.8,13310,266656
BLG617.18,259.525,-29.581,-3.824,4.674,75.7,1387.3,12430,227812
BLG617.19,259.347,-29.581,-3.913,4.8,68.6,1203.0,11261,197494
BLG617.20,259.169,-29.581,-4.002,4.927,69.6,1194.6,11426,196115
BLG617.26,259.533,-29.26,-3.556,4.852,69.6,1252.0,11436,205733
BLG617.27,259.355,-29.26,-3.645,4.979,72.4,1308.4,11888,214848
BLG619.01,261.765,-26.471,-0.128,4.789,53.2,921.9,8583,148742
BLG619.02,261.593,-26.471,-0.214,4.917,46.5,778.0,7498,125464
BLG619.08,261.928,-26.15,0.222,4.844,34.4,558.3,5548,90056
BLG619.09,261.757,-26.15,0.137,4.972,39.7,661.3,6400,106619
BLG621.01,264.25,-22.702,4.28,4.935,63.0,1129.2,10662,191117
BLG621.08,264.409,-22.38,4.631,4.982,64.5,1113.5,10906,188282
BLG622.01,264.254,-23.932,3.237,4.276,59.0,1079.5,9662,176787
BLG622.02,264.086,-23.932,3.155,4.406,57.3,1014.0,9381,166021
BLG622.03,263.918,-23.932,3.073,4.536,56.1,1001.9,9185,164040
BLG622.04,263.75,-23.932,2.99,4.666,55.3,989.6,9058,162102
BLG622.05,263.582,-23.932,2.907,4.795,54.1,973.3,8859,159393
BLG622.06,263.414,-23.932,2.824,4.925,58.2,1050.3,9535,172084
BLG622.08,264.415,-23.611,3.588,4.323,45.3,695.5,7425,114007
BLG622.09,264.247,-23.611,3.506,4.454,43.8,680.2,7183,111552
BLG622.10,264.078,-23.611,3.424,4.584,58.3,1013.4,9558,166157
BLG622.11,263.91,-23.611,3.341,4.714,66.5,1152.5,10898,188875
BLG622.12,263.742,-23.611,3.258,4.844,62.1,1103.7,10181,180962
BLG622.13,263.574,-23.611,3.175,4.974,59.1,1039.3,9683,170282
BLG622.17,264.415,-23.312,3.843,4.482,44.8,729.3,7343,119548
BLG622.18,264.247,-23.312,3.76,4.613,40.1,654.9,6573,107352
BLG622.19,264.078,-23.312,3.677,4.744,50.2,894.5,8226,146593
BLG622.20,263.91,-23.312,3.595,4.874,54.9,998.6,8997,163653
BLG622.26,264.254,-22.99,4.037,4.778,49.1,893.6,8044,146411
BLG622.27,264.086,-22.99,3.954,4.909,50.4,926.7,8257,151835
BLG624.01,265.556,-22.086,5.444,4.234,76.0,1384.5,12272,223570
BLG624.02,265.39,-22.086,5.363,4.365,78.1,1357.2,12614,219206
BLG624.03,265.224,-22.086,5.282,4.496,75.9,1288.8,12256,208111
BLG624.04,265.058,-22.086,5.201,4.627,68.1,1094.1,11001,176755
BLG624.05,264.892,-22.086,5.119,4.757,75.1,1214.1,12135,196188
BLG624.06,264.727,-22.086,5.038,4.888,71.9,1192.9,11621,192809
BLG624.08,265.714,-21.765,5.795,4.277,77.9,1304.8,12587,210840
BLG624.09,265.548,-21.765,5.714,4.409,78.9,1255.6,12752,202940
BLG624.10,265.382,-21.765,5.633,4.54,74.3,1205.1,12006,194732
BLG624.11,265.217,-21.765,5.552,4.671,57.8,1001.5,9339,161832
BLG624.12,265.051,-21.765,5.471,4.802,61.5,1059.7,9940,171279
BLG624.13,264.885,-21.765,5.39,4.933,68.0,1111.1,10990,179587
BLG624.17,265.714,-21.466,6.051,4.433,87.5,1383.4,14155,223806
BLG624.18,265.548,-21.466,5.97,4.565,78.6,1309.5,12709,211743
BLG624.19,265.382,-21.466,5.889,4.697,69.5,1125.7,11238,182030
BLG624.20,265.217,-21.466,5.808,4.828,71.0,1122.8,11483,181605
BLG624.21,265.051,-21.466,5.726,4.959,67.6,1097.9,10931,177537
BLG624.26,265.556,-21.144,6.249,4.727,64.4,1062.5,10423,171973
BLG624.27,265.39,-21.144,6.168,4.859,62.9,1049.5,10183,169909
BLG624.28,265.224,-21.144,6.086,4.991,74.1,1123.7,11993,181880
BLG625.01,265.573,-23.317,4.401,3.576,88.0,1613.2,14064,257839
BLG625.02,265.406,-23.317,4.32,3.707,84.4,1431.7,13486,228767
BLG625.03,265.238,-23.317,4.239,3.838,88.9,1467.0,14205,234407
BLG625.04,265.071,-23.317,4.158,3.968,95.5,1665.4,15259,266109
BLG625.05,264.903,-23.317,4.077,4.099,89.4,1529.3,14288,244421
BLG625.06,264.736,-23.317,3.995,4.229,65.7,1179.9,10500,188578
BLG625.07,264.569,-23.317,3.913,4.36,53.4,973.3,8534,155558
BLG625.08,265.733,-22.995,4.752,3.62,78.1,1480.5,12494,236840
BLG625.09,265.565,-22.995,4.672,3.751,81.9,1425.0,13099,227914
BLG625.10,265.398,-22.995,4.591,3.882,77.3,1332.4,12363,213104
BLG625.11,265.23,-22.995,4.509,4.013,60.0,1036.4,9596,165761
BLG625.12,265.063,-22.995,4.428,4.144,55.2,973.2,8826,155617
BLG625.13,264.896,-22.995,4.346,4.275,57.9,1027.1,9258,164236
BLG625.14,264.728,-22.995,4.265,4.406,66.8,1210.3,10681,193530
BLG625.15,264.561,-22.995,4.183,4.536,70.0,1188.7,11193,190076
BLG625.16,264.394,-22.995,4.101,4.667,51.8,971.1,8282,155281
BLG625.17,265.733,-22.696,5.008,3.776,87.9,1600.3,14068,256144
BLG625.18,265.565,-22.696,4.927,3.908,88.0,1434.2,14081,229494
BLG625.19,265.398,-22.696,4.846,4.039,92.8,1473.5,14849,235783
BLG625.20,265.23,-22.696,4.764,4.17,80.3,1400.6,12849,224118
BLG625.21,265.063,-22.696,4.683,4.302,64.5,1119.3,10323,179149
BLG625.22,264.896,-22.696,4.601,4.433,63.9,1116.7,10225,178689
BLG625.23,264.728,-22.696,4.519,4.564,68.0,1210.5,10883,193746
BLG625.24,264.561,-22.696,4.437,4.695,58.7,1026.6,9390,164234
BLG625.25,264.394,-22.696,4.355,4.826,55.7,974.1,8910,155835
BLG625.26,265.573,-22.375,5.205,4.07,74.9,1255.0,11999,201061
BLG625.27,265.406,-22.375,5.124,4.202,75.7,1326.1,12130,212503
BLG625.28,265.238,-22.375,5.042,4.333,72.3,1242.3,11583,199026
BLG625.29,265.071,-22.375,4.961,4.465,67.0,1135.1,10728,181765
BLG625.30,264.903,-22.375,4.879,4.597,70.2,1190.7,11241,190669
BLG625.31,264.736,-22.375,4.797,4.728,71.0,1232.2,11369,197314
BLG625.32,264.569,-22.375,4.715,4.859,64.5,1185.5,10325,189798
BLG626.01,265.59,-24.547,3.36,2.917,92.8,1894.4,15072,307677
BLG626.02,265.421,-24.547,3.279,3.048,96.3,1775.5,15636,288296
BLG626.03,265.252,-24.547,3.198,3.178,92.5,1628.9,15030,264681
BLG626.04,265.083,-24.547,3.117,3.309,79.0,1365.5,12836,221881
BLG626.05,264.914,-24.547,3.036,3.439,88.5,1594.0,14387,259133
BLG626.06,264.745,-24.547,2.954,3.57,91.0,1764.9,14800,287052
BLG626.07,264.577,-24.547,2.872,3.7,86.8,1571.8,14120,255706
BLG626.08,265.751,-24.226,3.711,2.961,109.2,2011.7,17718,326410
BLG626.09,265.582,-24.226,3.63,3.092,111.4,2019.6,18079,327777
BLG626.10,265.413,-24.226,3.549,3.223,108.4,1931.7,17597,313578
BLG626.11,265.244,-24.226,3.468,3.354,93.5,1632.7,15174,264983
BLG626.12,265.075,-24.226,3.387,3.485,82.6,1470.4,13415,238813
BLG626.13,264.907,-24.226,3.305,3.616,92.9,1659.7,15095,269686
BLG626.14,264.738,-24.226,3.223,3.746,76.5,1267.3,12433,205974
BLG626.15,264.569,-24.226,3.141,3.877,87.0,1519.6,14146,247097
BLG626.16,264.4,-24.226,3.059,4.007,66.2,1246.4,10772,202817
BLG626.17,265.751,-23.927,3.966,3.117,109.5,2038.1,17754,330473
BLG626.18,265.582,-23.927,3.885,3.249,96.0,1837.2,15569,297970
BLG626.19,265.413,-23.927,3.804,3.38,84.1,1512.7,13642,245391
BLG626.20,265.244,-23.927,3.723,3.512,89.8,1661.4,14570,269578
BLG626.21,265.075,-23.927,3.641,3.643,83.1,1485.8,13493,241258
BLG626.22,264.907,-23.927,3.559,3.774,79.3,1441.8,12876,234113
BLG626.23,264.738,-23.927,3.477,3.905,88.5,1699.1,14377,276015
BLG626.24,264.569,-23.927,3.395,4.036,88.1,1478.7,14322,240390
BLG626.25,264.4,-23.927,3.313,4.166,74.9,1398.2,12185,227466
BLG626.26,265.59,-23.605,4.163,3.411,84.3,1494.2,13665,242218
BLG626.27,265.421,-23.605,4.082,3.543,89.5,1556.1,14515,252372
BLG626.28,265.252,-23.605,4.0,3.675,98.3,1681.5,15946,272777
BLG626.29,265.083,-23.605,3.918,3.806,95.9,1626.3,15557,263823
BLG626.30,264.914,-23.605,3.836,3.938,86.8,1567.4,14091,254450
BLG626.31,264.745,-23.605,3.754,4.069,75.2,1351.1,12213,219438
BLG626.32,264.577,-23.605,3.672,4.2,58.7,1061.8,9540,172576
BLG629.01,266.838,-20.24,7.647,4.17,51.0,876.8,8446,145213
BLG629.02,266.674,-20.24,7.568,4.302,38.5,633.3,6374,104861
BLG629.03,266.51,-20.24,7.489,4.434,45.9,750.9,7596,124273
BLG629.04,266.346,-20.24,7.409,4.566,67.0,996.6,11085,164897
BLG629.05,266.182,-20.24,7.329,4.697,68.4,1036.8,11317,171548
BLG629.06,266.018,-20.24,7.249,4.829,60.0,953.2,9932,157790
BLG629.07,265.854,-20.24,7.169,4.96,62.5,956.9,10348,158439
BLG629.08,266.994,-19.919,7.999,4.209,57.7,892.5,9553,147780
BLG629.09,266.83,-19.919,7.92,4.342,59.6,930.3,9863,153965
BLG629.10,266.666,-19.919,7.841,4.474,67.2,996.5,11119,164882
BLG629.11,266.502,-19.919,7.761,4.606,62.5,923.5,10334,152695
BLG629.12,266.338,-19.919,7.681,4.738,71.6,995.5,11835,164561
BLG629.13,266.174,-19.919,7.601,4.87,74.3,1002.9,12279,165744
BLG629.17,266.994,-19.62,8.257,4.363,44.6,779.3,7381,128975
BLG629.18,266.83,-19.62,8.178,4.495,48.8,820.9,8072,135795
BLG629.19,266.666,-19.62,8.098,4.628,53.8,867.1,8893,143336
BLG629.20,266.502,-19.62,8.018,4.76,67.9,987.9,11221,163267
BLG629.21,266.338,-19.62,7.938,4.892,73.2,978.2,12097,161664
BLG629.26,266.838,-19.298,8.458,4.654,43.5,736.3,7190,121715
BLG629.27,266.674,-19.298,8.378,4.787,46.4,761.7,7670,125914
BLG629.28,266.51,-19.298,8.298,4.92,43.9,734.2,7253,121310
BLG630.01,266.85,-21.471,6.596,3.527,69.8,1160.9,11621,193291
BLG630.02,266.685,-21.471,6.516,3.659,60.9,1022.3,10142,170251
BLG630.03,266.519,-21.471,6.437,3.79,64.4,1075.7,10725,179144
BLG630.04,266.354,-21.471,6.357,3.922,61.7,1022.5,10272,170244
BLG630.05,266.189,-21.471,6.277,4.053,70.8,1166.3,11785,194139
BLG630.06,266.024,-21.471,6.197,4.185,82.5,1260.2,13729,209719
BLG630.07,265.859,-21.471,6.117,4.316,88.0,1405.8,14648,233994
BLG630.08,267.007,-21.15,6.948,3.567,86.0,1397.4,14322,232724
BLG630.09,266.842,-21.15,6.868,3.699,78.1,1209.3,13003,201349
BLG630.10,266.677,-21.15,6.789,3.831,58.4,971.3,9721,161683
BLG630.11,266.512,-21.15,6.709,3.963,49.3,814.0,8204,135466
BLG630.12,266.346,-21.15,6.629,4.095,58.7,1003.7,9766,166996
BLG630.13,266.181,-21.15,6.549,4.226,56.8,957.7,9448,159304
BLG630.14,266.016,-21.15,6.469,4.358,57.5,964.4,9566,160454
BLG630.15,265.851,-21.15,6.388,4.49,56.6,950.4,9414,158086
BLG630.16,265.686,-21.15,6.308,4.621,64.5,1026.9,10728,170811
BLG630.17,267.007,-20.85,7.205,3.72,72.2,1127.6,12021,187751
BLG630.18,266.842,-20.85,7.125,3.853,87.6,1332.3,14578,221735
BLG630.19,266.677,-20.85,7.045,3.985,65.3,1031.6,10864,171641
BLG630.20,266.512,-20.85,6.966,4.117,49.4,833.6,8215,138631
BLG630.21,266.346,-20.85,6.886,4.25,37.9,620.4,6302,103175
BLG630.22,266.181,-20.85,6.805,4.382,39.3,659.3,6537,109668
BLG630.23,266.016,-20.85,6.725,4.514,39.3,640.1,6535,106449
BLG630.24,265.851,-20.85,6.644,4.645,47.5,795.9,7897,132327
BLG630.25,265.686,-20.85,6.564,4.777,62.2,1000.2,10346,166370
BLG630.26,266.85,-20.529,7.405,4.012,55.7,887.6,9272,147753
BLG630.27,266.685,-20.529,7.325,4.145,44.2,745.9,7355,124135
BLG630.28,266.519,-20.529,7.245,4.277,34.8,567.3,5788,94366
BLG630.29,266.354,-20.529,7.165,4.41,41.3,671.7,6868,111706
BLG630.30,266.189,-20.529,7.085,4.542,46.3,779.1,7696,129505
BLG630.31,266.024,-20.529,7.004,4.674,48.7,815.4,8095,135539
BLG630.32,265.859,-20.529,6.924,4.806,47.2,771.2,7847,128220
BLG631.01,266.875,-22.702,5.552,2.873,114.7,1896.4,18852,311703
BLG631.02,266.708,-22.702,5.472,3.004,123.2,1967.2,20249,323340
BLG631.03,266.542,-22.702,5.393,3.136,97.0,1583.8,15939,260261
BLG631.04,266.375,-22.702,5.313,3.267,83.6,1469.2,13737,241421
BLG631.05,266.208,-22.702,5.233,3.399,68.3,1109.8,11223,182370
BLG631.06,266.042,-22.702,5.153,3.53,64.9,1076.5,10662,176854
BLG631.07,265.875,-22.702,5.072,3.661,78.7,1294.6,12929,212685
BLG631.08,267.034,-22.38,5.903,2.913,94.3,1633.7,15503,268581
BLG631.09,266.867,-22.38,5.824,3.045,104.0,1622.2,17094,266634
BLG631.10,266.7,-22.38,5.744,3.177,94.2,1583.5,15479,260203
BLG631.11,266.534,-22.38,5.664,3.309,97.7,1596.7,16054,262372
BLG631.12,266.367,-22.38,5.584,3.44,73.7,1201.5,12107,197390
BLG631.13,266.201,-22.38,5.504,3.572,63.8,1050.6,10481,172599
BLG631.14,266.034,-22.38,5.424,3.704,64.7,1068.8,10626,175548
BLG631.15,265.867,-22.38,5.343,3.835,68.7,1165.7,11283,191463
BLG631.16,265.701,-22.38,5.263,3.966,79.7,1430.6,13087,234909
BLG631.17,267.034,-22.081,6.16,3.067,96.0,1576.3,15786,259214
BLG631.18,266.867,-22.081,6.08,3.199,88.3,1483.3,14513,243812
BLG631.19,266.7,-22.081,6.001,3.331,75.4,1274.4,12393,209468
BLG631.20,266.534,-22.081,5.921,3.463,71.3,1238.2,11716,203477
BLG631.21,266.367,-22.081,5.841,3.595,71.7,1289.0,11782,211825
BLG631.22,266.201,-22.081,5.76,3.727,72.3,1254.9,11877,206163
BLG631.23,266.034,-22.081,5.68,3.859,81.4,1397.3,13369,229503
BLG631.24,265.867,-22.081,5.599,3.991,74.6,1197.5,12249,196640
BLG631.25,265.701,-22.081,5.518,4.123,71.4,1299.4,11721,213329
BLG631.26,266.875,-21.76,6.36,3.358,64.9,1017.1,10672,167257
BLG631.27,266.708,-21.76,6.28,3.491,65.0,1051.2,10686,172823
BLG631.28,266.542,-21.76,6.2,3.624,72.6,1174.9,11932,193113
BLG631.29,266.375,-21.76,6.12,3.756,73.3,1160.0,12045,190619
BLG631.30,266.208,-21.76,6.039,3.888,80.4,1276.9,13208,209778
BLG631.31,266.042,-21.76,5.959,4.02,88.2,1413.8,14486,232222
BLG631.32,265.875,-21.76,5.878,4.153,84.0,1307.6,13790,214667
BLG632.01,266.904,-23.932,4.511,2.214,90.7,1478.7,14786,241068
BLG632.02,266.736,-23.932,4.431,2.346,95.3,1505.1,15540,245430
BLG632.03,266.568,-23.932,4.352,2.477,115.3,1968.6,18810,321167
BLG632.04,266.4,-23.932,4.272,2.609,129.5,2197.8,21127,358551
BLG632.05,266.232,-23.932,4.192,2.74,123.4,2067.2,20132,337253
BLG632.06,266.064,-23.932,4.112,2.871,120.7,2042.6,19701,333401
BLG632.07,265.896,-23.932,4.031,3.002,121.2,1945.6,19782,317568
BLG632.08,267.065,-23.611,4.862,2.254,106.4,1722.6,17346,280822
BLG632.09,266.897,-23.611,4.783,2.386,118.3,1992.0,19286,324749
BLG632.10,266.728,-23.611,4.703,2.518,116.3,1872.7,18964,305365
BLG632.11,266.56,-23.611,4.623,2.65,115.2,1946.4,18789,317469
BLG632.12,266.392,-23.611,4.543,2.782,118.4,1964.8,19316,320547
BLG632.13,266.224,-23.611,4.463,2.913,119.2,2008.7,19451,327789
BLG632.14,266.056,-23.611,4.382,3.045,113.7,1920.3,18554,313372
BLG632.15,265.888,-23.611,4.302,3.176,109.5,1783.8,17873,291158
BLG632.16,265.72,-23.611,4.221,3.308,88.8,1550.4,14497,253122
BLG632.17,267.065,-23.312,5.119,2.409,132.1,2029.8,21541,330983
BLG632.18,266.897,-23.312,5.039,2.541,135.9,2122.8,22160,346156
BLG632.19,266.728,-23.312,4.959,2.673,140.6,2152.0,22932,351004
BLG632.20,266.56,-23.312,4.879,2.805,131.6,2106.2,21464,343533
BLG632.21,266.392,-23.312,4.799,2.937,127.7,2028.2,20833,330882
BLG632.22,266.224,-23.312,4.719,3.069,119.2,1874.6,19451,305906
BLG632.23,266.056,-23.312,4.638,3.201,107.9,1725.3,17611,281610
BLG632.24,265.888,-23.312,4.557,3.333,95.6,1623.8,15607,265106
BLG632.25,265.72,-23.312,4.476,3.464,91.0,1525.6,14860,249135
BLG632.26,266.904,-22.99,5.318,2.701,129.2,1926.7,21073,314256
BLG632.27,266.736,-22.99,5.238,2.833,139.9,1952.2,22823,318491
BLG632.28,266.568,-22.99,5.158,2.966,127.1,1862.7,20735,303890
BLG632.29,266.4,-22.99,5.078,3.098,105.3,1658.5,17183,270642
BLG632.30,266.232,-22.99,4.997,3.23,94.8,1565.7,15473,255559
BLG632.31,266.064,-22.99,4.916,3.362,83.6,1443.8,13645,235662
BLG632.32,265.896,-22.99,4.836,3.494,71.8,1230.7,11719,200879
BLG633.01,266.934,-25.163,3.471,1.555,39.6,479.5,6439,77978
BLG633.02,266.765,-25.163,3.391,1.687,40.3,465.3,6553,75669
BLG633.03,266.595,-25.163,3.311,1.818,69.9,786.4,11367,127888
BLG633.04,266.425,-25.163,3.232,1.95,90.2,1132.7,14668,184205
BLG633.05,266.255,-25.163,3.152,2.081,91.3,1199.7,14851,195148
BLG633.06,266.085,-25.163,3.071,2.212,86.3,1186.8,14041,193095
BLG633.07,265.916,-25.163,2.991,2.343,66.5,812.3,10819,132163
BLG633.08,267.096,-24.841,3.822,1.596,48.6,520.3,7914,84735
BLG633.09,266.926,-24.841,3.742,1.728,56.8,561.3,9254,91455
BLG633.10,266.757,-24.841,3.662,1.859,66.0,723.2,10748,117778
BLG633.11,266.587,-24.841,3.583,1.991,73.0,851.4,11888,138657
BLG633.12,266.417,-24.841,3.503,2.123,73.2,929.0,11924,151331
BLG633.13,266.247,-24.841,3.422,2.254,80.7,1086.6,13145,177003
BLG633.14,266.078,-24.841,3.342,2.386,79.9,1096.4,13009,178514
BLG633.15,265.908,-24.841,3.261,2.517,77.5,1066.5,12621,173688
BLG633.16,265.738,-24.841,3.18,2.648,81.0,1223.3,13191,199224
BLG633.17,267.096,-24.542,4.078,1.75,93.2,1057.6,15196,172443
BLG633.18,266.926,-24.542,3.998,1.882,89.2,1021.7,14540,166551
BLG633.19,266.757,-24.542,3.919,2.014,89.8,1135.6,14642,185161
BLG633.20,266.587,-24.542,3.838,2.146,80.1,1059.7,13060,172786
BLG633.21,266.417,-24.542,3.758,2.278,85.3,1168.7,13905,190514
BLG633.22,266.247,-24.542,3.678,2.41,90.8,1562.7,14798,254681
BLG633.23,266.078,-24.542,3.597,2.542,90.7,1543.0,14785,251530
BLG633.24,265.908,-24.542,3.516,2.674,86.5,1341.5,14107,218786
BLG633.25,265.738,-24.542,3.435,2.805,95.0,1628.4,15497,265640
BLG633.26,266.934,-24.221,4.278,2.042,111.8,1821.5,18259,297496
BLG633.27,266.765,-24.221,4.197,2.175,104.4,1761.6,17051,287713
BLG633.28,266.595,-24.221,4.117,2.307,98.6,1647.1,16096,268875
BLG633.29,266.425,-24.221,4.037,2.439,106.0,1761.1,17308,287562
BLG633.30,266.255,-24.221,3.956,2.572,117.2,2044.5,19132,333758
BLG633.31,266.085,-24.221,3.875,2.704,118.0,2029.2,19267,331339
BLG633.32,265.916,-24.221,3.794,2.836,115.3,1952.4,18822,318723
BLG636.01,268.139,-20.856,7.741,2.808,56.0,834.6,9167,136621
BLG636.02,267.975,-20.856,7.663,2.94,61.8,888.5,10116,145444
BLG636.03,267.81,-20.856,7.585,3.073,54.7,881.3,8952,144230
BLG636.04,267.646,-20.856,7.506,3.205,46.1,696.7,7542,113992
BLG636.05,267.481,-20.856,7.428,3.337,58.9,893.8,9634,146206
BLG636.06,267.317,-20.856,7.349,3.469,76.5,1208.3,12510,197612
BLG636.07,267.152,-20.856,7.27,3.601,79.8,1233.6,13050,201741
BLG636.08,268.296,-20.534,8.093,2.844,56.8,864.9,9300,141615
BLG636.09,268.132,-20.534,8.015,2.977,50.7,745.8,8299,122085
BLG636.10,267.967,-20.534,7.937,3.11,53.7,875.1,8788,143224
BLG636.11,267.803,-20.534,7.858,3.243,44.8,689.3,7331,112808
BLG636.12,267.638,-20.534,7.78,3.375,45.0,679.2,7362,111129
BLG636.13,267.474,-20.534,7.701,3.508,49.1,770.2,8031,125987
BLG636.14,267.309,-20.534,7.622,3.64,49.4,795.4,8078,130078
BLG636.15,267.145,-20.534,7.543,3.772,59.6,991.5,9744,162118
BLG636.16,266.98,-20.534,7.463,3.905,49.9,771.7,8158,126172
BLG636.17,268.296,-20.235,8.351,2.996,44.0,621.0,7204,101680
BLG636.18,268.132,-20.235,8.273,3.129,49.3,679.5,8070,111232
BLG636.19,267.967,-20.235,8.195,3.262,51.4,771.1,8414,126226
BLG636.20,267.803,-20.235,8.116,3.395,49.2,742.0,8051,121433
BLG636.21,267.638,-20.235,8.037,3.528,42.8,669.7,7002,109574
BLG636.22,267.474,-20.235,7.958,3.66,46.7,722.8,7639,118234
BLG636.23,267.309,-20.235,7.879,3.793,41.2,638.8,6737,104468
BLG636.24,267.145,-20.235,7.8,3.926,56.7,771.7,9270,126172
BLG636.25,266.98,-20.235,7.721,4.058,52.1,874.6,8518,143005
BLG636.26,268.139,-19.914,8.554,3.285,55.1,885.8,9021,145037
BLG636.27,267.975,-19.914,8.476,3.419,53.5,816.0,8757,133576
BLG636.28,267.81,-19.914,8.397,3.552,56.1,857.4,9181,140319
BLG636.29,267.646,-19.914,8.318,3.685,54.1,828.1,8851,135492
BLG636.30,267.481,-19.914,8.239,3.818,51.7,809.2,8456,132367
BLG636.31,267.317,-19.914,8.16,3.951,49.9,769.4,8160,125826
BLG636.32,267.152,-19.914,8.081,4.084,48.0,762.9,7849,124763
BLG637.01,268.16,-22.086,6.69,2.167,84.2,1251.1,13753,204357
BLG637.02,267.994,-22.086,6.612,2.299,86.0,1301.8,14047,212638
BLG637.03,267.828,-22.086,6.533,2.431,86.6,1405.5,14145,229577
BLG637.04,267.663,-22.086,6.455,2.564,77.7,1238.7,12688,202283
BLG637.05,267.497,-22.086,6.376,2.696,77.4,1276.0,12639,208374
BLG637.06,267.331,-22.086,6.297,2.828,76.7,1285.4,12522,209858
BLG637.07,267.165,-22.086,6.218,2.96,95.2,1489.4,15542,243163
BLG637.08,268.318,-21.765,7.041,2.203,100.3,1454.1,16391,237630
BLG637.09,268.152,-21.765,6.963,2.336,98.0,1440.9,16007,235359
BLG637.10,267.987,-21.765,6.885,2.469,76.7,1160.0,12528,189476
BLG637.11,267.821,-21.765,6.806,2.601,66.3,1045.4,10829,170757
BLG637.12,267.655,-21.765,6.728,2.734,51.7,776.9,8442,126870
BLG637.13,267.489,-21.765,6.649,2.866,45.9,680.8,7493,111149
BLG637.14,267.323,-21.765,6.57,2.999,53.8,820.5,8783,133957
BLG637.15,267.157,-21.765,6.491,3.131,66.2,1104.4,10805,180264
BLG637.16,266.991,-21.765,6.411,3.263,69.5,1088.6,11344,177685
BLG637.17,268.318,-21.466,7.299,2.355,71.6,1095.8,11698,179032
BLG637.18,268.152,-21.466,7.221,2.488,80.9,1253.1,13214,204683
BLG637.19,267.987,-21.466,7.143,2.621,63.6,970.3,10386,158452
BLG637.20,267.821,-21.466,7.064,2.754,62.2,1027.0,10157,167712
BLG637.21,267.655,-21.466,6.985,2.887,63.5,1025.5,10367,167426
BLG637.22,267.489,-21.466,6.906,3.019,64.9,1043.8,10595,170413
BLG637.23,267.323,-21.466,6.827,3.152,66.1,1083.6,10789,176869
BLG637.24,267.157,-21.466,6.748,3.285,81.2,1252.0,13250,204307
BLG637.25,266.991,-21.466,6.668,3.417,77.1,1134.8,12581,185182
BLG637.26,268.16,-21.144,7.502,2.645,60.4,946.9,9868,154705
BLG637.27,267.994,-21.144,7.423,2.778,59.9,944.5,9784,154276
BLG637.28,267.828,-21.144,7.345,2.911,60.2,957.3,9830,156329
BLG637.29,267.663,-21.144,7.266,3.044,51.1,822.2,8342,134234
BLG637.30,267.497,-21.144,7.186,3.178,58.1,967.9,9483,157984
BLG637.31,267.331,-21.144,7.107,3.31,66.9,1125.2,10919,183659
BLG637.32,267.165,-21.144,7.028,3.443,83.7,1321.1,13655,215530
BLG638.01,268.198,-23.317,5.647,1.512,79.6,1173.8,12737,187821
BLG638.02,268.031,-23.317,5.569,1.644,102.4,1566.4,16385,250652
BLG638.03,267.863,-23.317,5.49,1.776,105.3,1594.8,16849,255204
BLG638.04,267.696,-23.317,5.412,1.908,92.9,1465.8,14872,234657
BLG638.05,267.528,-23.317,5.333,2.04,99.3,1582.4,15897,253332
BLG638.06,267.361,-23.317,5.254,2.172,110.1,1792.4,17634,287098
BLG638.07,267.194,-23.317,5.175,2.304,112.3,1708.9,17987,273724
BLG638.08,268.358,-22.995,5.998,1.548,84.7,1330.4,13553,212895
BLG638.09,268.19,-22.995,5.92,1.681,94.8,1476.1,15169,236194
BLG638.10,268.023,-22.995,5.842,1.814,95.8,1501.2,15329,240227
BLG638.11,267.855,-22.995,5.763,1.946,102.2,1594.5,16349,255094
BLG638.12,267.688,-22.995,5.685,2.079,102.0,1620.9,16317,259309
BLG638.13,267.521,-22.995,5.606,2.211,85.2,1412.1,13640,226068
BLG638.14,267.353,-22.995,5.527,2.344,103.6,1711.4,16581,273926
BLG638.15,267.186,-22.995,5.447,2.476,109.6,1754.1,17550,280887
BLG638.16,267.019,-22.995,5.368,2.608,118.5,1975.0,18975,316268
BLG638.17,268.358,-22.696,6.256,1.7,79.8,1297.3,12763,207492
BLG638.18,268.19,-22.696,6.178,1.833,94.5,1422.8,15110,227517
BLG638.19,268.023,-22.696,6.099,1.966,110.5,1735.7,17677,277675
BLG638.20,267.855,-22.696,6.021,2.099,101.4,1628.8,16221,260581
BLG638.21,267.688,-22.696,5.942,2.232,87.4,1494.3,13982,239056
BLG638.22,267.521,-22.696,5.863,2.364,95.6,1622.3,15297,259597
BLG638.23,267.353,-22.696,5.784,2.497,100.4,1707.3,16069,273261
BLG638.24,267.186,-22.696,5.704,2.63,98.4,1720.7,15756,275531
BLG638.25,267.019,-22.696,5.625,2.762,111.4,1841.6,17834,294827
BLG638.26,268.198,-22.375,6.459,1.99,106.7,1710.7,17061,273546
BLG638.27,268.031,-22.375,6.38,2.123,105.3,1719.2,16837,274897
BLG638.28,267.863,-22.375,6.301,2.257,86.4,1401.3,13822,224178
BLG638.29,267.696,-22.375,6.222,2.39,74.4,1116.9,11899,178636
BLG638.30,267.528,-22.375,6.143,2.523,73.8,1294.7,11803,207066
BLG638.31,267.361,-22.375,6.063,2.656,78.0,1407.7,12481,225254
BLG638.32,267.194,-22.375,5.984,2.788,79.8,1373.3,12769,219749
BLG639.01,268.24,-24.547,4.606,0.853,25.2,272.8,4107,44469
BLG639.02,268.071,-24.547,4.528,0.986,28.9,297.1,4712,48442
BLG639.03,267.902,-24.547,4.45,1.118,35.7,357.2,5816,58200
BLG639.04,267.733,-24.547,4.371,1.25,42.0,421.3,6846,68677
BLG639.05,267.564,-24.547,4.293,1.382,46.2,458.2,7527,74656
BLG639.06,267.395,-24.547,4.214,1.514,60.1,599.4,9790,97639
BLG639.07,267.227,-24.547,4.135,1.646,79.9,801.6,13015,130577
BLG639.08,268.401,-24.226,4.958,0.89,33.7,337.9,5496,55108
BLG639.09,268.232,-24.226,4.88,1.023,37.1,356.7,6049,58160
BLG639.10,268.063,-24.226,4.801,1.155,43.1,433.5,7024,70649
BLG639.11,267.894,-24.226,4.723,1.288,63.0,617.7,10267,100669
BLG639.12,267.725,-24.226,4.644,1.42,63.8,655.9,10392,106843
BLG639.13,267.557,-24.226,4.565,1.553,78.3,792.8,12751,129113
BLG639.14,267.388,-24.226,4.486,1.685,89.1,1202.2,14503,195702
BLG639.15,267.219,-24.226,4.407,1.817,108.1,1605.0,17592,261199
BLG639.16,267.05,-24.226,4.327,1.949,113.7,1790.8,18512,291582
BLG639.17,268.401,-23.927,5.216,1.042,34.7,339.6,5657,55372
BLG639.18,268.232,-23.927,5.137,1.175,43.3,424.9,7058,69264
BLG639.19,268.063,-23.927,5.059,1.308,68.8,698.8,11212,113886
BLG639.20,267.894,-23.927,4.98,1.44,92.2,1199.5,15026,195487
BLG639.21,267.725,-23.927,4.901,1.573,92.3,1275.3,15035,207741
BLG639.22,267.557,-23.927,4.822,1.706,93.2,1334.8,15181,217433
BLG639.23,267.388,-23.927,4.743,1.838,108.8,1633.5,17710,265901
BLG639.24,267.219,-23.927,4.663,1.971,119.9,1944.7,19517,316558
BLG639.25,267.05,-23.927,4.584,2.103,101.7,1704.8,16546,277374
BLG639.26,268.24,-23.605,5.418,1.332,55.6,549.4,9076,89687
BLG639.27,268.071,-23.605,5.339,1.465,84.1,958.1,13722,156332
BLG639.28,267.902,-23.605,5.26,1.598,104.8,1486.1,17096,242427
BLG639.29,267.733,-23.605,5.181,1.731,102.8,1519.2,16761,247700
BLG639.30,267.564,-23.605,5.102,1.864,100.2,1613.0,16326,262814
BLG639.31,267.395,-23.605,5.023,1.997,112.9,1770.2,18390,288366
BLG639.32,267.227,-23.605,4.943,2.13,111.9,1741.3,18219,283524
BLG641.01,269.446,-21.471,7.823,1.446,36.4,387.4,5947,63296
BLG641.02,269.28,-21.471,7.746,1.579,46.6,530.1,7612,86591
BLG641.03,269.115,-21.471,7.669,1.712,54.6,658.1,8916,107473
BLG641.04,268.95,-21.471,7.592,1.845,67.9,977.9,11086,159661
BLG641.05,268.785,-21.471,7.514,1.978,67.8,1038.5,11072,169587
BLG641.06,268.62,-21.471,7.437,2.11,72.5,1095.3,11839,178879
BLG641.07,268.454,-21.471,7.359,2.243,71.8,1109.4,11722,181129
BLG641.08,269.603,-21.15,8.175,1.479,57.4,780.8,9389,127716
BLG641.09,269.438,-21.15,8.098,1.613,74.1,1037.0,12118,169593
BLG641.10,269.273,-21.15,8.021,1.746,76.6,1105.3,12524,180719
BLG641.11,269.108,-21.15,7.944,1.879,69.1,984.2,11295,160881
BLG641.12,268.942,-21.15,7.866,2.013,63.4,894.0,10365,146178
BLG641.13,268.777,-21.15,7.789,2.146,68.7,1045.8,11229,170956
BLG641.14,268.612,-21.15,7.711,2.279,59.9,900.0,9789,147080
BLG641.15,268.447,-21.15,7.633,2.412,59.0,874.4,9644,142929
BLG641.16,268.281,-21.15,7.555,2.545,57.9,951.1,9462,155437
BLG641.17,269.603,-20.85,8.434,1.628,73.9,1046.2,12100,171292
BLG641.18,269.438,-20.85,8.357,1.762,88.7,1278.5,14519,209294
BLG641.19,269.273,-20.85,8.28,1.896,83.8,1270.2,13714,207868
BLG641.20,269.108,-20.85,8.203,2.03,80.8,1177.1,13220,192594
BLG641.21,268.942,-20.85,8.125,2.163,87.0,1312.8,14231,214753
BLG641.22,268.777,-20.85,8.047,2.296,79.3,1238.8,12968,202583
BLG641.23,268.612,-20.85,7.969,2.43,73.5,1172.9,12017,191769
BLG641.24,268.447,-20.85,7.891,2.563,67.4,1093.2,11017,178694
BLG641.25,268.281,-20.85,7.813,2.696,55.2,940.2,9018,153618
BLG641.26,269.446,-20.529,8.639,1.917,76.1,1111.9,12460,182058
BLG641.27,269.28,-20.529,8.562,2.051,76.6,1107.9,12539,181359
BLG641.28,269.115,-20.529,8.484,2.185,84.5,1256.2,13825,205528
BLG641.29,268.95,-20.529,8.407,2.318,70.3,1075.8,11499,175985
BLG641.30,268.785,-20.529,8.329,2.452,74.1,1119.8,12118,183139
BLG641.31,268.62,-20.529,8.251,2.586,68.2,1056.7,11150,172762
BLG641.32,268.454,-20.529,8.173,2.719,58.1,958.1,9494,156581
BLG642.01,269.479,-22.702,6.773,0.804,16.0,140.2,2650,23224
BLG642.02,269.312,-22.702,6.696,0.937,20.2,170.8,3346,28293
BLG642.03,269.146,-22.702,6.619,1.07,18.8,166.0,3115,27511
BLG642.04,268.979,-22.702,6.542,1.202,40.3,368.4,6680,61070
BLG642.05,268.813,-22.702,6.464,1.335,50.6,498.6,8385,82633
BLG642.06,268.646,-22.702,6.386,1.468,58.4,590.0,9683,97828
BLG642.07,268.479,-22.702,6.309,1.601,73.7,952.0,12223,157881
BLG642.08,269.638,-22.38,7.125,0.837,18.8,161.9,3114,26818
BLG642.09,269.471,-22.38,7.048,0.97,13.8,108.9,2286,18043
BLG642.10,269.305,-22.38,6.971,1.104,15.7,134.9,2601,22356
BLG642.11,269.138,-22.38,6.893,1.237,23.0,219.0,3812,36303
BLG642.12,268.971,-22.38,6.816,1.37,44.3,406.8,7345,67450
BLG642.13,268.805,-22.38,6.738,1.503,50.4,487.5,8358,80850
BLG642.14,268.638,-22.38,6.66,1.636,75.5,960.5,12524,159335
BLG642.15,268.472,-22.38,6.582,1.769,76.5,1020.8,12693,169371
BLG642.16,268.305,-22.38,6.504,1.902,98.5,1521.4,16347,252503
BLG642.17,269.638,-22.081,7.384,0.986,19.1,138.8,3164,22997
BLG642.18,269.471,-22.081,7.307,1.12,15.0,117.9,2485,19539
BLG642.19,269.305,-22.081,7.229,1.254,24.8,207.9,4111,34463
BLG642.20,269.138,-22.081,7.152,1.387,44.4,375.7,7365,62322
BLG642.21,268.971,-22.081,7.074,1.521,56.5,567.1,9372,94073
BLG642.22,268.805,-22.081,6.997,1.654,58.9,607.8,9772,100849
BLG642.23,268.638,-22.081,6.919,1.788,72.2,980.1,11982,162670
BLG642.24,268.472,-22.081,6.841,1.921,76.3,1102.3,12666,182987
BLG642.25,268.305,-22.081,6.762,2.054,83.1,1241.8,13798,206202
BLG642.26,269.479,-21.76,7.589,1.275,25.5,218.9,4230,36312
BLG642.27,269.312,-21.76,7.511,1.409,43.4,427.7,7199,70949
BLG642.28,269.146,-21.76,7.434,1.542,75.6,962.0,12540,159573
BLG642.29,268.979,-21.76,7.356,1.676,79.7,1103.7,13224,183131
BLG642.30,268.813,-21.76,7.278,1.81,83.4,1232.4,13841,204535
BLG642.31,268.646,-21.76,7.2,1.944,72.8,1014.8,12085,168461
BLG642.32,268.479,-21.76,7.122,2.077,78.9,1191.5,13097,197803
BLG643.01,269.529,-23.932,5.73,0.148,13.4,125.5,2194,20549
BLG643.02,269.361,-23.932,5.653,0.281,19.7,147.5,3225,24152
BLG643.03,269.193,-23.932,5.576,0.414,21.0,182.0,3438,29801
BLG643.04,269.025,-23.932,5.499,0.547,19.1,186.3,3126,30498
BLG643.05,268.857,-23.932,5.422,0.68,17.4,190.5,2849,31200
BLG643.06,268.689,-23.932,5.344,0.812,20.8,221.5,3405,36269
BLG643.07,268.521,-23.932,5.266,0.945,30.4,321.5,4976,52631
BLG643.08,269.69,-23.611,6.082,0.181,12.8,118.3,2097,19389
BLG643.09,269.522,-23.611,6.005,0.315,29.7,281.8,4870,46209
BLG643.10,269.353,-23.611,5.928,0.448,29.1,272.9,4770,44739
BLG643.11,269.185,-23.611,5.851,0.582,16.0,180.8,2623,29647
BLG643.12,269.017,-23.611,5.773,0.715,28.6,313.8,4688,51444
BLG643.13,268.849,-23.611,5.696,0.848,23.0,237.9,3770,39001
BLG643.14,268.681,-23.611,5.618,0.981,40.1,395.9,6577,64935
BLG643.15,268.513,-23.611,5.54,1.114,49.8,517.9,8166,84925
BLG643.16,268.345,-23.611,5.462,1.247,49.5,542.8,8122,89072
BLG643.17,269.69,-23.312,6.341,0.331,27.5,255.2,4513,41887
BLG643.18,269.522,-23.312,6.264,0.465,42.1,401.9,6913,65998
BLG643.19,269.353,-23.312,6.187,0.598,42.5,434.2,6977,71285
BLG643.20,269.185,-23.312,6.109,0.732,45.9,472.9,7539,77676
BLG643.21,269.017,-23.312,6.032,0.865,56.9,603.4,9346,99112
BLG643.22,268.849,-23.312,5.954,0.999,63.4,667.4,10413,109624
BLG643.23,268.681,-23.312,5.876,1.132,63.3,644.4,10402,105896
BLG643.24,268.513,-23.312,5.798,1.265,87.3,959.2,14342,157591
BLG643.25,268.345,-23.312,5.72,1.398,71.5,806.1,11752,132501
BLG643.26,269.529,-22.99,6.546,0.619,31.6,309.7,5199,50954
BLG643.27,269.361,-22.99,6.469,0.753,33.9,343.6,5577,56532
BLG643.28,269.193,-22.99,6.391,0.887,24.5,249.8,4031,41109
BLG643.29,269.025,-22.99,6.313,1.021,33.3,341.4,5480,56183
BLG643.30,268.857,-22.99,6.235,1.154,49.9,532.4,8213,87637
BLG643.31,268.689,-22.99,6.157,1.288,70.9,784.3,11670,129102
BLG643.32,268.521,-22.99,6.079,1.422,74.1,785.2,12194,129220
BLG644.01,269.888,-26.01,4.092,-1.17,40.8,398.1,6637,64776
BLG644.02,269.717,-26.01,4.015,-1.037,16.3,147.1,2649,23914
BLG644.03,269.546,-26.01,3.938,-0.904,23.7,174.4,3853,28361
BLG644.04,269.375,-26.01,3.861,-0.771,38.4,261.6,6244,42548
BLG644.05,269.204,-26.01,3.784,-0.638,41.6,292.4,6764,47548
BLG644.06,269.033,-26.01,3.707,-0.505,31.8,196.4,5168,31914
BLG644.07,268.862,-26.01,3.63,-0.372,30.5,186.4,4958,30312
BLG644.08,270.051,-25.688,4.443,-1.138,41.2,375.9,6714,61265
BLG644.09,269.88,-25.688,4.367,-1.004,18.7,151.6,3045,24693
BLG644.10,269.709,-25.688,4.29,-0.87,25.0,181.7,4072,29596
BLG644.11,269.538,-25.688,4.213,-0.737,32.0,218.7,5212,35614
BLG644.12,269.367,-25.688,4.136,-0.603,38.5,256.2,6269,41729
BLG644.13,269.196,-25.688,4.059,-0.47,31.4,174.6,5113,28433
BLG644.14,269.025,-25.688,3.981,-0.337,32.9,198.1,5357,32251
BLG644.15,268.854,-25.688,3.904,-0.204,19.8,123.7,3225,20140
BLG644.16,268.683,-25.688,3.826,-0.071,20.6,124.3,3354,20242
BLG644.17,270.051,-25.389,4.703,-0.989,32.8,240.7,5352,39272
BLG644.18,269.88,-25.389,4.626,-0.855,39.5,273.3,6446,44600
BLG644.19,269.709,-25.389,4.549,-0.721,36.5,254.9,5956,41597
BLG644.20,269.538,-25.389,4.472,-0.587,29.5,189.6,4811,30926
BLG644.21,269.367,-25.389,4.395,-0.454,21.5,141.7,3507,23119
BLG644.22,269.196,-25.389,4.318,-0.32,23.9,150.9,3897,24616
BLG644.23,269.025,-25.389,4.24,-0.187,23.1,161.9,3767,26410
BLG644.24,268.854,-25.389,4.162,-0.053,17.5,109.1,2854,17796
BLG644.25,268.683,-25.389,4.084,0.08,27.7,195.0,4516,31792
BLG644.26,269.888,-25.068,4.909,-0.701,42.9,251.7,7012,41143
BLG644.27,269.717,-25.068,4.832,-0.567,38.4,251.7,6277,41143
BLG644.28,269.546,-25.068,4.754,-0.433,23.0,157.8,3758,25780
BLG644.29,269.375,-25.068,4.677,-0.299,15.1,94.7,2467,15472
BLG644.30,269.204,-25.068,4.599,-0.165,14.6,104.0,2386,16996
BLG644.31,269.033,-25.068,4.521,-0.031,18.0,102.8,2940,16784
BLG644.32,268.862,-25.068,4.443,0.103,18.1,122.2,2955,19956
BLG645.01,269.893,-27.24,3.026,-1.786,178.1,2349.7,28666,378198
BLG645.02,269.721,-27.24,2.95,-1.653,163.3,2006.8,26277,322928
BLG645.03,269.548,-27.24,2.873,-1.52,118.4,1364.2,19052,219522
BLG645.04,269.375,-27.24,2.796,-1.387,95.9,898.2,15439,144604
BLG645.05,269.202,-27.24,2.719,-1.254,54.5,494.3,8776,79598
BLG645.06,269.029,-27.24,2.642,-1.121,33.2,307.8,5343,49541
BLG645.07,268.857,-27.24,2.565,-0.988,27.1,207.0,4363,33333
BLG645.08,270.058,-26.919,3.378,-1.754,108.4,1434.1,17443,230764
BLG645.09,269.885,-26.919,3.301,-1.62,139.7,1860.0,22469,299154
BLG645.10,269.712,-26.919,3.225,-1.487,126.8,1588.9,20394,255558
BLG645.11,269.54,-26.919,3.148,-1.353,83.3,700.7,13397,112700
BLG645.12,269.367,-26.919,3.071,-1.22,57.4,471.2,9229,75769
BLG645.13,269.194,-26.919,2.994,-1.086,33.4,273.6,5373,44016
BLG645.14,269.021,-26.919,2.916,-0.953,33.2,292.6,5341,47072
BLG645.15,268.849,-26.919,2.839,-0.82,22.3,191.9,3586,30865
BLG645.16,268.676,-26.919,2.761,-0.687,10.5,87.1,1689,14015
BLG645.17,270.058,-26.62,3.638,-1.605,64.2,729.8,10328,117409
BLG645.18,269.885,-26.62,3.561,-1.471,109.7,1411.6,17648,227096
BLG645.19,269.712,-26.62,3.484,-1.338,94.9,943.4,15263,151736
BLG645.20,269.54,-26.62,3.407,-1.204,48.5,427.8,7800,68807
BLG645.21,269.367,-26.62,3.33,-1.07,20.5,150.9,3296,24264
BLG645.22,269.194,-26.62,3.252,-0.936,13.6,93.7,2186,15067
BLG645.23,269.021,-26.62,3.175,-0.803,18.9,124.2,3039,19971
BLG645.24,268.849,-26.62,3.097,-0.669,16.5,122.8,2652,19741
BLG645.25,268.676,-26.62,3.019,-0.536,15.0,115.2,2412,18528
BLG645.26,269.893,-26.298,3.844,-1.318,66.9,724.2,10757,116452
BLG645.27,269.721,-26.298,3.766,-1.184,44.6,423.8,7173,68164
BLG645.28,269.548,-26.298,3.689,-1.049,13.6,132.4,2186,21285
BLG645.29,269.375,-26.298,3.612,-0.915,27.3,226.7,4388,36444
BLG645.30,269.202,-26.298,3.534,-0.781,29.7,216.9,4773,34861
BLG645.31,269.029,-26.298,3.456,-0.647,29.1,174.6,4677,28062
BLG645.32,268.857,-26.298,3.378,-0.514,22.0,133.9,3535,21515
BLG646.01,271.245,-26.625,4.156,-2.531,151.5,2008.1,24955,330776
BLG646.02,271.073,-26.625,4.081,-2.397,121.4,1619.8,19997,266806
BLG646.03,270.901,-26.625,4.005,-2.264,120.6,1477.7,19865,243408
BLG646.04,270.729,-26.625,3.93,-2.13,110.3,1433.8,18164,236127
BLG646.05,270.557,-26.625,3.854,-1.996,121.4,1626.2,19992,267796
BLG646.06,270.386,-26.625,3.778,-1.862,109.4,1471.9,18016,242393
BLG646.07,270.214,-26.625,3.702,-1.729,84.8,1011.5,13964,166574
BLG646.08,271.408,-26.304,4.508,-2.503,127.5,1573.9,21001,259262
BLG646.09,271.237,-26.304,4.433,-2.368,114.9,1467.1,18921,241603
BLG646.10,271.065,-26.304,4.358,-2.234,102.5,1438.2,16879,236835
BLG646.11,270.893,-26.304,4.282,-2.1,84.4,1070.8,13899,176340
BLG646.12,270.721,-26.304,4.206,-1.965,94.0,1264.8,15480,208296
BLG646.13,270.549,-26.304,4.13,-1.831,88.4,1042.2,14557,171622
BLG646.14,270.378,-26.304,4.054,-1.697,86.0,1030.0,14159,169573
BLG646.15,270.206,-26.304,3.978,-1.564,54.8,525.9,9022,86585
BLG646.16,270.034,-26.304,3.902,-1.43,56.2,572.6,9252,94274
BLG646.17,271.408,-26.005,4.77,-2.357,115.8,1748.4,19079,288066
BLG646.18,271.237,-26.005,4.694,-2.222,108.2,1427.0,17822,235056
BLG646.19,271.065,-26.005,4.619,-2.087,41.6,416.5,6850,68589
BLG646.20,270.893,-26.005,4.543,-1.953,35.1,337.5,5780,55579
BLG646.21,270.721,-26.005,4.467,-1.818,63.2,676.8,10407,111447
BLG646.22,270.549,-26.005,4.391,-1.684,47.9,510.9,7888,84135
BLG646.23,270.378,-26.005,4.314,-1.55,46.4,463.4,7639,76295
BLG646.24,270.206,-26.005,4.238,-1.415,49.8,518.0,8197,85263
BLG646.25,270.034,-26.005,4.161,-1.281,62.3,611.7,10254,100687
BLG646.26,271.245,-25.683,4.978,-2.071,87.1,1059.0,14350,174489
BLG646.27,271.073,-25.683,4.902,-1.936,55.6,601.1,9158,99013
BLG646.28,270.901,-25.683,4.826,-1.801,51.2,509.7,8431,83937
BLG646.29,270.729,-25.683,4.75,-1.666,47.5,512.2,7822,84349
BLG646.30,270.557,-25.683,4.674,-1.532,32.2,329.9,5301,54315
BLG646.31,270.386,-25.683,4.597,-1.397,22.1,227.4,3637,37430
BLG646.32,270.214,-25.683,4.521,-1.262,39.2,346.7,6452,57067
BLG647.01,268.532,-26.625,2.949,-0.428,14.6,91.5,2383,14926
BLG647.02,268.36,-26.625,2.872,-0.295,9.3,57.8,1517,9434
BLG647.03,268.188,-26.625,2.793,-0.163,10.1,75.3,1648,12295
BLG647.04,268.017,-26.625,2.715,-0.031,13.2,72.8,2153,11876
BLG647.05,267.845,-26.625,2.637,0.101,13.4,92.0,2186,15013
BLG647.06,267.673,-26.625,2.558,0.233,10.8,60.0,1762,9782
BLG647.07,267.501,-26.625,2.48,0.365,12.7,82.8,2072,13523
BLG647.08,268.696,-26.304,3.301,-0.392,20.0,130.2,3266,21262
BLG647.09,268.524,-26.304,3.223,-0.259,21.9,122.3,3575,19967
BLG647.10,268.352,-26.304,3.145,-0.126,17.6,104.5,2872,17065
BLG647.11,268.18,-26.304,3.067,0.007,17.4,98.0,2839,15992
BLG647.12,268.009,-26.304,2.988,0.139,14.8,91.3,2414,14903
BLG647.13,267.837,-26.304,2.909,0.272,15.7,83.5,2562,13617
BLG647.14,267.665,-26.304,2.831,0.404,13.8,79.4,2251,12956
BLG647.15,267.493,-26.304,2.752,0.536,12.0,105.8,1958,17273
BLG647.16,267.321,-26.304,2.673,0.668,10.1,113.9,1648,18591
BLG647.17,268.696,-26.005,3.559,-0.241,29.1,163.8,4754,26761
BLG647.18,268.524,-26.005,3.481,-0.107,19.2,115.0,3134,18783
BLG647.19,268.352,-26.005,3.403,0.026,19.5,112.9,3182,18436
BLG647.20,268.18,-26.005,3.324,0.159,18.7,123.6,3051,20169
BLG647.21,268.009,-26.005,3.245,0.292,17.0,118.1,2774,19276
BLG647.22,267.837,-26.005,3.167,0.424,16.7,132.0,2725,21545
BLG647.23,267.665,-26.005,3.088,0.557,15.6,127.4,2545,20797
BLG647.24,267.493,-26.005,3.008,0.69,15.4,169.5,2513,27659
BLG647.25,267.321,-26.005,2.929,0.822,13.1,143.1,2137,23351
BLG647.26,268.532,-25.683,3.762,0.049,24.6,150.2,4017,24536
BLG647.27,268.36,-25.683,3.683,0.183,26.9,191.9,4391,31338
BLG647.28,268.188,-25.683,3.604,0.316,22.1,167.4,3607,27323
BLG647.29,268.017,-25.683,3.526,0.449,23.1,186.9,3770,30506
BLG647.30,267.845,-25.683,3.447,0.582,36.3,360.6,5925,58866
BLG647.31,267.673,-25.683,3.367,0.716,25.3,268.9,4129,43890
BLG647.32,267.501,-25.683,3.288,0.848,13.2,140.4,2154,22919
BLG648.01,267.168,-27.24,1.799,0.303,8.8,53.2,1437,8689
BLG648.02,266.996,-27.24,1.72,0.435,11.5,63.8,1877,10418
BLG648.03,266.823,-27.24,1.64,0.566,17.0,134.5,2775,21958
BLG648.04,266.65,-27.24,1.561,0.697,24.9,246.6,4063,40241
BLG648.05,266.477,-27.24,1.481,0.829,29.3,316.3,4781,51615
BLG648.06,266.304,-27.24,1.401,0.96,38.8,390.9,6328,63758
BLG648.07,266.132,-27.24,1.321,1.091,47.7,499.1,7778,81386
BLG648.08,267.333,-26.919,2.15,0.343,10.5,79.6,1715,13005
BLG648.09,267.16,-26.919,2.071,0.475,16.5,125.1,2695,20434
BLG648.10,266.987,-26.919,1.991,0.607,23.1,218.8,3772,35722
BLG648.11,266.815,-26.919,1.912,0.739,40.2,403.3,6561,65828
BLG648.12,266.642,-26.919,1.832,0.87,46.3,451.5,7555,73678
BLG648.13,266.469,-26.919,1.752,1.002,71.5,683.5,11667,111536
BLG648.14,266.296,-26.919,1.671,1.133,89.6,969.3,14614,158098
BLG648.15,266.124,-26.919,1.591,1.265,82.7,912.1,13485,148732
BLG648.16,265.951,-26.919,1.51,1.396,97.1,1063.0,15829,173305
BLG648.17,267.333,-26.62,2.407,0.497,15.7,141.1,2565,23058
BLG648.18,267.16,-26.62,2.327,0.629,23.6,248.3,3854,40565
BLG648.19,266.987,-26.62,2.248,0.761,39.6,372.1,6466,60765
BLG648.20,266.815,-26.62,2.168,0.894,45.3,431.9,7394,70496
BLG648.21,266.642,-26.62,2.088,1.026,61.8,694.1,10084,113266
BLG648.22,266.469,-26.62,2.007,1.158,87.8,886.3,14324,144595
BLG648.23,266.296,-26.62,1.927,1.289,107.5,1165.8,17533,190157
BLG648.24,266.124,-26.62,1.846,1.421,83.0,898.8,13531,146520
BLG648.25,265.951,-26.62,1.765,1.553,102.5,1161.0,16706,189237
BLG648.26,267.168,-26.298,2.606,0.789,15.2,185.6,2483,30330
BLG648.27,266.996,-26.298,2.526,0.921,29.3,288.9,4785,47189
BLG648.28,266.823,-26.298,2.446,1.054,48.1,416.3,7852,67966
BLG648.29,266.65,-26.298,2.366,1.186,82.2,806.0,13417,131566
BLG648.30,266.477,-26.298,2.286,1.319,86.7,985.8,14148,160875
BLG648.31,266.304,-26.298,2.205,1.451,95.7,1048.1,15609,170943
BLG648.32,266.132,-26.298,2.124,1.583,105.5,1200.3,17203,195736
BLG649.01,267.141,-28.471,0.732,-0.311,28.0,167.4,4624,27647
BLG649.02,266.966,-28.471,0.653,-0.179,21.7,135.2,3584,22334
BLG649.03,266.791,-28.471,0.574,-0.048,21.9,129.4,3617,21376
BLG649.04,266.617,-28.471,0.494,0.083,16.4,106.7,2707,17618
BLG649.05,266.442,-28.471,0.414,0.215,13.9,95.3,2294,15731
BLG649.06,266.267,-28.471,0.334,0.346,18.5,116.3,3053,19193
BLG649.07,266.093,-28.471,0.254,0.477,13.5,96.4,2228,15913
BLG649.08,267.307,-28.15,1.083,-0.271,32.0,196.2,5287,32419
BLG649.09,267.133,-28.15,1.004,-0.139,28.4,171.0,4690,28242
BLG649.10,266.958,-28.15,0.924,-0.007,23.5,132.3,3880,21845
BLG649.11,266.783,-28.15,0.845,0.125,21.7,117.0,3582,19314
BLG649.12,266.609,-28.15,0.765,0.257,18.9,112.6,3120,18592
BLG649.13,266.434,-28.15,0.685,0.388,15.9,108.6,2624,17923
BLG649.14,266.259,-28.15,0.604,0.52,16.5,131.2,2722,21647
BLG649.15,266.084,-28.15,0.524,0.651,15.8,148.9,2607,24573
BLG649.16,265.91,-28.15,0.443,0.782,20.8,240.7,3431,39714
BLG649.17,267.307,-27.85,1.34,-0.117,37.3,225.2,6163,37211
BLG649.18,267.133,-27.85,1.26,0.016,28.2,176.4,4659,29148
BLG649.19,266.958,-27.85,1.18,0.148,25.9,142.5,4276,23529
BLG649.20,266.783,-27.85,1.101,0.28,21.0,109.9,3466,18142
BLG649.21,266.609,-27.85,1.02,0.412,12.1,76.9,1997,12697
BLG649.22,266.434,-27.85,0.94,0.544,13.7,99.8,2261,16470
BLG649.23,266.259,-27.85,0.86,0.676,13.2,128.7,2177,21235
BLG649.24,266.084,-27.85,0.779,0.807,20.8,224.8,3432,37100
BLG649.25,265.91,-27.85,0.698,0.939,53.0,584.8,8742,96458
BLG649.26,267.141,-27.529,1.539,0.175,17.7,117.2,2924,19366
BLG649.27,266.966,-27.529,1.459,0.308,14.2,99.8,2345,16482
BLG649.28,266.791,-27.529,1.379,0.44,15.0,105.6,2476,17432
BLG649.29,266.617,-27.529,1.299,0.573,22.4,185.3,3698,30596
BLG649.30,266.442,-27.529,1.218,0.705,31.0,329.3,5117,54360
BLG649.31,266.267,-27.529,1.137,0.837,25.7,299.5,4240,49416
BLG649.32,266.093,-27.529,1.056,0.969,47.7,509.4,7872,84061
BLG650.01,267.122,-29.702,-0.33,-0.931,49.9,455.3,8206,74876
BLG650.02,266.945,-29.702,-0.41,-0.8,34.3,240.8,5634,39554
BLG650.03,266.768,-29.702,-0.489,-0.668,26.2,175.6,4303,28836
BLG650.04,266.592,-29.702,-0.569,-0.537,25.5,153.6,4187,25216
BLG650.05,266.415,-29.702,-0.649,-0.406,18.9,135.1,3101,22162
BLG650.06,266.238,-29.702,-0.729,-0.275,14.0,92.8,2298,15236
BLG650.07,266.061,-29.702,-0.809,-0.144,11.6,78.8,1904,12926
BLG650.08,267.29,-29.38,0.021,-0.891,63.4,522.2,10419,85818
BLG650.09,267.114,-29.38,-0.059,-0.759,39.2,291.2,6434,47799
BLG650.10,266.937,-29.38,-0.138,-0.627,31.2,201.5,5120,33067
BLG650.11,266.76,-29.38,-0.218,-0.496,27.1,179.8,4446,29491
BLG650.12,266.583,-29.38,-0.298,-0.364,33.5,213.9,5493,35077
BLG650.13,266.407,-29.38,-0.378,-0.233,20.4,130.7,3343,21418
BLG650.14,266.23,-29.38,-0.459,-0.101,16.0,110.2,2621,18067
BLG650.15,266.053,-29.38,-0.539,0.03,14.4,79.3,2359,12992
BLG650.16,265.876,-29.38,-0.62,0.161,10.0,69.0,1638,11307
BLG650.17,267.29,-29.081,0.277,-0.737,52.6,367.5,8632,60302
BLG650.18,267.114,-29.081,0.198,-0.605,35.0,234.9,5739,38521
BLG650.19,266.937,-29.081,0.118,-0.473,29.8,199.6,4884,32717
BLG650.20,266.76,-29.081,0.038,-0.341,27.3,176.4,4473,28899
BLG650.21,266.583,-29.081,-0.042,-0.209,26.2,175.2,4291,28705
BLG650.22,266.407,-29.081,-0.123,-0.077,20.7,139.4,3389,22819
BLG650.23,266.23,-29.081,-0.203,0.055,15.6,103.2,2554,16891
BLG650.24,266.053,-29.081,-0.284,0.187,12.2,76.9,1996,12584
BLG650.25,265.876,-29.081,-0.365,0.318,11.8,88.2,1930,14433
BLG650.26,267.122,-28.76,0.477,-0.445,31.8,197.5,5210,32358
BLG650.27,266.945,-28.76,0.397,-0.313,26.8,156.2,4388,25587
BLG650.28,266.768,-28.76,0.316,-0.18,22.6,135.4,3698,22149
BLG650.29,266.592,-28.76,0.236,-0.048,17.3,111.6,2831,18262
BLG650.30,266.415,-28.76,0.155,0.085,13.2,91.9,2158,15028
BLG650.31,266.238,-28.76,0.074,0.217,12.3,83.4,2010,13635
BLG650.32,266.061,-28.76,-0.007,0.349,11.8,78.0,1929,12755
BLG651.01,267.095,-30.932,-1.397,-1.546,81.8,796.0,13672,133045
BLG651.02,266.916,-30.932,-1.476,-1.415,49.8,474.2,8321,79240
BLG651.03,266.737,-30.932,-1.556,-1.283,31.9,307.6,5329,51388
BLG651.04,266.558,-30.932,-1.635,-1.152,24.5,225.4,4093,37664
BLG651.05,266.379,-30.932,-1.715,-1.021,23.1,176.6,3859,29503
BLG651.06,266.2,-30.932,-1.795,-0.89,17.3,117.4,2890,19617
BLG651.07,266.022,-30.932,-1.876,-0.759,12.3,83.7,2054,13982
BLG651.08,267.266,-30.611,-1.046,-1.506,145.9,1488.3,24386,248770
BLG651.09,267.087,-30.611,-1.125,-1.374,79.9,690.1,13354,115345
BLG651.10,266.908,-30.611,-1.205,-1.242,49.5,437.6,8271,73124
BLG651.11,266.729,-30.611,-1.284,-1.111,32.6,251.0,5446,41932
BLG651.12,266.55,-30.611,-1.364,-0.979,25.5,175.2,4259,29262
BLG651.13,266.371,-30.611,-1.445,-0.847,17.9,106.5,2990,17792
BLG651.14,266.192,-30.611,-1.525,-0.716,14.5,96.3,2421,16088
BLG651.15,266.013,-30.611,-1.606,-0.585,10.8,65.5,1802,10932
BLG651.16,265.834,-30.611,-1.686,-0.454,12.9,89.2,2153,14891
BLG651.17,267.266,-30.312,-0.789,-1.352,110.7,973.4,18502,162690
BLG651.18,267.087,-30.312,-0.869,-1.22,50.5,408.1,8438,68195
BLG651.19,266.908,-30.312,-0.949,-1.088,34.2,221.2,5714,36963
BLG651.20,266.729,-30.312,-1.029,-0.955,32.2,214.5,5379,35835
BLG651.21,266.55,-30.312,-1.109,-0.823,25.8,149.1,4309,24903
BLG651.22,266.371,-30.312,-1.189,-0.692,23.7,140.0,3957,23377
BLG651.23,266.192,-30.312,-1.27,-0.56,18.9,111.3,3155,18580
BLG651.24,266.013,-30.312,-1.351,-0.428,14.9,86.2,2486,14386
BLG651.25,265.834,-30.312,-1.432,-0.297,12.3,88.1,2052,14700
BLG651.26,267.095,-29.99,-0.59,-1.06,53.7,455.5,8975,76134
BLG651.27,266.916,-29.99,-0.67,-0.928,36.8,240.7,6147,40212
BLG651.28,266.737,-29.99,-0.75,-0.795,27.9,182.7,4662,30529
BLG651.29,266.558,-29.99,-0.831,-0.663,24.0,140.2,4008,23416
BLG651.30,266.379,-29.99,-0.911,-0.53,22.2,128.4,3707,21449
BLG651.31,266.2,-29.99,-0.992,-0.398,18.4,108.9,3071,18184
BLG651.32,266.022,-29.99,-1.073,-0.266,13.1,80.7,2186,13472
BLG652.01,265.807,-26.625,1.693,1.659,104.5,1410.6,16691,225297
BLG652.02,265.635,-26.625,1.613,1.79,86.4,1088.5,13806,173941
BLG652.03,265.463,-26.625,1.532,1.921,65.7,682.5,10493,109010
BLG652.04,265.292,-26.625,1.451,2.051,68.2,696.1,10893,111183
BLG652.05,265.12,-26.625,1.369,2.182,99.6,1430.5,15912,228530
BLG652.06,264.948,-26.625,1.288,2.312,96.0,1449.4,15337,231557
BLG652.07,264.776,-26.625,1.206,2.442,72.0,1002.0,11511,160204
BLG652.08,265.971,-26.304,2.044,1.703,117.3,1611.2,18748,257538
BLG652.09,265.799,-26.304,1.963,1.834,113.1,1617.6,18073,258490
BLG652.10,265.627,-26.304,1.882,1.965,106.0,1522.4,16930,243170
BLG652.11,265.455,-26.304,1.801,2.096,85.5,1107.8,13656,176941
BLG652.12,265.284,-26.304,1.72,2.227,94.1,1288.7,15029,205827
BLG652.13,265.112,-26.304,1.638,2.358,100.1,1595.8,15988,254885
BLG652.14,264.94,-26.304,1.557,2.488,90.2,1354.2,14407,216296
BLG652.15,264.768,-26.304,1.475,2.619,84.7,1351.5,13528,215865
BLG652.16,264.596,-26.304,1.393,2.749,70.4,823.0,11249,131514
BLG652.17,265.971,-26.005,2.299,1.86,108.8,1591.7,17394,254468
BLG652.18,265.799,-26.005,2.218,1.991,106.2,1593.6,16970,254655
BLG652.19,265.627,-26.005,2.137,2.123,104.4,1432.6,16675,228819
BLG652.20,265.455,-26.005,2.056,2.254,93.3,1303.4,14902,208182
BLG652.21,265.284,-26.005,1.974,2.385,89.7,1349.8,14330,215653
BLG652.22,265.112,-26.005,1.892,2.516,83.4,1293.6,13320,206617
BLG652.23,264.94,-26.005,1.81,2.647,89.2,1447.8,14247,231254
BLG652.24,264.768,-26.005,1.728,2.778,62.8,891.0,10030,142313
BLG652.25,264.596,-26.005,1.646,2.909,31.3,366.2,4999,58490
BLG652.26,265.807,-25.683,2.496,2.154,100.2,1492.1,16015,238494
BLG652.27,265.635,-25.683,2.414,2.285,108.7,1823.0,17366,291252
BLG652.28,265.463,-25.683,2.333,2.417,108.1,1807.7,17270,288799
BLG652.29,265.292,-25.683,2.251,2.549,102.8,1669.9,16427,266850
BLG652.30,265.12,-25.683,2.169,2.68,89.5,1527.1,14298,243963
BLG652.31,264.948,-25.683,2.087,2.812,66.0,775.8,10541,123913
BLG652.32,264.776,-25.683,2.005,2.943,46.3,593.9,7393,94836
BLG653.01,264.41,-29.086,-1.049,1.402,107.9,1105.5,17705,181401
BLG653.02,264.235,-29.086,-1.131,1.531,119.9,1177.5,19674,193215
BLG653.03,264.059,-29.086,-1.214,1.661,116.6,1179.3,19132,193511
BLG653.04,263.883,-29.086,-1.297,1.79,89.0,927.6,14604,152209
BLG653.05,263.708,-29.086,-1.38,1.919,87.3,944.8,14328,155070
BLG653.06,263.532,-29.086,-1.463,2.048,85.0,908.1,13951,149046
BLG653.07,263.356,-29.086,-1.546,2.177,91.9,1037.2,15087,170276
BLG653.08,264.578,-28.765,-0.699,1.45,86.3,984.0,14160,161464
BLG653.09,264.402,-28.765,-0.781,1.58,101.1,1054.5,16585,172991
BLG653.10,264.227,-28.765,-0.864,1.71,107.5,1103.9,17635,181095
BLG653.11,264.051,-28.765,-0.947,1.84,113.3,1182.0,18591,193954
BLG653.12,263.875,-28.765,-1.03,1.97,96.4,1047.4,15818,171867
BLG653.13,263.699,-28.765,-1.113,2.099,92.1,971.4,15112,159397
BLG653.14,263.524,-28.765,-1.196,2.229,62.2,682.5,10208,112018
BLG653.15,263.348,-28.765,-1.28,2.358,49.9,567.2,8190,93094
BLG653.16,263.172,-28.765,-1.364,2.487,56.2,666.3,9224,109359
BLG653.17,264.578,-28.466,-0.446,1.61,98.5,1069.8,16166,175586
BLG653.18,264.402,-28.466,-0.529,1.74,83.2,874.1,13649,143396
BLG653.19,264.227,-28.466,-0.611,1.87,66.8,730.5,10961,119867
BLG653.20,264.051,-28.466,-0.694,2.001,78.8,847.8,12927,139082
BLG653.21,263.875,-28.466,-0.778,2.131,89.2,965.2,14640,158418
BLG653.22,263.699,-28.466,-0.861,2.261,90.3,1044.9,14817,171457
BLG653.23,263.524,-28.466,-0.945,2.391,83.8,981.0,13750,160972
BLG653.24,263.348,-28.466,-1.029,2.521,92.3,1107.8,15145,181778
BLG653.25,263.172,-28.466,-1.113,2.65,94.2,1436.0,15457,235625
BLG653.26,264.41,-28.144,-0.253,1.906,67.6,772.2,11095,126741
BLG653.27,264.235,-28.144,-0.336,2.037,63.7,733.1,10452,120294
BLG653.28,264.059,-28.144,-0.419,2.168,71.9,793.2,11798,130156
BLG653.29,263.883,-28.144,-0.503,2.298,78.4,879.9,12864,144382
BLG653.30,263.708,-28.144,-0.587,2.429,102.0,1220.9,16737,200337
BLG653.31,263.532,-28.144,-0.67,2.559,108.6,1926.5,17824,316196
BLG653.32,263.356,-28.144,-0.755,2.689,102.8,1824.2,16868,299341
BLG654.01,264.433,-30.317,-2.078,0.726,12.7,155.2,2043,24972
BLG654.02,264.256,-30.317,-2.16,0.855,19.6,247.4,3155,39827
BLG654.03,264.078,-30.317,-2.242,0.985,53.8,599.4,8656,96448
BLG654.04,263.9,-30.317,-2.325,1.114,82.1,846.7,13156,135679
BLG654.05,263.722,-30.317,-2.408,1.243,106.8,1097.0,17189,176558
BLG654.06,263.544,-30.317,-2.491,1.372,116.7,1473.2,18575,234507
BLG654.07,263.367,-30.317,-2.575,1.501,123.6,1686.5,19907,271624
BLG654.08,264.603,-29.995,-1.728,0.774,26.5,316.3,4268,50943
BLG654.09,264.425,-29.995,-1.81,0.904,30.1,343.1,4845,55233
BLG654.10,264.247,-29.995,-1.893,1.034,34.7,386.0,5515,61353
BLG654.11,264.07,-29.995,-1.975,1.164,43.0,485.5,6838,77206
BLG654.12,263.892,-29.995,-2.058,1.293,82.7,815.7,13148,129684
BLG654.13,263.714,-29.995,-2.142,1.423,122.3,1493.5,19443,237445
BLG654.14,263.536,-29.995,-2.225,1.553,79.0,750.9,12565,119439
BLG654.15,263.358,-29.995,-2.309,1.682,88.1,848.1,14009,134867
BLG654.16,263.18,-29.995,-2.393,1.811,132.7,1783.7,21274,285962
BLG654.17,264.603,-29.696,-1.475,0.934,51.0,563.3,8190,90460
BLG654.18,264.425,-29.696,-1.557,1.064,65.1,719.4,10451,115500
BLG654.19,264.247,-29.696,-1.64,1.195,63.3,723.4,10058,114954
BLG654.20,264.07,-29.696,-1.723,1.325,79.5,811.5,12633,128954
BLG654.21,263.892,-29.696,-1.807,1.455,112.7,1317.0,17913,209342
BLG654.22,263.714,-29.696,-1.89,1.585,120.9,1495.8,19207,237639
BLG654.23,263.536,-29.696,-1.974,1.715,134.5,1744.3,21378,277251
BLG654.24,263.358,-29.696,-2.058,1.844,109.5,1354.2,17563,217208
BLG654.25,263.18,-29.696,-2.142,1.974,100.3,1315.4,16169,212063
BLG654.26,264.433,-29.375,-1.282,1.23,62.4,660.3,10023,106062
BLG654.27,264.256,-29.375,-1.365,1.361,77.9,808.5,12373,128416
BLG654.28,264.078,-29.375,-1.448,1.492,91.2,921.8,14699,148571
BLG654.29,263.9,-29.375,-1.532,1.622,92.9,905.6,14759,143873
BLG654.30,263.722,-29.375,-1.616,1.753,96.6,926.2,15346,147146
BLG654.31,263.544,-29.375,-1.7,1.883,125.5,1720.5,19933,273270
BLG654.32,263.367,-29.375,-1.784,2.013,108.1,1451.8,17431,234108
BLG655.01,264.461,-31.547,-3.104,0.047,10.5,74.4,1724,12217
BLG655.02,264.281,-31.547,-3.186,0.176,11.2,80.0,1843,13167
BLG655.03,264.101,-31.547,-3.269,0.306,12.9,98.7,2122,16241
BLG655.04,263.921,-31.547,-3.352,0.435,10.9,88.9,1793,14628
BLG655.05,263.741,-31.547,-3.435,0.564,15.3,107.6,2516,17697
BLG655.06,263.561,-31.547,-3.518,0.693,17.2,125.8,2828,20686
BLG655.07,263.381,-31.547,-3.601,0.822,12.7,104.7,2087,17212
BLG655.08,264.633,-31.226,-2.754,0.095,11.2,79.2,1846,13054
BLG655.09,264.453,-31.226,-2.836,0.225,10.4,69.2,1707,11352
BLG655.10,264.273,-31.226,-2.919,0.355,13.0,95.1,2141,15663
BLG655.11,264.093,-31.226,-3.002,0.485,19.0,138.4,3128,22790
BLG655.12,263.912,-31.226,-3.085,0.614,25.5,196.9,4200,32431
BLG655.13,263.732,-31.226,-3.168,0.744,21.5,173.1,3540,28504
BLG655.14,263.552,-31.226,-3.252,0.873,36.0,324.7,5925,53442
BLG655.15,263.372,-31.226,-3.335,1.003,47.0,430.7,7735,70888
BLG655.16,263.192,-31.226,-3.419,1.132,58.5,575.2,9619,94582
BLG655.17,264.633,-30.927,-2.501,0.254,13.9,107.4,2292,17715
BLG655.18,264.453,-30.927,-2.584,0.385,17.9,117.9,2951,19437
BLG655.19,264.273,-30.927,-2.667,0.515,16.2,132.6,2670,21861
BLG655.20,264.093,-30.927,-2.75,0.646,24.3,224.2,4003,36936
BLG655.21,263.912,-30.927,-2.833,0.776,35.5,313.7,5848,51681
BLG655.22,263.732,-30.927,-2.917,0.906,53.5,503.0,8809,82828
BLG655.23,263.552,-30.927,-3.0,1.036,76.4,768.0,12577,126442
BLG655.24,263.372,-30.927,-3.084,1.165,84.7,924.7,13940,152195
BLG655.25,263.192,-30.927,-3.168,1.295,87.8,1080.4,14447,177778
BLG655.26,264.461,-30.605,-2.309,0.551,21.6,193.3,3563,31891
BLG655.27,264.281,-30.605,-2.392,0.682,24.6,236.0,4057,38926
BLG655.28,264.101,-30.605,-2.475,0.813,51.1,465.7,8424,76777
BLG655.29,263.921,-30.605,-2.559,0.943,85.0,713.4,14010,117585
BLG655.30,263.741,-30.605,-2.642,1.074,106.3,1266.0,17516,208617
BLG655.31,263.561,-30.605,-2.726,1.204,124.4,1616.0,20494,266236
BLG655.32,263.381,-30.605,-2.81,1.334,120.6,1505.8,19858,247962
BLG657.01,275.495,-30.932,2.108,-7.847,62.5,635.3,10553,107277
BLG657.02,275.316,-30.932,2.037,-7.711,67.4,665.2,11373,112247
BLG657.03,275.137,-30.932,1.967,-7.574,70.3,697.6,11862,117714
BLG657.04,274.958,-30.932,1.896,-7.437,69.3,726.0,11688,122449
BLG657.05,274.779,-30.932,1.825,-7.301,70.4,759.8,11871,128119
BLG657.06,274.6,-30.932,1.754,-7.165,74.8,798.6,12607,134599
BLG657.07,274.422,-30.932,1.682,-7.029,78.0,852.4,13140,143599
BLG657.08,275.666,-30.611,2.464,-7.832,65.5,655.1,11065,110672
BLG657.09,275.487,-30.611,2.393,-7.695,67.9,671.6,11460,113353
BLG657.10,275.308,-30.611,2.323,-7.558,70.5,720.5,11893,121549
BLG657.11,275.129,-30.611,2.252,-7.421,72.3,748.2,12194,126193
BLG657.12,274.95,-30.611,2.181,-7.284,77.3,800.7,13037,135048
BLG657.13,274.771,-30.611,2.109,-7.147,79.5,837.4,13408,141238
BLG657.14,274.592,-30.611,2.038,-7.01,83.1,881.7,14009,148640
BLG657.15,274.413,-30.611,1.966,-6.874,83.4,904.9,14063,152586
BLG657.16,274.234,-30.611,1.894,-6.737,90.6,987.8,15266,166448
BLG657.17,275.666,-30.312,2.733,-7.696,64.2,678.6,10840,114589
BLG657.18,275.487,-30.312,2.662,-7.559,68.7,697.5,11589,117669
BLG657.19,275.308,-30.312,2.591,-7.421,69.8,739.1,11772,124658
BLG657.20,275.129,-30.312,2.52,-7.284,72.7,795.0,12261,134087
BLG657.21,274.95,-30.312,2.449,-7.147,74.4,819.0,12557,138231
BLG657.22,274.771,-30.312,2.377,-7.009,83.9,882.1,14150,148777
BLG657.23,274.592,-30.312,2.305,-6.872,88.9,940.2,14990,158539
BLG657.24,274.413,-30.312,2.233,-6.735,96.8,1006.2,16315,169588
BLG657.25,274.234,-30.312,2.161,-6.598,100.6,1050.9,16959,177164
BLG657.26,275.495,-29.99,2.954,-7.419,64.4,718.8,10869,121319
BLG657.27,275.316,-29.99,2.883,-7.281,74.6,792.9,12594,133858
BLG657.28,275.137,-29.99,2.811,-7.143,77.8,833.8,13131,140729
BLG657.29,274.958,-29.99,2.74,-7.005,80.2,890.4,13533,150247
BLG657.30,274.779,-29.99,2.668,-6.868,92.1,956.2,15541,161351
BLG657.31,274.6,-29.99,2.596,-6.73,102.2,1037.2,17245,175019
BLG657.32,274.422,-29.99,2.524,-6.593,102.8,1061.8,17334,179043
BLG659.01,267.06,-32.163,-2.467,-2.155,16.7,213.9,2789,35722
BLG659.02,266.879,-32.163,-2.546,-2.024,16.7,211.1,2786,35222
BLG659.03,266.698,-32.163,-2.626,-1.892,12.8,180.4,2136,30107
BLG659.04,266.517,-32.163,-2.706,-1.761,19.9,253.4,3321,42300
BLG659.05,266.335,-32.163,-2.785,-1.63,15.9,210.1,2654,35072
BLG659.06,266.154,-32.163,-2.865,-1.499,25.8,301.9,4307,50409
BLG659.07,265.973,-32.163,-2.946,-1.368,22.2,257.9,3708,43082
BLG659.08,267.233,-31.841,-2.116,-2.115,12.8,136.4,2139,22795
BLG659.09,267.052,-31.841,-2.195,-1.983,7.7,90.8,1285,15160
BLG659.10,266.871,-31.841,-2.275,-1.851,10.0,103.6,1669,17293
BLG659.11,266.689,-31.841,-2.355,-1.72,7.4,111.2,1235,18567
BLG659.12,266.508,-31.841,-2.435,-1.588,12.1,169.8,2019,28338
BLG659.13,266.327,-31.841,-2.515,-1.457,15.8,209.7,2637,35005
BLG659.14,266.146,-31.841,-2.595,-1.325,15.7,208.0,2620,34722
BLG659.15,265.964,-31.841,-2.676,-1.194,10.0,131.1,1670,21900
BLG659.16,265.783,-31.841,-2.756,-1.063,8.0,89.1,1336,14884
BLG659.17,267.233,-31.542,-1.859,-1.961,11.4,150.9,1905,25225
BLG659.18,267.052,-31.542,-1.939,-1.829,12.1,168.7,2021,28180
BLG659.19,266.871,-31.542,-2.019,-1.697,15.4,196.8,2572,32874
BLG659.20,266.689,-31.542,-2.099,-1.565,20.0,240.9,3340,40232
BLG659.21,266.508,-31.542,-2.179,-1.433,29.8,321.5,4976,53693
BLG659.22,266.327,-31.542,-2.259,-1.301,21.9,251.4,3658,41996
BLG659.23,266.146,-31.542,-2.34,-1.169,18.3,191.0,3054,31884
BLG659.24,265.964,-31.542,-2.421,-1.037,15.9,155.6,2654,25980
BLG659.25,265.783,-31.542,-2.502,-0.906,15.1,143.5,2522,23971
BLG659.26,267.06,-31.221,-1.66,-1.669,23.4,279.7,3914,46788
BLG659.27,266.879,-31.221,-1.74,-1.537,25.2,285.0,4211,47631
BLG659.28,266.698,-31.221,-1.82,-1.404,32.3,327.9,5398,54801
BLG659.29,266.517,-31.221,-1.901,-1.272,28.6,250.7,4777,41879
BLG659.30,266.335,-31.221,-1.981,-1.139,25.4,195.0,4243,32574
BLG659.31,266.154,-31.221,-2.062,-1.007,17.5,140.8,2923,23520
BLG659.32,265.973,-31.221,-2.143,-0.875,17.0,108.0,2839,18041
BLG660.01,267.035,-33.393,-3.534,-2.77,132.5,2436.1,21706,399081
BLG660.02,266.851,-33.393,-3.613,-2.639,124.7,1995.3,20428,326876
BLG660.03,266.667,-33.393,-3.693,-2.508,111.5,1647.1,18270,269897
BLG660.04,266.483,-33.393,-3.772,-2.376,80.6,1011.1,13213,165759
BLG660.05,266.3,-33.393,-3.852,-2.245,112.9,1538.0,18504,252078
BLG660.06,266.116,-33.393,-3.932,-2.114,122.7,1703.7,20120,279369
BLG660.07,265.932,-33.393,-4.012,-1.984,61.9,719.8,10155,118086
BLG660.08,267.21,-33.072,-3.183,-2.731,113.4,1913.8,18568,313375
BLG660.09,267.026,-33.072,-3.262,-2.599,88.0,1307.3,14409,214063
BLG660.10,266.842,-33.072,-3.341,-2.467,78.9,1001.7,12922,164062
BLG660.11,266.659,-33.072,-3.421,-2.335,76.3,1012.6,12378,164280
BLG660.12,266.475,-33.072,-3.501,-2.203,97.7,1333.0,16001,218324
BLG660.13,266.291,-33.072,-3.581,-2.072,101.8,1294.5,16673,212018
BLG660.14,266.107,-33.072,-3.662,-1.941,113.4,1502.7,18586,246292
BLG660.15,265.924,-33.072,-3.742,-1.809,71.5,792.4,11610,128677
BLG660.16,265.74,-33.072,-3.823,-1.678,74.9,738.0,12287,121072
BLG660.17,267.21,-32.773,-2.926,-2.577,87.6,1171.5,14344,191827
BLG660.18,267.026,-32.773,-3.005,-2.445,88.7,1233.9,14524,202044
BLG660.19,266.842,-32.773,-3.085,-2.312,58.9,719.8,9642,117835
BLG660.20,266.659,-32.773,-3.165,-2.18,28.2,346.0,4618,56669
BLG660.21,266.475,-32.773,-3.245,-2.048,33.8,383.0,5537,62744
BLG660.22,266.291,-32.773,-3.326,-1.916,37.3,393.8,6109,64498
BLG660.23,266.107,-32.773,-3.406,-1.784,38.9,427.4,6374,70034
BLG660.25,265.74,-32.773,-3.568,-1.521,61.8,709.6,10131,116330
BLG660.26,267.035,-32.451,-2.726,-2.285,33.1,380.7,5419,62337
BLG660.27,266.851,-32.451,-2.806,-2.152,29.5,335.5,4830,54936
BLG660.28,266.667,-32.451,-2.886,-2.02,20.9,257.6,3422,42180
BLG661.01,265.576,-34.008,-4.692,-2.055,114.0,1546.8,18291,248191
BLG661.02,265.391,-34.008,-4.773,-1.924,114.4,1502.1,18360,241078
BLG661.03,265.206,-34.008,-4.854,-1.794,93.5,1108.3,15006,177883
BLG661.04,265.021,-34.008,-4.935,-1.664,88.3,1038.0,14178,166680
BLG661.05,264.836,-34.008,-5.017,-1.534,66.4,690.0,10664,110812
BLG661.06,264.651,-34.008,-5.099,-1.404,53.1,482.5,8530,77512
BLG661.07,264.466,-34.008,-5.181,-1.274,62.7,625.6,10075,100525
BLG661.08,265.752,-33.687,-4.341,-2.01,79.8,965.5,12801,154882
BLG661.09,265.567,-33.687,-4.422,-1.879,93.4,1226.5,14986,196806
BLG661.10,265.382,-33.687,-4.504,-1.748,107.9,1300.5,17313,208671
BLG661.11,265.197,-33.687,-4.585,-1.618,103.3,1246.3,16579,200031
BLG661.12,265.012,-33.687,-4.667,-1.487,85.0,886.8,13641,142318
BLG661.13,264.827,-33.687,-4.749,-1.357,75.2,730.2,12077,117269
BLG661.14,264.642,-33.687,-4.831,-1.226,90.9,876.8,14602,140848
BLG661.15,264.457,-33.687,-4.913,-1.096,90.5,946.8,14538,152093
BLG661.16,264.272,-33.687,-4.996,-0.966,75.7,794.2,12169,127686
BLG661.17,265.752,-33.388,-4.087,-1.853,72.1,716.5,11571,114993
BLG661.18,265.567,-33.388,-4.168,-1.722,71.9,676.1,11542,108543
BLG661.19,265.382,-33.388,-4.249,-1.59,80.2,864.1,12868,138657
BLG661.20,265.197,-33.388,-4.331,-1.459,87.6,942.1,14066,151281
BLG661.21,265.012,-33.388,-4.413,-1.328,95.5,1044.8,15327,167692
BLG661.22,264.827,-33.388,-4.495,-1.197,80.2,807.1,12883,129659
BLG661.23,264.642,-33.388,-4.578,-1.067,63.0,606.2,10120,97384
BLG661.24,264.457,-33.388,-4.66,-0.936,54.0,506.6,8677,81395
BLG661.25,264.272,-33.388,-4.743,-0.806,65.2,626.0,10481,100646
BLG661.26,265.576,-33.067,-3.891,-1.559,58.1,603.0,9326,96800
BLG661.27,265.391,-33.067,-3.973,-1.427,56.3,590.5,9042,94832
BLG661.28,265.206,-33.067,-4.055,-1.295,50.2,496.5,8060,79715
BLG661.29,265.021,-33.067,-4.137,-1.164,72.5,732.2,11644,117598
BLG661.30,264.836,-33.067,-4.219,-1.032,56.8,540.5,9124,86822
BLG661.31,264.651,-33.067,-4.302,-0.901,31.6,293.5,5076,47150
BLG661.32,264.466,-33.067,-4.385,-0.77,34.9,284.4,5610,45713
BLG662.01,263.037,-30.932,-3.245,1.404,52.5,533.3,8541,86768
BLG662.02,262.858,-30.932,-3.329,1.532,72.9,724.8,11858,117897
BLG662.03,262.679,-30.932,-3.414,1.66,64.8,616.2,10543,100256
BLG662.04,262.5,-30.932,-3.498,1.789,35.1,332.8,5712,54159
BLG662.05,262.321,-30.932,-3.583,1.917,32.4,341.9,5271,55627
BLG662.06,262.142,-30.932,-3.668,2.045,45.3,464.2,7370,75525
BLG662.07,261.963,-30.932,-3.753,2.172,46.9,444.9,7636,72437
BLG662.08,263.207,-30.611,-2.896,1.456,99.6,1296.7,16205,210974
BLG662.09,263.028,-30.611,-2.98,1.585,102.9,1404.0,16737,228377
BLG662.10,262.85,-30.611,-3.064,1.714,100.6,1316.7,16356,214067
BLG662.11,262.671,-30.611,-3.149,1.843,90.1,1057.8,14648,171990
BLG662.12,262.492,-30.611,-3.234,1.972,69.3,673.2,11267,109452
BLG662.13,262.313,-30.611,-3.319,2.1,54.8,509.8,8909,82885
BLG662.14,262.134,-30.611,-3.404,2.228,62.2,589.2,10112,95795
BLG662.15,261.955,-30.611,-3.489,2.357,71.4,686.5,11611,111641
BLG662.16,261.776,-30.611,-3.575,2.485,61.7,643.6,10041,104739
BLG662.17,263.207,-30.312,-2.645,1.619,129.3,1749.8,21022,284491
BLG662.18,263.028,-30.312,-2.729,1.749,122.2,1725.1,19872,280542
BLG662.19,262.85,-30.312,-2.814,1.878,114.9,1595.2,18672,259239
BLG662.20,262.671,-30.312,-2.899,2.007,111.6,1619.8,18135,263228
BLG662.21,262.492,-30.312,-2.984,2.136,120.6,1825.8,19598,296713
BLG662.22,262.313,-30.312,-3.069,2.265,111.8,1657.3,18168,269330
BLG662.23,262.134,-30.312,-3.154,2.394,92.3,1279.7,15002,208001
BLG662.24,261.955,-30.312,-3.24,2.522,88.9,1324.2,14450,215235
BLG662.25,261.776,-30.312,-3.326,2.651,76.9,1069.3,12511,173984
BLG662.26,263.037,-29.99,-2.456,1.918,134.8,1764.0,21911,286731
BLG662.27,262.858,-29.99,-2.541,2.048,128.9,1887.0,20947,306658
BLG662.28,262.679,-29.99,-2.626,2.178,130.7,2023.8,21229,328733
BLG662.29,262.5,-29.99,-2.711,2.307,118.5,1812.5,19247,294412
BLG662.30,262.321,-29.99,-2.797,2.436,109.5,1720.2,17790,279471
BLG662.31,262.142,-29.99,-2.882,2.566,103.9,1663.4,16884,270315
BLG662.32,261.963,-29.99,-2.968,2.695,111.6,1557.4,18135,253098
BLG663.01,272.583,-24.779,6.357,-2.691,51.0,683.0,8118,108720
BLG663.02,272.413,-24.779,6.283,-2.557,60.2,790.8,9585,125911
BLG663.03,272.244,-24.779,6.209,-2.422,64.1,821.7,10208,130862
BLG663.04,272.075,-24.779,6.134,-2.288,69.6,865.9,11084,137901
BLG663.05,271.906,-24.779,6.06,-2.153,63.5,704.9,10115,112288
BLG663.06,271.737,-24.779,5.985,-2.019,44.6,501.4,7106,79891
BLG663.07,271.567,-24.779,5.91,-1.885,43.7,477.2,6962,76035
BLG663.08,272.744,-24.458,6.71,-2.666,33.5,423.9,5338,67558
BLG663.09,272.575,-24.458,6.636,-2.53,22.9,261.3,3649,41644
BLG663.10,272.406,-24.458,6.561,-2.395,24.9,282.3,3968,44990
BLG663.11,272.236,-24.458,6.487,-2.261,39.7,454.0,6327,72355
BLG663.12,272.067,-24.458,6.412,-2.126,42.0,484.4,6695,77218
BLG663.13,271.898,-24.458,6.337,-1.991,33.3,358.0,5309,57083
BLG663.14,271.729,-24.458,6.263,-1.856,37.4,392.9,5963,62647
BLG663.15,271.559,-24.458,6.188,-1.722,44.5,449.3,7093,71623
BLG663.16,271.39,-24.458,6.112,-1.587,20.5,201.1,3268,32065
BLG663.17,272.744,-24.159,6.972,-2.522,33.3,381.9,5310,60908
BLG663.18,272.575,-24.159,6.898,-2.386,13.8,137.5,2200,21929
BLG663.19,272.406,-24.159,6.824,-2.251,14.4,164.9,2297,26305
BLG663.20,272.236,-24.159,6.749,-2.116,25.2,298.9,4018,47659
BLG663.21,272.067,-24.159,6.674,-1.981,26.5,312.3,4227,49819
BLG663.22,271.898,-24.159,6.599,-1.846,51.7,546.1,8247,87117
BLG663.23,271.729,-24.159,6.524,-1.711,52.6,541.4,8393,86388
BLG663.24,271.559,-24.159,6.449,-1.576,31.9,292.0,5090,46592
BLG663.25,271.39,-24.159,6.373,-1.441,20.3,187.4,3239,29909
BLG663.26,272.583,-23.837,7.183,-2.238,31.4,360.8,5011,57584
BLG663.27,272.413,-23.837,7.109,-2.102,23.6,274.1,3766,43746
BLG663.28,272.244,-23.837,7.034,-1.967,29.0,319.9,4629,51069
BLG663.29,272.075,-23.837,6.959,-1.831,40.3,441.8,6435,70546
BLG663.30,271.906,-23.837,6.884,-1.696,51.9,577.7,8287,92246
BLG663.31,271.737,-23.837,6.808,-1.561,29.8,285.4,4757,45561
BLG663.32,271.567,-23.837,6.733,-1.425,22.4,183.8,3575,29350
BLG664.01,271.239,-25.395,5.228,-1.926,61.8,704.6,10104,115202
BLG664.02,271.069,-25.395,5.153,-1.792,78.0,903.0,12756,147675
BLG664.03,270.899,-25.395,5.077,-1.658,91.4,978.8,14951,160110
BLG664.04,270.729,-25.395,5.002,-1.524,67.6,740.3,11057,121096
BLG664.05,270.559,-25.395,4.926,-1.391,31.1,306.7,5088,50181
BLG664.06,270.389,-25.395,4.85,-1.257,30.3,298.7,4958,48884
BLG664.07,270.219,-25.395,4.774,-1.123,28.3,245.0,4631,40095
BLG664.08,271.402,-25.073,5.58,-1.897,52.3,560.0,8553,91581
BLG664.09,271.231,-25.073,5.505,-1.762,38.3,423.7,6263,69291
BLG664.10,271.061,-25.073,5.429,-1.628,54.8,579.7,8961,94803
BLG664.11,270.891,-25.073,5.354,-1.494,57.1,589.3,9340,96396
BLG664.12,270.721,-25.073,5.278,-1.36,60.1,565.6,9831,92519
BLG664.13,270.551,-25.073,5.202,-1.226,32.5,270.8,5317,44307
BLG664.14,270.381,-25.073,5.126,-1.092,35.3,286.4,5775,46860
BLG664.15,270.211,-25.073,5.05,-0.958,33.7,215.8,5515,35317
BLG664.16,270.041,-25.073,4.973,-0.824,34.1,229.4,5580,37542
BLG664.17,271.402,-24.774,5.841,-1.751,33.0,359.5,5398,58806
BLG664.18,271.231,-24.774,5.766,-1.616,28.0,314.6,4580,51461
BLG664.19,271.061,-24.774,5.69,-1.481,51.2,522.3,8375,85436
BLG664.20,270.891,-24.774,5.614,-1.347,37.6,368.1,6150,60213
BLG664.21,270.721,-24.774,5.538,-1.212,43.2,361.7,7068,59180
BLG664.22,270.551,-24.774,5.462,-1.078,24.2,198.8,3959,32527
BLG664.23,270.381,-24.774,5.386,-0.944,21.0,145.7,3435,23839
BLG664.24,270.211,-24.774,5.309,-0.81,23.4,142.9,3828,23381
BLG664.25,270.041,-24.774,5.233,-0.676,27.4,177.9,4483,29107
BLG664.26,271.239,-24.453,6.05,-1.465,18.3,163.2,2994,26708
BLG664.27,271.069,-24.453,5.974,-1.33,20.3,165.2,3321,27029
BLG664.28,270.899,-24.453,5.898,-1.195,17.0,112.5,2781,18407
BLG664.29,270.729,-24.453,5.822,-1.06,9.3,70.6,1521,11551
BLG664.30,270.559,-24.453,5.745,-0.926,10.2,74.6,1668,12205
BLG664.31,270.389,-24.453,5.669,-0.791,22.3,125.8,3648,20583
BLG664.32,270.219,-24.453,5.592,-0.657,23.1,130.6,3779,21368
BLG665.01,263.029,-25.792,1.065,4.212,24.0,301.7,3908,49132
BLG665.02,262.858,-25.792,0.982,4.341,18.2,217.8,2963,35469
BLG665.03,262.687,-25.792,0.898,4.47,19.4,227.6,3161,37091
BLG665.04,262.517,-25.792,0.813,4.598,21.1,260.4,3441,42477
BLG665.05,262.346,-25.792,0.729,4.727,23.8,338.4,3886,55253
BLG665.06,262.175,-25.792,0.644,4.855,34.4,567.5,5620,92726
BLG665.07,262.005,-25.792,0.56,4.984,44.5,790.9,7276,129320
BLG665.08,263.191,-25.47,1.416,4.263,14.1,186.2,2301,30388
BLG665.09,263.021,-25.47,1.332,4.393,26.2,343.6,4277,56090
BLG665.10,262.85,-25.47,1.248,4.522,24.6,318.8,4018,52079
BLG665.11,262.679,-25.47,1.164,4.651,23.4,302.8,3826,49512
BLG665.12,262.509,-25.47,1.079,4.78,24.7,315.6,4038,51605
BLG665.13,262.338,-25.47,0.995,4.909,34.5,531.4,5645,86954
BLG665.17,263.191,-25.171,1.668,4.425,29.9,402.9,4896,65976
BLG665.18,263.021,-25.171,1.584,4.555,27.7,386.3,4537,63272
BLG665.19,262.85,-25.171,1.5,4.685,30.0,425.5,4916,69726
BLG665.20,262.679,-25.171,1.415,4.814,32.7,453.7,5361,74382
BLG665.21,262.509,-25.171,1.331,4.944,33.5,529.0,5493,86748
BLG665.26,263.029,-24.85,1.859,4.723,30.5,436.9,5009,71765
BLG665.27,262.858,-24.85,1.774,4.853,28.5,422.5,4684,69449
BLG665.28,262.687,-24.85,1.69,4.983,25.1,345.4,4127,56802
BLG666.01,263.03,-27.022,0.031,3.542,48.3,511.6,7814,82775
BLG666.02,262.857,-27.022,-0.053,3.671,36.3,362.8,5873,58700
BLG666.03,262.685,-27.022,-0.137,3.799,49.8,554.7,8057,89749
BLG666.04,262.512,-27.022,-0.221,3.928,46.3,539.9,7491,87354
BLG666.05,262.34,-27.022,-0.306,4.056,48.1,739.5,7789,119756
BLG666.06,262.168,-27.022,-0.39,4.184,43.8,639.8,7095,103651
BLG666.07,261.995,-27.022,-0.475,4.313,37.9,526.6,6142,85346
BLG666.08,263.194,-26.701,0.381,3.593,47.8,516.6,7735,83603
BLG666.09,263.022,-26.701,0.297,3.723,21.2,222.0,3430,35919
BLG666.10,262.849,-26.701,0.213,3.852,21.0,219.2,3396,35449
BLG666.11,262.677,-26.701,0.129,3.981,24.0,246.7,3882,39905
BLG666.12,262.504,-26.701,0.044,4.11,27.2,299.0,4398,48354
BLG666.13,262.332,-26.701,-0.04,4.239,44.7,551.2,7235,89226
BLG666.14,262.16,-26.701,-0.125,4.367,38.4,556.0,6219,90054
BLG666.15,261.987,-26.701,-0.21,4.496,25.9,247.9,4197,40177
BLG666.16,261.815,-26.701,-0.296,4.624,28.3,383.4,4592,62204
BLG666.17,263.194,-26.402,0.633,3.756,33.3,340.2,5396,55134
BLG666.18,263.022,-26.402,0.549,3.886,19.1,202.1,3095,32753
BLG666.19,262.849,-26.402,0.464,4.015,16.5,161.3,2672,26128
BLG666.20,262.677,-26.402,0.38,4.144,25.2,278.8,4083,45173
BLG666.21,262.504,-26.402,0.295,4.274,32.8,377.5,5314,61165
BLG666.22,262.332,-26.402,0.21,4.403,31.1,353.0,5041,57223
BLG666.23,262.16,-26.402,0.125,4.532,24.0,276.1,3892,44779
BLG666.24,261.987,-26.402,0.04,4.661,30.3,455.4,4922,73983
BLG666.25,261.815,-26.402,-0.046,4.79,52.2,893.8,8482,145239
BLG666.26,263.03,-26.08,0.823,4.054,22.1,227.9,3588,37004
BLG666.27,262.857,-26.08,0.739,4.184,23.5,245.6,3815,39878
BLG666.28,262.685,-26.08,0.654,4.314,23.8,252.6,3865,41025
BLG666.29,262.512,-26.08,0.569,4.444,27.2,305.8,4417,49665
BLG666.30,262.34,-26.08,0.484,4.573,24.6,277.3,3997,45058
BLG666.31,262.168,-26.08,0.399,4.703,27.6,334.8,4488,54441
BLG666.32,261.995,-26.08,0.313,4.832,32.7,483.9,5318,78705
BLG667.01,264.381,-26.407,1.202,2.857,71.6,952.3,11653,154993
BLG667.02,264.21,-26.407,1.12,2.987,69.5,949.0,11311,154456
BLG667.03,264.038,-26.407,1.037,3.117,62.1,830.3,10107,135137
BLG667.04,263.867,-26.407,0.955,3.246,60.8,825.7,9895,134388
BLG667.05,263.695,-26.407,0.872,3.376,62.6,891.9,10186,145129
BLG667.06,263.524,-26.407,0.789,3.505,61.2,928.8,9965,151242
BLG667.07,263.352,-26.407,0.705,3.634,50.6,721.8,8239,117535
BLG667.08,264.545,-26.086,1.553,2.905,39.6,493.0,6451,80315
BLG667.09,264.373,-26.086,1.47,3.035,56.3,711.7,9169,115915
BLG667.10,264.202,-26.086,1.388,3.165,60.3,791.7,9823,128976
BLG667.11,264.03,-26.086,1.305,3.295,52.9,690.9,8615,112527
BLG667.12,263.859,-26.086,1.222,3.425,46.0,563.8,7493,91849
BLG667.13,263.687,-26.086,1.139,3.555,39.6,496.4,6452,80888
BLG667.14,263.516,-26.086,1.056,3.685,36.0,443.4,5866,72252
BLG667.15,263.344,-26.086,0.972,3.814,13.0,163.4,2118,26632
BLG667.16,263.173,-26.086,0.889,3.944,20.3,246.5,3307,40167
BLG667.17,264.545,-25.787,1.806,3.064,20.9,270.2,3408,44059
BLG667.18,264.373,-25.787,1.724,3.195,28.8,359.5,4694,58594
BLG667.19,264.202,-25.787,1.641,3.325,41.8,492.3,6812,80238
BLG667.20,264.03,-25.787,1.558,3.456,47.4,611.9,7725,99732
BLG667.21,263.859,-25.787,1.475,3.586,40.9,521.9,6666,85063
BLG667.22,263.687,-25.787,1.391,3.716,9.3,119.4,1516,19465
BLG667.23,263.516,-25.787,1.308,3.846,3.7,58.6,603,9555
BLG667.24,263.344,-25.787,1.224,3.976,10.4,129.2,1696,21073
BLG667.25,263.173,-25.787,1.14,4.106,19.2,227.9,3131,37171
BLG667.26,264.381,-25.465,2.0,3.36,31.4,385.0,5122,62809
BLG667.27,264.21,-25.465,1.917,3.491,23.7,285.5,3866,46576
BLG667.28,264.038,-25.465,1.834,3.622,17.2,200.7,2804,32726
BLG667.29,263.867,-25.465,1.75,3.753,12.9,155.0,2104,25281
BLG667.30,263.695,-25.465,1.667,3.883,11.5,142.2,1875,23193
BLG667.31,263.524,-25.465,1.583,4.014,4.8,70.2,783,11452
BLG667.32,263.352,-25.465,1.499,4.144,4.7,69.9,766,11400
BLG668.01,263.031,-32.163,-4.279,0.735,28.1,186.3,4624,30658
BLG668.02,262.85,-32.163,-4.363,0.863,29.9,217.8,4920,35841
BLG668.03,262.669,-32.163,-4.447,0.992,35.9,289.3,5907,47608
BLG668.04,262.488,-32.163,-4.531,1.12,30.7,246.0,5052,40482
BLG668.05,262.306,-32.163,-4.616,1.248,20.2,190.2,3324,31299
BLG668.06,262.125,-32.163,-4.701,1.376,24.7,238.9,4064,39314
BLG668.07,261.944,-32.163,-4.786,1.503,5.9,74.9,970,12325
BLG668.08,263.204,-31.841,-3.929,0.788,28.1,215.1,4625,35405
BLG668.09,263.023,-31.841,-4.013,0.917,28.3,210.1,4657,34574
BLG668.10,262.842,-31.841,-4.098,1.045,34.1,242.6,5610,39913
BLG668.11,262.66,-31.841,-4.182,1.174,29.8,244.9,4902,40291
BLG668.12,262.479,-31.841,-4.267,1.303,31.8,293.0,5231,48205
BLG668.13,262.298,-31.841,-4.352,1.431,55.2,505.1,9081,83092
BLG668.14,262.117,-31.841,-4.437,1.559,60.7,533.1,9986,87707
BLG668.15,261.935,-31.841,-4.523,1.688,24.8,239.5,4080,39403
BLG668.16,261.754,-31.841,-4.608,1.816,10.8,113.6,1776,18685
BLG668.17,263.204,-31.542,-3.679,0.951,17.4,144.8,2864,23840
BLG668.18,263.023,-31.542,-3.763,1.08,33.9,284.5,5578,46818
BLG668.19,262.842,-31.542,-3.848,1.209,32.3,283.3,5315,46620
BLG668.20,262.66,-31.542,-3.932,1.339,40.9,335.2,6729,55148
BLG668.21,262.479,-31.542,-4.017,1.468,58.8,573.6,9674,94370
BLG668.22,262.298,-31.542,-4.103,1.596,91.7,993.9,15086,163520
BLG668.23,262.117,-31.542,-4.188,1.725,74.5,796.4,12257,131026
BLG668.24,261.935,-31.542,-4.274,1.854,40.0,358.4,6579,58951
BLG668.25,261.754,-31.542,-4.36,1.982,27.1,277.4,4457,45627
BLG668.26,263.031,-31.221,-3.49,1.25,42.8,399.2,7046,65725
BLG668.27,262.85,-31.221,-3.575,1.38,70.1,643.3,11538,105888
BLG668.28,262.669,-31.221,-3.66,1.509,66.4,588.6,10926,96861
BLG668.29,262.488,-31.221,-3.745,1.639,54.9,484.0,9034,79648
BLG668.30,262.306,-31.221,-3.831,1.768,68.9,727.1,11335,119625
BLG668.31,262.125,-31.221,-3.916,1.897,52.3,521.7,8602,85811
BLG668.32,261.944,-31.221,-4.002,2.026,31.0,288.1,5099,47396
BLG670.01,264.047,-34.624,-5.886,-1.313,58.3,520.2,9520,84949
BLG670.02,263.86,-34.624,-5.969,-1.184,59.6,511.3,9732,83495
BLG670.03,263.674,-34.624,-6.052,-1.055,48.5,397.2,7920,64863
BLG670.04,263.487,-34.624,-6.135,-0.926,36.7,325.9,5994,53232
BLG670.05,263.301,-34.624,-6.218,-0.797,29.6,251.0,4834,40998
BLG670.06,263.115,-34.624,-6.302,-0.668,14.3,132.9,2336,21713
BLG670.07,262.928,-34.624,-6.386,-0.54,7.0,53.9,1143,8806
BLG670.08,264.224,-34.302,-5.536,-1.263,68.3,605.7,11155,98933
BLG670.09,264.038,-34.302,-5.619,-1.134,55.1,467.0,9006,76333
BLG670.10,263.852,-34.302,-5.702,-1.004,84.3,790.6,13772,129174
BLG670.11,263.665,-34.302,-5.785,-0.874,66.1,531.8,10799,86884
BLG670.12,263.479,-34.302,-5.869,-0.745,44.4,382.4,7253,62475
BLG670.13,263.292,-34.302,-5.952,-0.616,31.3,276.3,5113,45141
BLG670.14,263.106,-34.302,-6.036,-0.487,26.4,212.3,4313,34685
BLG670.15,262.92,-34.302,-6.121,-0.358,17.0,149.5,2778,24436
BLG670.16,262.733,-34.302,-6.205,-0.229,14.8,122.7,2419,20060
BLG670.17,264.224,-34.003,-5.284,-1.103,50.6,430.8,8272,70432
BLG670.18,264.038,-34.003,-5.367,-0.972,52.5,429.5,8579,70186
BLG670.19,263.852,-34.003,-5.45,-0.842,40.0,312.2,6541,51054
BLG670.20,263.665,-34.003,-5.534,-0.712,27.2,206.6,4446,33777
BLG670.21,263.479,-34.003,-5.618,-0.583,25.3,187.3,4137,30629
BLG670.22,263.292,-34.003,-5.702,-0.453,25.1,177.3,4103,28987
BLG670.23,263.106,-34.003,-5.786,-0.323,27.1,242.1,4431,39591
BLG670.24,262.92,-34.003,-5.87,-0.194,26.8,227.4,4382,37187
BLG670.25,262.733,-34.003,-5.955,-0.065,23.3,184.1,3810,30098
BLG670.26,264.047,-33.682,-5.092,-0.805,35.4,297.0,5790,48579
BLG670.27,263.86,-33.682,-5.176,-0.675,34.4,249.7,5628,40852
BLG670.28,263.674,-33.682,-5.26,-0.544,37.7,322.0,6165,52657
BLG670.29,263.487,-33.682,-5.344,-0.414,51.4,462.0,8409,75586
BLG670.30,263.301,-33.682,-5.428,-0.284,40.0,360.6,6542,58982
BLG670.31,263.115,-33.682,-5.513,-0.154,20.5,162.7,3355,26631
BLG670.32,262.928,-33.682,-5.598,-0.024,21.3,126.2,3484,20647
BLG672.01,263.835,-37.088,-8.055,-2.496,59.8,723.5,10178,123144
BLG672.02,263.643,-37.088,-8.138,-2.367,64.5,774.2,10978,131774
BLG672.03,263.45,-37.088,-8.221,-2.238,68.3,522.3,11619,88857
BLG672.04,263.258,-37.088,-8.304,-2.109,46.1,471.2,7842,80164
BLG672.05,263.066,-37.088,-8.388,-1.981,36.8,350.5,6262,59643
BLG672.06,262.874,-37.088,-8.472,-1.852,29.0,262.2,4934,44618
BLG672.07,262.682,-37.088,-8.556,-1.724,32.2,234.2,5478,39843
BLG672.08,264.018,-36.766,-7.705,-2.446,57.1,715.9,9721,121879
BLG672.09,263.826,-36.766,-7.788,-2.316,66.0,819.0,11236,139431
BLG672.10,263.634,-36.766,-7.871,-2.187,64.8,780.8,11026,132866
BLG672.11,263.442,-36.766,-7.955,-2.058,56.9,609.1,9680,103624
BLG672.12,263.249,-36.766,-8.039,-1.928,60.6,666.0,10309,113304
BLG672.13,263.057,-36.766,-8.123,-1.799,53.5,523.1,9103,89014
BLG672.14,262.865,-36.766,-8.207,-1.67,31.3,281.4,5326,47884
BLG672.15,262.673,-36.766,-8.291,-1.542,23.9,201.4,4069,34295
BLG672.16,262.481,-36.766,-8.376,-1.413,12.4,79.2,2111,13486
BLG672.17,264.018,-36.467,-7.453,-2.285,55.1,605.1,9384,103064
BLG672.18,263.826,-36.467,-7.536,-2.155,57.0,622.6,9708,106044
BLG672.19,263.634,-36.467,-7.62,-2.025,60.2,658.1,10246,112012
BLG672.20,263.442,-36.467,-7.703,-1.895,51.5,524.5,8765,89273
BLG672.21,263.249,-36.467,-7.787,-1.765,45.2,454.5,7693,77358
BLG672.22,263.057,-36.467,-7.872,-1.636,48.3,452.4,8220,77001
BLG672.23,262.865,-36.467,-7.956,-1.507,29.2,250.9,4971,42714
BLG672.24,262.673,-36.467,-8.041,-1.377,15.1,106.8,2571,18190
BLG672.25,262.481,-36.467,-8.126,-1.248,9.9,60.9,1686,10364
BLG672.26,263.835,-36.146,-7.261,-1.988,66.1,692.2,11263,117954
BLG672.27,263.643,-36.146,-7.345,-1.857,57.5,599.2,9798,102106
BLG672.28,263.45,-36.146,-7.429,-1.727,51.0,515.5,8686,87803
BLG672.29,263.258,-36.146,-7.514,-1.597,39.1,365.2,6659,62203
BLG672.30,263.066,-36.146,-7.599,-1.466,30.9,278.8,5263,47486
BLG672.31,262.874,-36.146,-7.683,-1.337,17.6,121.0,2998,20614
BLG672.32,262.682,-36.146,-7.769,-1.207,10.8,67.2,1840,11453
BLG675.01,265.763,-27.856,0.625,1.047,56.5,628.7,9119,101481
BLG675.02,265.589,-27.856,0.544,1.177,55.2,659.8,8907,106475
BLG675.03,265.415,-27.856,0.463,1.308,85.8,923.0,13842,148914
BLG675.04,265.242,-27.856,0.382,1.438,119.2,1214.6,19231,195959
BLG675.05,265.068,-27.856,0.301,1.569,105.3,1086.0,16984,175169
BLG675.06,264.894,-27.856,0.219,1.699,123.2,1359.1,19867,219167
BLG675.07,264.721,-27.856,0.137,1.829,140.8,2074.8,22705,334580
BLG675.08,265.928,-27.534,0.976,1.091,79.5,866.0,12844,139917
BLG675.09,265.755,-27.534,0.895,1.222,98.0,964.4,15826,155742
BLG675.10,265.581,-27.534,0.814,1.353,110.1,1055.7,17780,170487
BLG675.11,265.407,-27.534,0.733,1.484,121.4,1214.2,19595,195988
BLG675.12,265.234,-27.534,0.651,1.614,119.3,1235.7,19252,199411
BLG675.13,265.06,-27.534,0.57,1.745,110.7,1183.7,17864,191019
BLG675.14,264.886,-27.534,0.488,1.876,132.3,1907.6,21344,307764
BLG675.15,264.712,-27.534,0.406,2.006,135.8,2043.2,21909,329649
BLG675.16,264.539,-27.534,0.323,2.136,104.7,1257.5,16895,202926
BLG675.17,265.928,-27.235,1.231,1.247,72.0,789.6,11641,127665
BLG675.18,265.755,-27.235,1.149,1.379,75.9,795.8,12265,128606
BLG675.19,265.581,-27.235,1.068,1.51,77.2,804.9,12478,130108
BLG675.20,265.407,-27.235,0.987,1.642,81.7,864.8,13193,139656
BLG675.21,265.234,-27.235,0.905,1.773,100.2,1081.9,16185,174757
BLG675.22,265.06,-27.235,0.823,1.904,115.8,1316.3,18704,212619
BLG675.23,264.886,-27.235,0.741,2.035,124.0,1882.1,20024,303938
BLG675.24,264.712,-27.235,0.659,2.165,115.9,1456.8,18716,235257
BLG675.25,264.539,-27.235,0.577,2.296,93.9,1167.7,15160,188525
BLG675.26,265.763,-26.914,1.427,1.542,76.4,797.0,12361,128953
BLG675.27,265.589,-26.914,1.345,1.673,38.5,447.9,6224,72417
BLG675.28,265.415,-26.914,1.264,1.805,27.5,326.9,4445,52841
BLG675.29,265.242,-26.914,1.182,1.937,62.8,695.9,10151,112488
BLG675.30,265.068,-26.914,1.1,2.068,77.1,866.7,12459,140063
BLG675.31,264.894,-26.914,1.018,2.199,81.6,951.5,13183,153730
BLG675.32,264.721,-26.914,0.935,2.33,88.2,1015.7,14253,164141
BLG676.01,265.731,-29.086,-0.436,0.423,10.9,75.3,1827,12622
BLG676.02,265.556,-29.086,-0.517,0.554,11.1,80.3,1860,13461
BLG676.03,265.38,-29.086,-0.598,0.684,11.2,84.3,1877,14135
BLG676.04,265.204,-29.086,-0.679,0.815,13.7,132.3,2297,22183
BLG676.05,265.028,-29.086,-0.761,0.945,23.9,311.1,4008,52175
BLG676.06,264.853,-29.086,-0.843,1.075,46.1,560.3,7733,93992
BLG676.07,264.677,-29.086,-0.924,1.205,86.9,952.1,14577,159726
BLG676.08,265.899,-28.765,-0.086,0.468,12.6,93.0,2112,15593
BLG676.09,265.723,-28.765,-0.167,0.599,11.3,81.8,1894,13712
BLG676.10,265.547,-28.765,-0.248,0.73,19.2,206.2,3218,34566
BLG676.11,265.372,-28.765,-0.329,0.86,31.6,392.2,5297,65746
BLG676.12,265.196,-28.765,-0.411,0.991,43.8,507.1,7342,85007
BLG676.13,265.02,-28.765,-0.492,1.122,44.3,511.7,7428,85799
BLG676.14,264.845,-28.765,-0.574,1.252,61.6,684.7,10328,114807
BLG676.15,264.669,-28.765,-0.656,1.382,128.2,1514.9,21500,254069
BLG676.16,264.493,-28.765,-0.739,1.513,136.5,1633.8,22892,274002
BLG676.17,265.899,-28.466,0.169,0.624,21.5,230.4,3606,38650
BLG676.18,265.723,-28.466,0.088,0.756,23.1,232.2,3873,38934
BLG676.19,265.547,-28.466,0.006,0.887,59.8,578.4,10029,97005
BLG676.20,265.372,-28.466,-0.075,1.018,93.1,967.4,15606,162161
BLG676.21,265.196,-28.466,-0.157,1.149,92.3,963.6,15476,161571
BLG676.22,265.02,-28.466,-0.239,1.28,87.5,832.6,14671,139606
BLG676.23,264.845,-28.466,-0.321,1.411,120.4,1258.2,20192,211017
BLG676.24,264.669,-28.466,-0.403,1.542,150.2,1730.7,25184,290186
BLG676.25,264.493,-28.466,-0.486,1.673,128.4,1568.5,21534,263067
BLG676.26,265.731,-28.144,0.365,0.919,62.5,681.8,10487,114401
BLG676.27,265.556,-28.144,0.283,1.051,85.2,830.6,14292,139336
BLG676.28,265.38,-28.144,0.202,1.182,134.1,1429.2,22490,239705
BLG676.29,265.204,-28.144,0.12,1.314,121.7,1380.7,20410,231554
BLG676.30,265.028,-28.144,0.038,1.445,147.1,1596.3,24670,267730
BLG676.31,264.853,-28.144,-0.045,1.576,194.0,2133.3,32536,357784
BLG676.32,264.677,-28.144,-0.127,1.707,174.3,3050.6,29225,511500
BLG677.01,265.688,-30.317,-1.503,-0.192,8.6,57.3,1445,9628
BLG677.02,265.51,-30.317,-1.584,-0.061,7.5,52.3,1260,8798
BLG677.03,265.332,-30.317,-1.665,0.069,7.4,53.3,1243,8968
BLG677.04,265.154,-30.317,-1.746,0.199,10.1,77.8,1698,13084
BLG677.05,264.976,-30.317,-1.828,0.329,10.6,88.7,1783,14916
BLG677.06,264.799,-30.317,-1.909,0.459,11.3,97.3,1901,16376
BLG677.07,264.621,-30.317,-1.991,0.589,12.9,116.7,2172,19641
BLG677.08,265.857,-29.995,-1.152,-0.147,10.0,58.5,1679,9825
BLG677.09,265.679,-29.995,-1.233,-0.016,7.8,43.9,1310,7374
BLG677.10,265.502,-29.995,-1.314,0.114,10.4,70.8,1747,11896
BLG677.11,265.324,-29.995,-1.396,0.245,14.0,100.1,2353,16827
BLG677.12,265.146,-29.995,-1.477,0.376,19.8,194.7,3330,32746
BLG677.13,264.968,-29.995,-1.559,0.506,20.7,268.4,3482,45160
BLG677.14,264.79,-29.995,-1.641,0.637,19.8,253.2,3332,42623
BLG677.15,264.612,-29.995,-1.723,0.767,26.7,317.3,4494,53415
BLG677.16,264.435,-29.995,-1.806,0.897,31.0,357.8,5221,60253
BLG677.17,265.857,-29.696,-0.898,0.01,7.5,42.8,1260,7183
BLG677.18,265.679,-29.696,-0.979,0.141,9.4,51.0,1579,8577
BLG677.19,265.502,-29.696,-1.06,0.272,9.9,58.0,1663,9756
BLG677.20,265.324,-29.696,-1.142,0.403,12.2,76.7,2050,12893
BLG677.21,265.146,-29.696,-1.224,0.534,16.0,145.5,2690,24471
BLG677.22,264.968,-29.696,-1.306,0.665,18.9,278.4,3179,46825
BLG677.23,264.79,-29.696,-1.388,0.796,25.3,329.2,4258,55406
BLG677.24,264.612,-29.696,-1.47,0.927,50.2,564.2,8452,95010
BLG677.25,264.435,-29.696,-1.553,1.057,64.8,773.6,10913,130300
BLG677.26,265.688,-29.375,-0.702,0.304,8.7,51.5,1462,8657
BLG677.27,265.51,-29.375,-0.783,0.436,9.2,49.6,1546,8340
BLG677.28,265.332,-29.375,-0.865,0.567,9.8,57.2,1648,9614
BLG677.29,265.154,-29.375,-0.947,0.699,11.3,91.4,1901,15379
BLG677.30,264.976,-29.375,-1.03,0.83,13.5,183.9,2272,30951
BLG677.31,264.799,-29.375,-1.112,0.961,30.4,376.9,5118,63463
BLG677.32,264.621,-29.375,-1.195,1.092,32.4,386.9,5455,65147
BLG680.01,265.356,-37.7,-7.93,-3.845,48.3,747.0,7952,122979
BLG680.02,265.162,-37.7,-8.011,-3.715,45.3,697.8,7456,114851
BLG680.03,264.969,-37.7,-8.092,-3.585,39.2,573.1,6452,94333
BLG680.04,264.775,-37.7,-8.173,-3.455,43.2,476.2,7107,78346
BLG680.05,264.581,-37.7,-8.255,-3.325,49.0,696.3,8061,114566
BLG680.06,264.388,-37.7,-8.337,-3.195,51.2,730.2,8423,120143
BLG680.07,264.194,-37.7,-8.419,-3.066,49.8,714.1,8189,117438
BLG680.08,265.541,-37.379,-7.579,-3.801,49.0,779.8,8067,128387
BLG680.09,265.347,-37.379,-7.66,-3.67,46.8,701.9,7705,115562
BLG680.10,265.153,-37.379,-7.741,-3.539,48.2,728.0,7933,119838
BLG680.11,264.96,-37.379,-7.822,-3.408,47.1,681.8,7750,112199
BLG680.12,264.766,-37.379,-7.904,-3.278,51.9,789.2,8538,129834
BLG680.13,264.572,-37.379,-7.986,-3.148,46.5,668.8,7648,110006
BLG680.14,264.379,-37.379,-8.068,-3.017,43.9,570.3,7219,93791
BLG680.15,264.185,-37.379,-8.151,-2.887,40.3,458.8,6628,75457
BLG680.16,263.991,-37.379,-8.234,-2.757,38.6,372.8,6346,61290
BLG680.17,265.541,-37.08,-7.323,-3.644,63.9,920.0,10523,151506
BLG680.18,265.347,-37.08,-7.405,-3.513,58.7,909.5,9662,149713
BLG680.19,265.153,-37.08,-7.486,-3.381,51.8,761.5,8524,125314
BLG680.20,264.96,-37.08,-7.568,-3.25,58.2,869.7,9577,143120
BLG680.21,264.766,-37.08,-7.65,-3.119,55.6,821.5,9149,135196
BLG680.22,264.572,-37.08,-7.733,-2.988,41.7,535.5,6858,88072
BLG680.23,264.379,-37.08,-7.815,-2.857,39.7,476.4,6528,78341
BLG680.24,264.185,-37.08,-7.898,-2.727,44.8,554.1,7365,91097
BLG680.25,263.991,-37.08,-7.981,-2.597,59.6,800.4,9798,131582
BLG680.26,265.356,-36.758,-7.127,-3.35,44.7,669.1,7359,110170
BLG680.27,265.162,-36.758,-7.209,-3.218,45.6,542.1,7505,89230
BLG680.28,264.969,-36.758,-7.291,-3.086,48.4,684.0,7966,112595
BLG680.29,264.775,-36.758,-7.374,-2.954,48.5,654.7,7979,107713
BLG680.30,264.581,-36.758,-7.456,-2.823,52.7,728.8,8668,119867
BLG680.31,264.388,-36.758,-7.539,-2.692,51.5,667.9,8468,109832
BLG680.32,264.194,-36.758,-7.623,-2.561,54.0,691.8,8877,113736
BLG683.01,267.175,-26.01,2.857,0.932,11.5,142.4,1818,22520
BLG683.02,267.004,-26.01,2.778,1.064,21.1,250.3,3340,39622
BLG683.03,266.833,-26.01,2.698,1.195,48.9,544.4,7746,86241
BLG683.04,266.663,-26.01,2.619,1.326,103.6,1052.3,16419,166780
BLG683.05,266.492,-26.01,2.539,1.458,129.3,1662.1,20497,263483
BLG683.06,266.321,-26.01,2.459,1.589,123.4,1745.1,19571,276773
BLG683.07,266.15,-26.01,2.379,1.72,105.3,1378.2,16709,218694
BLG683.08,267.338,-25.688,3.208,0.972,11.4,143.1,1796,22553
BLG683.09,267.167,-25.688,3.129,1.104,12.6,172.9,1987,27277
BLG683.10,266.996,-25.688,3.049,1.236,20.7,255.2,3268,40299
BLG683.11,266.825,-25.688,2.97,1.368,56.4,614.6,8912,97125
BLG683.12,266.655,-25.688,2.89,1.499,123.9,1710.8,19594,270544
BLG683.13,266.484,-25.688,2.81,1.631,116.9,1681.4,18491,265975
BLG683.14,266.313,-25.688,2.73,1.763,99.3,1406.4,15715,222574
BLG683.15,266.142,-25.688,2.649,1.894,89.6,1243.1,14183,196777
BLG683.16,265.971,-25.688,2.569,2.025,103.2,1518.0,16351,240533
BLG683.17,267.338,-25.389,3.465,1.126,18.2,221.3,2868,34879
BLG683.18,267.167,-25.389,3.385,1.258,18.7,232.8,2947,36700
BLG683.19,266.996,-25.389,3.305,1.39,30.3,361.5,4779,57016
BLG683.20,266.825,-25.389,3.226,1.522,34.8,409.8,5488,64634
BLG683.21,266.655,-25.389,3.146,1.655,75.9,835.9,11976,131903
BLG683.22,266.484,-25.389,3.065,1.787,82.7,941.6,13065,148762
BLG683.23,266.313,-25.389,2.985,1.918,92.6,1346.4,14636,212826
BLG683.24,266.142,-25.389,2.904,2.05,75.4,831.3,11918,131398
BLG683.25,265.971,-25.389,2.824,2.182,77.2,1203.2,12211,190319
BLG683.26,267.175,-25.068,3.664,1.417,37.1,396.6,5867,62721
BLG683.27,267.004,-25.068,3.585,1.55,39.5,411.0,6245,64982
BLG683.28,266.833,-25.068,3.504,1.683,39.9,428.8,6311,67829
BLG683.29,266.663,-25.068,3.424,1.815,57.4,626.0,9084,99070
BLG683.30,266.492,-25.068,3.344,1.947,80.2,937.8,12695,148450
BLG683.31,266.321,-25.068,3.263,2.08,80.6,980.0,12764,155206
BLG683.32,266.15,-25.068,3.182,2.212,86.2,1327.3,13655,210268
BLG714.01,265.612,-25.778,2.323,2.254,101.0,1653.1,16095,263444
BLG714.02,265.441,-25.778,2.242,2.384,98.6,1615.0,15709,257311
BLG714.03,265.271,-25.778,2.161,2.515,92.6,1511.6,14753,240837
BLG714.04,265.1,-25.778,2.079,2.645,81.4,1021.4,12969,162735
BLG714.05,264.929,-25.778,1.998,2.776,65.3,716.1,10401,114066
BLG714.06,264.759,-25.778,1.916,2.906,40.0,432.2,6369,68827
BLG714.07,264.588,-25.778,1.834,3.036,24.8,303.8,3950,48391
BLG714.08,265.775,-25.457,2.673,2.298,83.1,1305.9,13259,208364
BLG714.09,265.604,-25.457,2.592,2.429,93.5,1536.2,14907,244941
BLG714.10,265.433,-25.457,2.511,2.56,95.1,1576.4,15162,251342
BLG714.11,265.263,-25.457,2.43,2.691,97.3,1700.2,15513,271081
BLG714.12,265.092,-25.457,2.348,2.821,86.4,1499.8,13772,239063
BLG714.13,264.921,-25.457,2.267,2.952,71.8,1133.7,11445,180714
BLG714.14,264.751,-25.457,2.185,3.083,53.6,616.0,8541,98168
BLG714.15,264.58,-25.457,2.103,3.213,25.6,308.9,4078,49215
BLG714.16,264.41,-25.457,2.021,3.343,31.1,369.3,4956,58853
BLG714.17,265.775,-25.157,2.928,2.454,76.2,1210.5,12163,193226
BLG714.18,265.604,-25.157,2.847,2.586,95.0,1642.3,15165,262171
BLG714.19,265.433,-25.157,2.766,2.717,93.2,1679.7,14877,268133
BLG714.20,265.263,-25.157,2.684,2.848,85.2,1505.6,13590,240168
BLG714.21,265.092,-25.157,2.603,2.98,76.5,1308.1,12203,208656
BLG714.22,264.921,-25.157,2.521,3.111,59.7,766.8,9520,122287
BLG714.23,264.751,-25.157,2.439,3.242,55.2,705.3,8805,112507
BLG714.24,264.58,-25.157,2.356,3.372,36.6,440.5,5835,70233
BLG714.25,264.41,-25.157,2.274,3.503,38.9,561.8,6202,89565
BLG714.26,265.612,-24.836,3.125,2.749,91.7,1618.0,14645,258399
BLG714.27,265.441,-24.836,3.043,2.88,92.8,1717.7,14820,274330
BLG714.28,265.271,-24.836,2.962,3.012,84.9,1517.8,13549,242230
BLG714.29,265.1,-24.836,2.88,3.143,62.9,842.4,10040,134473
BLG714.30,264.929,-24.836,2.798,3.275,66.4,1093.5,10596,174522
BLG714.31,264.759,-24.836,2.715,3.406,70.6,1360.6,11267,217142
BLG714.32,264.588,-24.836,2.633,3.537,72.9,1367.9,11628,218203
BLG715.01,264.259,-25.163,2.197,3.615,41.6,576.5,6870,95211
BLG715.02,264.09,-25.163,2.114,3.745,44.3,607.1,7316,100265
BLG715.03,263.92,-25.163,2.032,3.875,38.4,489.3,6346,80867
BLG715.04,263.75,-25.163,1.949,4.004,27.2,323.8,4495,53515
BLG715.05,263.58,-25.163,1.866,4.134,28.3,340.9,4678,56354
BLG715.06,263.41,-25.163,1.783,4.263,30.8,405.3,5091,67000
BLG715.07,263.241,-25.163,1.7,4.392,29.5,377.2,4880,62399
BLG715.08,264.421,-24.841,2.548,3.663,68.9,1177.6,11381,194531
BLG715.09,264.251,-24.841,2.465,3.793,61.2,978.4,10109,161624
BLG715.10,264.082,-24.841,2.383,3.923,56.1,912.1,9267,150672
BLG715.11,263.912,-24.841,2.3,4.053,44.8,654.1,7400,108052
BLG715.12,263.742,-24.841,2.217,4.183,43.2,645.9,7138,106723
BLG715.13,263.572,-24.841,2.134,4.313,44.0,579.9,7271,95841
BLG715.14,263.403,-24.841,2.05,4.443,35.6,502.8,5885,83118
BLG715.15,263.233,-24.841,1.967,4.572,30.7,387.0,5076,63990
BLG715.16,263.063,-24.841,1.883,4.702,30.5,416.5,5045,68900
BLG715.17,264.421,-24.542,2.801,3.822,73.0,1443.2,12064,238519
BLG715.18,264.251,-24.542,2.719,3.953,59.8,967.2,9883,159850
BLG715.19,264.082,-24.542,2.636,4.083,49.4,788.9,8164,130382
BLG715.20,263.912,-24.542,2.553,4.214,42.2,610.0,6974,100815
BLG715.21,263.742,-24.542,2.47,4.344,23.8,284.7,3932,47041
BLG715.22,263.572,-24.542,2.386,4.474,30.6,403.4,5056,66654
BLG715.23,263.403,-24.542,2.303,4.604,37.2,555.8,6151,91901
BLG715.24,263.233,-24.542,2.219,4.734,30.9,443.2,5109,73283
BLG715.25,263.063,-24.542,2.135,4.864,36.9,595.7,6105,98568
BLG715.26,264.259,-24.221,2.995,4.118,50.1,783.8,8285,129631
BLG715.27,264.09,-24.221,2.912,4.249,50.8,890.7,8401,147311
BLG715.28,263.92,-24.221,2.829,4.38,49.4,857.8,8168,141837
BLG715.29,263.75,-24.221,2.746,4.511,33.4,498.4,5521,82391
BLG715.30,263.58,-24.221,2.662,4.641,46.7,768.8,7720,127091
BLG715.31,263.41,-24.221,2.578,4.772,45.5,783.0,7523,129469
BLG715.32,263.241,-24.221,2.495,4.902,40.7,648.8,6732,107329
BLG717.01,272.628,-23.549,7.456,-2.135,27.2,310.8,4386,50122
BLG717.02,272.46,-23.549,7.382,-2.001,12.8,136.9,2064,22077
BLG717.03,272.293,-23.549,7.308,-1.866,38.3,433.5,6175,69892
BLG717.04,272.125,-23.549,7.234,-1.732,43.0,477.1,6931,76903
BLG717.05,271.957,-23.549,7.159,-1.597,47.2,495.4,7610,79872
BLG717.06,271.79,-23.549,7.084,-1.463,44.5,378.8,7174,61073
BLG717.07,271.622,-23.549,7.01,-1.329,43.3,314.3,6981,50674
BLG717.08,272.788,-23.227,7.809,-2.109,76.5,1027.5,12345,165822
BLG717.09,272.62,-23.227,7.735,-1.974,59.2,725.5,9551,117055
BLG717.10,272.453,-23.227,7.661,-1.839,50.7,548.7,8180,88530
BLG717.11,272.285,-23.227,7.586,-1.704,58.5,661.3,9436,106671
BLG717.12,272.117,-23.227,7.511,-1.57,50.9,509.8,8210,82233
BLG717.13,271.95,-23.227,7.437,-1.435,54.2,437.2,8738,70489
BLG717.14,271.782,-23.227,7.362,-1.3,45.6,296.5,7353,47815
BLG717.15,271.614,-23.227,7.287,-1.166,37.7,236.0,6079,38059
BLG717.16,271.447,-23.227,7.212,-1.031,26.2,177.1,4227,28574
BLG717.17,272.788,-22.928,8.072,-1.965,51.6,565.1,8331,91241
BLG717.18,272.62,-22.928,7.997,-1.83,51.9,553.4,8379,89352
BLG717.19,272.453,-22.928,7.923,-1.695,67.6,737.6,10912,119065
BLG717.20,272.285,-22.928,7.848,-1.56,53.2,523.3,8587,84472
BLG717.21,272.117,-22.928,7.773,-1.425,48.3,395.2,7792,63763
BLG717.22,271.95,-22.928,7.698,-1.29,45.2,318.7,7292,51420
BLG717.23,271.782,-22.928,7.623,-1.155,26.4,219.9,4257,35462
BLG717.24,271.614,-22.928,7.548,-1.02,29.1,185.8,4692,29963
BLG717.25,271.447,-22.928,7.473,-0.885,33.2,192.7,5357,31098
BLG717.26,272.628,-22.607,8.282,-1.682,48.7,447.4,7866,72272
BLG717.27,272.46,-22.607,8.208,-1.546,50.8,487.3,8206,78717
BLG717.28,272.293,-22.607,8.133,-1.41,30.8,268.5,4972,43352
BLG717.29,272.125,-22.607,8.058,-1.275,25.9,217.7,4182,35158
BLG717.30,271.957,-22.607,7.983,-1.14,24.1,185.9,3889,30001
BLG717.31,271.79,-22.607,7.907,-1.004,23.5,170.7,3790,27535
BLG717.32,271.622,-22.607,7.832,-0.869,19.8,137.5,3193,22174
