{
  "#comment":"effective wavelengths in microns",
  "F062": 0.631483,
  "F087": 0.869694,
  "F106": 1.057881, 
  "F129": 1.278799,
  "F158": 1.569229,
  "F184": 1.828728,
  "F146": 1.363415,
  "F213": 2.121084
}