{
  "#comment":"effective wavelengths in microns",
  "CFHT_u":0.382671,
  "CFHT_CaHK":0.395100,
  "CFHT_g":0.476008,
  "CFHT_r":0.620744,
  "CFHT_i_new":0.768102,
  "CFHT_i_old":0.768088,
  "CFHT_z":0.980398,
  "DECam_u":0.385688,
  "DECam_g":0.476990,
  "DECam_r":0.637044,
  "DECam_i":0.777430,
  "DECam_z":0.915488,
  "DECam_Y":0.988645,
  "GALEX_FUV":0.154885,	
  "GALEX_NUV":0.230337,
  "ACS_HRC_F220W":0.225484,
  "ACS_HRC_F250W":0.273938,
  "ACS_HRC_F330W":0.336823,
  "ACS_HRC_F344N":0.343395,
  "ACS_HRC_F435W":0.434136,
  "ACS_HRC_F475W":0.470887,
  "ACS_HRC_F502N":0.502292,
  "ACS_HRC_F550M":0.557304,
  "ACS_HRC_F555W":0.532696,
  "ACS_HRC_F606W":0.577643,
  "ACS_HRC_F625W":0.624939,
  "ACS_HRC_F658N":0.658591,
  "ACS_HRC_F660N":0.660001,
  "ACS_HRC_F775W":0.762432,
  "ACS_HRC_F814W":0.797339,
  "ACS_HRC_F850LP":0.900499,
  "ACS_HRC_F892N":0.891661,
  "ACS_WFC_F435W":0.434136,
  "ACS_WFC_F475W":0.470887,
  "ACS_WFC_F502N":0.502292,
  "ACS_WFC_F550M":0.557304,
  "ACS_WFC_F555W":0.532696,
  "ACS_WFC_F606W":0.577643,
  "ACS_WFC_F625W":0.624939,
  "ACS_WFC_F658N":0.658591,
  "ACS_WFC_F660N":0.660001,
  "ACS_WFC_F775W":0.762432,
  "ACS_WFC_F814W":0.797339,
  "ACS_WFC_F850LP":0.900499,
  "ACS_WFC_F892N":0.891661,
  "WFC3_UVIS_F200LP":0.506944,
  "WFC3_UVIS_F218W":0.221883,
  "WFC3_UVIS_F225W":0.235870,
  "WFC3_UVIS_F275W":0.271386,
  "WFC3_UVIS_F280N":0.279694,
  "WFC3_UVIS_F300X":0.286433,
  "WFC3_UVIS_F336W":0.335895,
  "WFC3_UVIS_F343N":0.343648,
  "WFC3_UVIS_F350LP":0.553110,
  "WFC3_UVIS_F373N":0.373135,
  "WFC3_UVIS_F390M":0.390488,
  "WFC3_UVIS_F390W":0.401986,
  "WFC3_UVIS_F395N":0.395264,
  "WFC3_UVIS_F410M":0.410863,
  "WFC3_UVIS_F438W":0.432226,
  "WFC3_UVIS_F467M":0.468087,
  "WFC3_UVIS_F469N":0.468815,
  "WFC3_UVIS_F475W":0.473144,
  "WFC3_UVIS_F475X":0.485288,
  "WFC3_UVIS_F487N":0.487339,
  "WFC3_UVIS_F502N":0.500968,
  "WFC3_UVIS_F547M":0.543583,
  "WFC3_UVIS_F555W":0.523533,
  "WFC3_UVIS_F600LP":0.727955,
  "WFC3_UVIS_F606W":0.578081,
  "WFC3_UVIS_F621M":0.620881,
  "WFC3_UVIS_F625W":0.618765,
  "WFC3_UVIS_F631N":0.630400,
  "WFC3_UVIS_F645N":0.645315,
  "WFC3_UVIS_F656N":0.656133,
  "WFC3_UVIS_F657N":0.656646,
  "WFC3_UVIS_F658N":0.658618,
  "WFC3_UVIS_F665N":0.665633,
  "WFC3_UVIS_F673N":0.676565,
  "WFC3_UVIS_F680N":0.687460,
  "WFC3_UVIS_F689M":0.687195,
  "WFC3_UVIS_F763M":0.760129,
  "WFC3_UVIS_F775W":0.760997,
  "WFC3_UVIS_F814W":0.795484,
  "WFC3_UVIS_F845M":0.842843,
  "WFC3_UVIS_F850LP":0.914857,
  "WFC3_UVIS_F953N":0.952895,
  "WFC3_IR_F098M":0.982681,
  "WFC3_IR_F105W":1.043083,
  "WFC3_IR_F110W":1.120052,
  "WFC3_IR_F125W":1.236355,
  "WFC3_IR_F126N":1.258505,
  "WFC3_IR_F127M":1.273237,
  "WFC3_IR_F128N":1.283723,
  "WFC3_IR_F130N":1.301012,
  "WFC3_IR_F132N":1.319312,
  "WFC3_IR_F139M":1.383606,
  "WFC3_IR_F140W":1.373466,
  "WFC3_IR_F153M":1.532628,
  "WFC3_IR_F160W":1.527847,
  "WFC3_IR_F164N":1.645145,
  "WFC3_IR_F167N":1.667400,
  "WFPC2_F218W":0.220127,
  "WFPC2_F255W":0.261017,
  "WFPC2_F300W":0.302867,
  "WFPC2_F336W":0.334948,
  "WFPC2_F439W":0.430961,
  "WFPC2_F450W":0.454540,
  "WFPC2_F555W":0.537054,
  "WFPC2_F606W":0.589888,
  "WFPC2_F622W":0.614554,
  "WFPC2_F675W":0.668714,
  "WFPC2_F791W":0.782050,
  "WFPC2_F814W":0.792454,
  "WFPC2_F850LP":0.909794,
  "F070W":0.698843,
  "F090W":0.898498,
  "F115W":1.143362,
  "F140M":1.402362,
  "F150W2":1.479371,
  "F150W":1.487256,
  "F162M":1.624333,
  "F164N":1.644618,
  "F182M":1.838883,
  "F187N":1.873722,
  "F200W":1.968041,
  "F210M":2.090835,
  "F212N":2.121193,
  "F250M":2.500580,
  "F277W":2.727858,
  "F300M":2.981832,
  "F322W2":3.073138,
  "F323N":3.236730,
  "F335M":3.353723,
  "F356W":3.528704,
  "F360M":3.614893,
  "F405N":4.051576,
  "F410M":4.072318,
  "F430M":4.278479,
  "F444W":4.350426,
  "F460M":4.626986,
  "F466N":4.654048,
  "F470N":4.707784,
  "F480M":4.813911,
  "LSST_u":0.375120,
  "LSST_g":0.474066,
  "LSST_r":0.617234,
  "LSST_i":0.750097,
  "LSST_z":0.867890,
  "LSST_y":0.971182,
  "PS_g":0.481016,
  "PS_r":0.615547,
  "PS_i":0.750303,
  "PS_z":0.866836,
  "PS_y":0.961360,
  "PS_w":0.598070,	
  "PS_open":0.643187,
  "SDSS_u":0.360804,
  "SDSS_g":0.467178,
  "SDSS_r":0.614112, 
  "SDSS_i":0.745789, 
  "SDSS_z":0.892278,
  "SkyMapper_u":0.350022,
  "SkyMapper_v":0.387868,
  "SkyMapper_g":0.501605,
  "SkyMapper_r":0.607685,
  "SkyMapper_i":0.773283,
  "SkyMapper_z":0.912025,
  "IRAC_3.6":3.507483,
  "IRAC_4.5":4.436556,
  "IRAC_5.8":5.628062,
  "IRAC_8.0":7.589054,
  "SPLUS_uJAVA":0.354207,
  "SPLUS_gSDSS":0.471583,
  "SPLUS_rSDSS":0.620257,
  "SPLUS_iSDSS":0.762701,
  "SPLUS_zSDSS":0.891347,
  "SPLUS_J0378":0.3770,
  "SPLUS_J0395":0.3940,
  "SPLUS_J0410":0.4094,
  "SPLUS_J0515":0.5133,
  "SPLUS_J0660":0.6614,
  "SPLUS_J0861":0.8611,
  "hsc_g":0.475871,
  "hsc_r":0.616633,
  "hsc_i":0.768236,
  "hsc_z":0.890654,
  "hsc_y":0.975962,
  "hsc_nb816":0.816771,
  "hsc_nb921":0.920205,
  "INT_IPHAS_gR":0.615345,
  "INT_IPHAS_Ha":0.656820,
  "INT_IPHAS_gI":0.766326,
  "Swift_UVW2":0.207569,
  "Swift_UVM2":0.224656,
  "Swift_UVW1":0.271568,
  "Swift_U":0.352378,
  "Swift_B":0.434596,
  "Swift_V":0.541238,
  "Bessell_U":0.365988,
  "Bessell_B":0.438074,
  "Bessell_V":0.544543,
  "Bessell_R":0.641147,
  "Bessell_I":0.798209,
  "2MASS_Ks":2.152164,
  "2MASS_J":1.228538,
  "2MASS_H":1.638610,
  "Kepler_Kp":0.597814,
  "Hipparcos_Hp":0.798209,
  "Tycho_B":0.428000,
  "Tycho_V":0.534000,
  "Gaia_G_DR2Rev":0.583631,
  "Gaia_BP_DR2Rev":0.502092,
  "Gaia_RP_DR2Rev":0.758883,
  "Gaia_G_MAW":0.584430,        
  "Gaia_BP_MAWb":0.504200,   
  "Gaia_BP_MAWf":0.498269,   
  "Gaia_RP_MAW":0.759811,     
  "TESS":0.745564,	
  "Gaia_G_EDR3":0.673,
  "Gaia_BP_EDR3":0.532,
  "Gaia_RP_EDR3":0.797,
  "UKIDSS_Z":0.881700,
  "UKIDSS_Y":1.030500,
  "UKIDSS_J":1.248300,
  "UKIDSS_H":1.631300,
  "UKIDSS_K":22010.00,
  "UVIT_F148W": 0.148100,
  "UVIT_F154W":0.154100,
  "UVIT_F169M":0.1608,
  "UVIT_F172M":0.1717,
  "UVIT_N219M":0.2196,
  "UVIT_N242W":0.2418,
  "UVIT_N245M":0.2447,
  "UVIT_N263M":0.2632,
  "UVIT_N279N":0.2792,
  "VISTA_Z":0.878860,
  "VISTA_Y":1.019614,
  "VISTA_J":1.255579,
  "VISTA_H":1.649872,
  "VISTA_Ks":2.157790,
  "Washington_C":0.397351,
  "Washington_M":0.509304,
  "Washington_T1":0.6650281,
  "Washington_T2":0.797884,
  "Stromgren_u":0.348257,
  "Stromgren_v":0.412435,
  "Stromgren_b":0.466691,
  "Stromgren_y":0.546474,
  "R062":0.615778,
  "Z087":0.863390,
  "Y106":1.045809,
  "J129":1.274700,
  "W146":1.301380,
  "H158":1.558247,
  "F184":1.830067,
  "WISE_W1":3.352600,
  "WISE_W2":4.602800,
  "WISE_W3":11.560800,  
  "WISE_W4":22.088300
}
