{
  "#comment":"effective wavelengths in microns",
  "2MASS_Ks":2.152164,
  "2MASS_J":1.228538,
  "2MASS_H":1.638610,
  "Bessell_B":0.4363,
  "Bessell_V":0.544579,
  "Bessell_I":0.797880,
  "R062":0.615778,
  "Z087":0.863390,
  "Y106":1.045809,
  "J129":1.274700,
  "W146":1.301380,
  "H158":1.558247,
  "F184":1.830067,
  "Gaia_G_EDR3": 0.673,
  "Gaia_BP_EDR3": 0.532,
  "Gaia_RP_EDR3": 0.797
}
