{
    "#comment":"effective wavelengths in microns",
    "2mass,J": 1.232024441939017,
    "2mass,H": 1.642309415675878,
    "2mass,Ks": 2.155751977206318,
    "ctio_osiris,H": 1.6209597437306624,
    "ctio_osiris,K": 2.1689069827209218,
    "decam,u": 0.387819935221235,
    "decam,g": 0.47746480329640567,
    "decam,r": 0.6373578143947204,
    "decam,i": 0.7758054545731532,
    "decam,z": 0.9135471994044998,
    "decam,y": 0.9830330796831588,
    "gaia,dr2_rev,G": 0.5840994060280549,
    "gaia,dr2_rev,Gbp": 0.5017703736273764,
    "gaia,dr2_rev,Grp": 0.7651989271585719,
    "hawki,J": 1.253827255608745,
    "hawki,H": 1.6095049981540916,
    "hawki,Ks": 2.1363668912059373,
    "wfc3,uvis1,f200lp": 0.5039883583903821,
    "wfc3,uvis1,f218w": 0.22322138384394954,
    "wfc3,uvis1,f225w": 0.23745065319233447,
    "wfc3,uvis1,f275w": 0.27209477695922013,
    "wfc3,uvis1,f280n": 0.2922845841134889,
    "wfc3,uvis1,f300x": 0.3679155955758886,
    "wfc3,uvis1,f336w": 0.3359036372636732,
    "wfc3,uvis1,f343n": 0.34364736235740795,
    "wfc3,uvis1,f350lp": 0.5570741360676225,
    "wfc3,uvis1,f373n": 0.3731486509683468,
    "wfc3,uvis1,f390m": 0.3905126013819526,
    "wfc3,uvis1,f390w": 0.40221743389251496,
    "wfc3,uvis1,f395n": 0.39527020217184167,
    "wfc3,uvis1,f410m": 0.4108820364662319,
    "wfc3,uvis1,f438w": 0.4323351252746225,
    "wfc3,uvis1,f467m": 0.46810315157545024,
    "wfc3,uvis1,f469n": 0.4688068660189667,
    "wfc3,uvis1,f475w": 0.48160678041033844,
    "wfc3,uvis1,f475x": 0.4909243500330815,
    "wfc3,uvis1,f487n": 0.4873343027811928,
    "wfc3,uvis1,f502n": 0.5009548537250051,
    "wfc3,uvis1,f547m": 0.5613053342977523,
    "wfc3,uvis1,f555w": 0.5304342197588304,
    "wfc3,uvis1,f600lp": 0.7333630901053939,
    "wfc3,uvis1,f606w": 0.5835580284224152,
    "wfc3,uvis1,f621m": 0.6208787188962867,
    "wfc3,uvis1,f625w": 0.6272884600506692,
    "wfc3,uvis1,f631n": 0.6304010534344653,
    "wfc3,uvis1,f645n": 0.645326472185845,
    "wfc3,uvis1,f656n": 0.6561039751717636,
    "wfc3,uvis1,f657n": 0.6566497266578885,
    "wfc3,uvis1,f658n": 0.6585170916674996,
    "wfc3,uvis1,f665n": 0.6656337658971504,
    "wfc3,uvis1,f673n": 0.676562374556212,
    "wfc3,uvis1,f680n": 0.6874779055860258,
    "wfc3,uvis1,f689m": 0.6872209641572106,
    "wfc3,uvis1,f763m": 0.7602836625465315,
    "wfc3,uvis1,f775w": 0.7720455694556422,
    "wfc3,uvis1,f814w": 0.8032545790004769,
    "wfc3,uvis1,f845m": 0.8430150480075445,
    "wfc3,uvis1,f850lp": 0.9196680665750001,
    "wfc3,uvis1,f953n": 0.9528584294733871,
    "wfc3,uvis1,fq232n": 0.25127780179663556,
    "wfc3,uvis1,fq243n": 0.25279541935713323,
    "wfc3,uvis1,fq378n": 0.37970520745977737,
    "wfc3,uvis1,fq387n": 0.3871379287551975,
    "wfc3,uvis1,fq422m": 0.4218714154081908,
    "wfc3,uvis1,fq436n": 0.43692196031126024,
    "wfc3,uvis1,fq437n": 0.43716553469526065,
    "wfc3,uvis1,fq492n": 0.4934607674730596,
    "wfc3,uvis1,fq508n": 0.5090659660148119,
    "wfc3,uvis1,fq575n": 0.5757315871888156,
    "wfc3,uvis1,fq619n": 0.6198299698789109,
    "wfc3,uvis1,fq634n": 0.6349052675082104,
    "wfc3,uvis1,fq672n": 0.6716029320716121,
    "wfc3,uvis1,fq674n": 0.6730551520593725,
    "wfc3,uvis1,fq727n": 0.7274827588310042,
    "wfc3,uvis1,fq750n": 0.7502354398467831,
    "wfc3,uvis1,fq889n": 0.8893950663596483,
    "wfc3,uvis1,fq906n": 0.9059400858308823,
    "wfc3,uvis1,fq924n": 0.9248839287621347,
    "wfc3,uvis1,fq937n": 0.9372173480740014,
    "wfc3,uvis2,f200lp": 0.49660121206610985,
    "wfc3,uvis2,f218w": 0.2226440396865096,
    "wfc3,uvis2,f225w": 0.23601026977475523,
    "wfc3,uvis2,f275w": 0.27147308621593363,
    "wfc3,uvis2,f280n": 0.2919129485378271,
    "wfc3,uvis2,f300x": 0.36139341139002634,
    "wfc3,uvis2,f336w": 0.3359193992255499,
    "wfc3,uvis2,f343n": 0.3436513672387256,
    "wfc3,uvis2,f350lp": 0.555649513222357,
    "wfc3,uvis2,f373n": 0.37314808978196906,
    "wfc3,uvis2,f390m": 0.3904900976491202,
    "wfc3,uvis2,f390w": 0.40198770948530066,
    "wfc3,uvis2,f395n": 0.3952662677215016,
    "wfc3,uvis2,f410m": 0.41087035168098957,
    "wfc3,uvis2,f438w": 0.43222598699604214,
    "wfc3,uvis2,f467m": 0.4681058071184506,
    "wfc3,uvis2,f469n": 0.46880692268254154,
    "wfc3,uvis2,f475w": 0.4815099987961011,
    "wfc3,uvis2,f475x": 0.4906351403628619,
    "wfc3,uvis2,f487n": 0.48733447428318044,
    "wfc3,uvis2,f502n": 0.50095479661474,
    "wfc3,uvis2,f547m": 0.5613136147657746,
    "wfc3,uvis2,f555w": 0.5304771290232094,
    "wfc3,uvis2,f600lp": 0.732342109185072,
    "wfc3,uvis2,f606w": 0.5833974729712628,
    "wfc3,uvis2,f621m": 0.6209093402654486,
    "wfc3,uvis2,f625w": 0.627210189586646,
    "wfc3,uvis2,f631n": 0.630400650220987,
    "wfc3,uvis2,f645n": 0.6453265747852368,
    "wfc3,uvis2,f656n": 0.6561033884060362,
    "wfc3,uvis2,f657n": 0.6566465377320622,
    "wfc3,uvis2,f658n": 0.6585108000635008,
    "wfc3,uvis2,f665n": 0.6656305759806614,
    "wfc3,uvis2,f673n": 0.6765595484214885,
    "wfc3,uvis2,f680n": 0.6874589543460904,
    "wfc3,uvis2,f689m": 0.6871951181487457,
    "wfc3,uvis2,f763m": 0.7601271494791249,
    "wfc3,uvis2,f775w": 0.7717435665642204,
    "wfc3,uvis2,f814w": 0.8024948700029255,
    "wfc3,uvis2,f845m": 0.8428380839575689,
    "wfc3,uvis2,f850lp": 0.9191581813360811,
    "wfc3,uvis2,f953n": 0.9528501950848086,
    "wfc3,uvis2,fq232n": 0.25127780179663556,
    "wfc3,uvis2,fq243n": 0.25279541935713323,
    "wfc3,uvis2,fq378n": 0.37970520745977737,
    "wfc3,uvis2,fq387n": 0.3871379287551975,
    "wfc3,uvis2,fq422m": 0.4218714154081908,
    "wfc3,uvis2,fq436n": 0.43692196031126024,
    "wfc3,uvis2,fq437n": 0.43716553469526065,
    "wfc3,uvis2,fq492n": 0.4934607674730596,
    "wfc3,uvis2,fq508n": 0.5090659660148119,
    "wfc3,uvis2,fq575n": 0.5757315871888156,
    "wfc3,uvis2,fq619n": 0.6198299698789109,
    "wfc3,uvis2,fq634n": 0.6349052675082104,
    "wfc3,uvis2,fq672n": 0.6716029320716121,
    "wfc3,uvis2,fq674n": 0.6730551520593725,
    "wfc3,uvis2,fq727n": 0.7274827588310042,
    "wfc3,uvis2,fq750n": 0.7502354398467831,
    "wfc3,uvis2,fq889n": 0.8893950663596483,
    "wfc3,uvis2,fq906n": 0.9059400858308823,
    "wfc3,uvis2,fq924n": 0.9248839287621347,
    "wfc3,uvis2,fq937n": 0.9372173480740014,
    "wfc3,ir,f098m": 0.9827730449383862,
    "wfc3,ir,f105w": 1.0431159621457813,
    "wfc3,ir,f110w": 1.1200523317793303,
    "wfc3,ir,f125w": 1.236352094745761,
    "wfc3,ir,f126n": 1.2568416096729031,
    "wfc3,ir,f127m": 1.2728960022893212,
    "wfc3,ir,f128n": 1.2813313831773099,
    "wfc3,ir,f130n": 1.2995771188366079,
    "wfc3,ir,f132n": 1.317376709520447,
    "wfc3,ir,f139m": 1.3826928847468525,
    "wfc3,ir,f140w": 1.3734029551485551,
    "wfc3,ir,f153m": 1.5303400058442076,
    "wfc3,ir,f160w": 1.5275888863522522,
    "wfc3,ir,f164n": 1.6344905299172396,
    "wfc3,ir,f167n": 1.6594860577525414,
    "acs,hrc,f220w": 0.523835942630829,
    "acs,hrc,f250w": 0.4949917613066945,
    "acs,hrc,f330w": 0.46447521350352144,
    "acs,hrc,f344n": 0.3433886590924676,
    "acs,hrc,f435w": 0.4341370130602425,
    "acs,hrc,f475w": 0.4835653848953449,
    "acs,hrc,f502n": 0.5022835340667962,
    "acs,hrc,f550m": 0.5572909778417467,
    "acs,hrc,f555w": 0.54468936329912,
    "acs,hrc,f606w": 0.5836972998361876,
    "acs,hrc,f625w": 0.634713649688645,
    "acs,hrc,f658n": 0.6585697530928497,
    "acs,hrc,f660n": 0.6599660731184337,
    "acs,hrc,f775w": 0.7728649025763991,
    "acs,hrc,f814w": 0.8082056551030412,
    "acs,hrc,f850lp": 0.9160701697198527,
    "acs,hrc,f892n": 0.8917459033308804,
    "acs,hrc,pol_uv": 0.601303172825737,
    "acs,hrc,pol_v": 0.6443671317354523,
    "acs,sbc,f115lp": 0.1497262184354122,
    "acs,sbc,f125lp": 0.14969916037377032,
    "acs,sbc,f140lp": 0.15405912043335585,
    "acs,sbc,f150lp": 0.16136064335463118,
    "acs,sbc,f165lp": 0.1762548486212367,
    "acs,sbc,f122m": 0.14142852739653897,
    "acs,wfc1,f435w": 0.43416330628645955,
    "acs,wfc1,f475w": 0.47696933603102193,
    "acs,wfc1,f502n": 0.5022865147148868,