     r      z          rho        v_phi  sigma_phi    sigma_r    sigma_z
0.0000 0.0000 4246044.0000 5.413024e+01 551.945664 506.785557 473.604878
0.0001 0.0000 4246044.0000 5.646030e+01 307.684860 272.018470 268.788309
0.0002 0.0000 1427311.0000 5.774550e+01 219.045271 190.462186 193.356239
0.0003 0.0000  731720.2000 5.819259e+01 178.846753 154.729524 158.217024
0.0004 0.0000  452588.7000 5.849324e+01 154.775497 133.965019 136.922950
0.0005 0.0000  311915.8000 5.884885e+01 138.450929 120.259210 122.560952
0.0006 0.0000  230553.4000 5.928834e+01 126.494207 110.546412 112.205416
0.0007 0.0000  178952.2000 5.976353e+01 117.289385 103.306632 104.406744
0.0008 0.0000  143986.0000 6.022537e+01 109.921872  97.687760  98.262917
0.0009 0.0000  119081.5000 6.067377e+01 103.862691  93.196167  93.368335
0.0010 0.0000  100642.9000 6.109714e+01  98.764385  89.532913  89.384568
0.0011 0.0000   86559.4000 6.150194e+01  94.412873  86.498950  86.055877
0.0012 0.0000   75516.6400 6.188229e+01  90.645635  83.942367  83.245915
0.0013 0.0000   66666.9000 6.222026e+01  87.342653  81.755639  80.870134
0.0014 0.0000   59443.6100 6.250979e+01  84.423571  79.852414  78.810909
0.0015 0.0000   53455.3700 6.275388e+01  81.823055  78.186602  77.022214
0.0016 0.0000   48424.1000 6.296965e+01  79.497884  76.718861  75.452576
0.0017 0.0000   44146.8100 6.315347e+01  77.408910  75.417443  74.051104
0.0018 0.0000   40471.5500 6.331518e+01  75.526690  74.263373  72.839510
0.0019 0.0000   37283.7400 6.344826e+01  73.818318  73.220439  71.736869
0.0020 0.0000   34495.6300 6.356055e+01  72.262528  72.278376  70.754591
0.0021 0.0000   32038.9700 6.364139e+01  70.848483  71.420140  69.867976
0.0022 0.0000   29859.9900 6.370281e+01  69.559448  70.638969  69.075274
0.0023 0.0000   27915.7200 6.373722e+01  68.381631  69.923890  68.352086
0.0024 0.0000   26171.5100 6.376042e+01  67.300749  69.266906  67.695213
0.0025 0.0000   24599.0800 6.376780e+01  66.309439  68.660221  67.090628
0.0026 0.0000   23175.1100 6.375989e+01  65.397605  68.100609  66.539265
0.0027 0.0000   21879.9100 6.374486e+01  64.558712  67.584481  66.027092
0.0028 0.0000   20696.9900 6.371572e+01  63.790142  67.104027  65.572032
0.0029 0.0000   19612.5900 6.367966e+01  63.082183  66.658620  65.141181
0.0030 0.0000   18615.0900 6.363373e+01  62.430382  66.244145  64.746159
0.0031 0.0000   17694.6400 6.357944e+01  61.829119  65.858164  64.384995
0.0032 0.0000   16842.8500 6.351952e+01  61.275743  65.499270  64.054525
0.0033 0.0000   16052.4900 6.345424e+01  60.765656  65.160687  63.748202
0.0034 0.0000   15317.3300 6.338353e+01  60.294934  64.846164  63.469835
0.0035 0.0000   14631.9400 6.330689e+01  59.859969  64.550133  63.206458
0.0036 0.0000   13991.6000 6.322549e+01  59.458276  64.270537  62.963598
0.0037 0.0000   13392.1700 6.313997e+01  59.087514  64.007128  62.747580
0.0038 0.0000   12830.0000 6.305038e+01  58.746094  63.759664  62.537309
0.0039 0.0000   12301.8700 6.295613e+01  58.430881  63.525478  62.352856
0.0040 0.0000   11804.9000 6.285997e+01  58.139536  63.305104  62.172506
0.0041 0.0000   11336.5700 6.276175e+01  57.870724  63.097190  62.003825
0.0042 0.0000   10894.6000 6.266047e+01  57.622824  62.900807  61.849315
0.0043 0.0000   10476.9400 6.255807e+01  57.395266  62.715759  61.705699
0.0044 0.0000   10081.7900 6.245486e+01  57.185642  62.540836  61.568754
0.0045 0.0000    9707.4690 6.234986e+01  56.992187  62.375073  61.443567
0.0046 0.0000    9352.4980 6.224412e+01  56.815583  62.219707  61.327996
0.0047 0.0000    9015.5170 6.213781e+01  56.655338  62.072135  61.230139
0.0048 0.0000    8695.2940 6.203063e+01  56.508390  61.933279  61.128837
0.0049 0.0000    8390.7050 6.192387e+01  56.373558  61.802574  61.038697
0.0050 0.0000    8100.7250 6.181840e+01  56.250966  61.678783  60.953746
0.0051 0.0000    7824.4130 6.171248e+01  56.139668  61.562724  60.877218
0.0052 0.0000    7560.9090 6.160584e+01  56.040251  61.454615  60.810750
0.0053 0.0000    7309.4210 6.150038e+01  55.948448  61.351344  60.747008
0.0054 0.0000    7069.2210 6.139477e+01  55.867324  61.254754  60.692767
0.0055 0.0000    6839.6360 6.129071e+01  55.794911  61.164041  60.636862
0.0056 0.0000    6620.0460 6.118613e+01  55.731309  61.079650  60.590086
0.0057 0.0000    6409.8780 6.108264e+01  55.676365  61.000142  60.547109
0.0058 0.0000    6208.5990 6.097970e+01  55.627478  60.925831  60.508986
0.0059 0.0000    6015.7150 6.087719e+01  55.586196  60.855916  60.480435
0.0060 0.0000    5830.7690 6.077485e+01  55.552067  60.792791  60.453675
0.0061 0.0000    5653.3330 6.067498e+01  55.523321  60.732235  60.426962
0.0062 0.0000    5483.0100 6.057560e+01  55.499769  60.677733  60.408565
0.0063 0.0000    5319.4290 6.047681e+01  55.482322  60.625046  60.390700
0.0064 0.0000    5162.2460 6.037955e+01  55.469486  60.579722  60.378213
0.0065 0.0000    5011.1470 6.028271e+01  55.461703  60.536166  60.371185
0.0066 0.0000    4865.8390 6.018789e+01  55.458351  60.496812  60.364337
0.0067 0.0000    4726.0470 6.009305e+01  55.459505  60.461160  60.362449
0.0068 0.0000    4591.5120 6.000041e+01  55.464526  60.428992  60.361952
0.0069 0.0000    4461.9870 5.990754e+01  55.474027  60.399903  60.367685
0.0070 0.0000    4337.2420 5.981668e+01  55.486266  60.374733  60.372823
0.0071 0.0000    4217.0570 5.972656e+01  55.501594  60.352149  60.379435
0.0072 0.0000    4101.2250 5.963606e+01  55.522695  60.332853  60.393971
0.0073 0.0000    3989.5510 5.954891e+01  55.543338  60.315947  60.401658
0.0074 0.0000    3881.8500 5.946214e+01  55.568193  60.302016  60.419989
0.0075 0.0000    3777.9460 5.937625e+01  55.595437  60.290132  60.435803
0.0076 0.0000    3677.6730 5.929214e+01  55.624582  60.281178  60.454816
0.0077 0.0000    3580.8730 5.920662e+01  55.659239  60.274445  60.477898
0.0078 0.0000    3487.3980 5.912510e+01  55.693582  60.269964  60.499763
0.0079 0.0000    3397.1060 5.904335e+01  55.730363  60.267652  60.524979
0.0080 0.0000    3309.8630 5.896140e+01  55.769624  60.267687  60.547112
0.0081 0.0000    3225.5400 5.888158e+01  55.810169  60.268720  60.571905
0.0082 0.0000    3144.0170 5.880197e+01  55.852845  60.274046  60.608220
0.0083 0.0000    3065.1780 5.872405e+01  55.897220  60.280230  60.635685
0.0084 0.0000    2988.9140 5.864635e+01  55.943849  60.288446  60.667850
0.0085 0.0000    2915.1200 5.856985e+01  55.991361  60.297911  60.703243
0.0086 0.0000    2843.6980 5.849453e+01  56.040701  60.309607  60.736678
0.0087 0.0000    2774.5530 5.842031e+01  56.090713  60.321512  60.771912
0.0088 0.0000    2707.5950 5.834699e+01  56.143310  60.336382  60.810030
0.0089 0.0000    2642.7390 5.827634e+01  56.192921  60.351033  60.841990
0.0090 0.0000    2579.9020 5.820292e+01  56.250311  60.368663  60.886629
0.0091 0.0000    2519.0070 5.813267e+01  56.304891  60.388373  60.927566
0.0092 0.0000    2459.9800 5.806252e+01  56.361090  60.409233  60.967446
0.0093 0.0000    2402.7490 5.799489e+01  56.418194  60.434557  61.010047
0.0094 0.0000    2347.2470 5.792744e+01  56.476305  60.459686  61.048683
0.0095 0.0000    2293.4100 5.786087e+01  56.535360  60.484783  61.094547
0.0096 0.0000    2241.1750 5.779545e+01  56.595522  60.510747  61.137388
0.0097 0.0000    2190.4840 5.773135e+01  56.655172  60.539823  61.182789
0.0098 0.0000    2141.2800 5.766634e+01  56.717463  60.567981  61.225350
0.0099 0.0000    2093.5090 5.760572e+01  56.779381  60.596653  61.269613
0.0100 0.0000    2047.1200 5.754439e+01  56.841867  60.627585  61.316374
0.0000 0.0001 2354122.0000 0.000000e+00 243.165952 243.164229 278.364825
0.0001 0.0001 1971324.0000 3.719102e+01 250.746588 229.639596 240.641751
0.0002 0.0001 1088997.0000 4.995369e+01 204.379225 182.437909 187.458013
0.0003 0.0001  640576.7000 5.408369e+01 172.880472 152.653340 156.276839
0.0004 0.0001  418491.8000 5.592438e+01 151.684795 133.513231 136.184983
0.0005 0.0001  296272.2000 5.705654e+01 136.587466 120.363545 122.293558
0.0006 0.0001  222319.7000 5.791236e+01 125.268131 110.837789 112.123280
0.0007 0.0001  174172.4000 5.865977e+01 116.433580 103.663703 104.390817
0.0008 0.0001  140998.4000 5.930940e+01 109.291873  98.053828  98.321090
0.0009 0.0001  117103.3000 5.989591e+01 103.380745  93.558346  93.420797
0.0010 0.0001   99271.3100 6.042100e+01  98.390481  89.878750  89.432992
0.0011 0.0001   85571.5900 6.090137e+01  94.118205  86.823970  86.139203
0.0012 0.0001   74782.4200 6.134367e+01  90.409159  84.245114  83.336699
0.0013 0.0001   66106.6000 6.172626e+01  87.152293  82.026599  80.938375
0.0014 0.0001   59006.4000 6.205405e+01  84.263982  80.106021  78.868539
0.0015 0.0001   53107.6500 6.233867e+01  81.697966  78.420882  77.079141
0.0016 0.0001   48142.9500 6.258094e+01  79.395489  76.933458  75.518258
0.0017 0.0001   43916.1600 6.279184e+01  77.326474  75.617133  74.121716
0.0018 0.0001   40279.8900 6.297694e+01  75.457613  74.444176  72.884041
0.0019 0.0001   37122.6500 6.313317e+01  73.763401  73.388386  71.781980
0.0020 0.0001   34358.8600 6.326274e+01  72.218916  72.434238  70.798877
0.0021 0.0001   31921.8100 6.336101e+01  70.813882  71.566714  69.914488
0.0022 0.0001   29758.7900 6.343414e+01  69.533705  70.773680  69.110135
0.0023 0.0001   27827.6800 6.348474e+01  68.359177  70.047365  68.386042
0.0024 0.0001   26094.4100 6.352031e+01  67.282729  69.381000  67.728370
0.0025 0.0001   24531.1600 6.353938e+01  66.294433  68.767247  67.114000
0.0026 0.0001   23114.9400 6.354562e+01  65.387767  68.200253  66.563501
0.0027 0.0001   21826.3300 6.353870e+01  64.554832  67.676310  66.057640
0.0028 0.0001   20649.0600 6.351888e+01  63.789286  67.190126  65.595006
0.0029 0.0001   19569.5300 6.349233e+01  63.082108  66.738857  65.158255
0.0030 0.0001   18576.2600 6.345399e+01  62.431984  66.319544  64.765055
0.0031 0.0001   17659.5100 6.340847e+01  61.833818  65.930702  64.399608
0.0032 0.0001   16810.9600 6.335646e+01  61.282129  65.565803  64.071132
0.0033 0.0001   16023.4500 6.329772e+01  60.772112  65.224579  63.763560
0.0034 0.0001   15290.8100 6.323379e+01  60.301601  64.904865  63.476758
0.0035 0.0001   14607.6700 6.316397e+01  59.867280  64.604778  63.216765
0.0036 0.0001   13969.3400 6.308770e+01  59.466487  64.322429  62.979780
0.0037 0.0001   13371.7000 6.300711e+01  59.096548  64.057176  62.759966
0.0038 0.0001   12811.1400 6.292191e+01  58.754954  63.806930  62.551219
0.0039 0.0001   12284.4500 6.283374e+01  58.439926  63.569989  62.354814
0.0040 0.0001   11788.8000 6.274187e+01  58.149031  63.347095  62.175636
0.0041 0.0001   11321.6500 6.264688e+01  57.880459  63.136049  62.009503
0.0042 0.0001   10880.7500 6.255063e+01  57.633248  62.937104  61.853718
0.0043 0.0001   10464.0800 6.245265e+01  57.405113  62.749919  61.707941
0.0044 0.0001   10069.8100 6.235321e+01  57.194849  62.573034  61.569165
0.0045 0.0001    9696.3090 6.225166e+01  57.004580  62.406772  61.449672
0.0046 0.0001    9342.0850 6.214985e+01  56.826589  62.249020  61.337147
0.0047 0.0001    9005.7900 6.204626e+01  56.664840  62.100392  61.229597
0.0048 0.0001    8686.1970 6.194308e+01  56.517412  61.960240  61.131353
0.0049 0.0001    8382.1880 6.183968e+01  56.382803  61.828402  61.042377
0.0050 0.0001    8092.7420 6.173711e+01  56.259154  61.703750  60.958747
0.0051 0.0001    7816.9240 6.163381e+01  56.148399  61.587087  60.882423
0.0052 0.0001    7553.8760 6.153019e+01  56.048558  61.477434  60.812062
0.0053 0.0001    7302.8110 6.142579e+01  55.959010  61.373662  60.750025
0.0054 0.0001    7063.0020 6.132315e+01  55.877386  61.276221  60.691365
0.0055 0.0001    6833.7810 6.122032e+01  55.805137  61.183812  60.639505
0.0056 0.0001    6614.5290 6.111873e+01  55.740756  61.098492  60.592694
0.0057 0.0001    6404.6750 6.101734e+01  55.684774  61.017551  60.550756
0.0058 0.0001    6203.6890 6.091652e+01  55.636805  60.943349  60.518262
0.0059 0.0001    6011.0780 6.081606e+01  55.595207  60.874640  60.482364
0.0060 0.0001    5826.3860 6.071731e+01  55.559360  60.809954  60.453845
0.0061 0.0001    5649.1880 6.061896e+01  55.529521  60.749528  60.427449
0.0062 0.0001    5479.0880 6.052128e+01  55.507006  60.693662  60.408759
0.0063 0.0001    5315.7150 6.042401e+01  55.489553  60.642474  60.395787
0.0064 0.0001    5158.7270 6.032845e+01  55.476672  60.594761  60.382738
0.0065 0.0001    5007.8100 6.023337e+01  55.467962  60.550173  60.370421
0.0066 0.0001    4862.6740 6.013924e+01  55.465006  60.510948  60.370992
0.0067 0.0001    4723.0440 6.004586e+01  55.466454  60.474866  60.368457
0.0068 0.0001    4588.6600 5.995495e+01  55.470283  60.440532  60.364390
0.0069 0.0001    4459.2770 5.986400e+01  55.478776  60.411907  60.365645
0.0070 0.0001    4334.6660 5.977356e+01  55.491551  60.385773  60.371356
0.0071 0.0001    4214.6070 5.968446e+01  55.507662  60.362933  60.382089
0.0072 0.0001    4098.8940 5.959665e+01  55.526622  60.343453  60.391669
0.0073 0.0001    3987.3320 5.950945e+01  55.548860  60.326499  60.406077
0.0074 0.0001    3879.7360 5.942423e+01  55.572747  60.312258  60.419401
0.0075 0.0001    3775.9310 5.934005e+01  55.599747  60.299811  60.434326
0.0076 0.0001    3675.7520 5.925565e+01  55.630361  60.291112  60.454370
0.0077 0.0001    3579.0420 5.917224e+01  55.662418  60.284239  60.477393
0.0078 0.0001    3485.6510 5.908921e+01  55.698451  60.279458  60.502067
0.0079 0.0001    3395.4380 5.900789e+01  55.735367  60.276850  60.525388
0.0080 0.0001    3308.2690 5.892831e+01  55.773911  60.276468  60.550675
0.0081 0.0001    3224.0180 5.884907e+01  55.814931  60.278634  60.579906
0.0082 0.0001    3142.5620 5.877074e+01  55.857185  60.282444  60.608407
0.0083 0.0001    3063.7870 5.869263e+01  55.901889  60.287992  60.639200
0.0084 0.0001    2987.5830 5.861605e+01  55.947494  60.295355  60.670583
0.0085 0.0001    2913.8470 5.854054e+01  55.994796  60.304835  60.705425
0.0086 0.0001    2842.4790 5.846682e+01  56.042142  60.315801  60.738531
0.0087 0.0001    2773.3860 5.839308e+01  56.092735  60.328924  60.774501
0.0088 0.0001    2706.4770 5.831843e+01  56.147035  60.343603  60.815141
0.0089 0.0001    2641.6670 5.824714e+01  56.199342  60.360123  60.850016
0.0090 0.0001    2578.8750 5.817649e+01  56.253279  60.376636  60.889778
0.0091 0.0001    2518.0220 5.810682e+01  56.308294  60.395759  60.928547
0.0092 0.0001    2459.0350 5.803919e+01  56.362661  60.416802  60.968485
0.0093 0.0001    2401.8420 5.797018e+01  56.421544  60.440695  61.012559
0.0094 0.0001    2346.3770 5.790367e+01  56.479258  60.464906  61.053357
0.0095 0.0001    2292.5740 5.783811e+01  56.538544  60.490453  61.092785
0.0096 0.0001    2240.3720 5.777316e+01  56.598485  60.516639  61.137547
0.0097 0.0001    2189.7130 5.770929e+01  56.658412  60.542682  61.182510
0.0098 0.0001    2140.5380 5.764599e+01  56.719885  60.572515  61.227629
0.0099 0.0001    2092.7960 5.758432e+01  56.781786  60.601826  61.272354
0.0100 0.0001       0.0000 5.752286e+01  56.844092  60.632912  61.316492
0.0000 0.0002  729721.4000 0.000000e+00 168.858167 168.854247 193.022330
0.0001 0.0002  738113.2000 2.215547e+01 194.589334 182.511673 200.645763
0.0002 0.0002  619137.1000 3.768940e+01 178.566607 163.013722 172.760709
0.0003 0.0002  460077.5000 4.597886e+01 160.271360 144.379155 149.996215
0.0004 0.0002  339130.6000 5.049177e+01 144.809984 129.689890 133.197451
0.0005 0.0002  256646.7000 5.320081e+01 132.477516 118.522061 120.748321
0.0006 0.0002  200415.7000 5.505249e+01 122.630147 109.972333 111.294041
0.0007 0.0002  161058.6000 5.642377e+01 114.627131 103.283703 103.944145
0.0008 0.0002  132631.5000 5.750962e+01 108.004879  97.943050  98.084096
0.0009 0.0002  111483.8000 5.840278e+01 102.436670  93.606663  93.336977
0.0010 0.0002   95334.8300 5.916258e+01  97.677408  90.015312  89.400343
0.0011 0.0002   82715.0000 5.981338e+01  93.567856  87.002727  86.144871
0.0012 0.0002   72646.9600 6.038265e+01  89.980185  84.449164  83.374711
0.0013 0.0002   64469.7500 6.086775e+01  86.808405  82.243189  80.991256
0.0014 0.0002   57724.6700 6.128279e+01  83.992805  80.322826  78.941229
0.0015 0.0002   52085.4000 6.163947e+01  81.473974  78.636933  77.145722
0.0016 0.0002   47314.5500 6.194410e+01  79.212770  77.147903  75.573681
0.0017 0.0002   43235.2800 6.220769e+01  77.179343  75.823372  74.190508
0.0018 0.0002   39713.1900 6.243414e+01  75.339598  74.642311  72.953538
0.0019 0.0002   36645.7100 6.262978e+01  73.667440  73.578074  71.848578
0.0020 0.0002   33953.4700 6.279144e+01  72.142056  72.615123  70.862898
0.0021 0.0002   31574.1700 6.291910e+01  70.754441  71.737844  69.976829
0.0022 0.0002   29458.2900 6.301762e+01  69.485301  70.938106  69.176409
0.0023 0.0002   27566.0500 6.309118e+01  68.320387  70.204246  68.447127
0.0024 0.0002   25865.1400 6.314724e+01  67.252929  69.527353  67.777523
0.0025 0.0002   24329.0500 6.318504e+01  66.273581  68.904250  67.162653
0.0026 0.0002   22935.8000 6.320822e+01  65.374487  68.332597  66.611444
0.0027 0.0002   21666.7400 6.321766e+01  64.546297  67.801198  66.101013
0.0028 0.0002   20506.2400 6.321514e+01  63.784025  67.308020  65.627556
0.0029 0.0002   19441.1900 6.320094e+01  63.082007  66.852765  65.203516
0.0030 0.0002   18460.4900 6.317641e+01  62.436706  66.428233  64.810430
0.0031 0.0002   17554.7100 6.314336e+01  61.841050  66.033126  64.438279
0.0032 0.0002   16715.8000 6.310300e+01  61.290815  65.664377  64.104566
0.0033 0.0002   15936.7900 6.305457e+01  60.782981  65.318074  63.798163
0.0034 0.0002   15211.6700 6.299855e+01  60.314451  64.994471  63.516573
0.0035 0.0002   14535.2100 6.293776e+01  59.881259  64.690708  63.252318
0.0036 0.0002   13902.8400 6.287031e+01  59.481795  64.404005  63.009481
0.0037 0.0002   13310.5500 6.279757e+01  59.113923  64.133910  62.784972
0.0038 0.0002   12754.7800 6.271929e+01  58.772757  63.879718  62.570920
0.0039 0.0002   12232.4200 6.263819e+01  58.457827  63.639776  62.375111
0.0040 0.0002   11740.6600 6.255238e+01  58.167839  63.413680  62.196026
0.0041 0.0002   11277.0500 6.246466e+01  57.900239  63.201120  62.029990
0.0042 0.0002   10839.3600 6.237443e+01  57.652434  62.998728  61.870381
0.0043 0.0002   10425.6100 6.228116e+01  57.425347  62.808668  61.730370
0.0044 0.0002   10034.0100 6.218727e+01  57.215243  62.629909  61.593420
0.0045 0.0002    9662.9430 6.209248e+01  57.023085  62.460985  61.469884
0.0046 0.0002    9310.9490 6.199525e+01  56.846707  62.301680  61.354525
0.0047 0.0002    8976.7010 6.189785e+01  56.684307  62.150934  61.244830
0.0048 0.0002    8658.9890 6.179953e+01  56.536372  62.009038  61.144992
0.0049 0.0002    8356.7120 6.170058e+01  56.401436  61.875188  61.057052
0.0050 0.0002    8068.8630 6.160111e+01  56.279325  61.749182  60.975138
0.0051 0.0002    7794.5190 6.150235e+01  56.166686  61.629094  60.895208
0.0052 0.0002    7532.8350 6.140304e+01  56.066086  61.518185  60.824983
0.0053 0.0002    7283.0320 6.130251e+01  55.977187  61.413940  60.766106
0.0054 0.0002    7044.3940 6.120250e+01  55.896578  61.315717  60.709027
0.0055 0.0002    6816.2600 6.110341e+01  55.823922  61.223432  60.657608
0.0056 0.0002    6598.0180 6.100512e+01  55.759559  61.136620  60.611297
0.0057 0.0002    6389.1030 6.090763e+01  55.702681  61.054679  60.568254
0.0058 0.0002    6188.9920 6.081080e+01  55.652006  60.978979  60.525232
0.0059 0.0002    5997.1970 6.071419e+01  55.610081  60.908479  60.490952
0.0060 0.0002    5813.2670 6.061701e+01  55.575275  60.842818  60.465507
0.0061 0.0002    5636.7810 6.051959e+01  55.546914  60.781700  60.440977
0.0062 0.0002    5467.3450 6.042506e+01  55.524110  60.724894  60.424680
0.0063 0.0002    5304.5950 6.033074e+01  55.505907  60.672886  60.408323
0.0064 0.0002    5148.1900 6.023849e+01  55.491518  60.623158  60.394783
0.0065 0.0002    4997.8200 6.014531e+01  55.483529  60.578950  60.385204
0.0066 0.0002    4853.1970 6.005436e+01  55.479164  60.538441  60.379418
0.0067 0.0002    4714.0490 5.996458e+01  55.478597  60.499807  60.371317
0.0068 0.0002    4580.1180 5.987353e+01  55.484724  60.467895  60.376285
0.0069 0.0002    4451.1610 5.978510e+01  55.493220  60.438457  60.380305
0.0070 0.0002    4326.9500 5.969763e+01  55.504700  60.411985  60.381916
0.0071 0.0002    4207.2680 5.961029e+01  55.520758  60.388158  60.390625
0.0072 0.0002    4091.9110 5.952421e+01  55.539322  60.367153  60.399649
0.0073 0.0002    3980.6840 5.943907e+01  55.560536  60.349779  60.411789
0.0074 0.0002    3873.4040 5.935313e+01  55.585772  60.334398  60.427304
0.0075 0.0002    3769.8970 5.927124e+01  55.612901  60.322091  60.447142
0.0076 0.0002    3669.9990 5.918839e+01  55.642786  60.312549  60.466365
0.0077 0.0002    3573.5550 5.910651e+01  55.675062  60.305259  60.487722
0.0078 0.0002    3480.4150 5.902641e+01  55.708258  60.300112  60.509185
0.0079 0.0002    3390.4400 5.894574e+01  55.746488  60.297144  60.536126
0.0080 0.0002    3303.4960 5.886697e+01  55.784630  60.295957  60.561650
0.0081 0.0002    3219.4570 5.878880e+01  55.825338  60.297155  60.589205
0.0082 0.0002    3138.2030 5.871118e+01  55.867751  60.300465  60.619858
0.0083 0.0002    3059.6190 5.863464e+01  55.912600  60.305441  60.650372
0.0084 0.0002    2983.5960 5.856023e+01  55.957455  60.312625  60.680257
0.0085 0.0002    2910.0320 5.848536e+01  56.004823  60.321651  60.714246
0.0086 0.0002    2838.8270 5.841189e+01  56.053306  60.332696  60.748295
0.0087 0.0002    2769.8890 5.833922e+01  56.103483  60.345369  60.785236
0.0088 0.0002    2703.1270 5.826705e+01  56.155804  60.361726  60.822417
0.0089 0.0002    2638.4570 5.819674e+01  56.208118  60.376473  60.856755
0.0090 0.0002    2575.7970 5.812784e+01  56.261721  60.394579  60.897904
0.0091 0.0002    2515.0700 5.805915e+01  56.316863  60.413613  60.936409
0.0092 0.0002    2456.2030 5.799094e+01  56.372685  60.432801  60.976394
0.0093 0.0002    2399.1250 5.792371e+01  56.429737  60.454462  61.016145
0.0094 0.0002    2343.7680 5.785742e+01  56.487677  60.478731  61.058609
0.0095 0.0002    2290.0690 5.779380e+01  56.544923  60.503295  61.099718
0.0096 0.0002    2237.9660 5.772972e+01  56.604695  60.528913  61.145612
0.0097 0.0002    2187.4000 5.766567e+01  56.666360  60.555812  61.191074
0.0098 0.0002    2138.3160 5.760406e+01  56.727289  60.584146  61.235059
0.0099 0.0002    2090.6590 5.754303e+01  56.788682  60.614825  61.279488
0.0100 0.0002       0.0000 5.748291e+01  56.851399  60.646000  61.326014
0.0000 0.0003  354534.8000 0.000000e+00 137.919728 137.918982 156.956497
0.0001 0.0003  362313.6000 1.515712e+01 161.891078 154.017362 172.409486
0.0002 0.0003  350275.7000 2.853419e+01 156.323309 144.940899 157.196682
0.0003 0.0003  306422.4000 3.798753e+01 146.578759 134.105318 141.806212
0.0004 0.0003  254304.2000 4.421725e+01 136.348243 123.936544 128.762821
0.0005 0.0003  208187.4000 4.837114e+01 127.064180 115.251396 118.237660
0.0006 0.0003  171286.8000 5.128729e+01 119.001814 108.075129 109.828763
0.0007 0.0003  142630.8000 5.342347e+01 112.110961 102.192273 103.068349
0.0008 0.0003  120422.3000 5.506724e+01 106.203927  97.329941  97.569559
0.0009 0.0003  103062.0000 5.637980e+01 101.107897  93.284088  93.038777
0.0010 0.0003   89319.5200 5.744956e+01  96.683138  89.877702  89.261122
0.0011 0.0003   78285.7800 5.834384e+01  92.805444  86.988311  86.085077
0.0012 0.0003   69298.9900 5.909943e+01  89.382510  84.504606  83.362118
0.0013 0.0003   61881.3000 5.973271e+01  86.340808  82.346158  81.019446
0.0014 0.0003   55683.9300 6.026877e+01  83.618981  80.455207  78.993171
0.0015 0.0003   50448.8300 6.072790e+01  81.177354  78.787621  77.213313
0.0016 0.0003   45982.3400 6.111772e+01  78.978081  77.311052  75.655526
0.0017 0.0003   42136.1900 6.145447e+01  76.988650  75.992782  74.268857
0.0018 0.0003   38795.5300 6.174591e+01  75.185447  74.812180  73.044829
0.0019 0.0003   35871.3500 6.199241e+01  73.542712  73.746281  71.940754
0.0020 0.0003   33293.7900 6.219934e+01  72.043164  72.780912  70.946542
0.0021 0.0003   31007.3600 6.236776e+01  70.674615  71.901993  70.061930
0.0022 0.0003   28967.5100 6.250033e+01  69.423284  71.096851  69.262567
0.0023 0.0003   27138.1300 6.260621e+01  68.273481  70.355375  68.527946
0.0024 0.0003   25489.6600 6.269014e+01  67.219736  69.675490  67.856212
0.0025 0.0003   23997.6700 6.275315e+01  66.249930  69.047266  67.244089
0.0026 0.0003   22641.7800 6.279991e+01  65.359791  68.469253  66.682273
0.0027 0.0003   21404.5700 6.283277e+01  64.536849  67.932222  66.168318
0.0028 0.0003   20271.4300 6.284977e+01  63.781170  67.434939  65.699354
0.0029 0.0003   19230.0200 6.285365e+01  63.084891  66.973905  65.268541
0.0030 0.0003   18269.8800 6.284563e+01  62.443297  66.546268  64.869293
0.0031 0.0003   17382.0800 6.282792e+01  61.851285  66.146386  64.505251
0.0032 0.0003   16558.9400 6.280149e+01  61.304696  65.773546  64.167873
0.0033 0.0003   15793.8600 6.276487e+01  60.799381  65.423787  63.852657
0.0034 0.0003   15081.0900 6.272264e+01  60.333495  65.095842  63.569079
0.0035 0.0003   14415.6100 6.267227e+01  59.901315  64.787066  63.302878
0.0036 0.0003   13793.0500 6.261408e+01  59.503448  64.496774  63.058876
0.0037 0.0003   13209.5300 6.255093e+01  59.135869  64.223744  62.832660
0.0038 0.0003   12661.6600 6.248152e+01  58.796167  63.965588  62.620700
0.0039 0.0003   12146.4000 6.240829e+01  58.482504  63.722280  62.421522
0.0040 0.0003   11661.0800 6.233150e+01  58.192733  63.493182  62.243154
0.0041 0.0003   11203.2900 6.225207e+01  57.924333  63.275742  62.071101
0.0042 0.0003   10770.8900 6.216758e+01  57.679157  63.072896  61.914142
0.0043 0.0003   10361.9500 6.208195e+01  57.451730  62.880621  61.768785
0.0044 0.0003    9974.7460 6.199402e+01  57.242420  62.699595  61.634420
0.0045 0.0003    9607.6990 6.190570e+01  57.050028  62.528065  61.505270
0.0046 0.0003    9259.3880 6.181460e+01  56.874364  62.366827  61.394625
0.0047 0.0003    8928.5190 6.172138e+01  56.712848  62.213569  61.284471
0.0048 0.0003    8613.9140 6.162928e+01  56.563875  62.069560  61.186492
0.0049 0.0003    8314.4980 6.153655e+01  56.428053  61.934166  61.092348
0.0050 0.0003    8029.2880 6.144219e+01  56.305107  61.806842  61.006622
0.0051 0.0003    7757.3820 6.134712e+01  56.194735  61.686732  60.933413
0.0052 0.0003    7497.9530 6.125201e+01  56.093629  61.573343  60.865255
0.0053 0.0003    7250.2380 6.115696e+01  56.002718  61.466438  60.800272
0.0054 0.0003    7013.5370 6.106210e+01  55.921341  61.366388  60.742766
0.0055 0.0003    6787.2000 6.096663e+01  55.848843  61.272686  60.688982
0.0056 0.0003    6570.6300 6.087200e+01  55.784837  61.184701  60.641482
0.0057 0.0003    6363.2710 6.077808e+01  55.727277  61.101717  60.595077
0.0058 0.0003    6164.6080 6.068476e+01  55.677410  61.024529  60.553144
0.0059 0.0003    5974.1650 6.059076e+01  55.635058  60.953567  60.523320
0.0060 0.0003    5791.4960 6.049743e+01  55.599609  60.886843  60.497488
0.0061 0.0003    5616.1870 6.040499e+01  55.570418  60.824593  60.473144
0.0062 0.0003    5447.8540 6.031221e+01  55.546566  60.766922  60.451014
0.0063 0.0003    5286.1350 6.022036e+01  55.528175  60.713187  60.434727
0.0064 0.0003    5130.6960 6.013093e+01  55.513899  60.664433  60.419753
0.0065 0.0003    4981.2330 6.004075e+01  55.505768  60.619469  60.413270
0.0066 0.0003    4837.4610 5.995261e+01  55.500995  60.577043  60.401912
0.0067 0.0003    4699.1110 5.986429e+01  55.501096  60.539789  60.401337
0.0068 0.0003    4565.9310 5.977678e+01  55.505512  60.505024  60.399122
0.0069 0.0003    4437.6810 5.968970e+01  55.514387  60.474126  60.402881
0.0070 0.0003    4314.1340 5.960347e+01  55.526401  60.446824  60.410817
0.0071 0.0003    4195.0780 5.951989e+01  55.540084  60.422759  60.414855
0.0072 0.0003    4080.3100 5.943492e+01  55.558790  60.401575  60.420406
0.0073 0.0003    3969.6380 5.935203e+01  55.580469  60.382831  60.436895
0.0074 0.0003    3862.8820 5.926903e+01  55.605089  60.366912  60.450708
0.0075 0.0003    3759.8700 5.918734e+01  55.632063  60.353708  60.469102
0.0076 0.0003    3660.4390 5.910674e+01  55.661379  60.343562  60.488156
0.0077 0.0003    3564.4360 5.902692e+01  55.692945  60.334911  60.507443
0.0078 0.0003    3471.7130 5.894770e+01  55.727016  60.329073  60.531484
0.0079 0.0003    3382.1330 5.887015e+01  55.762035  60.325419  60.553287
0.0080 0.0003    3295.5620 5.879228e+01  55.801187  60.323810  60.581007
0.0081 0.0003    3211.8760 5.871700e+01  55.841056  60.324062  60.611337
0.0082 0.0003    3130.9570 5.864007e+01  55.883908  60.327102  60.636794
0.0083 0.0003    3052.6900 5.856571e+01  55.927552  60.331957  60.665402
0.0084 0.0003    2976.9680 5.849141e+01  55.972740  60.338746  60.695423
0.0085 0.0003    2903.6890 5.841839e+01  56.019983  60.348496  60.729099
0.0086 0.0003    2832.7550 5.834567e+01  56.068698  60.359217  60.765529
0.0087 0.0003    2764.0730 5.827441e+01  56.118292  60.370914  60.797607
0.0088 0.0003    2697.5550 5.820396e+01  56.169935  60.385090  60.835019
0.0089 0.0003    2633.1170 5.813392e+01  56.222802  60.400152  60.876144
0.0090 0.0003    2570.6780 5.806552e+01  56.275851  60.417897  60.912040
0.0091 0.0003    2510.1610 5.799798e+01  56.330803  60.436467  60.950690
0.0092 0.0003    2451.4930 5.793127e+01  56.386579  60.456321  60.990166
0.0093 0.0003    2394.6050 5.786585e+01  56.442932  60.475800  61.030467
0.0094 0.0003    2339.4290 5.780087e+01  56.500577  60.500249  61.074355
0.0095 0.0003    2285.9020 5.773669e+01  56.559435  60.524250  61.116334
0.0096 0.0003    2233.9640 5.767423e+01  56.618661  60.549792  61.159036
0.0097 0.0003    2183.5540 5.761201e+01  56.678490  60.577085  61.205166
0.0098 0.0003    2134.6190 5.755217e+01  56.737646  60.604795  61.249086
0.0099 0.0003    2087.1050 5.749171e+01  56.799469  60.635253  61.293753
0.0100 0.0003       0.0000 5.743221e+01  56.861883  60.665750  61.339752
0.0000 0.0004  209702.6000 0.000000e+00 118.993291 118.992906 135.436334
0.0001 0.0004  213519.6000 1.143214e+01 141.469781 135.826602 153.064745
0.0002 0.0004  215386.6000 2.250012e+01 139.696213 130.998637 144.020619
0.0003 0.0004  205263.5000 3.158108e+01 134.535334 124.535871 133.606112
0.0004 0.0004  185649.8000 3.843642e+01 127.969036 117.699578 123.758122
0.0005 0.0004  162936.6000 4.347345e+01 121.244129 111.252713 115.160470
0.0006 0.0004  141272.0000 4.720610e+01 114.907066 105.522454 107.916943
0.0007 0.0004  122287.9000 5.004574e+01 109.172184 100.556477 101.876556
0.0008 0.0004  106265.0000 5.224265e+01 104.054998  96.297224  96.821376
0.0009 0.0004   92939.8200 5.399236e+01  99.506889  92.644795  92.589041
0.0010 0.0004   81893.3800 5.541110e+01  95.467115  89.500493  88.985274
0.0011 0.0004   72705.1900 5.657833e+01  91.870321  86.782157  85.939020
0.0012 0.0004   65013.8900 5.755167e+01  88.651251  84.413358  83.301600
0.0013 0.0004   58527.2000 5.836019e+01  85.763442  82.333791  81.014171
0.0014 0.0004   53013.4000 5.904701e+01  83.162331  80.497653  79.029116
0.0015 0.0004   48290.0700 5.963091e+01  80.813223  78.869844  77.275716
0.0016 0.0004   44213.4600 6.012792e+01  78.687431  77.419722  75.731671
0.0017 0.0004   40668.7900 6.055419e+01  76.755902  76.122531  74.359821
0.0018 0.0004   37564.7000 6.092114e+01  74.997805  74.952498  73.142991
0.0019 0.0004   34828.6500 6.123241e+01  73.392515  73.896581  72.044304
0.0020 0.0004   32402.5300 6.149402e+01  71.924959  72.931948  71.053890
0.0021 0.0004   30239.3700 6.171145e+01  70.583031  72.053518  70.161252
0.0022 0.0004   28300.8900 6.189036e+01  69.350598  71.245204  69.357456
0.0023 0.0004   26555.6200 6.203458e+01  68.219495  70.504393  68.626522
0.0024 0.0004   24977.5500 6.215439e+01  67.178918  69.821655  67.950657
0.0025 0.0004   23544.9500 6.224816e+01  66.222624  69.190645  67.345640
0.0026 0.0004   22239.4800 6.232608e+01  65.339877  68.610250  66.780562
0.0027 0.0004   21045.3800 6.238234e+01  64.529151  68.069482  66.267308
0.0028 0.0004   19949.3300 6.242334e+01  63.780733  67.569782  65.793896
0.0029 0.0004   18940.0400 6.244913e+01  63.090130  67.105084  65.361572
0.0030 0.0004   18007.8700 6.246217e+01  62.453781  66.672485  64.952060
0.0031 0.0004   17144.5500 6.246291e+01  61.865889  66.268359  64.587656
0.0032 0.0004   16342.9600 6.245241e+01  61.323085  65.891240  64.252178
0.0033 0.0004   15596.9100 6.243181e+01  60.821359  65.537036  63.935421
0.0034 0.0004   14901.0200 6.240179e+01  60.357654  65.205630  63.645487
0.0035 0.0004   14250.5800 6.236502e+01  59.928198  64.893263  63.379931
0.0036 0.0004   13641.4500 6.231963e+01  59.531934  64.600400  63.133648
0.0037 0.0004   13069.9800 6.226779e+01  59.165601  64.323721  62.898803
0.0038 0.0004   12532.9400 6.220889e+01  58.827378  64.062496  62.689490
0.0039 0.0004   12027.4600 6.214623e+01  58.514311  63.815054  62.487280
0.0040 0.0004   11550.9700 6.207811e+01  58.226033  63.583615  62.307156
0.0041 0.0004   11101.1900 6.200686e+01  57.958872  63.364501  62.135124
0.0042 0.0004   10676.0700 6.193200e+01  57.712699  63.157649  61.980243
0.0043 0.0004   10273.7800 6.185493e+01  57.485076  62.962682  61.826523
0.0044 0.0004    9892.6290 6.177475e+01  57.277508  62.779640  61.692613
0.0045 0.0004    9531.1250 6.169194e+01  57.085989  62.605134  61.568538
0.0046 0.0004    9187.8940 6.160826e+01  56.908957  62.440455  61.448751
0.0047 0.0004    8861.6900 6.152311e+01  56.747664  62.287742  61.341266
0.0048 0.0004    8551.3770 6.143688e+01  56.599423  62.141497  61.241000
0.0049 0.0004    8255.9150 6.135009e+01  56.463595  62.004231  61.144473
0.0050 0.0004    7974.3530 6.126163e+01  56.340577  61.875146  61.059151
0.0051 0.0004    7705.8180 6.117269e+01  56.228839  61.752746  60.981546
0.0052 0.0004    7449.5080 6.108294e+01  56.127850  61.637748  60.910740
0.0053 0.0004    7204.6830 6.099291e+01  56.036976  61.529877  60.843806
0.0054 0.0004    6970.6620 6.090207e+01  55.954630  61.428555  60.785352
0.0055 0.0004    6746.8160 6.081173e+01  55.881717  61.333104  60.732884
0.0056 0.0004    6532.5600 6.072125e+01  55.816948  61.243972  60.685200
0.0057 0.0004    6327.3560 6.063074e+01  55.760399  61.160049  60.640713
0.0058 0.0004    6130.7020 6.054057e+01  55.710755  61.081704  60.605067
0.0059 0.0004    5942.1310 6.045133e+01  55.667560  61.008621  60.568894
0.0060 0.0004    5761.2110 6.036162e+01  55.631732  60.941163  60.541248
0.0061 0.0004    5587.5370 6.027285e+01  55.601753  60.878384  60.515726
0.0062 0.0004    5420.7320 6.018402e+01  55.577774  60.819414  60.496524
0.0063 0.0004    5260.4450 6.009670e+01  55.558079  60.764643  60.478608
0.0064 0.0004    5106.3470 6.000899e+01  55.544293  60.714577  60.464124
0.0065 0.0004    4958.1420 5.992270e+01  55.534878  60.668088  60.451921
0.0066 0.0004    4815.5510 5.983588e+01  55.530747  60.625075  60.441809
0.0067 0.0004    4678.3120 5.975029e+01  55.530440  60.586303  60.439523
0.0068 0.0004    4546.1740 5.966537e+01  55.534847  60.551628  60.441345
0.0069 0.0004    4418.9050 5.958220e+01  55.540751  60.519584  60.442387
0.0070 0.0004    4296.2820 5.949786e+01  55.552413  60.490703  60.441067
0.0071 0.0004    4178.0950 5.941564e+01  55.568005  60.465347  60.451201
0.0072 0.0004    4064.1460 5.933395e+01  55.586107  60.443754  60.462672
0.0073 0.0004    3954.2470 5.925259e+01  55.607097  60.424604  60.475653
0.0074 0.0004    3848.2200 5.917152e+01  55.631493  60.408308  60.491864
0.0075 0.0004    3745.8960 5.909258e+01  55.658063  60.393908  60.506139
0.0076 0.0004    3647.1150 5.901404e+01  55.686291  60.382322  60.522340
0.0077 0.0004    3551.7250 5.893683e+01  55.715788  60.373586  60.541662
0.0078 0.0004    3459.5820 5.885984e+01  55.749612  60.366686  60.563103
0.0079 0.0004    3370.5500 5.878282e+01  55.787956  60.362310  60.592181
0.0080 0.0004    3284.4990 5.870662e+01  55.824194  60.360286  60.611534
0.0081 0.0004    3201.3060 5.863266e+01  55.864022  60.360021  60.637336
0.0082 0.0004    3120.8520 5.855883e+01  55.905712  60.363079  60.665048
0.0083 0.0004    3043.0260 5.848514e+01  55.949065  60.366632  60.696511
0.0084 0.0004    2967.7230 5.841237e+01  55.994822  60.372684  60.722284
0.0085 0.0004    2894.8410 5.834111e+01  56.041131  60.380778  60.757842
0.0086 0.0004    2824.2840 5.827003e+01  56.089359  60.391038  60.791553
0.0087 0.0004    2755.9600 5.820075e+01  56.139179  60.403744  60.823474
0.0088 0.0004    2689.7830 5.813161e+01  56.190040  60.416912  60.860026
0.0089 0.0004    2625.6670 5.806355e+01  56.241837  60.432139  60.896313
0.0090 0.0004    2563.5350 5.799566e+01  56.295595  60.449250  60.936067
0.0091 0.0004    2503.3110 5.792934e+01  56.349753  60.466649  60.975144
0.0092 0.0004    2444.9210 5.786392e+01  56.405196  60.486346  61.016182
0.0093 0.0004    2388.2970 5.779919e+01  56.461480  60.507286  61.056882
0.0094 0.0004    2333.3740 5.773602e+01  56.518628  60.527755  61.097468
0.0095 0.0004    2280.0870 5.767355e+01  56.576654  60.552169  61.137044
0.0096 0.0004    2228.3770 5.761149e+01  56.635932  60.577539  61.181780
0.0097 0.0004    2178.1860 5.755030e+01  56.695968  60.604081  61.226955
0.0098 0.0004    2129.4590 5.749075e+01  56.756241  60.631769  61.273390
0.0099 0.0004    2082.1430 5.743172e+01  56.817458  60.661602  61.314898
0.0100 0.0004       0.0000 5.737375e+01  56.879380  60.691598  61.360224
0.0000 0.0005  138900.1000 2.020132e-04 105.455345 105.454265 120.379825
0.0001 0.0005  140909.1000 9.176463e+00 127.679801 123.400186 139.346036
0.0002 0.0005  143804.0000 1.847629e+01 127.448108 120.560368 133.499651
0.0003 0.0005  142688.5000 2.675862e+01 124.664408 116.486151 126.232822
0.0004 0.0005  136213.6000 3.358450e+01 120.449127 111.833235 118.793720
0.0005 0.0005  126030.0000 3.900440e+01 115.625354 107.113122 111.883624
0.0006 0.0005  114328.1000 4.325527e+01 110.746073 102.657451 105.755573
0.0007 0.0005  102660.1000 4.660680e+01 106.073744  98.595168 100.462630
0.0008 0.0005   91843.2200 4.927440e+01 101.720648  94.960963  95.890214
0.0009 0.0005   82194.9000 5.142007e+01  97.732588  91.746239  92.001331
0.0010 0.0005   73755.9000 5.317481e+01  94.100371  88.907175  88.615517
0.0011 0.0005   66437.4500 5.461799e+01  90.804377  86.400662  85.718859
0.0012 0.0005   60107.1400 5.581034e+01  87.818190  84.183538  83.195311
0.0013 0.0005   54626.8900 5.681559e+01  85.100619  82.211294  80.984440
0.0014 0.0005   49869.1400 5.766293e+01  82.635559  80.456586  79.042895
0.0015 0.0005   45722.4300 5.838187e+01  80.394490  78.885799  77.335964
0.0016 0.0005   42091.6900 5.899627e+01  78.347532  77.477515  75.812904
0.0017 0.0005   38896.1500 5.952572e+01  76.486873  76.208297  74.458581
0.0018 0.0005   36068.9400 5.997825e+01  74.782551  75.060673  73.242849
0.0019 0.0005   33555.0800 6.036593e+01  73.219387  74.016628  72.153682
0.0020 0.0005   31309.2000 6.069198e+01  71.788456  73.064459  71.172869
0.0021 0.0005   29293.7200 6.096404e+01  70.477436  72.190969  70.288711
0.0022 0.0005   27477.3600 6.119287e+01  69.269307  71.385295  69.482028
0.0023 0.0005   25833.9500 6.138337e+01  68.157337  70.645103  68.745883
0.0024 0.0005   24341.5000 6.154296e+01  67.135129  69.964022  68.080317
0.0025 0.0005   22981.4100 6.167496e+01  66.193382  69.333933  67.465138
0.0026 0.0005   21737.7000 6.178410e+01  65.323504  68.751480  66.904727
0.0027 0.0005   20596.5600 6.187194e+01  64.521693  68.210778  66.385063
0.0028 0.0005   19546.2200 6.194024e+01  63.782145  67.707930  65.908069
0.0029 0.0005   18576.6100 6.199141e+01  63.099932  67.241407  65.472261
0.0030 0.0005   17679.0700 6.202643e+01  62.468797  66.804506  65.068033
0.0031 0.0005   16846.1300 6.204823e+01  61.885710  66.397911  64.698081
0.0032 0.0005   16071.3100 6.205738e+01  61.347472  66.018004  64.354437
0.0033 0.0005   15348.9500 6.205469e+01  60.849426  65.660898  64.041247
0.0034 0.0005   14674.1000 6.204085e+01  60.388187  65.325390  63.749833
0.0035 0.0005   14042.4300 6.201890e+01  59.961964  65.009686  63.475524
0.0036 0.0005   13450.1000 6.198724e+01  59.567271  64.711332  63.223298
0.0037 0.0005   12893.7000 6.194743e+01  59.202824  64.431501  62.989665
0.0038 0.0005   12370.2400 6.190172e+01  58.865573  64.168111  62.775379
0.0039 0.0005   11877.0100 6.185011e+01  58.553746  63.918331  62.572219
0.0040 0.0005   11411.6100 6.179318e+01  58.266330  63.683369  62.386583
0.0041 0.0005   10971.9000 6.173298e+01  57.999430  63.461502  62.215908
0.0042 0.0005   10555.9500 6.166816e+01  57.754042  63.251875  62.050986
0.0043 0.0005   10162.0000 6.159975e+01  57.528249  63.055870  61.905206
0.0044 0.0005    9788.4820 6.152820e+01  57.320273  62.869775  61.772187
0.0045 0.0005    9433.9650 6.145558e+01  57.128534  62.693537  61.631868
0.0046 0.0005    9097.1420 6.137942e+01  56.952026  62.527557  61.513853
0.0047 0.0005    8776.8270 6.130059e+01  56.790919  62.370658  61.407824
0.0048 0.0005    8471.9320 6.122226e+01  56.641643  62.223242  61.303333
0.0049 0.0005    8181.4660 6.114118e+01  56.506960  62.084755  61.209753
0.0050 0.0005    7904.5160 6.105932e+01  56.383446  61.952339  61.123674
0.0051 0.0005    7640.2440 6.097627e+01  56.272409  61.829373  61.047057
0.0052 0.0005    7387.8810 6.089297e+01  56.170692  61.713265  60.973402
0.0053 0.0005    7146.7150 6.080830e+01  56.079218  61.603230  60.906682
0.0054 0.0005    6916.0900 6.072309e+01  55.997273  61.500635  60.847182
0.0055 0.0005    6695.3980 6.063774e+01  55.924181  61.403717  60.792811
0.0056 0.0005    6484.0770 6.055277e+01  55.858802  61.312765  60.742327
0.0057 0.0005    6281.6060 6.046730e+01  55.801122  61.228046  60.698716
0.0058 0.0005    6087.4990 6.038185e+01  55.750740  61.147983  60.657324
0.0059 0.0005    5901.3060 6.029652e+01  55.707434  61.073627  60.623641
0.0060 0.0005    5722.6060 6.021121e+01  55.670815  61.004511  60.592628
0.0061 0.0005    5551.0070 6.012633e+01  55.640642  60.940250  60.568437
0.0062 0.0005    5386.1440 6.004111e+01  55.615676  60.880362  60.545428
0.0063 0.0005    5227.6750 5.995712e+01  55.596050  60.824924  60.529950
0.0064 0.0005    5075.2830 5.987306e+01  55.581786  60.773527  60.515034
0.0065 0.0005    4928.6780 5.978926e+01  55.571857  60.725920  60.504273
0.0066 0.0005    4787.5890 5.970731e+01  55.565424  60.681818  60.494717
0.0067 0.0005    4651.7610 5.962415e+01  55.565327  60.643139  60.491429
0.0068 0.0005    4520.9510 5.954187e+01  55.569856  60.605299  60.486354
0.0069 0.0005    4394.9310 5.946115e+01  55.576620  60.572641  60.489554
0.0070 0.0005    4273.4830 5.938052e+01  55.587547  60.543479  60.494350
0.0071 0.0005    4156.4030 5.930033e+01  55.602196  60.517457  60.502253
0.0072 0.0005    4043.4980 5.922110e+01  55.619456  60.494267  60.510688
0.0073 0.0005    3934.5830 5.914255e+01  55.639593  60.474328  60.520752
0.0074 0.0005    3829.4840 5.906573e+01  55.661291  60.456409  60.530593
0.0075 0.0005    3728.0360 5.898785e+01  55.689092  60.441770  60.547990
0.0076 0.0005    3630.0830 5.891142e+01  55.717306  60.429126  60.563712
0.0077 0.0005    3535.4760 5.883543e+01  55.748799  60.419205  60.581857
0.0078 0.0005    3444.0730 5.875994e+01  55.781578  60.412099  60.606121
0.0079 0.0005    3355.7410 5.868581e+01  55.816720  60.407668  60.632144
0.0080 0.0005    3270.3530 5.861274e+01  55.852869  60.404400  60.651769
0.0081 0.0005    3187.7860 5.853948e+01  55.892967  60.403323  60.676470
0.0082 0.0005    3107.9270 5.846678e+01  55.934222  60.405125  60.707714
0.0083 0.0005    3030.6650 5.839521e+01  55.976985  60.408157  60.736085
0.0084 0.0005    2955.8960 5.832515e+01  56.021375  60.414122  60.761627
0.0085 0.0005    2883.5210 5.825475e+01  56.067599  60.421763  60.791635
0.0086 0.0005    2813.4450 5.818567e+01  56.115617  60.430890  60.826239
0.0087 0.0005    2745.5790 5.811744e+01  56.165013  60.442229  60.858866
0.0088 0.0005    2679.8350 5.805035e+01  56.216298  60.454791  60.893133
0.0089 0.0005    2616.1320 5.798385e+01  56.267555  60.469097  60.927976
0.0090 0.0005    2554.3930 5.791786e+01  56.320042  60.485225  60.969791
0.0091 0.0005    2494.5410 5.785271e+01  56.374257  60.502694  61.009825
0.0092 0.0005    2436.5070 5.778813e+01  56.429375  60.521954  61.050118
0.0093 0.0005    2380.2210 5.772520e+01  56.485121  60.542238  61.090219
0.0094 0.0005    2325.6200 5.766329e+01  56.541295  60.564793  61.131018
0.0095 0.0005    2272.6400 5.760227e+01  56.599003  60.587703  61.171924
0.0096 0.0005    2221.2220 5.754160e+01  56.658102  60.611220  61.215427
0.0097 0.0005    2171.3100 5.748125e+01  56.718467  60.636955  61.259822
0.0098 0.0005    2122.8490 5.742289e+01  56.778297  60.663973  61.300275
0.0099 0.0005    2075.7870 5.736483e+01  56.838990  60.692782  61.342831
0.0100 0.0005       0.0000 5.730767e+01  56.900759  60.723672  61.390918
0.0000 0.0006   99003.7400 0.000000e+00  97.565648  97.565176 110.748458
0.0001 0.0006  100155.3000 7.710992e+00 117.839811 114.452586 129.230716
0.0002 0.0006  102414.2000 1.568570e+01 118.245265 112.635506 125.168675
0.0003 0.0006  103477.6000 2.314034e+01 116.741340 109.909391 119.879117
0.0004 0.0006  101944.7000 2.965947e+01 113.990479 106.662168 114.199884
0.0005 0.0006   97838.0100 3.514135e+01 110.531804 103.206273 108.654490
0.0006 0.0006   91963.0700 3.965392e+01 106.784620  99.765709 103.529094
0.0007 0.0006   85227.1500 4.333682e+01 103.007733  96.492843  98.936910
0.0008 0.0006   78323.1200 4.634313e+01  99.347687  93.447493  94.880011
0.0009 0.0006   71679.6800 4.881760e+01  95.881095  90.668977  91.293156
0.0010 0.0006   65515.2800 5.085352e+01  92.651289  88.148903  88.186367
0.0011 0.0006   59915.1200 5.254661e+01  89.657975  85.877975  85.445407
0.0012 0.0006   54888.3100 5.395953e+01  86.906303  83.830561  83.043457
0.0013 0.0006   50404.4800 5.515310e+01  84.376969  81.991007  80.923210
0.0014 0.0006   46415.6300 5.616346e+01  82.058685  80.332099  79.046195
0.0015 0.0006   42868.3300 5.702460e+01  79.932382  78.834627  77.380059
0.0016 0.0006   39709.3800 5.776140e+01  77.981986  77.481371  75.899404
0.0017 0.0006   36888.9400 5.839344e+01  76.192102  76.251668  74.571829
0.0018 0.0006   34363.0800 5.893799e+01  74.547973  75.133317  73.374107
0.0019 0.0006   32093.7100 5.940385e+01  73.036305  74.111645  72.295000
0.0020 0.0006   30048.0300 5.980023e+01  71.645229  73.175066  71.313569
0.0021 0.0006   28197.9300 6.013463e+01  70.362741  72.311920  70.433494
0.0022 0.0006   26519.2900 6.041895e+01  69.181812  71.513696  69.622673
0.0023 0.0006   24991.4600 6.065976e+01  68.093436  70.781274  68.890518
0.0024 0.0006   23596.6900 6.086474e+01  67.089914  70.102187  68.226809
0.0025 0.0006   22319.6900 6.103726e+01  66.163608  69.474592  67.611557
0.0026 0.0006   21147.0600 6.118341e+01  65.310005  68.891194  67.046196
0.0027 0.0006   20067.1100 6.130551e+01  64.517058  68.350807  66.523926
0.0028 0.0006   19069.7600 6.140517e+01  63.787133  67.848205  66.045393
0.0029 0.0006   18146.2800 6.148328e+01  63.112249  67.379980  65.609253
0.0030 0.0006   17289.1200 6.154424e+01  62.488895  66.942315  65.203328
0.0031 0.0006   16491.6900 6.159091e+01  61.911202  66.534472  64.819850
0.0032 0.0006   15748.2300 6.161987e+01  61.378568  66.151569  64.479748
0.0033 0.0006   15053.6800 6.163709e+01  60.884474  65.791884  64.166241
0.0034 0.0006   14403.5900 6.164186e+01  60.426858  65.453640  63.864535
0.0035 0.0006   13794.0300 6.163583e+01  60.002780  65.134008  63.589972
0.0036 0.0006   13221.5200 6.161929e+01  59.610904  64.834012  63.337973
0.0037 0.0006   12682.9400 6.159446e+01  59.247991  64.550319  63.102517
0.0038 0.0006   12175.5400 6.156194e+01  58.912222  64.283117  62.880306
0.0039 0.0006   11696.8300 6.152277e+01  58.601763  64.031256  62.677281
0.0040 0.0006   11244.5900 6.147849e+01  58.314737  63.793726  62.490248
0.0041 0.0006   10816.8400 6.142722e+01  58.051396  63.568521  62.314623
0.0042 0.0006   10411.7700 6.137461e+01  57.805048  63.357047  62.149336
0.0043 0.0006   10027.7700 6.131652e+01  57.579589  63.158083  61.999841
0.0044 0.0006    9663.3410 6.125591e+01  57.370805  62.969242  61.855996
0.0045 0.0006    9317.1540 6.119181e+01  57.179054  62.791354  61.724547
0.0046 0.0006    8987.9780 6.112342e+01  57.004312  62.623439  61.612724
0.0047 0.0006    8674.6940 6.105480e+01  56.842368  62.464663  61.497108
0.0048 0.0006    8376.2760 6.098354e+01  56.694258  62.315115  61.393014
0.0049 0.0006    8091.7840 6.091018e+01  56.559371  62.174349  61.295676
0.0050 0.0006    7820.3530 6.083510e+01  56.435652  62.041261  61.206333
0.0051 0.0006    7561.1870 6.075908e+01  56.323814  61.915576  61.127858
0.0052 0.0006    7313.5530 6.068266e+01  56.221910  61.797812  61.053085
0.0053 0.0006    7076.7730 6.060422e+01  56.130047  61.686633  60.986381
0.0054 0.0006    6850.2210 6.052532e+01  56.047735  61.581877  60.921547
0.0055 0.0006    6633.3160 6.044598e+01  55.973081  61.483338  60.863574
0.0056 0.0006    6425.5190 6.036650e+01  55.907411  61.390976  60.813098
0.0057 0.0006    6226.3310 6.028654e+01  55.849010  61.304090  60.767075
0.0058 0.0006    6035.2860 6.020562e+01  55.798778  61.222995  60.726171
0.0059 0.0006    5851.9510 6.012520e+01  55.755213  61.147429  60.694420
0.0060 0.0006    5675.9220 6.004487e+01  55.717345  61.076800  60.661069
0.0061 0.0006    5506.8210 5.996395e+01  55.686648  61.011396  60.632139
0.0062 0.0006    5344.2960 5.988307e+01  55.661523  60.950026  60.610526
0.0063 0.0006    5188.0180 5.980296e+01  55.641552  60.893099  60.592253
0.0064 0.0006    5037.6800 5.972339e+01  55.625303  60.840634  60.574306
0.0065 0.0006    4893.0030 5.964260e+01  55.615875  60.791675  60.561884
0.0066 0.0006    4753.7260 5.956436e+01  55.609442  60.746592  60.552451
0.0067 0.0006    4619.6010 5.948592e+01  55.607612  60.705888  60.546196
0.0068 0.0006    4490.3920 5.940694e+01  55.611534  60.667984  60.544136
0.0069 0.0006    4365.8790 5.932903e+01  55.617739  60.634645  60.543219
0.0070 0.0006    4245.8500 5.925093e+01  55.628685  60.604199  60.546426
0.0071 0.0006    4130.1070 5.917404e+01  55.642131  60.576951  60.552043
0.0072 0.0006    4018.4620 5.909725e+01  55.659383  60.552816  60.563141
0.0073 0.0006    3910.7360 5.902136e+01  55.679099  60.531630  60.573229
0.0074 0.0006    3806.7590 5.894589e+01  55.701876  60.513086  60.587483
0.0075 0.0006    3706.3710 5.887090e+01  55.728132  60.497494  60.600316
0.0076 0.0006    3609.4190 5.879732e+01  55.755023  60.484137  60.616904
0.0077 0.0006    3515.7580 5.872431e+01  55.784853  60.473448  60.635342
0.0078 0.0006    3425.2500 5.865140e+01  55.817821  60.464973  60.653906
0.0079 0.0006    3337.7650 5.857913e+01  55.852416  60.458975  60.675978
0.0080 0.0006    3253.1790 5.850717e+01  55.889311  60.455459  60.701545
0.0081 0.0006    3171.3720 5.843678e+01  55.926896  60.453760  60.724998
0.0082 0.0006    3092.2320 5.836586e+01  55.968758  60.454464  60.752627
0.0083 0.0006    3015.6520 5.829656e+01  56.011050  60.457020  60.779316
0.0084 0.0006    2941.5310 5.822729e+01  56.055797  60.461995  60.808834
0.0085 0.0006    2869.7700 5.815966e+01  56.101105  60.469100  60.838809
0.0086 0.0006    2800.2770 5.809268e+01  56.147892  60.477627  60.871195
0.0087 0.0006    2732.9640 5.802577e+01  56.196669  60.487994  60.904010
0.0088 0.0006    2667.7470 5.796058e+01  56.246807  60.499100  60.937020
0.0089 0.0006    2604.5440 5.789498e+01  56.298538  60.513196  60.975828
0.0090 0.0006    2543.2800 5.783182e+01  56.349636  60.528591  61.010028
0.0091 0.0006    2483.8810 5.776838e+01  56.403020  60.545431  61.049175
0.0092 0.0006    2426.2780 5.770582e+01  56.457579  60.563971  61.090356
0.0093 0.0006    2370.4020 5.764371e+01  56.513384  60.583693  61.127731
0.0094 0.0006    2316.1910 5.758285e+01  56.570313  60.604759  61.169436
0.0095 0.0006    2263.5840 5.752227e+01  56.628503  60.627474  61.211628
0.0096 0.0006    2212.5210 5.746311e+01  56.686784  60.651893  61.254554
0.0097 0.0006    2162.9480 5.740481e+01  56.745067  60.676454  61.294456
0.0098 0.0006    2114.8090 5.734766e+01  56.804880  60.702857  61.340246
0.0099 0.0006    2068.0560 5.729093e+01  56.865675  60.730660  61.383821
0.0100 0.0006       0.0000 5.723499e+01  56.926949  60.760872  61.429689
0.0000 0.0007   74282.0500 3.674075e-07  91.186482  91.185784 103.141257
0.0001 0.0007   74989.2400 6.672323e+00 110.501824 107.721653 121.489677
0.0002 0.0007   76595.4200 1.365966e+01 111.174226 106.492994 118.493324
0.0003 0.0007   77975.9800 2.039511e+01 110.394342 104.592941 114.533130
0.0004 0.0007   78181.8600 2.652033e+01 108.569147 102.259985 110.116052
0.0005 0.0007   76857.7000 3.188420e+01 106.059350  99.681719 105.631954
0.0006 0.0007   74165.0300 3.646733e+01 103.164437  97.025084 101.343704
0.0007 0.0007   70510.2500 4.032719e+01 100.104250  94.388988  97.392409
0.0008 0.0007   66323.2700 4.356737e+01  97.028509  91.863786  93.796293
0.0009 0.0007   61948.3800 4.627558e+01  94.033572  89.486134  90.574232
0.0010 0.0007   57622.1900 4.854313e+01  91.174088  87.274053  87.690589
0.0011 0.0007   53489.1100 5.044812e+01  88.476004  85.241332  85.131313
0.0012 0.0007   49625.9500 5.205764e+01  85.956527  83.379295  82.855646
0.0013 0.0007   46064.5500 5.342704e+01  83.616152  81.684215  80.834480
0.0014 0.0007   42809.1000 5.459239e+01  81.444964  80.133578  79.033258
0.0015 0.0007   39847.7400 5.559106e+01  79.440578  78.721805  77.423635
0.0016 0.0007   37159.4300 5.644948e+01  77.586156  77.430642  75.975386
0.0017 0.0007   34719.8100 5.718975e+01  75.875143  76.252109  74.669981
0.0018 0.0007   32504.4900 5.782589e+01  74.295702  75.170131  73.503746
0.0019 0.0007   30490.3000 5.837187e+01  72.833759  74.175372  72.437403
0.0020 0.0007   28655.8800 5.883969e+01  71.487142  73.259645  71.474811
0.0021 0.0007   26981.9500 5.924020e+01  70.241616  72.411616  70.597920
0.0022 0.0007   25451.2300 5.958226e+01  69.089499  71.627092  69.786227
0.0023 0.0007   24048.4300 5.987730e+01  68.025995  70.903591  69.055536
0.0024 0.0007   22759.9900 6.013046e+01  67.042998  70.232381  68.387287
0.0025 0.0007   21573.9500 6.034819e+01  66.134357  69.609222  67.768651
0.0026 0.0007   20479.5200 6.053269e+01  65.293788  69.029960  67.203199
0.0027 0.0007   19467.2000 6.068954e+01  64.516116  68.490350  66.685632
0.0028 0.0007   18528.6400 6.082277e+01  63.796484  67.989244  66.202185
0.0029 0.0007   17656.5400 6.093187e+01  63.130148  67.521484  65.762316
0.0030 0.0007   16844.5000 6.102123e+01  62.513243  67.083624  65.351384
0.0031 0.0007   16086.8600 6.109055e+01  61.942536  66.672963  64.973679
0.0032 0.0007   15378.6300 6.114426e+01  61.414265  66.288491  64.624943
0.0033 0.0007   14715.4000 6.118140e+01  60.925153  65.927126  64.302292
0.0034 0.0007   14093.2600 6.120577e+01  60.471815  65.585758  64.002677
0.0035 0.0007   13508.7100 6.121740e+01  60.051216  65.264913  63.727612
0.0036 0.0007   12958.6600 6.121831e+01  59.661777  64.961964  63.466578
0.0037 0.0007   12440.3100 6.120827e+01  59.300951  64.675877  63.228126
0.0038 0.0007   11951.1700 6.118980e+01  58.966634  64.406162  63.006153
0.0039 0.0007   11489.0000 6.116571e+01  58.657436  64.151914  62.800667
0.0040 0.0007   11051.7700 6.113442e+01  58.370834  63.911189  62.604460
0.0041 0.0007   10637.6700 6.109753e+01  58.106924  63.684991  62.428803
0.0042 0.0007   10245.0600 6.105527e+01  57.864065  63.469616  62.257191
0.0043 0.0007    9872.4310 6.100893e+01  57.637970  63.267544  62.098933
0.0044 0.0007    9518.4240 6.095793e+01  57.431293  63.078775  61.966916
0.0045 0.0007    9181.7930 6.090394e+01  57.239634  62.898553  61.834511
0.0046 0.0007    8861.3990 6.084625e+01  57.064464  62.728375  61.711201
0.0047 0.0007    8556.1980 6.078597e+01  56.903002  62.568546  61.596886
0.0048 0.0007    8265.2320 6.072337e+01  56.754574  62.416454  61.492795
0.0049 0.0007    7987.6190 6.065831e+01  56.619018  62.273254  61.394201
0.0050 0.0007    7722.5480 6.059195e+01  56.494891  62.138248  61.301892
0.0051 0.0007    7469.2700 6.052327e+01  56.383087  62.011329  61.221457
0.0052 0.0007    7227.0940 6.045322e+01  56.280497  61.891192  61.145534
0.0053 0.0007    6995.3800 6.038164e+01  56.188400  61.778794  61.073528
0.0054 0.0007    6773.5350 6.030984e+01  56.104302  61.671666  61.009327
0.0055 0.0007    6561.0090 6.023614e+01  56.030527  61.571946  60.950933
0.0056 0.0007    6357.2900 6.016254e+01  55.964430  61.478158  60.898713
0.0057 0.0007    6161.9030 6.008858e+01  55.905803  61.389763  60.850357
0.0058 0.0007    5974.4050 6.001339e+01  55.854353  61.306737  60.809701
0.0059 0.0007    5794.3830 5.993841e+01  55.808788  61.229940  60.771049
0.0060 0.0007    5621.4500 5.986277e+01  55.771209  61.157583  60.738880
0.0061 0.0007    5455.2480 5.978690e+01  55.739960  61.091046  60.712326
0.0062 0.0007    5295.4370 5.971049e+01  55.713033  61.028530  60.684755
0.0063 0.0007    5141.7020 5.963406e+01  55.694495  60.970695  60.669848
0.0064 0.0007    4993.7500 5.955854e+01  55.678547  60.916073  60.652164
0.0065 0.0007    4851.3150 5.948329e+01  55.667968  60.866494  60.639787
0.0066 0.0007    4714.1450 5.940745e+01  55.661509  60.820678  60.627172
0.0067 0.0007    4582.0000 5.933219e+01  55.659514  60.778054  60.619861
0.0068 0.0007    4454.6550 5.925745e+01  55.661502  60.739404  60.615349
0.0069 0.0007    4331.8950 5.918279e+01  55.667300  60.704540  60.614787
0.0070 0.0007    4213.5190 5.910869e+01  55.676658  60.672709  60.613898
0.0071 0.0007    4099.3340 5.903504e+01  55.689344  60.643858  60.617844
0.0072 0.0007    3989.1570 5.896132e+01  55.706201  60.618544  60.624091
0.0073 0.0007    3882.8170 5.888894e+01  55.724828  60.596919  60.634276
0.0074 0.0007    3780.1490 5.881656e+01  55.747111  60.577347  60.644623
0.0075 0.0007    3680.9960 5.874466e+01  55.771986  60.560755  60.660250
0.0076 0.0007    3585.2120 5.867303e+01  55.798744  60.545991  60.673419
0.0077 0.0007    3492.6550 5.860197e+01  55.828533  60.533815  60.691699
0.0078 0.0007    3403.1920 5.853200e+01  55.860008  60.525309  60.711182
0.0079 0.0007    3316.6960 5.846252e+01  55.893133  60.518262  60.731613
0.0080 0.0007    3233.0450 5.839306e+01  55.929471  60.513793  60.754574
0.0081 0.0007    3152.1250 5.832438e+01  55.967324  60.511208  60.777548
0.0082 0.0007    3073.8260 5.825598e+01  56.008112  60.511335  60.809705
0.0083 0.0007    2998.0440 5.818913e+01  56.049510  60.512844  60.835341
0.0084 0.0007    2924.6790 5.812358e+01  56.092005  60.515534  60.859058
0.0085 0.0007    2853.6360 5.805643e+01  56.138137  60.522928  60.892866
0.0086 0.0007    2784.8260 5.799030e+01  56.185328  60.530902  60.925754
0.0087 0.0007    2718.1600 5.792583e+01  56.233243  60.539864  60.956332
0.0088 0.0007    2653.5590 5.786206e+01  56.282839  60.551237  60.990605
0.0089 0.0007    2590.9420 5.779867e+01  56.334331  60.563828  61.027286
0.0090 0.0007    2530.2340 5.773618e+01  56.386040  60.578128  61.061233
0.0091 0.0007    2471.3650 5.767462e+01  56.438887  60.594865  61.100822
0.0092 0.0007    2414.2660 5.761368e+01  56.493283  60.611582  61.137501
0.0093 0.0007    2358.8710 5.755346e+01  56.548761  60.630563  61.176543
0.0094 0.0007    2305.1180 5.749457e+01  56.604653  60.651716  61.218257
0.0095 0.0007    2252.9460 5.743520e+01  56.662274  60.673745  61.258842
0.0096 0.0007    2202.2990 5.737752e+01  56.719651  60.696957  61.296695
0.0097 0.0007    2153.1220 5.732085e+01  56.778280  60.720689  61.338911
0.0098 0.0007    2105.3620 5.726523e+01  56.837202  60.746893  61.383570
0.0099 0.0007    2058.9700 5.721003e+01  56.897158  60.774110  61.426408
0.0100 0.0007       0.0000 5.715715e+01  56.957232  60.802242  61.468187
0.0000 0.0008   57871.9800 0.000000e+00  86.162946  86.162773  97.166065
0.0001 0.0008   58330.3400 5.913739e+00 104.879035 102.547076 115.452134
0.0002 0.0008   59461.5100 1.214974e+01 105.647917 101.676473 113.147883
0.0003 0.0008   60688.1500 1.827226e+01 105.281637 100.291175 110.055751
0.0004 0.0008   61422.8300 2.399633e+01 104.047723  98.559246 106.549725
0.0005 0.0008   61309.5700 2.916003e+01 102.187621  96.592795 102.898530
0.0006 0.0008   60274.9400 3.370000e+01  99.916836  94.507160  99.295448
0.0007 0.0008   58446.8500 3.762809e+01  97.427372  92.383540  95.873679
0.0008 0.0008   56041.7900 4.099414e+01  94.832800  90.285105  92.706318
0.0009 0.0008   53282.9700 4.386231e+01  92.244261  88.260284  89.800015
0.0010 0.0008   50358.5100 4.630292e+01  89.714918  86.336790  87.158558
0.0011 0.0008   47408.5400 4.838301e+01  87.294075  84.536314  84.786093
0.0012 0.0008   44528.1500 5.016078e+01  85.000554  82.859875  82.651627
0.0013 0.0008   41776.2700 5.168367e+01  82.837557  81.306059  80.728334
0.0014 0.0008   39185.3400 5.299654e+01  80.817714  79.874134  78.986131
0.0015 0.0008   36769.0000 5.412123e+01  78.927890  78.553619  77.453685
0.0016 0.0008   34528.5000 5.509235e+01  77.171821  77.334106  76.055665
0.0017 0.0008   32458.3500 5.593222e+01  75.543112  76.210001  74.787851
0.0018 0.0008   30549.3500 5.666047e+01  74.030157  75.171662  73.629881
0.0019 0.0008   28790.4800 5.728635e+01  72.624547  74.210436  72.586816
0.0020 0.0008   27170.0600 5.782529e+01  71.322243  73.318636  71.634640
0.0021 0.0008   25676.4900 5.829227e+01  70.111572  72.490801  70.757579
0.0022 0.0008   24298.6400 5.869461e+01  68.993617  71.725845  69.967622
0.0023 0.0008   23026.1100 5.904516e+01  67.956824  71.014500  69.234199
0.0024 0.0008   21849.2700 5.934893e+01  66.996677  70.352687  68.567498
0.0025 0.0008   20759.2700 5.961094e+01  66.106868  69.737581  67.952636
0.0026 0.0008   19747.9100 5.983914e+01  65.280913  69.164315  67.378198
0.0027 0.0008   18807.7800 6.003280e+01  64.517544  68.629383  66.861077
0.0028 0.0008   17932.2900 6.019916e+01  63.809015  68.130587  66.380355
0.0029 0.0008   17115.5400 6.034019e+01  63.152796  67.663809  65.933198
0.0030 0.0008   16352.2800 6.045712e+01  62.544682  67.226730  65.527183
0.0031 0.0008   15637.8000 6.055395e+01  61.981086  66.816770  65.150138
0.0032 0.0008   14967.9100 6.063183e+01  61.457388  66.430884  64.797098
0.0033 0.0008   14338.8600 6.069235e+01  60.972442  66.066493  64.465932
0.0034 0.0008   13747.2900 6.073720e+01  60.522589  65.724529  64.163206
0.0035 0.0008   13190.1700 6.076705e+01  60.105674  65.402192  63.882321
0.0036 0.0008   12664.8000 6.078566e+01  59.718774  65.096793  63.619830
0.0037 0.0008   12168.7200 6.079224e+01  59.360769  64.808500  63.376350
0.0038 0.0008   11699.7400 6.079042e+01  59.027911  64.536090  63.145970
0.0039 0.0008   11255.8400 6.078038e+01  58.721328  64.280508  62.940614
0.0040 0.0008   10835.2300 6.076303e+01  58.436761  64.037523  62.744934
0.0041 0.0008   10436.2800 6.074009e+01  58.173891  63.808457  62.561921
0.0042 0.0008   10057.4900 6.071059e+01  57.930954  63.592728  62.394102
0.0043 0.0008    9697.5180 6.067590e+01  57.706779  63.389009  62.239130
0.0044 0.0008    9355.1110 6.063677e+01  57.499579  63.196375  62.093875
0.0045 0.0008    9029.1340 6.059334e+01  57.308528  63.014226  61.956665
0.0046 0.0008    8718.5410 6.054590e+01  57.132947  62.841965  61.831173
0.0047 0.0008    8422.3700 6.049637e+01  56.970372  62.679165  61.714014
0.0048 0.0008    8139.7370 6.044296e+01  56.822654  62.525550  61.604036
0.0049 0.0008    7869.8250 6.038770e+01  56.686462  62.381298  61.500023
0.0050 0.0008    7611.8800 6.032825e+01  56.563351  62.244823  61.408330
0.0051 0.0008    7365.2060 6.026789e+01  56.450484  62.115528  61.322781
0.0052 0.0008    7129.1570 6.020538e+01  56.348088  61.993714  61.250562
0.0053 0.0008    6903.1330 6.014159e+01  56.255037  61.879773  61.178589
0.0054 0.0008    6686.5800 6.007656e+01  56.171493  61.771108  61.113373
0.0055 0.0008    6478.9800 6.000956e+01  56.096064  61.669700  61.053235
0.0056 0.0008    6279.8510 5.994190e+01  56.029234  61.573578  60.997210
0.0057 0.0008    6088.7470 5.987419e+01  55.968670  61.483844  60.949177
0.0058 0.0008    5905.2470 5.980472e+01  55.918322  61.399426  60.908848
0.0059 0.0008    5728.9620 5.973507e+01  55.873833  61.321770  60.865606
0.0060 0.0008    5559.5250 5.966459e+01  55.835248  61.247767  60.834392
0.0061 0.0008    5396.5950 5.959379e+01  55.802859  61.179206  60.805234
0.0062 0.0008    5239.8500 5.952255e+01  55.775813  61.114875  60.777991
0.0063 0.0008    5088.9910 5.945168e+01  55.754410  61.055486  60.755974
0.0064 0.0008    4943.7390 5.938038e+01  55.738405  60.999868  60.738061
0.0065 0.0008    4803.8410 5.930875e+01  55.727242  60.948816  60.723580
0.0066 0.0008    4669.0550 5.923777e+01  55.719878  60.901749  60.710747
0.0067 0.0008    4539.1540 5.916669e+01  55.716987  60.857969  60.701593
0.0068 0.0008    4413.9200 5.909559e+01  55.718169  60.818338  60.697016
0.0069 0.0008    4293.1490 5.902551e+01  55.721813  60.782212  60.692639
0.0070 0.0008    4176.6470 5.895500e+01  55.730503  60.749324  60.694080
0.0071 0.0008    4064.2290 5.888503e+01  55.742478  60.719655  60.696136
0.0072 0.0008    3955.7200 5.881487e+01  55.757854  60.692948  60.700099
0.0073 0.0008    3850.9530 5.874566e+01  55.775799  60.669392  60.707276
0.0074 0.0008    3749.7700 5.867703e+01  55.796380  60.648485  60.715081
0.0075 0.0008    3652.0220 5.860738e+01  55.821421  60.630818  60.729821
0.0076 0.0008    3557.5650 5.853865e+01  55.848019  60.615447  60.745249
0.0077 0.0008    3466.2630 5.847008e+01  55.876956  60.603056  60.760806
0.0078 0.0008    3377.9890 5.840171e+01  55.909688  60.592285  60.780454
0.0079 0.0008    3292.6170 5.833384e+01  55.943578  60.584435  60.799897
0.0080 0.0008    3210.0320 5.826743e+01  55.978670  60.578644  60.821551
0.0081 0.0008    3130.1220 5.820128e+01  56.016000  60.575467  60.846572
0.0082 0.0008    3052.7810 5.813534e+01  56.055609  60.573781  60.871320
0.0083 0.0008    2977.9070 5.807039e+01  56.096971  60.574582  60.898241
0.0084 0.0008    2905.4030 5.800598e+01  56.139655  60.577762  60.925744
0.0085 0.0008    2835.1790 5.794210e+01  56.184005  60.582350  60.952679
0.0086 0.0008    2767.1450 5.787905e+01  56.229634  60.589281  60.983035
0.0087 0.0008    2701.2180 5.781723e+01  56.276390  60.597606  61.015128
0.0088 0.0008    2637.3190 5.775457e+01  56.326382  60.608367  61.048326
0.0089 0.0008    2575.3690 5.769351e+01  56.376053  60.620504  61.082301
0.0090 0.0008    2515.2970 5.763337e+01  56.426799  60.633778  61.117434
0.0091 0.0008    2457.0330 5.757308e+01  56.479862  60.649380  61.154460
0.0092 0.0008    2400.5090 5.751423e+01  56.533272  60.666056  61.192079
0.0093 0.0008    2345.6620 5.745538e+01  56.588433  60.684351  61.230399
0.0094 0.0008    2292.4320 5.739825e+01  56.643728  60.704199  61.269462
0.0095 0.0008    2240.7580 5.734122e+01  56.700474  60.725001  61.310365
0.0096 0.0008    2190.5860 5.728511e+01  56.757382  60.747650  61.351916
0.0097 0.0008    2141.8620 5.723104e+01  56.814412  60.770840  61.391485
0.0098 0.0008    2094.5350 5.717579e+01  56.873690  60.795893  61.434239
0.0099 0.0008    2048.5550 5.712254e+01  56.933126  60.821772  61.478007
0.0100 0.0008       0.0000 5.707024e+01  56.992596  60.849423  61.518712
0.0000 0.0009   46398.3400 2.658400e-04  81.422855  81.421964  91.849151
0.0001 0.0009   46709.0100 5.332042e+00 100.451939  98.470457 110.623676
0.0002 0.0009   47516.4700 1.098080e+01 101.251851  97.833816 108.803930
0.0003 0.0009   48509.0400 1.659692e+01 101.124329  96.783670 106.325689
0.0004 0.0009   49328.8800 2.194780e+01 100.267500  95.448800 103.478145
0.0005 0.0009   49701.3800 2.687955e+01  98.854471  93.917760 100.439052
0.0006 0.0009   49493.9100 3.131234e+01  97.051229  92.251620  97.399657
0.0007 0.0009   48705.3900 3.522691e+01  94.993916  90.518104  94.441308
0.0008 0.0009   47421.1400 3.865072e+01  92.794420  88.767739  91.640517
0.0009 0.0009   45764.6000 4.161374e+01  90.547411  87.041828  89.018948
0.0010 0.0009   43862.2800 4.417874e+01  88.316205  85.377918  86.620354
0.0011 0.0009   41824.4700 4.639414e+01  86.144192  83.793085  84.423907
0.0012 0.0009   39738.0600 4.830853e+01  84.055768  82.294992  82.432640
0.0013 0.0009   37666.4300 4.996529e+01  82.065711  80.884154  80.616783
0.0014 0.0009   35652.6000 5.139660e+01  80.185092  79.567291  78.974766
0.0015 0.0009   33722.9200 5.263633e+01  78.416670  78.339573  77.483237
0.0016 0.0009   31892.1600 5.371341e+01  76.756663  77.192353  76.121383
0.0017 0.0009   30167.1900 5.464809e+01  75.206322  76.131396  74.895373
0.0018 0.0009   28549.5600 5.545903e+01  73.758357  75.139948  73.772050
0.0019 0.0009   27037.3400 5.616324e+01  72.408572  74.216358  72.746534
0.0020 0.0009   25626.4600 5.677263e+01  71.151012  73.354527  71.803067
0.0021 0.0009   24311.5800 5.730491e+01  69.981907  72.552579  70.934677
0.0022 0.0009   23086.7400 5.776902e+01  68.896005  71.806817  70.149890
0.0023 0.0009   21945.7900 5.817450e+01  67.887772  71.111359  69.427568
0.0024 0.0009   20882.5800 5.852813e+01  66.950734  70.463182  68.762268
0.0025 0.0009   19891.0600 5.883666e+01  66.081050  69.858459  68.151240
0.0026 0.0009   18965.4100 5.910584e+01  65.273373  69.292131  67.581611
0.0027 0.0009   18100.2300 5.933854e+01  64.524557  68.765241  67.064571
0.0028 0.0009   17290.5500 5.954076e+01  63.827304  68.268963  66.575584
0.0029 0.0009   16531.8200 5.971384e+01  63.181823  67.804030  66.129018
0.0030 0.0009   15819.9100 5.986102e+01  62.581816  67.370307  65.715194
0.0031 0.0009   15151.0400 5.998507e+01  62.025086  66.960827  65.333770
0.0032 0.0009   14521.8100 6.008763e+01  61.508224  66.574015  64.977352
0.0033 0.0009   13929.1200 6.017097e+01  61.027764  66.210504  64.646978
0.0034 0.0009   13370.1600 6.023737e+01  60.581905  65.867345  64.340809
0.0035 0.0009   12842.3900 6.028753e+01  60.167124  65.542571  64.052229
0.0036 0.0009   12343.4800 6.032440e+01  59.782646  65.234782  63.782158
0.0037 0.0009   11871.3500 6.034937e+01  59.428615  64.945940  63.540752
0.0038 0.0009   11424.0600 6.036396e+01  59.098802  64.672186  63.312823
0.0039 0.0009   10999.9000 6.037001e+01  58.793351  64.414292  63.096764
0.0040 0.0009   10597.2600 6.036776e+01  58.510723  64.170335  62.898720
0.0041 0.0009   10214.7000 6.035885e+01  58.248308  63.939937  62.713600
0.0042 0.0009    9850.9230 6.034289e+01  58.006989  63.721985  62.541472
0.0043 0.0009    9504.6980 6.032160e+01  57.782392  63.516501  62.379499
0.0044 0.0009    9174.9160 6.029398e+01  57.575627  63.322077  62.232685
0.0045 0.0009    8860.5490 6.026273e+01  57.383016  63.137230  62.091390
0.0046 0.0009    8560.6500 6.022634e+01  57.207525  62.964052  61.964088
0.0047 0.0009    8274.3450 6.018534e+01  57.047834  62.800211  61.847877
0.0048 0.0009    8000.8270 6.014195e+01  56.899104  62.644850  61.734423
0.0049 0.0009    7739.3480 6.009519e+01  56.762979  62.497499  61.631088
0.0050 0.0009    7489.2150 6.004622e+01  56.639064  62.359151  61.537958
0.0051 0.0009    7249.7860 5.999416e+01  56.526307  62.228784  61.451488
0.0052 0.0009    7020.4650 5.994032e+01  56.423276  62.105554  61.372661
0.0053 0.0009    6800.6970 5.988376e+01  56.330199  61.989314  61.300288
0.0054 0.0009    6589.9650 5.982579e+01  56.245880  61.879063  61.230591
0.0055 0.0009    6387.7890 5.976644e+01  56.170518  61.775973  61.169523
0.0056 0.0009    6193.7200 5.970588e+01  56.103005  61.679220  61.113403
0.0057 0.0009    6007.3380 5.964442e+01  56.042621  61.587805  61.058954
0.0058 0.0009    5828.2510 5.958078e+01  55.990230  61.501601  61.017128
0.0059 0.0009    5656.0930 5.951699e+01  55.944694  61.421195  60.973986
0.0060 0.0009    5490.5190 5.945214e+01  55.905462  61.346299  60.939136
0.0061 0.0009    5331.2080 5.938674e+01  55.872619  61.275894  60.907771
0.0062 0.0009    5177.8570 5.932123e+01  55.844592  61.210446  60.881306
0.0063 0.0009    5030.1820 5.925502e+01  55.822290  61.148760  60.856792
0.0064 0.0009    4887.9220 5.918967e+01  55.803935  61.091868  60.835359
0.0065 0.0009    4750.8350 5.912325e+01  55.791319  61.039378  60.815953
0.0066 0.0009    4618.6940 5.905632e+01  55.783740  60.990790  60.803825
0.0067 0.0009    4491.2820 5.898861e+01  55.781569  60.945900  60.796165
0.0068 0.0009    4368.3930 5.892148e+01  55.782220  60.904787  60.790511
0.0069 0.0009    4249.8310 5.885532e+01  55.784777  60.867101  60.782077
0.0070 0.0009    4135.4120 5.878774e+01  55.792564  60.833051  60.779223
0.0071 0.0009    4024.9580 5.872252e+01  55.802086  60.801896  60.778761
0.0072 0.0009    3918.3030 5.865663e+01  55.816901  60.773796  60.786208
0.0073 0.0009    3815.2860 5.859012e+01  55.835183  60.749406  60.792269
0.0074 0.0009    3715.7580 5.852284e+01  55.857526  60.727182  60.801693
0.0075 0.0009    3619.5730 5.845692e+01  55.880815  60.707910  60.811475
0.0076 0.0009    3526.5950 5.839124e+01  55.906669  60.691178  60.827066
0.0077 0.0009    3436.6930 5.832631e+01  55.934261  60.677312  60.837971
0.0078 0.0009    3349.7420 5.826112e+01  55.965205  60.666478  60.859064
0.0079 0.0009    3265.6250 5.819637e+01  55.998205  60.656925  60.876177
0.0080 0.0009    3184.2290 5.813228e+01  56.032941  60.650315  60.898191
0.0081 0.0009    3105.4460 5.806916e+01  56.069281  60.645505  60.918281
0.0082 0.0009    3029.1730 5.800562e+01  56.108395  60.643669  60.944398
0.0083 0.0009    2955.3130 5.794352e+01  56.148595  60.643216  60.968809
0.0084 0.0009    2883.7730 5.788147e+01  56.190607  60.645310  60.996726
0.0085 0.0009    2814.4630 5.781855e+01  56.235197  60.649935  61.027527
0.0086 0.0009    2747.2970 5.775915e+01  56.279575  60.655074  61.055584
0.0087 0.0009    2682.1960 5.769882e+01  56.326112  60.662410  61.082076
0.0088 0.0009    2619.0820 5.763888e+01  56.374370  60.672523  61.113691
0.0089 0.0009    2557.8790 5.757994e+01  56.424142  60.683312  61.146766
0.0090 0.0009    2498.5180 5.752248e+01  56.473712  60.695002  61.176947
0.0091 0.0009    2440.9300 5.746388e+01  56.525666  60.710481  61.216908
0.0092 0.0009    2385.0500 5.740714e+01  56.578146  60.726184  61.250801
0.0093 0.0009    2330.8170 5.735077e+01  56.632069  60.743515  61.287917
0.0094 0.0009    2278.1720 5.729521e+01  56.687446  60.762739  61.329007
0.0095 0.0009    2227.0560 5.724007e+01  56.743319  60.782712  61.367491
0.0096 0.0009    2177.4160 5.718519e+01  56.800029  60.804810  61.408402
0.0097 0.0009    2129.2000 5.713246e+01  56.856801  60.826209  61.448246
0.0098 0.0009    2082.3570 5.707983e+01  56.915322  60.850827  61.490151
0.0099 0.0009    2036.8400 5.702730e+01  56.974399  60.876276  61.531974
0.0100 0.0009       0.0000 5.697580e+01  57.033658  60.903820  61.577233
0.0000 0.0010   38047.4300 7.394195e-05  77.579271  77.578082  87.469084
0.0001 0.0010   38265.9600 4.878717e+00  96.908851  95.197021 106.732190
0.0002 0.0010   38853.8600 1.005228e+01  97.694087  94.723155 105.236710
0.0003 0.0010   39634.8000 1.524821e+01  97.700737  93.896017 103.194887
0.0004 0.0010   40388.6600 2.025858e+01  97.093201  92.838927 100.825826
0.0005 0.0010   40919.8400 2.495402e+01  95.997639  91.604349  98.279011
0.0006 0.0010   41100.7200 2.924509e+01  94.529710  90.248878  95.673746
0.0007 0.0010   40882.1400 3.310279e+01  92.805490  88.811359  93.092449
0.0008 0.0010   40279.6300 3.652717e+01  90.928693  87.344938  90.613207
0.0009 0.0010   39349.6800 3.954516e+01  88.974192  85.878283  88.273065
0.0010 0.0010   38166.9400 4.219495e+01  86.996656  84.438089  86.054684
0.0011 0.0010   36807.6400 4.450614e+01  85.045071  83.043571  84.066921
0.0012 0.0010   35339.9900 4.652578e+01  83.142960  81.704999  82.205015
0.0013 0.0010   33819.9000 4.828687e+01  81.313457  80.433983  80.500412
0.0014 0.0010   32289.7600 4.982242e+01  79.566373  79.230427  78.931723
0.0015 0.0010   30780.1100 5.116117e+01  77.907606  78.092436  77.519996
0.0016 0.0010   29312.0800 5.233027e+01  76.342898  77.024715  76.207957
0.0017 0.0010   27899.4600 5.335209e+01  74.869216  76.021565  75.008093
0.0018 0.0010   26550.5300 5.424164e+01  73.486174  75.078760  73.911561
0.0019 0.0010   25269.5700 5.501862e+01  72.190882  74.195683  72.898615
0.0020 0.0010   24058.0000 5.569678e+01  70.980758  73.366838  71.976978
0.0021 0.0010   22915.2600 5.629278e+01  69.853048  72.595291  71.128143
0.0022 0.0010   21839.4800 5.681572e+01  68.800631  71.872701  70.348330
0.0023 0.0010   20827.9700 5.727613e+01  67.820450  71.196060  69.629633
0.0024 0.0010   19877.5000 5.767898e+01  66.908026  70.563085  68.967565
0.0025 0.0010   18984.4600 5.803333e+01  66.059364  69.970601  68.359463
0.0026 0.0010   18145.1500 5.834369e+01  65.269739  69.414804  67.797181
0.0027 0.0010   17355.9400 5.861589e+01  64.534991  68.894129  67.276076
0.0028 0.0010   16613.3400 5.885343e+01  63.851548  68.404804  66.791156
0.0029 0.0010   15914.0600 5.905829e+01  63.216901  67.945127  66.342634
0.0030 0.0010   15255.0100 5.923611e+01  62.624640  67.511741  65.925467
0.0031 0.0010   14633.2900 5.938823e+01  62.075375  67.104034  65.530283
0.0032 0.0010   14046.2500 5.951653e+01  61.562794  66.718391  65.170736
0.0033 0.0010   13491.4200 5.962267e+01  61.090623  66.357551  64.846946
0.0034 0.0010   12966.5400 5.971057e+01  60.647686  66.012576  64.529892
0.0035 0.0010   12469.5100 5.978243e+01  60.237423  65.686811  64.240734
0.0036 0.0010   11998.4100 5.983867e+01  59.857718  65.379281  63.971698
0.0037 0.0010   11551.4900 5.988180e+01  59.504227  65.087779  63.717979
0.0038 0.0010   11127.1300 5.991407e+01  59.177372  64.814037  63.488799
0.0039 0.0010   10723.8400 5.993619e+01  58.873097  64.554650  63.268812
0.0040 0.0010   10340.2500 5.994981e+01  58.591464  64.309357  63.067702
0.0041 0.0010    9975.1280 5.995478e+01  58.331368  64.077620  62.877996
0.0042 0.0010    9627.3180 5.995327e+01  58.090697  63.858331  62.706133
0.0043 0.0010    9295.7560 5.994514e+01  57.867357  63.651644  62.542351
0.0044 0.0010    8979.4580 5.993044e+01  57.661119  63.454975  62.390226
0.0045 0.0010    8677.5100 5.991096e+01  57.470447  63.269405  62.248347
0.0046 0.0010    8389.0670 5.988583e+01  57.294467  63.093892  62.117952
0.0047 0.0010    8113.3450 5.985705e+01  57.132371  62.928103  61.995252
0.0048 0.0010    7849.6170 5.982358e+01  56.984687  62.770472  61.881292
0.0049 0.0010    7597.2060 5.978734e+01  56.848770  62.622601  61.774191
0.0050 0.0010    7355.4840 5.974734e+01  56.723490  62.481217  61.677820
0.0051 0.0010    7123.8640 5.970385e+01  56.610155  62.348683  61.587128
0.0052 0.0010    6901.8030 5.965793e+01  56.507243  62.223726  61.504132
0.0053 0.0010    6688.7910 5.960983e+01  56.413109  62.105372  61.429291
0.0054 0.0010    6484.3540 5.955977e+01  56.328373  61.994606  61.358317
0.0055 0.0010    6288.0480 5.950793e+01  56.252218  61.889660  61.296904
0.0056 0.0010    6099.4570 5.945418e+01  56.184022  61.791149  61.239222
0.0057 0.0010    5918.1950 5.939985e+01  56.123371  61.698019  61.182603
0.0058 0.0010    5743.8950 5.934336e+01  56.069292  61.610476  61.136273
0.0059 0.0010    5576.2180 5.928488e+01  56.023338  61.528825  61.093593
0.0060 0.0010    5414.8420 5.922608e+01  55.982524  61.451691  61.054744
0.0061 0.0010    5259.4660 5.916648e+01  55.949249  61.380174  61.024557
0.0062 0.0010    5109.8070 5.910659e+01  55.920803  61.312927  60.992142
0.0063 0.0010    4965.5990 5.904536e+01  55.898268  61.250406  60.965994
0.0064 0.0010    4826.5980 5.898430e+01  55.879686  61.191648  60.946829
0.0065 0.0010    4692.5780 5.892261e+01  55.866431  61.137674  60.927675
0.0066 0.0010    4563.3220 5.886056e+01  55.857421  61.087239  60.911530
0.0067 0.0010    4438.6270 5.879841e+01  55.852585  61.041257  60.899878
0.0068 0.0010    4318.2980 5.873572e+01  55.852306  60.998398  60.891591
0.0069 0.0010    4202.1500 5.867300e+01  55.855864  60.959766  60.885897
0.0070 0.0010    4090.0080 5.861081e+01  55.863326  60.924745  60.880075
0.0071 0.0010    3981.7030 5.854805e+01  55.872385  60.891577  60.878863
0.0072 0.0010    3877.0760 5.848571e+01  55.885659  60.862436  60.880086
0.0073 0.0010    3775.9770 5.842307e+01  55.902554  60.836519  60.885841
0.0074 0.0010    3678.2600 5.835992e+01  55.922684  60.813067  60.893966
0.0075 0.0010    3583.7890 5.829737e+01  55.945214  60.792165  60.902664
0.0076 0.0010    3492.4310 5.823483e+01  55.970327  60.774558  60.914045
0.0077 0.0010    3404.0640 5.817317e+01  55.997460  60.759574  60.929617
0.0078 0.0010    3318.5670 5.811148e+01  56.026729  60.747113  60.946306
0.0079 0.0010    3235.8270 5.804976e+01  56.058224  60.736362  60.962165
0.0080 0.0010    3155.7360 5.798843e+01  56.092433  60.728259  60.982004
0.0081 0.0010    3078.1900 5.792756e+01  56.128498  60.722817  61.002612
0.0082 0.0010    3003.0920 5.786722e+01  56.166455  60.719713  61.024824
0.0083 0.0010    2930.3470 5.780723e+01  56.206312  60.718333  61.049442
0.0084 0.0010    2859.8650 5.774815e+01  56.247170  60.719154  61.073986
0.0085 0.0010    2791.5600 5.768863e+01  56.290547  60.721984  61.102398
0.0086 0.0010    2725.3510 5.763094e+01  56.334235  60.726864  61.129731
0.0087 0.0010    2661.1580 5.757265e+01  56.380741  60.733736  61.158852
0.0088 0.0010    2598.9070 5.751533e+01  56.428043  60.741925  61.187594
0.0089 0.0010    2538.5270 5.745814e+01  56.476790  60.752609  61.223025
0.0090 0.0010    2479.9490 5.740205e+01  56.526361  60.764129  61.255479
0.0091 0.0010    2423.1060 5.734657e+01  56.577331  60.777736  61.290923
0.0092 0.0010    2367.9370 5.729165e+01  56.629371  60.792881  61.325894
0.0093 0.0010    2314.3810 5.723732e+01  56.682163  60.809075  61.359156
0.0094 0.0010    2262.3800 5.718435e+01  56.735633  60.826844  61.393278
0.0095 0.0010    2211.8800 5.713074e+01  56.791056  60.846840  61.433430
0.0096 0.0010    2162.8270 5.707839e+01  56.847621  60.867228  61.474256
0.0097 0.0010    2115.1710 5.702675e+01  56.904341  60.889768  61.513470
0.0098 0.0010    2068.8630 5.697602e+01  56.961452  60.912443  61.553445
0.0099 0.0010    2023.8560 5.692535e+01  57.020509  60.937527  61.595970
0.0100 0.0010       0.0000 5.687639e+01  57.078783  60.963425  61.634718
0.0000 0.0011   31771.7700 0.000000e+00  74.323710  74.323223  83.735416
0.0001 0.0011   31930.3200 4.508234e+00  94.022668  92.537341 103.537843
0.0002 0.0011   32367.1200 9.299673e+00  94.775808  92.167493 102.271624
0.0003 0.0011   32978.0700 1.413451e+01  94.857580  91.498197 100.559852
0.0004 0.0011   33625.0700 1.884643e+01  94.411684  90.629809  98.554822
0.0005 0.0011   34172.6800 2.331176e+01  93.534322  89.609201  96.377757
0.0006 0.0011   34516.4300 2.745029e+01  92.319772  88.479498  94.115351
0.0007 0.0011   34596.1700 3.122675e+01  90.861085  87.280844  91.859131
0.0008 0.0011   34395.1800 3.462409e+01  89.242329  86.042797  89.663106
0.0009 0.0011   33930.4400 3.766002e+01  87.526929  84.785214  87.555558
0.0010 0.0011   33239.8300 4.035434e+01  85.770467  83.535494  85.571446
0.0011 0.0011   32370.6800 4.273384e+01  84.012295  82.306016  83.702833
0.0012 0.0011   31371.1800 4.482936e+01  82.277872  81.117163  81.990655
0.0013 0.0011   30284.9200 4.667390e+01  80.591092  79.970693  80.388283
0.0014 0.0011   29148.4600 4.829325e+01  78.964484  78.869804  78.900662
0.0015 0.0011   27991.0700 4.971351e+01  77.409871  77.822276  77.533914
0.0016 0.0011   26835.2500 5.096400e+01  75.935696  76.826608  76.279756
0.0017 0.0011   25697.6200 5.205971e+01  74.536382  75.885154  75.123785
0.0018 0.0011   24589.9900 5.302206e+01  73.218388  74.994143  74.029874
0.0019 0.0011   23520.3200 5.386398e+01  71.977882  74.153262  73.070783
0.0020 0.0011   22493.6400 5.460777e+01  70.815058  73.364112  72.165984
0.0021 0.0011   21512.7300 5.526421e+01  69.727060  72.621555  71.331313
0.0022 0.0011   20578.7600 5.584454e+01  68.709280  71.923527  70.560781
0.0023 0.0011   19691.6900 5.635715e+01  67.757117  71.268826  69.844191
0.0024 0.0011   18850.6100 5.680816e+01  66.870144  70.653144  69.189430
0.0025 0.0011   18053.9400 5.720759e+01  66.041977  70.073478  68.587019
0.0026 0.0011   17299.7600 5.755881e+01  65.270155  69.528989  68.023089
0.0027 0.0011   16585.9800 5.786919e+01  64.550101  69.018228  67.502891
0.0028 0.0011   15910.4000 5.814159e+01  63.880071  68.536036  67.019033
0.0029 0.0011   15270.8400 5.837971e+01  63.255912  68.081939  66.568403
0.0030 0.0011   14665.1500 5.858681e+01  62.674698  67.653058  66.149155
0.0031 0.0011   14091.2600 5.876596e+01  62.132498  67.248062  65.759136
0.0032 0.0011   13547.1900 5.892049e+01  61.627005  66.864739  65.390654
0.0033 0.0011   13031.0800 5.905198e+01  61.157651  66.500792  65.045940
0.0034 0.0011   12541.1500 5.916133e+01  60.721265  66.158669  64.735135
0.0035 0.0011   12075.7600 5.925368e+01  60.315912  65.834632  64.447028
0.0036 0.0011   11633.3800 5.932971e+01  59.938380  65.525815  64.172203
0.0037 0.0011   11212.5700 5.939230e+01  59.589056  65.234921  63.913649
0.0038 0.0011   10812.0000 5.944329e+01  59.262906  64.959486  63.676347
0.0039 0.0011   10430.4300 5.948266e+01  58.961124  64.699350  63.458670
0.0040 0.0011   10066.7200 5.951179e+01  58.681622  64.453553  63.255021
0.0041 0.0011    9719.8140 5.953265e+01  58.422217  64.220211  63.061033
0.0042 0.0011    9388.7330 5.954507e+01  58.182450  63.999987  62.884051
0.0043 0.0011    9072.5580 5.955069e+01  57.959850  63.792040  62.718704
0.0044 0.0011    8770.4340 5.954856e+01  57.754508  63.594372  62.563934
0.0045 0.0011    8481.5630 5.954129e+01  57.563433  63.406917  62.416653
0.0046 0.0011    8205.2020 5.952870e+01  57.387856  63.229666  62.281353
0.0047 0.0011    7940.6590 5.951063e+01  57.226208  63.062460  62.156141
0.0048 0.0011    7687.2860 5.948833e+01  57.077487  62.903452  62.037586
0.0049 0.0011    7444.4790 5.946147e+01  56.941176  62.753434  61.930759
0.0050 0.0011    7211.6760 5.943051e+01  56.817083  62.612031  61.829241
0.0051 0.0011    6988.3490 5.939713e+01  56.702937  62.477264  61.736823
0.0052 0.0011    6774.0050 5.936000e+01  56.598874  62.350590  61.650844
0.0053 0.0011    6568.1830 5.932051e+01  56.504509  62.230725  61.574927
0.0054 0.0011    6370.4520 5.927799e+01  56.419295  62.117605  61.504125
0.0055 0.0011    6180.4050 5.923396e+01  56.342185  62.010497  61.436308
0.0056 0.0011    5997.6640 5.918833e+01  56.272957  61.910589  61.370671
0.0057 0.0011    5821.8710 5.914021e+01  56.211382  61.816016  61.319941
0.0058 0.0011    5652.6920 5.909012e+01  56.157674  61.728023  61.271827
0.0059 0.0011    5489.8110 5.903927e+01  56.109861  61.644156  61.225536
0.0060 0.0011    5332.9320 5.898770e+01  56.068655  61.566011  61.183139
0.0061 0.0011    5181.7750 5.893424e+01  56.032983  61.492177  61.146447
0.0062 0.0011    5036.0770 5.887937e+01  56.004194  61.423628  61.116812
0.0063 0.0011    4895.5920 5.882395e+01  55.979485  61.358747  61.087721
0.0064 0.0011    4760.0940 5.876812e+01  55.960137  61.298516  61.062059
0.0065 0.0011    4629.3700 5.871048e+01  55.946945  61.243550  61.045433
0.0066 0.0011    4503.2190 5.865359e+01  55.937238  61.192590  61.031109
0.0067 0.0011    4381.4500 5.859587e+01  55.932071  61.143528  61.017352
0.0068 0.0011    4263.8790 5.853789e+01  55.930233  61.098968  61.000956
0.0069 0.0011    4150.3330 5.847937e+01  55.932491  61.058727  60.994921
0.0070 0.0011    4040.6460 5.842218e+01  55.938120  61.022719  60.988278
0.0071 0.0011    3934.6600 5.836256e+01  55.947557  60.988506  60.990933
0.0072 0.0011    3832.2240 5.830442e+01  55.960002  60.958285  60.989047
0.0073 0.0011    3733.1960 5.824541e+01  55.975985  60.930669  60.993824
0.0074 0.0011    3637.4370 5.818640e+01  55.994682  60.906219  60.999986
0.0075 0.0011    3544.8190 5.812734e+01  56.016209  60.883795  61.006662
0.0076 0.0011    3455.2150 5.806872e+01  56.039960  60.864769  61.017862
0.0077 0.0011    3368.5090 5.801009e+01  56.065948  60.848083  61.028706
0.0078 0.0011    3284.5850 5.795143e+01  56.094751  60.834207  61.041092
0.0079 0.0011    3203.3370 5.789301e+01  56.125570  60.822091  61.056282
0.0080 0.0011    3124.6600 5.783473e+01  56.159007  60.813014  61.074018
0.0081 0.0011    3048.4570 5.777711e+01  56.193774  60.806128  61.094041
0.0082 0.0011    2974.6320 5.772025e+01  56.229791  60.801334  61.114832
0.0083 0.0011    2903.0970 5.766281e+01  56.268981  60.798841  61.137798
0.0084 0.0011    2833.7630 5.760543e+01  56.309926  60.798916  61.162759
0.0085 0.0011    2766.5510 5.754911e+01  56.352123  60.801033  61.188206
0.0086 0.0011    2701.3790 5.749329e+01  56.395754  60.804746  61.215730
0.0087 0.0011    2638.1740 5.743781e+01  56.441030  60.810353  61.244321
0.0088 0.0011    2576.8630 5.738320e+01  56.487153  60.817826  61.272229
0.0089 0.0011    2517.3770 5.732903e+01  56.534697  60.826893  61.302306
0.0090 0.0011    2459.6490 5.727515e+01  56.583295  60.837788  61.334118
0.0091 0.0011    2403.6180 5.722178e+01  56.633431  60.850042  61.365398
0.0092 0.0011    2349.2210 5.716895e+01  56.684913  60.864253  61.401238
0.0093 0.0011    2296.4020 5.711657e+01  56.737408  60.880171  61.438269
0.0094 0.0011    2245.1040 5.706493e+01  56.791004  60.897224  61.475953
0.0095 0.0011    2195.2740 5.701389e+01  56.845502  60.915666  61.509004
0.0096 0.0011    2146.8600 5.696280e+01  56.901924  60.935540  61.547578
0.0097 0.0011    2099.8140 5.691401e+01  56.956730  60.956761  61.584643
0.0098 0.0011    2054.0890 5.686479e+01  57.013827  60.978917  61.622862
0.0099 0.0011    2009.6400 5.681722e+01  57.070200  61.002869  61.663743
0.0100 0.0011       0.0000 5.676983e+01  57.128444  61.028491  61.705425
0.0000 0.0012   26930.9700 5.780703e-07  71.569970  71.569451  80.528484
0.0001 0.0012   27048.9700 4.202450e+00  91.636503  90.327790 100.890394
0.0002 0.0012   27379.6600 8.673737e+00  92.335783  90.031067  99.784822
0.0003 0.0012   27859.1700 1.320488e+01  92.464537  89.476302  98.316453
0.0004 0.0012   28398.9800 1.765064e+01  92.127717  88.744616  96.580185
0.0005 0.0012   28905.8400 2.190491e+01  91.415708  87.892224  94.704142
0.0006 0.0012   29299.5300 2.589260e+01  90.397901  86.941987  92.735932
0.0007 0.0012   29523.9500 2.956964e+01  89.147785  85.926152  90.753847
0.0008 0.0012   29550.4800 3.292361e+01  87.738814  84.862769  88.794273
0.0009 0.0012   29375.2100 3.594837e+01  86.220487  83.778590  86.907924
0.0010 0.0012   29012.6900 3.865986e+01  84.645770  82.686536  85.096051
0.0011 0.0012   28488.8600 4.107799e+01  83.051931  81.601218  83.378069
0.0012 0.0012   27834.5900 4.322650e+01  81.464812  80.538566  81.768409
0.0013 0.0012   27081.0900 4.513212e+01  79.904870  79.502213  80.267768
0.0014 0.0012   26257.2200 4.681833e+01  78.391899  78.498920  78.863508
0.0015 0.0012   25388.1100 4.830787e+01  76.936936  77.535986  77.569781
0.0016 0.0012   24494.6200 4.962318e+01  75.540498  76.611434  76.351906
0.0017 0.0012   23593.4400 5.078371e+01  74.215011  75.727973  75.240452
0.0018 0.0012   22697.5200 5.180807e+01  72.959048  74.889489  74.197335
0.0019 0.0012   21816.5800 5.271538e+01  71.771235  74.094482  73.231037
0.0020 0.0012   20957.6700 5.351930e+01  70.655468  73.342537  72.356029
0.0021 0.0012   20125.6800 5.423192e+01  69.606402  72.633402  71.535190
0.0022 0.0012   19323.8300 5.486528e+01  68.623121  71.962935  70.779040
0.0023 0.0012   18554.0000 5.542591e+01  67.700368  71.329433  70.074916
0.0024 0.0012   17816.9900 5.592447e+01  66.837259  70.732638  69.423906
0.0025 0.0012   17112.8300 5.636605e+01  66.029799  70.168423  68.822703
0.0026 0.0012   16441.0500 5.675747e+01  65.275760  69.636980  68.259818
0.0027 0.0012   15800.8000 5.710393e+01  64.572673  69.136968  67.743553
0.0028 0.0012   15191.0000 5.741035e+01  63.915662  68.663039  67.258666
0.0029 0.0012   14610.4000 5.768097e+01  63.301818  68.216066  66.809619
0.0030 0.0012   14057.6800 5.791808e+01  62.729697  67.791847  66.386458
0.0031 0.0012   13531.4900 5.812464e+01  62.196003  67.390095  65.990995
0.0032 0.0012   13030.4800 5.830411e+01  61.698540  67.010183  65.624510
0.0033 0.0012   12553.3100 5.845892e+01  61.234306  66.648791  65.281947
0.0034 0.0012   12098.6900 5.859198e+01  60.803294  66.307233  64.963600
0.0035 0.0012   11665.3800 5.870540e+01  60.400196  65.982027  64.661034
0.0036 0.0012   11252.2000 5.880175e+01  60.027682  65.674237  64.384986
0.0037 0.0012   10858.0200 5.888370e+01  59.680475  65.384816  64.126784
0.0038 0.0012   10481.7800 5.895227e+01  59.358045  65.109167  63.887931
0.0039 0.0012   10122.4800 5.900946e+01  59.058181  64.848923  63.661149
0.0040 0.0012    9779.2020 5.905577e+01  58.779763  64.601387  63.451218
0.0041 0.0012    9451.0710 5.909205e+01  58.521486  64.368306  63.259221
0.0042 0.0012    9137.2670 5.912028e+01  58.280957  64.147176  63.075631
0.0043 0.0012    8837.0150 5.913915e+01  58.059558  63.938638  62.904891
0.0044 0.0012    8549.5880 5.915033e+01  57.855449  63.739162  62.748550
0.0045 0.0012    8274.3010 5.915542e+01  57.666061  63.551229  62.600333
0.0046 0.0012    8010.5120 5.915448e+01  57.490047  63.373065  62.461336
0.0047 0.0012    7757.6180 5.914765e+01  57.328687  63.203626  62.334761
0.0048 0.0012    7515.0540 5.913671e+01  57.179476  63.043833  62.213555
0.0049 0.0012    7282.2880 5.911981e+01  57.043597  62.892485  62.105009
0.0050 0.0012    7058.8210 5.910043e+01  56.917220  62.748657  61.997063
0.0051 0.0012    6844.1860 5.907489e+01  56.803594  62.614196  61.904828
0.0052 0.0012    6637.9420 5.904723e+01  56.698952  62.484666  61.814856
0.0053 0.0012    6439.6760 5.901639e+01  56.603739  62.363305  61.733610
0.0054 0.0012    6248.9990 5.898301e+01  56.517998  62.248443  61.656491
0.0055 0.0012    6065.5450 5.894693e+01  56.439571  62.140165  61.589382
0.0056 0.0012    5888.9710 5.890827e+01  56.370228  62.038556  61.523325
0.0057 0.0012    5718.9510 5.886787e+01  56.307392  61.942187  61.468383
0.0058 0.0012    5555.1810 5.882529e+01  56.252291  61.851916  61.414096
0.0059 0.0012    5397.3710 5.878158e+01  56.202632  61.766822  61.367116
0.0060 0.0012    5245.2510 5.873550e+01  56.161341  61.686696  61.325971
0.0061 0.0012    5098.5640 5.868731e+01  56.125607  61.611804  61.286367
0.0062 0.0012    4957.0670 5.863958e+01  56.095364  61.541169  61.252581
0.0063 0.0012    4820.5320 5.858955e+01  56.070575  61.475213  61.222925
0.0064 0.0012    4688.7530 5.853976e+01  56.049237  61.412235  61.194112
0.0065 0.0012    4561.5330 5.848863e+01  56.033953  61.356125  61.171895
0.0066 0.0012    4438.6840 5.843616e+01  56.023800  61.303282  61.154204
0.0067 0.0012    4320.0290 5.838349e+01  56.017204  61.253558  61.139472
0.0068 0.0012    4205.3950 5.833001e+01  56.014761  61.207513  61.126337
0.0069 0.0012    4094.6220 5.827643e+01  56.015946  61.165382  61.116934
0.0070 0.0012    3987.5530 5.822243e+01  56.020474  61.126778  61.110510
0.0071 0.0012    3884.0410 5.816758e+01  56.029262  61.092308  61.109315
0.0072 0.0012    3783.9440 5.811246e+01  56.041372  61.059706  61.106646
0.0073 0.0012    3687.1270 5.805807e+01  56.055642  61.031141  61.107227
0.0074 0.0012    3593.4620 5.800315e+01  56.073124  61.004821  61.111333
0.0075 0.0012    3502.8240 5.794726e+01  56.093470  60.981059  61.118977
0.0076 0.0012    3415.0970 5.789235e+01  56.116188  60.960577  61.124336
0.0077 0.0012    3330.1680 5.783712e+01  56.141365  60.942856  61.136059
0.0078 0.0012    3247.9300 5.778190e+01  56.169064  60.927416  61.147169
0.0079 0.0012    3168.2800 5.772713e+01  56.198866  60.914700  61.160280
0.0080 0.0012    3091.1200 5.767201e+01  56.230786  60.904071  61.177363
0.0081 0.0012    3016.3550 5.761730e+01  56.264767  60.896138  61.192993
0.0082 0.0012    2943.8970 5.756304e+01  56.300459  60.890278  61.212740
0.0083 0.0012    2873.6590 5.750914e+01  56.338073  60.886631  61.235573
0.0084 0.0012    2805.5600 5.745527e+01  56.377770  60.885347  61.258404
0.0085 0.0012    2739.5200 5.740146e+01  56.419400  60.885908  61.283711
0.0086 0.0012    2675.4640 5.734823e+01  56.462043  60.888612  61.309516
0.0087 0.0012    2613.3200 5.729535e+01  56.506554  60.893273  61.335600
0.0088 0.0012    2553.0190 5.724304e+01  56.552175  60.899605  61.363340
0.0089 0.0012    2494.4940 5.719130e+01  56.598756  60.907465  61.392898
0.0090 0.0012    2437.6830 5.714009e+01  56.646479  60.917319  61.421634
0.0091 0.0012    2382.5250 5.708908e+01  56.695889  60.928799  61.453578
0.0092 0.0012    2328.9600 5.703854e+01  56.746514  60.941971  61.487785
0.0093 0.0012    2276.9340 5.698935e+01  56.797583  60.956380  61.519269
0.0094 0.0012    2226.3930 5.694018e+01  56.849977  60.972716  61.550994
0.0095 0.0012    2177.2850 5.689061e+01  56.903769  60.990168  61.590074
0.0096 0.0012    2129.5610 5.684205e+01  56.958595  61.009697  61.629146
0.0097 0.0012    2083.1730 5.679457e+01  57.013868  61.030082  61.666814
0.0098 0.0012    2038.0770 5.674732e+01  57.070558  61.051408  61.710164
0.0099 0.0012    1994.2280 5.670098e+01  57.126526  61.073907  61.743322
0.0100 0.0012       0.0000 5.665503e+01  57.183723  61.097914  61.777862
0.0000 0.0013   23115.3500 1.272038e-13  69.223899  69.224426  77.751816
0.0001 0.0013   23205.0600 3.944560e+00  89.652773  88.486350  98.673306
0.0002 0.0013   23459.6800 8.149595e+00  90.303234  88.247228  97.698571
0.0003 0.0013   23838.7000 1.241632e+01  90.450559  87.774419  96.408434
0.0004 0.0013   24284.0900 1.663161e+01  90.193337  87.147635  94.902182
0.0005 0.0013   24731.3900 2.069340e+01  89.600231  86.419529  93.258285
0.0006 0.0013   25120.6800 2.453395e+01  88.729201  85.603889  91.524078
0.0007 0.0013   25404.7000 2.810682e+01  87.640989  84.727904  89.766136
0.0008 0.0013   25552.9500 3.139726e+01  86.397501  83.807529  88.018400
0.0009 0.0013   25551.9300 3.439224e+01  85.043046  82.861799  86.306705
0.0010 0.0013   25402.6100 3.710167e+01  83.622508  81.900778  84.651306
0.0011 0.0013   25116.3900 3.953842e+01  82.168231  80.937007  83.073041
0.0012 0.0013   24711.0600 4.172021e+01  80.708921  79.982797  81.572929
0.0013 0.0013   24207.3900 4.366917e+01  79.263628  79.044526  80.154944
0.0014 0.0013   23626.5400 4.540534e+01  77.852632  78.128728  78.829934
0.0015 0.0013   22988.4300 4.694761e+01  76.483904  77.242899  77.593084
0.0016 0.0013   22310.7800 4.831902e+01  75.168034  76.384125  76.428068
0.0017 0.0013   21608.7500 4.953438e+01  73.907537  75.560444  75.349830
0.0018 0.0013   20894.8600 5.061644e+01  72.709974  74.770286  74.341750
0.0019 0.0013   20179.1800 5.157949e+01  71.575918  74.021561  73.414374
0.0020 0.0013   19469.5700 5.243744e+01  70.505358  73.308993  72.553602
0.0021 0.0013   18772.0500 5.320225e+01  69.493885  72.631447  71.751848
0.0022 0.0013   18091.0500 5.388367e+01  68.542892  71.990217  71.008738
0.0023 0.0013   17429.6700 5.449179e+01  67.649071  71.380569  70.310466
0.0024 0.0013   16789.9400 5.503217e+01  66.810366  70.802665  69.669587
0.0025 0.0013   16173.1000 5.551372e+01  66.025514  70.256219  69.072763
0.0026 0.0013   15579.7500 5.594465e+01  65.288581  69.739166  68.507673
0.0027 0.0013   15010.0400 5.632611e+01  64.601005  69.249068  67.993225
0.0028 0.0013   14463.7600 5.666632e+01  63.957150  68.785147  67.512947
0.0029 0.0013   13940.4700 5.696714e+01  63.354912  68.344386  67.052974
0.0030 0.0013   13439.5300 5.723238e+01  62.792240  67.926998  66.632723
0.0031 0.0013   12960.2300 5.746664e+01  62.266270  67.530041  66.240417
0.0032 0.0013   12501.7300 5.767054e+01  61.776445  67.153335  65.873027
0.0033 0.0013   12063.1900 5.784968e+01  61.317849  66.795448  65.524922
0.0034 0.0013   11643.7300 5.800533e+01  60.890146  66.454733  65.197573
0.0035 0.0013   11242.4800 5.813914e+01  60.494641  66.131884  64.899152
0.0036 0.0013   10858.5800 5.825604e+01  60.124476  65.825942  64.617307
0.0037 0.0013   10491.2000 5.835813e+01  59.780318  65.536166  64.354642
0.0038 0.0013   10139.5200 5.844596e+01  59.459898  65.262242  64.108420
0.0039 0.0013    9802.7770 5.851913e+01  59.163158  65.001797  63.882883
0.0040 0.0013    9480.2410 5.858249e+01  58.886143  64.755118  63.665967
0.0041 0.0013    9171.2150 5.863572e+01  58.627231  64.521341  63.469652
0.0042 0.0013    8875.0330 5.867742e+01  58.390780  64.299747  63.283974
0.0043 0.0013    8591.0580 5.871163e+01  58.168335  64.090279  63.109583
0.0044 0.0013    8318.6850 5.873704e+01  57.963362  63.890176  62.945136
0.0045 0.0013    8057.3390 5.875440e+01  57.774210  63.701302  62.794807
0.0046 0.0013    7806.4770 5.876601e+01  57.598766  63.521718  62.654471
0.0047 0.0013    7565.5830 5.877088e+01  57.438047  63.351605  62.522405
0.0048 0.0013    7334.1710 5.877023e+01  57.288936  63.190192  62.401282
0.0049 0.0013    7111.7800 5.876530e+01  57.151604  63.036403  62.282969
0.0050 0.0013    6897.9770 5.875521e+01  57.025783  62.892379  62.175753
0.0051 0.0013    6692.3500 5.874006e+01  56.911355  62.755035  62.079813
0.0052 0.0013    6494.5120 5.872143e+01  56.806449  62.625457  61.990969
0.0053 0.0013    6304.0970 5.870046e+01  56.709968  62.501576  61.900209
0.0054 0.0013    6120.7610 5.867478e+01  56.622951  62.386191  61.826457
0.0055 0.0013    5944.1750 5.864680e+01  56.544100  62.276417  61.753508
0.0056 0.0013    5774.0320 5.861713e+01  56.472419  62.171966  61.684437
0.0057 0.0013    5610.0400 5.858455e+01  56.408685  62.074717  61.622865
0.0058 0.0013    5451.9230 5.854776e+01  56.353497  61.983078  61.568649
0.0059 0.0013    5299.4210 5.850986e+01  56.304549  61.896341  61.519813
0.0060 0.0013    5152.2850 5.847076e+01  56.262158  61.814277  61.473785
0.0061 0.0013    5010.2830 5.842976e+01  56.225200  61.737893  61.435834
0.0062 0.0013    4873.1930 5.838758e+01  56.193793  61.665593  61.398823
0.0063 0.0013    4740.8070 5.834400e+01  56.167607  61.597919  61.364452
0.0064 0.0013    4612.9380 5.829975e+01  56.145589  61.534058  61.335561
0.0065 0.0013    4489.4030 5.825295e+01  56.130005  61.476086  61.315807
0.0066 0.0013    4370.0310 5.820701e+01  56.118108  61.421579  61.293052
0.0067 0.0013    4254.6550 5.815883e+01  56.110334  61.370129  61.277392
0.0068 0.0013    4143.1190 5.811073e+01  56.106515  61.322774  61.262990
0.0069 0.0013    4035.2710 5.806201e+01  56.106321  61.278879  61.249401
0.0070 0.0013    3930.9670 5.801245e+01  56.110281  61.238939  61.239745
0.0071 0.0013    3830.0680 5.796236e+01  56.117326  61.202170  61.232636
0.0072 0.0013    3732.4430 5.791188e+01  56.127915  61.168401  61.229873
0.0073 0.0013    3637.9660 5.786145e+01  56.141432  61.137967  61.229962
0.0074 0.0013    3546.5150 5.781003e+01  56.157723  61.110209  61.230829
0.0075 0.0013    3457.9760 5.775862e+01  56.176661  61.085615  61.235343
0.0076 0.0013    3372.2370 5.770691e+01  56.198495  61.063583  61.243435
0.0077 0.0013    3289.1930 5.765542e+01  56.222847  61.043731  61.250721
0.0078 0.0013    3208.7420 5.760391e+01  56.249199  61.026729  61.258673
0.0079 0.0013    3130.7880 5.755189e+01  56.278090  61.012546  61.272579
0.0080 0.0013    3055.2370 5.750062e+01  56.308959  61.001025  61.289400
0.0081 0.0013    2982.0020 5.744918e+01  56.342135  60.991683  61.303789
0.0082 0.0013    2910.9960 5.739809e+01  56.376667  60.984510  61.321375
0.0083 0.0013    2842.1380 5.734704e+01  56.413235  60.979159  61.339025
0.0084 0.0013    2775.3510 5.729643e+01  56.451518  60.976991  61.361330
0.0085 0.0013    2710.5590 5.724579e+01  56.491784  60.976503  61.383541
0.0086 0.0013    2647.6900 5.719621e+01  56.532209  60.978082  61.408124
0.0087 0.0013    2586.6760 5.714610e+01  56.576004  60.981447  61.434684
0.0088 0.0013    2527.4510 5.709584e+01  56.621920  60.986711  61.461927
0.0089 0.0013    2469.9520 5.704667e+01  56.667586  60.993836  61.488941
0.0090 0.0013    2414.1180 5.699784e+01  56.714768  61.002378  61.518052
0.0091 0.0013    2359.8900 5.694926e+01  56.763068  61.012634  61.548949
0.0092 0.0013    2307.2140 5.690148e+01  56.812542  61.024743  61.580304
0.0093 0.0013    2256.0350 5.685392e+01  56.863246  61.038031  61.614548
0.0094 0.0013    2206.3010 5.680698e+01  56.914954  61.053223  61.647671
0.0095 0.0013    2157.9650 5.676060e+01  56.967385  61.070043  61.678881
0.0096 0.0013    2110.9770 5.671428e+01  57.020736  61.088094  61.715439
0.0097 0.0013    2065.2930 5.666851e+01  57.076124  61.107721  61.753503
0.0098 0.0013    2020.8690 5.662370e+01  57.130809  61.127622  61.787914
0.0099 0.0013    1977.6630 5.657961e+01  57.186255  61.149636  61.822729
0.0100 0.0013       0.0000 5.653570e+01  57.243182  61.172812  61.863162
0.0000 0.0014   20052.5400 0.000000e+00  67.233504  67.232872  75.353399
0.0001 0.0014   20122.0000 3.728054e+00  87.986087  86.952060  96.826690
0.0002 0.0014   20321.0200 7.700349e+00  88.597022  86.750223  95.957830
0.0003 0.0014   20623.1800 1.174390e+01  88.749928  86.337033  94.800807
0.0004 0.0014   20989.5800 1.575422e+01  88.543788  85.790783  93.472360
0.0005 0.0014   21375.2900 1.964013e+01  88.036549  85.155885  92.011656
0.0006 0.0014   21736.0200 2.333909e+01  87.279138  84.443273  90.480303
0.0007 0.0014   22033.8300 2.681063e+01  86.319427  83.676842  88.902122
0.0008 0.0014   22240.6800 3.002601e+01  85.210462  82.867911  87.324322
0.0009 0.0014   22339.7400 3.297990e+01  83.988801  82.031797  85.767130
0.0010 0.0014   22324.7900 3.567003e+01  82.695893  81.180075  84.245891
0.0011 0.0014   22198.2600 3.810976e+01  81.362234  80.316529  82.790956
0.0012 0.0014   21968.8700 4.030721e+01  80.015016  79.456488  81.394091
0.0013 0.0014   21649.2200 4.228490e+01  78.670247  78.604142  80.061214
0.0014 0.0014   21253.7800 4.405554e+01  77.348270  77.766639  78.807174
0.0015 0.0014   20797.3600 4.564141e+01  76.059960  76.947568  77.618489
0.0016 0.0014   20294.0900 4.705468e+01  74.815582  76.153069  76.509980
0.0017 0.0014   19756.7800 4.832012e+01  73.620579  75.385020  75.470035
0.0018 0.0014   19196.6200 4.945213e+01  72.478372  74.647911  74.499462
0.0019 0.0014   18623.1200 5.046370e+01  71.394773  73.941640  73.597885
0.0020 0.0014   18044.1300 5.137061e+01  70.365149  73.266393  72.751174
0.0021 0.0014   17465.9800 5.218255e+01  69.392551  72.622013  71.972564
0.0022 0.0014   16893.6800 5.290829e+01  68.473525  72.007133  71.240357
0.0023 0.0014   16331.0300 5.355927e+01  67.607594  71.422864  70.541473
0.0024 0.0014   15780.8400 5.414000e+01  66.793130  70.866502  69.906381
0.0025 0.0014   15245.1500 5.465978e+01  66.027364  70.336745  69.323831
0.0026 0.0014   14725.3500 5.512466e+01  65.309991  69.834038  68.776162
0.0027 0.0014   14222.3000 5.554064e+01  64.636380  69.356644  68.252842
0.0028 0.0014   13736.5100 5.591143e+01  64.005328  68.902084  67.769034
0.0029 0.0014   13268.1400 5.624172e+01  63.415024  68.470314  67.319857
0.0030 0.0014   12817.1400 5.653504e+01  62.862444  68.059215  66.893882
0.0031 0.0014   12383.2900 5.679409e+01  62.344194  67.667865  66.498194
0.0032 0.0014   11966.2200 5.702357e+01  61.860625  67.294860  66.125075
0.0033 0.0014   11565.5000 5.722611e+01  61.407416  66.939866  65.774614
0.0034 0.0014   11180.6200 5.740330e+01  60.986872  66.602929  65.449952
0.0035 0.0014   10811.0200 5.755921e+01  60.595320  66.282362  65.146164
0.0036 0.0014   10456.1400 5.769685e+01  60.228802  65.979033  64.859715
0.0037 0.0014   10115.4100 5.781821e+01  59.888064  65.691044  64.594235
0.0038 0.0014    9788.2290 5.792373e+01  59.570586  65.416902  64.343046
0.0039 0.0014    9474.0520 5.801614e+01  59.274609  65.157896  64.114513
0.0040 0.0014    9172.3290 5.809563e+01  58.999542  64.911383  63.896947
0.0041 0.0014    8882.5260 5.816362e+01  58.744407  64.678478  63.692633
0.0042 0.0014    8604.1190 5.822101e+01  58.507265  64.456013  63.505997
0.0043 0.0014    8336.6000 5.826963e+01  58.285456  64.245053  63.326649
0.0044 0.0014    8079.4810 5.830939e+01  58.080783  64.045190  63.158049
0.0045 0.0014    7832.2910 5.834017e+01  57.891290  63.855351  63.002501
0.0046 0.0014    7594.5800 5.836382e+01  57.716373  63.674748  62.857434
0.0047 0.0014    7365.9180 5.838056e+01  57.554853  63.503678  62.725621
0.0048 0.0014    7145.8930 5.839194e+01  57.405853  63.341221  62.598616
0.0049 0.0014    6934.1140 5.839607e+01  57.269690  63.187523  62.481758
0.0050 0.0014    6730.2100 5.839632e+01  57.143143  63.041095  62.370893
0.0051 0.0014    6533.8260 5.839213e+01  57.027365  62.901689  62.264054
0.0052 0.0014    6344.6260 5.838369e+01  56.920465  62.771287  62.171026
0.0053 0.0014    6162.2910 5.837022e+01  56.824620  62.647346  62.085653
0.0054 0.0014    5986.5180 5.835348e+01  56.737675  62.529560  62.006415
0.0055 0.0014    5817.0180 5.833385e+01  56.657452  62.417832  61.929567
0.0056 0.0014    5653.5180 5.831103e+01  56.585879  62.312656  61.861903
0.0057 0.0014    5495.7600 5.828607e+01  56.521313  62.213129  61.798089
0.0058 0.0014    5343.4970 5.825922e+01  56.463846  62.119668  61.733659
0.0059 0.0014    5196.4940 5.822850e+01  56.412248  62.031389  61.680213
0.0060 0.0014    5054.5310 5.819605e+01  56.368722  61.948124  61.633524
0.0061 0.0014    4917.3950 5.816127e+01  56.330781  61.869561  61.593389
0.0062 0.0014    4784.8860 5.812520e+01  56.298440  61.796093  61.557107
0.0063 0.0014    4656.8190 5.808735e+01  56.271515  61.726729  61.522955
0.0064 0.0014    4533.0220 5.804866e+01  56.248933  61.661478  61.489924
0.0065 0.0014    4413.3300 5.800815e+01  56.231970  61.601650  61.464655
0.0066 0.0014    4297.5840 5.796734e+01  56.219026  61.545120  61.440914
0.0067 0.0014    4185.6340 5.792540e+01  56.209083  61.491699  61.416901
0.0068 0.0014    4077.3340 5.788208e+01  56.203867  61.443066  61.400568
0.0069 0.0014    3972.5450 5.783798e+01  56.202893  61.397852  61.386481
0.0070 0.0014    3871.1340 5.779284e+01  56.206100  61.357012  61.380966
0.0071 0.0014    3772.9730 5.774749e+01  56.212115  61.318694  61.368756
0.0072 0.0014    3677.9390 5.770162e+01  56.221346  61.283345  61.364810
0.0073 0.0014    3585.9150 5.765535e+01  56.233778  61.251235  61.360354
0.0074 0.0014    3496.7890 5.760828e+01  56.248623  61.221571  61.361092
0.0075 0.0014    3410.4520 5.756105e+01  56.266053  61.195431  61.362062
0.0076 0.0014    3326.8020 5.751320e+01  56.286771  61.171643  61.362336
0.0077 0.0014    3245.7390 5.746517e+01  56.310404  61.150988  61.371017
0.0078 0.0014    3167.1680 5.741705e+01  56.335471  61.132775  61.380863
0.0079 0.0014    3090.9990 5.736899e+01  56.362947  61.117460  61.394476
0.0080 0.0014    3017.1440 5.732083e+01  56.392594  61.104299  61.407636
0.0081 0.0014    2945.5190 5.727273e+01  56.424360  61.093416  61.421403
0.0082 0.0014    2876.0440 5.722465e+01  56.458280  61.085084  61.437448
0.0083 0.0014    2808.6410 5.717707e+01  56.494043  61.077941  61.453686
0.0084 0.0014    2743.2380 5.712923e+01  56.531388  61.074362  61.472896
0.0085 0.0014    2679.7630 5.708202e+01  56.570388  61.072476  61.492789
0.0086 0.0014    2618.1490 5.703464e+01  56.610942  61.072980  61.516179
0.0087 0.0014    2558.3290 5.698768e+01  56.653566  61.075505  61.541962
0.0088 0.0014    2500.2410 5.694103e+01  56.696903  61.079334  61.565889
0.0089 0.0014    2443.8260 5.689457e+01  56.741670  61.084908  61.590606
0.0090 0.0014    2389.0250 5.684949e+01  56.787104  61.091903  61.612919
0.0091 0.0014    2335.7830 5.680250e+01  56.835293  61.101587  61.645698
0.0092 0.0014    2284.0460 5.675724e+01  56.883681  61.112623  61.675628
0.0093 0.0014    2233.7640 5.671197e+01  56.933572  61.124882  61.709485
0.0094 0.0014    2184.8870 5.666738e+01  56.984235  61.139122  61.742183
0.0095 0.0014    2137.3670 5.662336e+01  57.035821  61.154823  61.776181
0.0096 0.0014    2091.1610 5.657952e+01  57.088358  61.171644  61.810103
0.0097 0.0014    2046.2230 5.653624e+01  57.142064  61.190089  61.843016
0.0098 0.0014    2002.5120 5.649349e+01  57.196333  61.209914  61.878408
0.0099 0.0014    1959.9870 5.645144e+01  57.250833  61.230197  61.914022
0.0100 0.0014       0.0000 5.640928e+01  57.307117  61.252602  61.952797
0.0000 0.0015   17555.5300 0.000000e+00  65.546817  65.546103  73.284328
0.0001 0.0015   17610.1500 3.545292e+00  86.596134  85.661845  95.284419
0.0002 0.0015   17767.8300 7.314830e+00  87.154976  85.483642  94.486131
0.0003 0.0015   18010.8600 1.116629e+01  87.306219  85.119171  93.452088
0.0004 0.0015   18312.6600 1.499168e+01  87.135984  84.635072  92.255911
0.0005 0.0015   18641.5400 1.871760e+01  86.693080  84.065892  90.946060
0.0006 0.0015   18964.8500 2.228622e+01  86.021055  83.437328  89.575078
0.0007 0.0015   19252.8000 2.564982e+01  85.161942  82.755718  88.149171
0.0008 0.0015   19481.3000 2.879184e+01  84.157784  82.031491  86.705354
0.0009 0.0015   19633.4800 3.169423e+01  83.046743  81.285793  85.282342
0.0010 0.0015   19699.9400 3.435701e+01  81.862560  80.521343  83.885391
0.0011 0.0015   19678.0000 3.678447e+01  80.632945  79.742972  82.533233
0.0012 0.0015   19570.4200 3.898769e+01  79.378631  78.960344  81.222575
0.0013 0.0015   19383.8800 4.097746e+01  78.123906  78.185073  79.972125
0.0014 0.0015   19127.4900 4.277368e+01  76.883054  77.416135  78.785949
0.0015 0.0015   18811.6400 4.438773e+01  75.669108  76.660943  77.660378
0.0016 0.0015   18446.9600 4.584006e+01  74.489824  75.923924  76.596368
0.0017 0.0015   18043.7100 4.714686e+01  73.355982  75.210736  75.600637
0.0018 0.0015   17611.3400 4.832118e+01  72.266943  74.521055  74.665058
0.0019 0.0015   17158.2700 4.937639e+01  71.228189  73.855979  73.785757
0.0020 0.0015   16691.7800 5.032589e+01  70.239694  73.218830  72.965968
0.0021 0.0015   16218.0200 5.117898e+01  69.300993  72.605355  72.197118
0.0022 0.0015   15742.0600 5.194367e+01  68.413339  72.018866  71.483398
0.0023 0.0015   15268.0000 5.263040e+01  67.575150  71.458385  70.806398
0.0024 0.0015   14799.0500 5.325055e+01  66.782413  70.923519  70.174020
0.0025 0.0015   14337.7400 5.380411e+01  66.038498  70.412447  69.596665
0.0026 0.0015   13885.9600 5.430243e+01  65.338804  69.924339  69.044995
0.0027 0.0015   13445.1000 5.474921e+01  64.680679  69.459522  68.528357
0.0028 0.0015   13016.1500 5.515081e+01  64.061443  69.014810  68.042030
0.0029 0.0015   12599.7600 5.550897e+01  63.482092  68.591483  67.588151
0.0030 0.0015   12196.3100 5.582919e+01  62.938990  68.187324  67.163073
0.0031 0.0015   11805.9900 5.611283e+01  62.430024  67.802193  66.767146
0.0032 0.0015   11428.8200 5.636640e+01  61.952985  67.433733  66.391940
0.0033 0.0015   11064.7000 5.659086e+01  61.507099  67.084234  66.040536
0.0034 0.0015   10713.4300 5.679013e+01  61.090221  66.749146  65.707416
0.0035 0.0015   10374.7300 5.696650e+01  60.704156  66.433871  65.403684
0.0036 0.0015   10048.2900 5.712579e+01  60.342160  66.132689  65.117628
0.0037 0.0015    9733.7600 5.726588e+01  60.003692  65.846759  64.847585
0.0038 0.0015    9430.7640 5.739016e+01  59.689032  65.574820  64.596231
0.0039 0.0015    9138.9320 5.750052e+01  59.394294  65.315549  64.357512
0.0040 0.0015    8857.8810 5.759683e+01  59.121644  65.070902  64.137005
0.0041 0.0015    8587.2220 5.768092e+01  58.866648  64.837489  63.931564
0.0042 0.0015    8326.5630 5.775303e+01  58.630858  64.616487  63.741694
0.0043 0.0015    8075.5180 5.781527e+01  58.411119  64.405277  63.555841
0.0044 0.0015    7833.7030 5.786886e+01  58.206220  64.204819  63.383793
0.0045 0.0015    7600.7480 5.791295e+01  58.016472  64.014271  63.226608
0.0046 0.0015    7376.2890 5.794882e+01  57.842718  63.833540  63.076085
0.0047 0.0015    7159.9760 5.797718e+01  57.681439  63.661326  62.936603
0.0048 0.0015    6951.4700 5.799975e+01  57.531713  63.498182  62.809126
0.0049 0.0015    6750.4460 5.801555e+01  57.394162  63.343420  62.688123
0.0050 0.0015    6556.5900 5.802641e+01  57.267865  63.196203  62.572867
0.0051 0.0015    6369.6040 5.803192e+01  57.151330  63.056706  62.468643
0.0052 0.0015    6189.2010 5.803252e+01  57.045263  62.923861  62.372853
0.0053 0.0015    6015.1050 5.802878e+01  56.947516  62.798061  62.281355
0.0054 0.0015    5847.0560 5.802164e+01  56.858652  62.679377  62.197535
0.0055 0.0015    5684.8030 5.800991e+01  56.778460  62.566624  62.119557
0.0056 0.0015    5528.1070 5.799539e+01  56.705026  62.459422  62.046596
0.0057 0.0015    5376.7410 5.797902e+01  56.638957  62.357944  61.973443
0.0058 0.0015    5230.4870 5.795853e+01  56.581411  62.263212  61.914720
0.0059 0.0015    5089.1370 5.793547e+01  56.529046  62.172947  61.860887
0.0060 0.0015    4952.4950 5.790917e+01  56.484314  62.087839  61.811091
0.0061 0.0015    4820.3720 5.788225e+01  56.444567  62.007875  61.762901
0.0062 0.0015    4692.5880 5.785299e+01  56.409980  61.931925  61.719660
0.0063 0.0015    4568.9790 5.782156e+01  56.381524  61.861770  61.685594
0.0064 0.0015    4449.3890 5.778815e+01  56.359592  61.794983  61.654857
0.0065 0.0015    4333.6700 5.775406e+01  56.339450  61.733226  61.620789
0.0066 0.0015    4221.6790 5.771860e+01  56.324735  61.675045  61.593160
0.0067 0.0015    4113.2770 5.768167e+01  56.314702  61.621441  61.571911
0.0068 0.0015    4008.3330 5.764390e+01  56.308518  61.571130  61.553293
0.0069 0.0015    3906.7180 5.760513e+01  56.306022  61.524497  61.535067
0.0070 0.0015    3808.3120 5.756476e+01  56.307152  61.480365  61.523676
0.0071 0.0015    3712.9950 5.752383e+01  56.311876  61.440718  61.513582
0.0072 0.0015    3620.6550 5.748157e+01  56.320875  61.404238  61.505300
0.0073 0.0015    3531.1850 5.744010e+01  56.331987  61.370294  61.500544
0.0074 0.0015    3444.4790 5.739734e+01  56.345762  61.339355  61.500540
0.0075 0.0015    3360.4380 5.735420e+01  56.362009  61.311983  61.498439
0.0076 0.0015    3278.9660 5.731037e+01  56.381205  61.286809  61.501624
0.0077 0.0015    3199.9700 5.726647e+01  56.402866  61.264175  61.507502
0.0078 0.0015    3123.3630 5.722177e+01  56.427070  61.244480  61.513598
0.0079 0.0015    3049.0580 5.717713e+01  56.453663  61.227472  61.522499
0.0080 0.0015    2976.9740 5.713306e+01  56.482047  61.213077  61.532314
0.0081 0.0015    2907.0340 5.708860e+01  56.512730  61.201109  61.545640
0.0082 0.0015    2839.1600 5.704396e+01  56.545787  61.191001  61.560693
0.0083 0.0015    2773.2820 5.699935e+01  56.580520  61.182885  61.577445
0.0084 0.0015    2709.3290 5.695541e+01  56.616033  61.177932  61.591468
0.0085 0.0015    2647.2340 5.691049e+01  56.654647  61.175089  61.612642
0.0086 0.0015    2586.9340 5.686632e+01  56.693815  61.173855  61.633731
0.0087 0.0015    2528.3670 5.682263e+01  56.734797  61.174892  61.653854
0.0088 0.0015    2471.4730 5.677852e+01  56.777618  61.177145  61.678459
0.0089 0.0015    2416.1960 5.673481e+01  56.821210  61.181615  61.702991
0.0090 0.0015    2362.4800 5.669139e+01  56.866396  61.188040  61.729410
0.0091 0.0015    2310.2730 5.664798e+01  56.912629  61.196001  61.753245
0.0092 0.0015    2259.5240 5.660508e+01  56.960225  61.205913  61.782417
0.0093 0.0015    2210.1850 5.656318e+01  57.008771  61.216791  61.812032
0.0094 0.0015    2162.2090 5.652077e+01  57.058650  61.229888  61.843442
0.0095 0.0015    2115.5500 5.647897e+01  57.109269  61.244586  61.876914
0.0096 0.0015    2070.1650 5.643747e+01  57.161392  61.260456  61.910981
0.0097 0.0015    2026.0130 5.639739e+01  57.213049  61.278070  61.941251
0.0098 0.0015    1983.0530 5.635669e+01  57.266359  61.296414  61.977723
0.0099 0.0015       0.0000 5.631689e+01  57.320402  61.315506  62.011014
0.0100 0.0015       0.0000 5.627726e+01  57.375262  61.336998  62.045658
0.0000 0.0016   15492.3100 0.000000e+00  64.108142  64.108562  71.488916
0.0001 0.0016   15535.8600 3.384626e+00  85.425883  84.568680  93.984868
0.0002 0.0016   15662.2900 6.979966e+00  85.937287  84.413167  93.255373
0.0003 0.0016   15859.4600 1.065534e+01  86.078089  84.080481  92.309340
0.0004 0.0016   16108.8700 1.432148e+01  85.925029  83.640272  91.219580
0.0005 0.0016   16387.8800 1.790224e+01  85.529869  83.128974  90.034223
0.0006 0.0016   16672.3300 2.134233e+01  84.923024  82.556924  88.780710
0.0007 0.0016   16939.1300 2.460849e+01  84.144193  81.944476  87.490438
0.0008 0.0016   17168.3500 2.767102e+01  83.228104  81.293630  86.175919
0.0009 0.0016   17344.5800 3.051790e+01  82.207103  80.617467  84.861175
0.0010 0.0016   17457.5200 3.314393e+01  81.113128  79.923142  83.569059
0.0011 0.0016   17501.8600 3.555211e+01  79.970602  79.217063  82.312540
0.0012 0.0016   17476.7100 3.774877e+01  78.800880  78.503393  81.083476
0.0013 0.0016   17384.6600 3.974466e+01  77.627116  77.789410  79.903500
0.0014 0.0016   17230.8600 4.155619e+01  76.456712  77.080771  78.779527
0.0015 0.0016   17022.0900 4.319436e+01  75.311301  76.385843  77.705475
0.0016 0.0016   16765.9300 4.467793e+01  74.193775  75.703677  76.687995
0.0017 0.0016   16470.2300 4.601734e+01  73.113622  75.039639  75.731854
0.0018 0.0016   16142.5800 4.722595e+01  72.074950  74.394665  74.832979
0.0019 0.0016   15790.1000 4.831854e+01  71.078567  73.769631  73.985158
0.0020 0.0016   15419.1800 4.930354e+01  70.129623  73.165497  73.183416
0.0021 0.0016   15035.4600 5.019211e+01  69.223582  72.584008  72.434337
0.0022 0.0016   14643.7600 5.099315e+01  68.366156  72.025257  71.727743
0.0023 0.0016   14248.1500 5.171583e+01  67.553505  71.487716  71.071491
0.0024 0.0016   13851.9800 5.236611e+01  66.784985  70.973612  70.449417
0.0025 0.0016   13457.9900 5.295325e+01  66.058727  70.479873  69.866674
0.0026 0.0016   13068.3600 5.348225e+01  65.375504  70.008205  69.322848
0.0027 0.0016   12684.8000 5.395927e+01  64.730916  69.555611  68.807591
0.0028 0.0016   12308.6400 5.438751e+01  64.125628  69.122097  68.318372
0.0029 0.0016   11940.8600 5.477164e+01  63.556329  68.708927  67.867698
0.0030 0.0016   11582.1900 5.511665e+01  63.023582  68.312281  67.442814
0.0031 0.0016   11233.1100 5.542443e+01  62.522619  67.934446  67.039575
0.0032 0.0016   10893.9400 5.570013e+01  62.053176  67.571426  66.665085
0.0033 0.0016   10564.8500 5.594684e+01  61.614094  67.226414  66.311472
0.0034 0.0016   10245.9000 5.616817e+01  61.202647  66.897497  65.979648
0.0035 0.0016    9937.0520 5.636658e+01  60.819728  66.583915  65.673152
0.0036 0.0016    9638.2020 5.654415e+01  60.462221  66.287043  65.382419
0.0037 0.0016    9349.1900 5.670405e+01  60.127349  66.003390  65.111504
0.0038 0.0016    9069.8310 5.684662e+01  59.814301  65.733467  64.853540
0.0039 0.0016    8799.9120 5.697344e+01  59.523741  65.476864  64.613541
0.0040 0.0016    8539.1960 5.708635e+01  59.251534  65.232554  64.391194
0.0041 0.0016    8287.4250 5.718545e+01  58.999347  65.000038  64.180529
0.0042 0.0016    8044.3250 5.727329e+01  58.763678  64.778076  63.984884
0.0043 0.0016    7809.6200 5.734982e+01  58.544840  64.568432  63.799309
0.0044 0.0016    7583.0240 5.741630e+01  58.341815  64.368593  63.628122
0.0045 0.0016    7364.2560 5.747366e+01  58.152607  64.177974  63.464577
0.0046 0.0016    7153.0340 5.752246e+01  57.976344  63.996153  63.309627
0.0047 0.0016    6949.0820 5.756327e+01  57.814738  63.824413  63.170484
0.0048 0.0016    6752.1290 5.759638e+01  57.665853  63.660801  63.035630
0.0049 0.0016    6561.9110 5.762451e+01  57.527288  63.504375  62.909740
0.0050 0.0016    6378.1710 5.764537e+01  57.400144  63.355896  62.792996
0.0051 0.0016    6200.6620 5.766076e+01  57.283458  63.215292  62.686458
0.0052 0.0016    6029.1430 5.767101e+01  57.176199  63.081700  62.584872
0.0053 0.0016    5863.3840 5.767673e+01  57.077397  62.954910  62.489630
0.0054 0.0016    5703.1610 5.767788e+01  56.987648  62.833763  62.401318
0.0055 0.0016    5548.2610 5.767584e+01  56.905241  62.719279  62.318878
0.0056 0.0016    5398.4780 5.767002e+01  56.830776  62.611339  62.242385
0.0057 0.0016    5253.6140 5.766016e+01  56.764405  62.509386  62.173460
0.0058 0.0016    5113.4820 5.764738e+01  56.705010  62.412376  62.108357
0.0059 0.0016    4977.8980 5.763149e+01  56.652210  62.320871  62.046900
0.0060 0.0016    4846.6900 5.761307e+01  56.606136  62.234251  61.995983
0.0061 0.0016    4719.6910 5.759258e+01  56.565627  62.152191  61.946369
0.0062 0.0016    4596.7440 5.757018e+01  56.529765  62.074939  61.902034
0.0063 0.0016    4477.7020 5.754539e+01  56.499430  62.002934  61.859859
0.0064 0.0016    4362.4280 5.751813e+01  56.475135  61.934122  61.821990
0.0065 0.0016    4250.7890 5.748985e+01  56.454897  61.870905  61.790761
0.0066 0.0016    4142.6550 5.745962e+01  56.439925  61.811715  61.765020
0.0067 0.0016    4037.9040 5.742814e+01  56.428555  61.754789  61.738329
0.0068 0.0016    3936.4130 5.739530e+01  56.421088  61.703411  61.716171
0.0069 0.0016    3838.0700 5.736164e+01  56.416688  61.655257  61.695290
0.0070 0.0016    3742.7610 5.732651e+01  56.416678  61.610370  61.680027
0.0071 0.0016    3650.3800 5.729041e+01  56.420300  61.569070  61.667598
0.0072 0.0016    3560.8230 5.725382e+01  56.426940  61.530426  61.658484
0.0073 0.0016    3473.9910 5.721635e+01  56.436190  61.495309  61.649588
0.0074 0.0016    3389.7890 5.717823e+01  56.448598  61.462605  61.644305
0.0075 0.0016    3308.1240 5.713912e+01  56.463817  61.433296  61.641889
0.0076 0.0016    3228.9080 5.709955e+01  56.481752  61.406444  61.642761
0.0077 0.0016    3152.0550 5.705935e+01  56.501949  61.382736  61.645198
0.0078 0.0016    3077.4830 5.701874e+01  56.524916  61.361334  61.651695
0.0079 0.0016    3005.1130 5.697830e+01  56.549558  61.342780  61.656943
0.0080 0.0016    2934.8690 5.693740e+01  56.577118  61.327082  61.664604
0.0081 0.0016    2866.6790 5.689644e+01  56.606858  61.313821  61.676825
0.0082 0.0016    2800.4700 5.685543e+01  56.638433  61.302555  61.689405
0.0083 0.0016    2736.1770 5.681430e+01  56.671620  61.293387  61.700154
0.0084 0.0016    2673.7330 5.677272e+01  56.706815  61.286703  61.716635
0.0085 0.0016    2613.0760 5.673209e+01  56.743972  61.281948  61.733615
0.0086 0.0016    2554.1450 5.669048e+01  56.781910  61.279527  61.752894
0.0087 0.0016    2496.8840 5.665055e+01  56.821188  61.278839  61.772057
0.0088 0.0016    2441.2340 5.660940e+01  56.863096  61.279925  61.795591
0.0089 0.0016    2387.1440 5.656858e+01  56.905976  61.283589  61.817607
0.0090 0.0016    2334.5610 5.652809e+01  56.950189  61.288160  61.839146
0.0091 0.0016    2283.4350 5.648726e+01  56.996494  61.294685  61.867357
0.0092 0.0016    2233.7180 5.644722e+01  57.042242  61.304461  61.902758
0.0093 0.0016    2185.3650 5.640781e+01  57.088866  61.314108  61.925794
0.0094 0.0016    2138.3300 5.636816e+01  57.137631  61.325829  61.953200
0.0095 0.0016    2092.5710 5.632858e+01  57.187650  61.338405  61.981858
0.0096 0.0016    2048.0460 5.629016e+01  57.237813  61.353763  62.015599
0.0097 0.0016    2004.7160 5.625182e+01  57.289171  61.369917  62.047333
0.0098 0.0016    1962.5430 5.621356e+01  57.341932  61.387775  62.081017
0.0099 0.0016       0.0000 5.617663e+01  57.394087  61.406036  62.113372
0.0100 0.0016       0.0000 5.613911e+01  57.448117  61.426296  62.151607
0.0000 0.0017   13767.1800 0.000000e+00  62.884269  62.884002  69.930726
0.0001 0.0017   13802.3000 3.241721e+00  84.429202  83.643434  92.903763
0.0002 0.0017   13904.7200 6.685877e+00  84.891529  83.496882  92.207835
0.0003 0.0017   14065.9600 1.020773e+01  85.022858  83.188910  91.335778
0.0004 0.0017   14272.9300 1.372491e+01  84.881984  82.785480  90.359010
0.0005 0.0017   14509.2500 1.717270e+01  84.520392  82.313041  89.258739
0.0006 0.0017   14756.9900 2.049840e+01  83.965089  81.792779  88.108796
0.0007 0.0017   14998.3200 2.366586e+01  83.249093  81.231019  86.916322
0.0008 0.0017   15217.0600 2.665237e+01  82.405247  80.636960  85.712019
0.0009 0.0017   15399.8100 2.944254e+01  81.459788  80.017602  84.493366
0.0010 0.0017   15536.5700 3.202505e+01  80.442532  79.383720  83.291464
0.0011 0.0017   15620.9600 3.440623e+01  79.376244  78.736055  82.115041
0.0012 0.0017   15650.0100 3.659072e+01  78.278633  78.080870  80.954006
0.0013 0.0017   15623.6900 3.858573e+01  77.173239  77.423830  79.844681
0.0014 0.0017   15544.3100 4.040581e+01  76.073267  76.773989  78.781319
0.0015 0.0017   15415.9000 4.206188e+01  74.988422  76.130327  77.763608
0.0016 0.0017   15243.5500 4.356633e+01  73.928206  75.497002  76.795523
0.0017 0.0017   15032.9700 4.493104e+01  72.898686  74.877976  75.880760
0.0018 0.0017   14790.0400 4.616940e+01  71.904520  74.272859  75.006199
0.0019 0.0017   14520.5000 4.729278e+01  70.948368  73.684260  74.177857
0.0020 0.0017   14229.7600 4.830768e+01  70.034270  73.114173  73.408446
0.0021 0.0017   13922.7600 4.922762e+01  69.161785  72.562506  72.676048
0.0022 0.0017   13603.8700 5.005967e+01  68.330882  72.029899  71.988408
0.0023 0.0017   13276.9300 5.081281e+01  67.541437  71.514294  71.332311
0.0024 0.0017   12945.2000 5.149336e+01  66.795529  71.020110  70.722279
0.0025 0.0017   12611.4400 5.210850e+01  66.089193  70.544056  70.149840
0.0026 0.0017   12277.9600 5.266615e+01  65.422292  70.087362  69.603278
0.0027 0.0017   11946.6300 5.316949e+01  64.792545  69.648649  69.089860
0.0028 0.0017   11618.9600 5.362325e+01  64.199268  69.226810  68.607327
0.0029 0.0017   11296.1700 5.403216e+01  63.640915  68.822709  68.158896
0.0030 0.0017   10979.2100 5.440076e+01  63.115124  68.433464  67.728185
0.0031 0.0017   10668.7900 5.473188e+01  62.623260  68.062876  67.325858
0.0032 0.0017   10365.4500 5.502971e+01  62.159570  67.706420  66.948629
0.0033 0.0017   10069.5700 5.529855e+01  61.727897  67.368195  66.596008
0.0034 0.0017    9781.4140 5.554080e+01  61.322109  67.043908  66.258841
0.0035 0.0017    9501.1310 5.575850e+01  60.944749  66.735790  65.951556
0.0036 0.0017    9228.7910 5.595666e+01  60.589274  66.442092  65.660294
0.0037 0.0017    8964.4050 5.613419e+01  60.258506  66.161482  65.384527
0.0038 0.0017    8707.9390 5.629413e+01  59.949845  65.894479  65.127297
0.0039 0.0017    8459.3200 5.643821e+01  59.660109  65.639402  64.881654
0.0040 0.0017    8218.4340 5.656670e+01  59.390341  65.397297  64.656892
0.0041 0.0017    7985.1380 5.668220e+01  59.138061  65.165370  64.441179
0.0042 0.0017    7759.2640 5.678449e+01  58.903654  64.945067  64.240678
0.0043 0.0017    7540.6310 5.687481e+01  58.685766  64.735112  64.053983
0.0044 0.0017    7329.0440 5.695542e+01  58.481953  64.535025  63.874803
0.0045 0.0017    7124.3000 5.702475e+01  58.294180  64.344617  63.710484
0.0046 0.0017    6926.1940 5.708630e+01  58.119230  64.163299  63.552662
0.0047 0.0017    6734.5170 5.713892e+01  57.957607  63.989972  63.407091
0.0048 0.0017    6549.0600 5.718380e+01  57.807508  63.825460  63.271138
0.0049 0.0017    6369.6170 5.722274e+01  57.666945  63.668918  63.138525
0.0050 0.0017    6195.9820 5.725467e+01  57.538542  63.520533  63.019423
0.0051 0.0017    6027.9570 5.727952e+01  57.420814  63.377616  62.903760
0.0052 0.0017    5865.3460 5.729995e+01  57.312872  63.244017  62.802908
0.0053 0.0017    5707.9570 5.731503e+01  57.214555  63.115920  62.705363
0.0054 0.0017    5555.6050 5.732511e+01  57.123887  62.993905  62.613920
0.0055 0.0017    5408.1120 5.733131e+01  57.041188  62.877839  62.530032
0.0056 0.0017    5265.3020 5.733362e+01  56.965752  62.768565  62.448319
0.0057 0.0017    5127.0080 5.733221e+01  56.898102  62.664850  62.377079
0.0058 0.0017    4993.0680 5.732729e+01  56.837158  62.567118  62.308173
0.0059 0.0017    4863.3240 5.731825e+01  56.783677  62.474054  62.244765
0.0060 0.0017    4737.6270 5.730876e+01  56.734234  62.386662  62.184412
0.0061 0.0017    4615.8310 5.729506e+01  56.692159  62.302710  62.129452
0.0062 0.0017    4497.8000 5.727724e+01  56.657110  62.223883  62.088974
0.0063 0.0017    4383.4070 5.725867e+01  56.625984  62.150172  62.048420
0.0064 0.0017    4272.5300 5.723828e+01  56.598502  62.080801  62.006522
0.0065 0.0017    4165.0520 5.721604e+01  56.577582  62.014917  61.972553
0.0066 0.0017    4060.8570 5.719184e+01  56.560601  61.953416  61.941289
0.0067 0.0017    3959.8340 5.716631e+01  56.547404  61.895755  61.910734
0.0068 0.0017    3861.8770 5.713850e+01  56.538735  61.842249  61.886512
0.0069 0.0017    3766.8810 5.710989e+01  56.533738  61.792061  61.865837
0.0070 0.0017    3674.7470 5.708011e+01  56.532095  61.745567  61.846544
0.0071 0.0017    3585.3760 5.704909e+01  56.533941  61.702912  61.830916
0.0072 0.0017    3498.6750 5.701691e+01  56.539264  61.662340  61.819028
0.0073 0.0017    3414.5540 5.698401e+01  56.547138  61.625594  61.810191
0.0074 0.0017    3332.9250 5.694995e+01  56.558428  61.591637  61.800369
0.0075 0.0017    3253.7050 5.691519e+01  56.572542  61.560381  61.797198
0.0076 0.0017    3176.8110 5.687958e+01  56.589195  61.532447  61.796329
0.0077 0.0017    3102.1650 5.684407e+01  56.607581  61.506860  61.795020
0.0078 0.0017    3029.6910 5.680793e+01  56.628676  61.484055  61.797691
0.0079 0.0017    2959.3170 5.677112e+01  56.652616  61.463987  61.801434
0.0080 0.0017    2890.9720 5.673417e+01  56.678472  61.446683  61.809499
0.0081 0.0017    2824.5890 5.669701e+01  56.707011  61.431758  61.817974
0.0082 0.0017    2760.1010 5.665948e+01  56.737061  61.419271  61.827013
0.0083 0.0017    2697.4460 5.662152e+01  56.768892  61.408936  61.837939
0.0084 0.0017    2636.5640 5.658399e+01  56.803168  61.400531  61.851928
0.0085 0.0017    2577.3950 5.654642e+01  56.839146  61.394535  61.867648
0.0086 0.0017    2519.8830 5.650888e+01  56.875508  61.390164  61.881816
0.0087 0.0017    2463.9740 5.647035e+01  56.914597  61.388399  61.904193
0.0088 0.0017    2409.6150 5.643209e+01  56.954890  61.388559  61.925213
0.0089 0.0017    2356.7560 5.639428e+01  56.996873  61.391117  61.948022
0.0090 0.0017    2305.3490 5.635748e+01  57.038759  61.394570  61.969121
0.0091 0.0017    2255.3450 5.631991e+01  57.082898  61.400083  61.991817
0.0092 0.0017    2206.7010 5.628279e+01  57.127972  61.407495  62.017706
0.0093 0.0017    2159.3710 5.624587e+01  57.174411  61.415702  62.042442
0.0094 0.0017    2113.3150 5.620871e+01  57.221871  61.426416  62.070539
0.0095 0.0017    2068.4920 5.617259e+01  57.270276  61.438507  62.095730
0.0096 0.0017    2024.8620 5.613638e+01  57.319670  61.452296  62.126247
0.0097 0.0017    1982.3890 5.610036e+01  57.370121  61.467366  62.158807
0.0098 0.0017    1941.0340 5.606469e+01  57.421319  61.483909  62.190978
0.0099 0.0017       0.0000 5.602894e+01  57.473509  61.501797  62.223848
0.0100 0.0017       0.0000 5.599391e+01  57.526309  61.519825  62.256801
0.0000 0.0018   12308.9800 0.000000e+00  61.841430  61.841456  68.577653
0.0001 0.0018   12337.6000 3.115653e+00  83.575310  82.854334  91.988008
0.0002 0.0018   12421.3800 6.422438e+00  83.999786  82.711378  91.328960
0.0003 0.0018   12554.2900 9.806474e+00  84.113740  82.420285  90.511959
0.0004 0.0018   12726.9200 1.319204e+01  83.983822  82.045022  89.589260
0.0005 0.0018   12927.3000 1.651786e+01  83.641950  81.605756  88.584540
0.0006 0.0018   13141.9900 1.973410e+01  83.130014  81.121986  87.527864
0.0007 0.0018   13357.2600 2.281142e+01  82.463398  80.601677  86.421180
0.0008 0.0018   13560.1100 2.572167e+01  81.678763  80.056342  85.305830
0.0009 0.0018   13739.1900 2.844987e+01  80.794490  79.481272  84.171658
0.0010 0.0018   13885.3800 3.098777e+01  79.843807  78.899934  83.056163
0.0011 0.0018   13992.1300 3.333860e+01  78.842829  78.301271  81.944689
0.0012 0.0018   14055.4500 3.550625e+01  77.812445  77.697573  80.863797
0.0013 0.0018   14073.7200 3.749970e+01  76.771702  77.094296  79.818799
0.0014 0.0018   14047.3400 3.932057e+01  75.730453  76.492093  78.807473
0.0015 0.0018   13978.3200 4.098675e+01  74.701193  75.895627  77.839176
0.0016 0.0018   13869.8300 4.250642e+01  73.691804  75.305177  76.911089
0.0017 0.0018   13725.7900 4.389126e+01  72.708348  74.726388  76.031551
0.0018 0.0018   13550.5600 4.515214e+01  71.755191  74.158110  75.189525
0.0019 0.0018   13348.6300 4.629786e+01  70.837967  73.604721  74.390635
0.0020 0.0018   13124.4000 4.734028e+01  69.955737  73.065137  73.634416
0.0021 0.0018   12882.0400 4.828598e+01  69.113802  72.539341  72.920632
0.0022 0.0018   12625.3800 4.914482e+01  68.309298  72.031388  72.245800
0.0023 0.0018   12357.8900 4.992512e+01  67.543632  71.538150  71.606760
0.0024 0.0018   12082.6100 5.063341e+01  66.816778  71.062142  71.002440
0.0025 0.0018   11802.1900 5.127442e+01  66.129107  70.604990  70.433339
0.0026 0.0018   11518.9100 5.185611e+01  65.477751  70.163549  69.892559
0.0027 0.0018   11234.6900 5.238427e+01  64.861308  69.737266  69.387725
0.0028 0.0018   10951.1400 5.286176e+01  64.281073  69.327182  68.907367
0.0029 0.0018   10669.5800 5.329413e+01  63.732570  68.932351  68.448525
0.0030 0.0018   10391.1100 5.368385e+01  63.216772  68.553380  68.027819
0.0031 0.0018   10116.5900 5.403637e+01  62.733259  68.189425  67.626675
0.0032 0.0018    9846.7200 5.435442e+01  62.277938  67.840729  67.243026
0.0033 0.0018    9582.0380 5.464579e+01  61.850597  67.508040  66.884210
0.0034 0.0018    9322.9520 5.490831e+01  61.450556  67.190459  66.552767
0.0035 0.0018    9069.7630 5.514683e+01  61.076827  66.886286  66.241764
0.0036 0.0018    8822.6830 5.536275e+01  60.726315  66.597395  65.946543
0.0037 0.0018    8581.8590 5.555788e+01  60.397801  66.319937  65.671905
0.0038 0.0018    8347.3860 5.573706e+01  60.089545  66.055355  65.407635
0.0039 0.0018    8119.3010 5.589618e+01  59.804155  65.803571  65.164407
0.0040 0.0018    7897.5960 5.604133e+01  59.535781  65.563073  64.928679
0.0041 0.0018    7682.2270 5.617058e+01  59.285720  65.334248  64.715546
0.0042 0.0018    7473.1190 5.628763e+01  59.051592  65.114479  64.510982
0.0043 0.0018    7270.1730 5.639233e+01  58.835165  64.904874  64.318524
0.0044 0.0018    7073.2740 5.648580e+01  58.631632  64.705033  64.136129
0.0045 0.0018    6882.2910 5.656876e+01  58.443283  64.514512  63.963310
0.0046 0.0018    6697.0840 5.664151e+01  58.268642  64.333309  63.806925
0.0047 0.0018    6517.5070 5.670638e+01  58.106727  64.159936  63.657226
0.0048 0.0018    6343.4070 5.676262e+01  57.955959  63.994650  63.513908
0.0049 0.0018    6174.6290 5.681207e+01  57.815853  63.837830  63.382550
0.0050 0.0018    6011.0190 5.685394e+01  57.686933  63.688443  63.259732
0.0051 0.0018    5852.4190 5.689107e+01  57.567017  63.545919  63.141626
0.0052 0.0018    5698.6750 5.692036e+01  57.458006  63.410602  63.033997
0.0053 0.0018    5549.6340 5.694403e+01  57.358854  63.280979  62.933178
0.0054 0.0018    5405.1450 5.696349e+01  57.267008  63.158463  62.837609
0.0055 0.0018    5265.0620 5.697807e+01  57.183636  63.040944  62.748879
0.0056 0.0018    5129.2400 5.698848e+01  57.107567  62.930787  62.667509
0.0057 0.0018    4997.5390 5.699530e+01  57.038190  62.825971  62.593321
0.0058 0.0018    4869.8220 5.699741e+01  56.976723  62.725886  62.522008
0.0059 0.0018    4745.9560 5.699669e+01  56.920737  62.631688  62.454714
0.0060 0.0018    4625.8120 5.699336e+01  56.870878  62.542424  62.388712
0.0061 0.0018    4509.2660 5.698711e+01  56.826806  62.457487  62.333715
0.0062 0.0018    4396.2020 5.697704e+01  56.789450  62.377111  62.287075
0.0063 0.0018    4286.5100 5.696517e+01  56.757597  62.301624  62.241045
0.0064 0.0018    4180.0860 5.695062e+01  56.728716  62.231116  62.199400
0.0065 0.0018    4076.8250 5.693448e+01  56.705987  62.163457  62.160328
0.0066 0.0018    3976.6260 5.691563e+01  56.687741  62.100650  62.127041
0.0067 0.0018    3879.3920 5.689580e+01  56.673032  62.041320  62.094075
0.0068 0.0018    3785.0270 5.687411e+01  56.662380  61.985782  62.066264
0.0069 0.0018    3693.4380 5.685052e+01  56.656252  61.934129  62.040115
0.0070 0.0018    3604.5360 5.682549e+01  56.653434  61.886456  62.023031
0.0071 0.0018    3518.2350 5.679922e+01  56.653801  61.841341  62.005888
0.0072 0.0018    3434.4480 5.677209e+01  56.657156  61.799763  61.987883
0.0073 0.0018    3353.0950 5.674400e+01  56.663562  61.760815  61.974926
0.0074 0.0018    3274.0960 5.671454e+01  56.673405  61.725483  61.965973
0.0075 0.0018    3197.3760 5.668414e+01  56.685746  61.692950  61.958904
0.0076 0.0018    3122.8590 5.665341e+01  56.700508  61.663026  61.953332
0.0077 0.0018    3050.4730 5.662135e+01  56.718317  61.636261  61.950629
0.0078 0.0018    2980.1510 5.658920e+01  56.738349  61.611989  61.949968
0.0079 0.0018    2911.8240 5.655652e+01  56.760500  61.590379  61.953528
0.0080 0.0018    2845.4290 5.652382e+01  56.784726  61.571355  61.958099
0.0081 0.0018    2780.9020 5.649051e+01  56.811566  61.555167  61.961211
0.0082 0.0018    2718.1830 5.645646e+01  56.840690  61.541100  61.970528
0.0083 0.0018    2657.2130 5.642208e+01  56.871558  61.529019  61.981905
0.0084 0.0018    2597.9370 5.638794e+01  56.903984  61.519320  61.992974
0.0085 0.0018    2540.3010 5.635370e+01  56.938314  61.511925  62.007054
0.0086 0.0018    2484.2500 5.631915e+01  56.974438  61.506676  62.019272
0.0087 0.0018    2429.7360 5.628459e+01  57.011679  61.503086  62.037481
0.0088 0.0018    2376.7080 5.625038e+01  57.050067  61.501710  62.052866
0.0089 0.0018    2325.1200 5.621500e+01  57.091107  61.502459  62.075872
0.0090 0.0018    2274.9260 5.618045e+01  57.132522  61.504819  62.098770
0.0091 0.0018    2226.0820 5.614594e+01  57.175386  61.509612  62.122136
0.0092 0.0018    2178.5450 5.611154e+01  57.219140  61.515432  62.145303
0.0093 0.0018    2132.2750 5.607761e+01  57.264210  61.522913  62.168569
0.0094 0.0018    2087.2320 5.604336e+01  57.310605  61.532745  62.194209
0.0095 0.0018    2043.3770 5.600977e+01  57.358281  61.543101  62.214811
0.0096 0.0018    2000.6740 5.597641e+01  57.405985  61.555456  62.243066
0.0097 0.0018    1959.0870 5.594315e+01  57.455191  61.569347  62.273473
0.0098 0.0018    1918.5810 5.590995e+01  57.505306  61.584768  62.307345
0.0099 0.0018       0.0000 5.587681e+01  57.556452  61.601408  62.339759
0.0100 0.0018       0.0000 5.584443e+01  57.607924  61.618613  62.370630
0.0000 0.0019   11064.5200 0.000000e+00  60.954287  60.953907  67.401537
0.0001 0.0019   11088.0800 3.003529e+00  82.840489  82.172647  91.205991
0.0002 0.0019   11157.2500 6.185874e+00  83.225925  82.030963  90.579706
0.0003 0.0019   11267.6800 9.446070e+00  83.324451  81.754457  89.814974
0.0004 0.0019   11412.5000 1.271074e+01  83.197323  81.397308  88.948272
0.0005 0.0019   11582.8500 1.592284e+01  82.875081  80.987798  88.017771
0.0006 0.0019   11768.6000 1.904006e+01  82.394009  80.532358  87.026945
0.0007 0.0019   11959.1200 2.202759e+01  81.771031  80.049139  86.003254
0.0008 0.0019   12144.0100 2.486329e+01  81.033101  79.539426  84.957077
0.0009 0.0019   12313.8200 2.753259e+01  80.205639  79.008082  83.898141
0.0010 0.0019   12460.5400 3.002674e+01  79.312889  78.467876  82.851036
0.0011 0.0019   12577.9400 3.234757e+01  78.372179  77.916827  81.816043
0.0012 0.0019   12661.6500 3.449718e+01  77.403472  77.358482  80.800184
0.0013 0.0019   12709.2000 3.647527e+01  76.415527  76.797863  79.803428
0.0014 0.0019   12719.7500 3.829598e+01  75.429952  76.237366  78.850231
0.0015 0.0019   12693.9100 3.996657e+01  74.449506  75.681769  77.925103
0.0016 0.0019   12633.3900 4.149568e+01  73.485229  75.130572  77.038496
0.0017 0.0019   12540.7300 4.289511e+01  72.544233  74.585906  76.190151
0.0018 0.0019   12419.0000 4.417298e+01  71.628142  74.052629  75.379447
0.0019 0.0019   12271.5700 4.533838e+01  70.744647  73.528633  74.602104
0.0020 0.0019   12101.9400 4.640092e+01  69.895445  73.017571  73.867542
0.0021 0.0019   11913.4900 4.736898e+01  69.079300  72.518165  73.168477
0.0022 0.0019   11709.5000 4.825086e+01  68.300457  72.033152  72.508746
0.0023 0.0019   11492.9800 4.905477e+01  67.556668  71.560908  71.874766
0.0024 0.0019   11266.6700 4.978603e+01  66.850055  71.103917  71.285033
0.0025 0.0019   11033.0300 5.045148e+01  66.177911  70.663480  70.722332
0.0026 0.0019   10794.2100 5.105538e+01  65.543334  70.236668  70.195745
0.0027 0.0019   10552.1000 5.160515e+01  64.939902  69.823050  69.682053
0.0028 0.0019   10308.3000 5.210419e+01  64.370986  69.425593  69.205361
0.0029 0.0019   10064.1900 5.255762e+01  63.832782  69.040533  68.752509
0.0030 0.0019    9820.9240 5.296860e+01  63.326231  68.669548  68.330331
0.0031 0.0019    9579.4610 5.334206e+01  62.849529  68.315311  67.924230
0.0032 0.0019    9340.5930 5.368211e+01  62.401915  67.974483  67.544475
0.0033 0.0019    9104.9670 5.399135e+01  61.981755  67.648389  67.190391
0.0034 0.0019    8873.1010 5.427396e+01  61.587299  67.336561  66.854080
0.0035 0.0019    8645.4050 5.453150e+01  61.217045  67.038371  66.539970
0.0036 0.0019    8422.2010 5.476575e+01  60.870078  66.752969  66.242919
0.0037 0.0019    8203.7480 5.497867e+01  60.544959  66.479780  65.965795
0.0038 0.0019    7990.2360 5.517293e+01  60.240827  66.218504  65.698829
0.0039 0.0019    7781.7960 5.534953e+01  59.954899  65.968913  65.448231
0.0040 0.0019    7578.5070 5.550918e+01  59.688858  65.730756  65.216577
0.0041 0.0019    7380.4060 5.565414e+01  59.440329  65.503699  64.992284
0.0042 0.0019    7187.4960 5.578445e+01  59.207981  65.285431  64.785321
0.0043 0.0019    6999.7520 5.590298e+01  58.990078  65.076880  64.591409
0.0044 0.0019    6817.1250 5.600921e+01  58.788099  64.878160  64.405278
0.0045 0.0019    6639.5480 5.610466e+01  58.599869  64.687886  64.230938
0.0046 0.0019    6466.9400 5.619023e+01  58.424572  64.506088  64.068152
0.0047 0.0019    6299.2090 5.626742e+01  58.261252  64.333338  63.910514
0.0048 0.0019    6136.2530 5.633504e+01  58.110283  64.168421  63.764386
0.0049 0.0019    5977.9640 5.639465e+01  57.970105  64.010521  63.628490
0.0050 0.0019    5824.2300 5.644694e+01  57.840957  63.860352  63.499904
0.0051 0.0019    5674.9360 5.649213e+01  57.721820  63.717627  63.381176
0.0052 0.0019    5529.9630 5.653120e+01  57.611508  63.581389  63.274215
0.0053 0.0019    5389.1950 5.656565e+01  57.509294  63.450759  63.169037
0.0054 0.0019    5252.5120 5.659413e+01  57.416189  63.327210  63.071499
0.0055 0.0019    5119.7980 5.661670e+01  57.332535  63.209362  62.981444
0.0056 0.0019    4990.9350 5.663541e+01  57.255485  63.097261  62.897073
0.0057 0.0019    4865.8100 5.664984e+01  57.185257  62.991153  62.812897
0.0058 0.0019    4744.3090 5.666038e+01  57.121959  62.889717  62.739855
0.0059 0.0019    4626.3220 5.666695e+01  57.064882  62.794222  62.670848
0.0060 0.0019    4511.7410 5.667177e+01  57.012635  62.703476  62.601838
0.0061 0.0019    4400.4610 5.667238e+01  56.967419  62.616943  62.542499
0.0062 0.0019    4292.3860 5.666894e+01  56.927882  62.536191  62.494984
0.0063 0.0019    4187.4230 5.666335e+01  56.893959  62.458910  62.445923
0.0064 0.0019    4085.4810 5.665575e+01  56.865033  62.385633  62.396391
0.0065 0.0019    3986.4710 5.664454e+01  56.841069  62.317784  62.357677
0.0066 0.0019    3890.3040 5.663218e+01  56.820289  62.252397  62.321149
0.0067 0.0019    3796.8960 5.661760e+01  56.804108  62.191839  62.284927
0.0068 0.0019    3706.1630 5.660123e+01  56.792740  62.134722  62.254295
0.0069 0.0019    3618.0230 5.658297e+01  56.785064  62.081360  62.228388
0.0070 0.0019    3532.3970 5.656395e+01  56.779483  62.031493  62.202989
0.0071 0.0019    3449.2070 5.654255e+01  56.778912  61.984830  62.180437
0.0072 0.0019    3368.3780 5.652031e+01  56.780901  61.941808  62.164931
0.0073 0.0019    3289.8370 5.649624e+01  56.786164  61.901425  62.150474
0.0074 0.0019    3213.5120 5.647178e+01  56.794130  61.864390  62.138087
0.0075 0.0019    3139.3350 5.644600e+01  56.805005  61.830074  62.127475
0.0076 0.0019    3067.2390 5.641908e+01  56.818698  61.798946  62.120804
0.0077 0.0019    2997.1580 5.639268e+01  56.832812  61.770540  62.114047
0.0078 0.0019    2929.0290 5.636363e+01  56.853189  61.744684  62.113625
0.0079 0.0019    2862.7920 5.633517e+01  56.874102  61.721617  62.111289
0.0080 0.0019    2798.3870 5.630611e+01  56.897054  61.701451  62.113298
0.0081 0.0019    2735.7570 5.627677e+01  56.922095  61.683297  62.117676
0.0082 0.0019    2674.8470 5.624648e+01  56.949735  61.667626  62.122975
0.0083 0.0019    2615.6020 5.621623e+01  56.979277  61.654368  62.131367
0.0084 0.0019    2557.9720 5.618485e+01  57.010737  61.643354  62.143673
0.0085 0.0019    2501.9050 5.615415e+01  57.043417  61.634046  62.153126
0.0086 0.0019    2447.3530 5.612321e+01  57.077788  61.627343  62.166373
0.0087 0.0019    2394.2690 5.609183e+01  57.113851  61.622853  62.182577
0.0088 0.0019    2342.6070 5.606064e+01  57.151682  61.620191  62.198740
0.0089 0.0019    2292.3240 5.603014e+01  57.189740  61.619069  62.213596
0.0090 0.0019    2243.3770 5.599765e+01  57.230615  61.620449  62.235379
0.0091 0.0019    2195.7250 5.596626e+01  57.272087  61.623857  62.255640
0.0092 0.0019    2149.3280 5.593399e+01  57.314351  61.628763  62.273470
0.0093 0.0019    2104.1480 5.590319e+01  57.359062  61.634862  62.301464
0.0094 0.0019    2060.1470 5.587217e+01  57.403900  61.642704  62.324956
0.0095 0.0019    2017.2900 5.584091e+01  57.450149  61.652441  62.351533
0.0096 0.0019    1975.5420 5.581014e+01  57.497292  61.663403  62.374467
0.0097 0.0019    1934.8690 5.577997e+01  57.545054  61.676065  62.398217
0.0098 0.0019    1895.2390 5.574957e+01  57.594037  61.689911  62.425944
0.0099 0.0019       0.0000 5.571900e+01  57.643827  61.705471  62.454649
0.0100 0.0019       0.0000 5.568917e+01  57.693844  61.722096  62.488179
0.0000 0.0020    9993.4200 0.000000e+00  60.198660  60.198188  66.377752
0.0001 0.0020   10012.9900 2.900483e+00  82.204941  81.580486  90.547707
0.0002 0.0020   10070.6100 5.972845e+00  82.551842  81.440902  89.948086
0.0003 0.0020   10163.0800 9.119174e+00  82.633511  81.174805  89.217818
0.0004 0.0020   10285.3200 1.227174e+01  82.509295  80.832611  88.400341
0.0005 0.0020   10430.6800 1.537952e+01  82.203479  80.444514  87.528368
0.0006 0.0020   10591.4600 1.840285e+01  81.746305  80.017594  86.605186
0.0007 0.0020   10759.3800 2.130765e+01  81.161092  79.563896  85.646553
0.0008 0.0020   10926.1400 2.407446e+01  80.468484  79.087432  84.664307
0.0009 0.0020   11083.9600 2.668771e+01  79.690087  78.595145  83.678527
0.0010 0.0020   11225.9300 2.913802e+01  78.846750  78.091479  82.693959
0.0011 0.0020   11346.3700 3.142416e+01  77.960457  77.576564  81.723278
0.0012 0.0020   11440.9700 3.354848e+01  77.040437  77.058174  80.758713
0.0013 0.0020   11506.8200 3.551412e+01  76.106162  76.535066  79.814455
0.0014 0.0020   11542.4000 3.732860e+01  75.164454  76.011543  78.904943
0.0015 0.0020   11547.3500 3.899884e+01  74.229812  75.489922  78.025494
0.0016 0.0020   11522.3400 4.053281e+01  73.307230  74.973238  77.172288
0.0017 0.0020   11468.8500 4.193989e+01  72.405125  74.462258  76.360779
0.0018 0.0020   11388.9200 4.322968e+01  71.524579  73.956181  75.582949
0.0019 0.0020   11285.0000 4.441103e+01  70.671802  73.460855  74.817826
0.0020 0.0020   11159.7400 4.549050e+01  69.852050  72.975600  74.108492
0.0021 0.0020   11015.8400 4.647825e+01  69.060964  72.500867  73.423703
0.0022 0.0020   10856.0000 4.737917e+01  68.305681  72.037511  72.779230
0.0023 0.0020   10682.7800 4.820228e+01  67.582896  71.585788  72.160253
0.0024 0.0020   10498.5800 4.895340e+01  66.894144  71.147416  71.573363
0.0025 0.0020   10305.6000 4.963971e+01  66.238849  70.720250  71.013661
0.0026 0.0020   10105.8300 5.026434e+01  65.617503  70.307658  70.488201
0.0027 0.0020    9901.0290 5.083374e+01  65.028559  69.908329  69.981810
0.0028 0.0020    9692.7630 5.135324e+01  64.468776  69.520702  69.511384
0.0029 0.0020    9482.3820 5.182536e+01  63.942581  69.146700  69.064384
0.0030 0.0020    9271.0540 5.225596e+01  63.444084  68.785120  68.636180
0.0031 0.0020    9059.7780 5.264958e+01  62.975745  68.439419  68.233061
0.0032 0.0020    8849.3980 5.300942e+01  62.534590  68.107537  67.856523
0.0033 0.0020    8640.6260 5.333939e+01  62.119191  67.788628  67.498150
0.0034 0.0020    8434.0510 5.363934e+01  61.730826  67.481843  67.161547
0.0035 0.0020    8230.1600 5.391481e+01  61.365185  67.189594  66.845267
0.0036 0.0020    8029.3620 5.416614e+01  61.021844  66.909284  66.548678
0.0037 0.0020    7831.9940 5.439588e+01  60.700044  66.640013  66.266762
0.0038 0.0020    7638.3190 5.460657e+01  60.398098  66.383624  65.994941
0.0039 0.0020    7448.5400 5.479835e+01  60.114106  66.135720  65.744326
0.0040 0.0020    7262.8070 5.497321e+01  59.847739  65.900720  65.506832
0.0041 0.0020    7081.2240 5.513196e+01  59.600915  65.674658  65.284462
0.0042 0.0020    6903.8590 5.527670e+01  59.368928  65.458038  65.067084
0.0043 0.0020    6730.7470 5.540756e+01  59.153683  65.251343  64.872704
0.0044 0.0020    6561.8960 5.552682e+01  58.951392  65.053554  64.683285
0.0045 0.0020    6397.2950 5.563464e+01  58.763943  64.864655  64.507810
0.0046 0.0020    6236.9140 5.573193e+01  58.588593  64.682317  64.340570
0.0047 0.0020    6080.7060 5.581969e+01  58.425099  64.509843  64.182085
0.0048 0.0020    5928.6160 5.589862e+01  58.273582  64.344946  64.035733
0.0049 0.0020    5780.5770 5.596859e+01  58.133646  64.186670  63.896257
0.0050 0.0020    5636.5160 5.603115e+01  58.003504  64.035868  63.762928
0.0051 0.0020    5496.3540 5.608702e+01  57.882599  63.892303  63.638481
0.0052 0.0020    5360.0060 5.613531e+01  57.771829  63.755067  63.524149
0.0053 0.0020    5227.3870 5.617873e+01  57.668794  63.624761  63.416885
0.0054 0.0020    5098.4080 5.621666e+01  57.573680  63.499411  63.310711
0.0055 0.0020    4972.9770 5.624827e+01  57.487391  63.380192  63.211134
0.0056 0.0020    4851.0060 5.627515e+01  57.409686  63.267877  63.124752
0.0057 0.0020    4732.4020 5.629748e+01  57.338139  63.160792  63.046028
0.0058 0.0020    4617.0760 5.631556e+01  57.273987  63.058379  62.967153
0.0059 0.0020    4504.9380 5.633069e+01  57.215162  62.960974  62.890951
0.0060 0.0020    4395.8980 5.634132e+01  57.162869  62.868517  62.821379
0.0061 0.0020    4289.8720 5.634848e+01  57.116251  62.781905  62.760677
0.0062 0.0020    4186.7810 5.635160e+01  57.075846  62.698703  62.708972
0.0063 0.0020    4086.5480 5.635256e+01  57.039404  62.620036  62.654135
0.0064 0.0020    3989.0950 5.635273e+01  57.006939  62.545694  62.605967
0.0065 0.0020    3894.3460 5.634785e+01  56.980779  62.475257  62.562533
0.0066 0.0020    3802.2270 5.634049e+01  56.960308  62.409084  62.521198
0.0067 0.0020    3712.6640 5.633182e+01  56.942898  62.346527  62.484736
0.0068 0.0020    3625.5850 5.632098e+01  56.929250  62.288015  62.451455
0.0069 0.0020    3540.9170 5.630832e+01  56.919558  62.232995  62.422245
0.0070 0.0020    3458.5930 5.629414e+01  56.913142  62.181762  62.394116
0.0071 0.0020    3378.5430 5.627835e+01  56.910003  62.133688  62.370196
0.0072 0.0020    3300.7000 5.626124e+01  56.910021  62.087662  62.347183
0.0073 0.0020    3225.0010 5.624196e+01  56.913950  62.046449  62.330551
0.0074 0.0020    3151.3820 5.622176e+01  56.920095  62.008020  62.316960
0.0075 0.0020    3079.7800 5.620075e+01  56.929501  61.972487  62.303632
0.0076 0.0020    3010.1370 5.617847e+01  56.941253  61.939058  62.290851
0.0077 0.0020    2942.3930 5.615562e+01  56.956167  61.908658  62.283909
0.0078 0.0020    2876.4910 5.613190e+01  56.972867  61.881475  62.278006
0.0079 0.0020    2812.3760 5.610689e+01  56.992725  61.857023  62.278280
0.0080 0.0020    2749.9950 5.608194e+01  57.014346  61.835316  62.277605
0.0081 0.0020    2689.2950 5.605624e+01  57.038310  61.815905  62.277566
0.0082 0.0020    2630.2260 5.602998e+01  57.064064  61.798834  62.282903
0.0083 0.0020    2572.7390 5.600314e+01  57.091852  61.784255  62.290013
0.0084 0.0020    2516.7850 5.597625e+01  57.121351  61.771401  62.296401
0.0085 0.0020    2462.3200 5.594874e+01  57.153134  61.760987  62.306349
0.0086 0.0020    2409.2970 5.592147e+01  57.186226  61.752784  62.316471
0.0087 0.0020    2357.6740 5.589380e+01  57.220714  61.746489  62.327884
0.0088 0.0020    2307.4090 5.586557e+01  57.256914  61.742341  62.343083
0.0089 0.0020    2258.4600 5.583721e+01  57.294721  61.740347  62.358738
0.0090 0.0020    2210.7890 5.580920e+01  57.333628  61.739896  62.376906
0.0091 0.0020    2164.3570 5.578092e+01  57.373632  61.740996  62.393787
0.0092 0.0020    2119.1270 5.575247e+01  57.415036  61.745392  62.411434
0.0093 0.0020    2075.0630 5.572430e+01  57.457585  61.750037  62.431976
0.0094 0.0020    2032.1310 5.569539e+01  57.500779  61.757050  62.452577
0.0095 0.0020    1990.2980 5.566719e+01  57.546500  61.764903  62.480524
0.0096 0.0020    1949.5290 5.563934e+01  57.592224  61.774918  62.504645
0.0097 0.0020    1909.7950 5.561173e+01  57.639155  61.786392  62.522471
0.0098 0.0020       0.0000 5.558378e+01  57.686932  61.799332  62.546619
0.0099 0.0020       0.0000 5.555612e+01  57.735254  61.813557  62.575182
0.0100 0.0020       0.0000 5.552897e+01  57.784214  61.829024  62.602670
0.0000 0.0021    9064.5410 1.934703e-06  59.557798  59.557275  65.489971
0.0001 0.0021    9080.9470 2.806656e+00  81.651665  81.065435  89.983490
0.0002 0.0021    9129.3540 5.775360e+00  81.965619  80.928437  89.408015
0.0003 0.0021    9207.3760 8.817826e+00  82.035228  80.668909  88.711507
0.0004 0.0021    9311.1900 1.187026e+01  81.909834  80.345401  87.941442
0.0005 0.0021    9435.7680 1.488390e+01  81.618415  79.975643  87.122041
0.0006 0.0021    9575.1790 1.781921e+01  81.182819  79.570877  86.247119
0.0007 0.0021    9722.9480 2.064647e+01  80.630761  79.146337  85.355735
0.0008 0.0021    9872.4470 2.334680e+01  79.976365  78.697579  84.435556
0.0009 0.0021   10017.2700 2.590441e+01  79.241489  78.236217  83.505736
0.0010 0.0021   10151.5500 2.831036e+01  78.443178  77.763002  82.575903
0.0011 0.0021   10270.2600 3.056183e+01  77.599989  77.280687  81.655221
0.0012 0.0021   10369.3200 3.266111e+01  76.726675  76.794422  80.744251
0.0013 0.0021   10445.7500 3.460864e+01  75.834598  76.304116  79.857961
0.0014 0.0021   10497.6300 3.641296e+01  74.936378  75.811932  78.983954
0.0015 0.0021   10524.0100 3.807890e+01  74.041648  75.321559  78.138325
0.0016 0.0021   10524.8500 3.961327e+01  73.157119  74.833571  77.322331
0.0017 0.0021   10500.8300 4.102586e+01  72.287510  74.350402  76.534052
0.0018 0.0021   10453.2100 4.232389e+01  71.441207  73.873706  75.779212
0.0019 0.0021   10383.6600 4.351640e+01  70.618175  73.402386  75.047570
0.0020 0.0021   10294.1200 4.460902e+01  69.823381  72.941106  74.353391
0.0021 0.0021   10186.7000 4.560983e+01  69.058947  72.486955  73.685452
0.0022 0.0021   10063.5600 4.652826e+01  68.323880  72.043934  73.049555
0.0023 0.0021    9926.8140 4.736897e+01  67.620628  71.610788  72.442016
0.0024 0.0021    9778.5210 4.813796e+01  66.949421  71.188685  71.867885
0.0025 0.0021    9620.6030 4.884027e+01  66.310756  70.778098  71.320561
0.0026 0.0021    9454.8400 4.948425e+01  65.701222  70.377580  70.795174
0.0027 0.0021    9282.8510 5.007157e+01  65.124708  69.991425  70.300790
0.0028 0.0021    9106.0930 5.060889e+01  64.576908  69.614912  69.821641
0.0029 0.0021    8925.8590 5.110003e+01  64.058622  69.252287  69.377487
0.0030 0.0021    8743.2890 5.154887e+01  63.570881  68.900428  68.950456
0.0031 0.0021    8559.3780 5.196229e+01  63.109949  68.564203  68.553237
0.0032 0.0021    8374.9850 5.234088e+01  62.675831  68.240494  68.174731
0.0033 0.0021    8190.8530 5.268910e+01  62.265209  67.926968  67.810241
0.0034 0.0021    8007.6100 5.300700e+01  61.881938  67.630051  67.477286
0.0035 0.0021    7825.7980 5.329949e+01  61.519302  67.341501  67.160629
0.0036 0.0021    7645.8810 5.356706e+01  61.180346  67.065871  66.858393
0.0037 0.0021    7468.2500 5.381292e+01  60.861681  66.801508  66.575273
0.0038 0.0021    7293.2210 5.403839e+01  60.561862  66.548080  66.305028
0.0039 0.0021    7121.0520 5.424420e+01  60.281004  66.306058  66.055234
0.0040 0.0021    6951.9470 5.443374e+01  60.017213  66.070692  65.807553
0.0041 0.0021    6786.0640 5.460575e+01  59.771055  65.847592  65.581546
0.0042 0.0021    6623.5210 5.476467e+01  59.539211  65.632902  65.367401
0.0043 0.0021    6464.4040 5.490812e+01  59.324032  65.427525  65.164687
0.0044 0.0021    6308.7700 5.503980e+01  59.122921  65.230839  64.971806
0.0045 0.0021    6156.6520 5.515945e+01  58.934764  65.042126  64.789953
0.0046 0.0021    6008.0630 5.526897e+01  58.758780  64.861564  64.620764
0.0047 0.0021    5862.9990 5.536753e+01  58.595849  64.688863  64.459161
0.0048 0.0021    5721.4410 5.545683e+01  58.443509  64.523800  64.304842
0.0049 0.0021    5583.3610 5.553759e+01  58.302558  64.365102  64.164710
0.0050 0.0021    5448.7180 5.560987e+01  58.172251  64.214350  64.028742
0.0051 0.0021    5317.4670 5.567524e+01  58.050666  64.070252  63.901941
0.0052 0.0021    5189.5520 5.573401e+01  57.938240  63.932235  63.781964
0.0053 0.0021    5064.9160 5.578617e+01  57.833792  63.801425  63.670043
0.0054 0.0021    4943.4970 5.583171e+01  57.738815  63.676102  63.564763
0.0055 0.0021    4825.2280 5.587299e+01  57.649758  63.556472  63.462617
0.0056 0.0021    4710.0440 5.590842e+01  57.570027  63.441863  63.370717
0.0057 0.0021    4597.8740 5.593764e+01  57.498465  63.333810  63.283492
0.0058 0.0021    4488.6490 5.596311e+01  57.432755  63.230766  63.205548
0.0059 0.0021    4382.2980 5.598541e+01  57.372278  63.132174  63.127273
0.0060 0.0021    4278.7510 5.600449e+01  57.316959  63.038172  63.052622
0.0061 0.0021    4177.9400 5.601807e+01  57.269439  62.948969  62.992407
0.0062 0.0021    4079.8030 5.602846e+01  57.226959  62.864623  62.932438
0.0063 0.0021    3984.2770 5.603618e+01  57.190209  62.784542  62.875471
0.0064 0.0021    3891.2970 5.604081e+01  57.157486  62.709395  62.823319
0.0065 0.0021    3800.8000 5.604298e+01  57.129510  62.637457  62.773969
0.0066 0.0021    3712.7240 5.604264e+01  57.105286  62.569582  62.732757
0.0067 0.0021    3627.0060 5.603900e+01  57.086907  62.505781  62.694601
0.0068 0.0021    3543.5840 5.603409e+01  57.071345  62.445752  62.656340
0.0069 0.0021    3462.3970 5.602690e+01  57.059417  62.389069  62.623661
0.0070 0.0021    3383.3840 5.601823e+01  57.051091  62.336172  62.590860
0.0071 0.0021    3306.4870 5.600743e+01  57.046893  62.286372  62.565624
0.0072 0.0021    3231.6470 5.599443e+01  57.045592  62.239465  62.541952
0.0073 0.0021    3158.8080 5.598113e+01  57.046858  62.196218  62.521153
0.0074 0.0021    3087.9130 5.596543e+01  57.051859  62.155792  62.504043
0.0075 0.0021    3018.9070 5.594919e+01  57.059453  62.118620  62.487138
0.0076 0.0021    2951.7390 5.593142e+01  57.070082  62.084306  62.472375
0.0077 0.0021    2886.3540 5.591228e+01  57.083521  62.052257  62.463805
0.0078 0.0021    2822.7020 5.589262e+01  57.099077  62.023449  62.455157
0.0079 0.0021    2760.7340 5.587256e+01  57.116772  61.997368  62.450903
0.0080 0.0021    2700.4010 5.585166e+01  57.136825  61.973882  62.445427
0.0081 0.0021    2641.6560 5.582965e+01  57.159102  61.952942  62.447774
0.0082 0.0021    2584.4540 5.580774e+01  57.183056  61.934425  62.446141
0.0083 0.0021    2528.7480 5.578479e+01  57.209824  61.918045  62.451855
0.0084 0.0021    2474.4970 5.576144e+01  57.237956  61.904162  62.457139
0.0085 0.0021    2421.6580 5.573753e+01  57.268054  61.892524  62.465550
0.0086 0.0021    2370.1900 5.571394e+01  57.299215  61.882570  62.471583
0.0087 0.0021    2320.0530 5.568921e+01  57.332953  61.874757  62.483053
0.0088 0.0021    2271.2080 5.566477e+01  57.367501  61.869348  62.495739
0.0089 0.0021    2223.6180 5.563974e+01  57.403784  61.865524  62.508528
0.0090 0.0021    2177.2470 5.561443e+01  57.441237  61.863974  62.524998
0.0091 0.0021    2132.0580 5.558980e+01  57.480075  61.863876  62.539590
0.0092 0.0021    2088.0190 5.556540e+01  57.519076  61.866346  62.553179
0.0093 0.0021    2045.0950 5.553931e+01  57.560998  61.870091  62.575540
0.0094 0.0021    2003.2550 5.551381e+01  57.603642  61.876059  62.586972
0.0095 0.0021    1962.4660 5.548821e+01  57.647579  61.882617  62.609266
0.0096 0.0021    1922.6990 5.546261e+01  57.691522  61.891156  62.629631
0.0097 0.0021    1883.9250 5.543786e+01  57.737684  61.901143  62.656039
0.0098 0.0021       0.0000 5.541312e+01  57.783737  61.912912  62.684564
0.0099 0.0021       0.0000 5.538821e+01  57.830664  61.925512  62.706699
0.0100 0.0021       0.0000 5.536312e+01  57.878872  61.939678  62.730483
0.0000 0.0022    8253.5370 0.000000e+00  59.028031  59.027242  64.734170
0.0001 0.0022    8267.4070 2.721083e+00  81.172968  80.624970  89.513727
0.0002 0.0022    8308.4020 5.596515e+00  81.458561  80.487505  88.954751
0.0003 0.0022    8374.7150 8.544455e+00  81.514624  80.235630  88.292881
0.0004 0.0022    8463.4380 1.150272e+01  81.390637  79.924704  87.561794
0.0005 0.0022    8570.7070 1.442734e+01  81.109522  79.571482  86.790411
0.0006 0.0022    8691.9190 1.728201e+01  80.699103  79.190226  85.969661
0.0007 0.0022    8821.9710 2.003705e+01  80.171674  78.785002  85.119508
0.0008 0.0022    8955.5460 2.267357e+01  79.547888  78.360528  84.252655
0.0009 0.0022    9087.3850 2.517704e+01  78.848460  77.924537  83.373540
0.0010 0.0022    9212.5510 2.753864e+01  78.090628  77.479467  82.499400
0.0011 0.0022    9326.6430 2.975458e+01  77.288418  77.025876  81.626960
0.0012 0.0022    9425.9590 3.182645e+01  76.453126  76.563832  80.756899
0.0013 0.0022    9507.5880 3.375535e+01  75.600941  76.102206  79.907384
0.0014 0.0022    9569.4540 3.554440e+01  74.742446  75.638146  79.077185
0.0015 0.0022    9610.2860 3.720223e+01  73.888605  75.174779  78.268921
0.0016 0.0022    9629.5560 3.873499e+01  73.032871  74.713635  77.479075
0.0017 0.0022    9627.3830 4.015022e+01  72.196634  74.254529  76.718522
0.0018 0.0022    9604.4210 4.145270e+01  71.378751  73.801711  75.984728
0.0019 0.0022    9561.7380 4.265210e+01  70.582895  73.354118  75.278622
0.0020 0.0022    9500.7070 4.375456e+01  69.812717  72.912815  74.601675
0.0021 0.0022    9422.9020 4.476882e+01  69.069909  72.479882  73.944901
0.0022 0.0022    9330.0090 4.570022e+01  68.355516  72.054989  73.321385
0.0023 0.0022    9223.7550 4.655380e+01  67.671213  71.638864  72.731298
0.0024 0.0022    9105.8490 4.733812e+01  67.016687  71.232249  72.159398
0.0025 0.0022    8977.9380 4.805719e+01  66.391796  70.835602  71.617020
0.0026 0.0022    8841.5820 4.871552e+01  65.796322  70.449425  71.099733
0.0027 0.0022    8698.2320 4.931909e+01  65.230237  70.074515  70.606065
0.0028 0.0022    8549.2150 4.987303e+01  64.694089  69.709998  70.138584
0.0029 0.0022    8395.7380 5.038238e+01  64.185638  69.356347  69.691451
0.0030 0.0022    8238.8810 5.085043e+01  63.705117  69.016150  69.271783
0.0031 0.0022    8079.6050 5.128120e+01  63.252029  68.689360  68.872365
0.0032 0.0022    7918.7580 5.167683e+01  62.824280  68.373714  68.495638
0.0033 0.0022    7757.0820 5.204179e+01  62.419893  68.068553  68.135955
0.0034 0.0022    7595.2250 5.237579e+01  62.041752  67.776803  67.802931
0.0035 0.0022    7433.7590 5.268510e+01  61.683802  67.491999  67.479826
0.0036 0.0022    7273.1790 5.296831e+01  61.346877  67.222625  67.175007
0.0037 0.0022    7113.9060 5.322909e+01  61.030821  66.963640  66.887984
0.0038 0.0022    6956.2950 5.346873e+01  60.733985  66.713925  66.619275
0.0039 0.0022    6800.6410 5.368899e+01  60.455351  66.473493  66.361558
0.0040 0.0022    6647.1890 5.389160e+01  60.192997  66.243045  66.117637
0.0041 0.0022    6496.1360 5.407813e+01  59.947119  66.021301  65.885585
0.0042 0.0022    6347.6430 5.424864e+01  59.717436  65.808734  65.668667
0.0043 0.0022    6201.8340 5.440539e+01  59.501843  65.605049  65.463223
0.0044 0.0022    6058.8050 5.454838e+01  59.301276  65.409580  65.268398
0.0045 0.0022    5918.6270 5.468028e+01  59.112547  65.222100  65.083092
0.0046 0.0022    5781.3480 5.480034e+01  58.936700  65.042734  64.908967
0.0047 0.0022    5647.0000 5.491052e+01  58.772545  64.869744  64.742595
0.0048 0.0022    5515.5960 5.500904e+01  58.620816  64.706506  64.591138
0.0049 0.0022    5387.1380 5.510039e+01  58.478906  64.547070  64.440006
0.0050 0.0022    5261.6170 5.518351e+01  58.346877  64.396829  64.300328
0.0051 0.0022    5139.0130 5.525843e+01  58.224280  64.252198  64.174032
0.0052 0.0022    5019.3000 5.532599e+01  58.111537  64.113529  64.049658
0.0053 0.0022    4902.4440 5.538735e+01  58.005251  63.981144  63.932751
0.0054 0.0022    4788.4060 5.544209e+01  57.908513  63.854938  63.821619
0.0055 0.0022    4677.1440 5.549019e+01  57.820928  63.735143  63.723720
0.0056 0.0022    4568.6100 5.553399e+01  57.738877  63.620294  63.625305
0.0057 0.0022    4462.7560 5.557284e+01  57.663500  63.510827  63.532771
0.0058 0.0022    4359.5290 5.560510e+01  57.597325  63.406393  63.450591
0.0059 0.0022    4258.8770 5.563423e+01  57.535537  63.307252  63.372856
0.0060 0.0022    4160.7470 5.566024e+01  57.479517  63.211780  63.291548
0.0061 0.0022    4065.0880 5.568048e+01  57.430457  63.121318  63.229919
0.0062 0.0022    3971.8520 5.569836e+01  57.385725  63.035736  63.165593
0.0063 0.0022    3880.9880 5.571287e+01  57.345594  62.954823  63.107151
0.0064 0.0022    3792.4440 5.572374e+01  57.311962  62.877066  63.051243
0.0065 0.0022    3706.1700 5.573185e+01  57.282798  62.803499  62.996225
0.0066 0.0022    3622.1140 5.573729e+01  57.257502  62.734411  62.949883
0.0067 0.0022    3540.2230 5.574043e+01  57.235877  62.669238  62.906360
0.0068 0.0022    3460.4460 5.574116e+01  57.218356  62.607738  62.864729
0.0069 0.0022    3382.7310 5.573882e+01  57.205816  62.549327  62.831468
0.0070 0.0022    3307.0260 5.573476e+01  57.196313  62.494736  62.799639
0.0071 0.0022    3233.2820 5.573007e+01  57.189075  62.443023  62.768531
0.0072 0.0022    3161.4470 5.572204e+01  57.186312  62.394824  62.741262
0.0073 0.0022    3091.4720 5.571313e+01  57.186478  62.350123  62.717524
0.0074 0.0022    3023.3090 5.570220e+01  57.189477  62.308154  62.696775
0.0075 0.0022    2956.9100 5.569035e+01  57.195650  62.268509  62.675939
0.0076 0.0022    2892.2270 5.567733e+01  57.204156  62.232902  62.664219
0.0077 0.0022    2829.2140 5.566331e+01  57.215526  62.199934  62.650521
0.0078 0.0022    2767.8270 5.564788e+01  57.229514  62.169533  62.639695
0.0079 0.0022    2708.0210 5.563200e+01  57.245765  62.142378  62.630301
0.0080 0.0022    2649.7530 5.561532e+01  57.263978  62.116854  62.622716
0.0081 0.0022    2592.9800 5.559721e+01  57.285296  62.094353  62.623815
0.0082 0.0022    2537.6610 5.557926e+01  57.307678  62.074041  62.618644
0.0083 0.0022    2483.7570 5.555948e+01  57.332489  62.057055  62.618145
0.0084 0.0022    2431.2260 5.554075e+01  57.359125  62.041000  62.625185
0.0085 0.0022    2380.0330 5.552072e+01  57.387692  62.027878  62.628923
0.0086 0.0022    2330.1380 5.550033e+01  57.417488  62.016930  62.635496
0.0087 0.0022    2281.5060 5.547955e+01  57.449082  62.007566  62.643927
0.0088 0.0022    2234.1010 5.545810e+01  57.482664  62.000411  62.653992
0.0089 0.0022    2187.8900 5.543620e+01  57.517585  61.995368  62.664682
0.0090 0.0022    2142.8380 5.541499e+01  57.553260  61.992004  62.677819
0.0091 0.0022    2098.9130 5.539284e+01  57.590862  61.990718  62.692146
0.0092 0.0022    2056.0830 5.537072e+01  57.629403  61.991370  62.709639
0.0093 0.0022    2014.3180 5.534844e+01  57.669146  61.994078  62.723087
0.0094 0.0022    1973.5870 5.532643e+01  57.710267  61.998195  62.733951
0.0095 0.0022    1933.8630 5.530384e+01  57.752828  62.003616  62.754582
0.0096 0.0022    1895.1160 5.528156e+01  57.796042  62.010891  62.774765
0.0097 0.0022    1857.3190 5.525900e+01  57.840277  62.019662  62.798401
0.0098 0.0022       0.0000 5.523578e+01  57.885131  62.029970  62.821373
0.0099 0.0022       0.0000 5.521466e+01  57.930618  62.040997  62.843416
0.0100 0.0022       0.0000 5.519218e+01  57.977358  62.054219  62.868768
0.0000 0.0023    7541.1320 0.000000e+00  58.593265  58.591680  64.094918
0.0001 0.0023    7552.9500 2.642108e+00  80.763593  80.250221  89.126304
0.0002 0.0023    7587.9330 5.432603e+00  81.021843  80.109208  88.584277
0.0003 0.0023    7644.6940 8.291808e+00  81.065151  79.865101  87.949419
0.0004 0.0023    7720.9850 1.116423e+01  80.940158  79.564774  87.255342
0.0005 0.0023    7813.8070 1.400659e+01  80.669886  79.225349  86.508942
0.0006 0.0023    7919.5460 1.678431e+01  80.274009  78.861031  85.740520
0.0007 0.0023    8034.1510 1.947193e+01  79.770577  78.474619  84.934823
0.0008 0.0023    8153.3350 2.204675e+01  79.176010  78.072330  84.112264
0.0009 0.0023    8272.7790 2.449871e+01  78.509554  77.657873  83.280682
0.0010 0.0023    8388.3370 2.681590e+01  77.784910  77.234075  82.448700
0.0011 0.0023    8496.2100 2.899612e+01  77.017496  76.803175  81.617179
0.0012 0.0023    8593.0890 3.103911e+01  76.221061  76.367374  80.791438
0.0013 0.0023    8676.2520 3.294588e+01  75.402733  75.927436  79.978127
0.0014 0.0023    8743.6150 3.472096e+01  74.576836  75.488399  79.178397
0.0015 0.0023    8793.7390 3.636942e+01  73.751342  75.047824  78.401093
0.0016 0.0023    8825.7990 3.789655e+01  72.932348  74.609260  77.644348
0.0017 0.0023    8839.5290 3.930866e+01  72.125850  74.173138  76.908199
0.0018 0.0023    8835.1390 4.061413e+01  71.334027  73.741279  76.198770
0.0019 0.0023    8813.2360 4.181707e+01  70.565145  73.314180  75.512525
0.0020 0.0023    8774.7340 4.292735e+01  69.817673  72.893134  74.849073
0.0021 0.0023    8720.7670 4.395027e+01  69.096147  72.477670  74.209735
0.0022 0.0023    8652.6200 4.489125e+01  68.401209  72.070331  73.604143
0.0023 0.0023    8571.6600 4.575817e+01  67.733648  71.669205  73.018242
0.0024 0.0023    8479.2840 4.655497e+01  67.094015  71.277247  72.457310
0.0025 0.0023    8376.8750 4.728754e+01  66.483252  70.895110  71.921042
0.0026 0.0023    8265.7730 4.796155e+01  65.900004  70.520653  71.408219
0.0027 0.0023    8147.2520 4.857992e+01  65.344860  70.157541  70.920902
0.0028 0.0023    8022.4990 4.915002e+01  64.819204  69.805306  70.454590
0.0029 0.0023    7892.6140 4.967530e+01  64.320184  69.463797  70.015369
0.0030 0.0023    7758.5990 5.015927e+01  63.849805  69.133389  69.597626
0.0031 0.0023    7621.3610 5.060668e+01  63.403400  68.815371  69.197876
0.0032 0.0023    7481.7130 5.101855e+01  62.981896  68.507775  68.823147
0.0033 0.0023    7340.3780 5.139879e+01  62.583551  68.209382  68.462390
0.0034 0.0023    7198.0070 5.174947e+01  62.208019  67.923435  68.127148
0.0035 0.0023    7055.1780 5.207268e+01  61.855121  67.647792  67.806721
0.0036 0.0023    6912.3960 5.237080e+01  61.521653  67.382544  67.503056
0.0037 0.0023    6770.1000 5.264557e+01  61.208413  67.126344  67.215095
0.0038 0.0023    6628.6640 5.289945e+01  60.914092  66.879440  66.938583
0.0039 0.0023    6488.4090 5.313502e+01  60.634572  66.644119  66.676445
0.0040 0.0023    6349.6070 5.334920e+01  60.375899  66.416122  66.432504
0.0041 0.0023    6212.4870 5.354783e+01  60.130735  66.197123  66.199478
0.0042 0.0023    6077.2360 5.373155e+01  59.901091  65.986477  65.976435
0.0043 0.0023    5944.0120 5.390017e+01  59.686036  65.784086  65.767140
0.0044 0.0023    5812.9400 5.405506e+01  59.485524  65.590591  65.570834
0.0045 0.0023    5684.1210 5.419765e+01  59.297006  65.404035  65.382266
0.0046 0.0023    5557.6320 5.432877e+01  59.120913  65.224999  65.205311
0.0047 0.0023    5433.5340 5.444919e+01  58.956563  65.053499  65.034391
0.0048 0.0023    5311.8670 5.455922e+01  58.803474  64.889084  64.876009
0.0049 0.0023    5192.6590 5.465958e+01  58.660872  64.731416  64.726584
0.0050 0.0023    5075.9270 5.475210e+01  58.528208  64.580762  64.583335
0.0051 0.0023    4961.6740 5.483665e+01  58.404554  64.435440  64.445973
0.0052 0.0023    4849.8980 5.491333e+01  58.289642  64.297580  64.324334
0.0053 0.0023    4740.5860 5.498329e+01  58.183602  64.164888  64.201040
0.0054 0.0023    4633.7210 5.504634e+01  58.085855  64.038201  64.090138
0.0055 0.0023    4529.2780 5.510330e+01  57.995637  63.916847  63.985476
0.0056 0.0023    4427.2300 5.515424e+01  57.913079  63.801732  63.886599
0.0057 0.0023    4327.5460 5.520046e+01  57.837656  63.691027  63.793277
0.0058 0.0023    4230.1900 5.524207e+01  57.767071  63.585667  63.704102
0.0059 0.0023    4135.1240 5.527795e+01  57.704900  63.484100  63.620142
0.0060 0.0023    4042.3130 5.531019e+01  57.647336  63.388322  63.541652
0.0061 0.0023    3951.7200 5.533816e+01  57.595854  63.296840  63.469322
0.0062 0.0023    3863.3100 5.536260e+01  57.549736  63.209424  63.402770
0.0063 0.0023    3777.0430 5.538334e+01  57.508764  63.127034  63.338158
0.0064 0.0023    3692.8810 5.540069e+01  57.472582  63.048374  63.280860
0.0065 0.0023    3610.7820 5.541486e+01  57.441039  62.973614  63.226649
0.0066 0.0023    3530.7050 5.542602e+01  57.414069  62.902625  63.176007
0.0067 0.0023    3452.6080 5.543471e+01  57.391231  62.836331  63.127852
0.0068 0.0023    3376.4480 5.544110e+01  57.372335  62.773463  63.087211
0.0069 0.0023    3302.1820 5.544464e+01  57.357390  62.712974  63.044561
0.0070 0.0023    3229.7680 5.544647e+01  57.345357  62.657590  63.008816
0.0071 0.0023    3159.1620 5.544612e+01  57.337193  62.604012  62.975107
0.0072 0.0023    3090.3220 5.544356e+01  57.332514  62.554378  62.947338
0.0073 0.0023    3023.2060 5.543950e+01  57.330659  62.508053  62.920932
0.0074 0.0023    2957.7710 5.543325e+01  57.332248  62.464261  62.896354
0.0075 0.0023    2893.9760 5.542618e+01  57.336215  62.423648  62.876423
0.0076 0.0023    2831.7810 5.541818e+01  57.342869  62.385874  62.856679
0.0077 0.0023    2771.1450 5.540815e+01  57.352836  62.351697  62.842503
0.0078 0.0023    2712.0270 5.539760e+01  57.365128  62.320015  62.830690
0.0079 0.0023    2654.3900 5.538552e+01  57.379600  62.290790  62.819500
0.0080 0.0023    2598.1950 5.537288e+01  57.396851  62.263954  62.808930
0.0081 0.0023    2543.4040 5.535936e+01  57.415727  62.240413  62.802965
0.0082 0.0023    2489.9800 5.534476e+01  57.437170  62.218779  62.799698
0.0083 0.0023    2437.8870 5.532967e+01  57.460339  62.199167  62.799051
0.0084 0.0023    2387.0910 5.531435e+01  57.485066  62.182144  62.796399
0.0085 0.0023    2337.5560 5.529789e+01  57.511976  62.167391  62.801064
0.0086 0.0023    2289.2480 5.528134e+01  57.540286  62.154579  62.806042
0.0087 0.0023    2242.1350 5.526427e+01  57.570479  62.144456  62.812266
0.0088 0.0023    2196.1850 5.524628e+01  57.602188  62.135678  62.818938
0.0089 0.0023    2151.3670 5.522789e+01  57.635977  62.129388  62.829560
0.0090 0.0023    2107.6490 5.520973e+01  57.670448  62.124603  62.839065
0.0091 0.0023    2065.0020 5.519132e+01  57.706354  62.121827  62.850072
0.0092 0.0023    2023.3970 5.517263e+01  57.743560  62.120787  62.863825
0.0093 0.0023    1982.8060 5.515264e+01  57.782090  62.122196  62.879731
0.0094 0.0023    1943.2010 5.513397e+01  57.821349  62.124439  62.893355
0.0095 0.0023    1904.5560 5.511504e+01  57.862144  62.128116  62.903504
0.0096 0.0023    1866.8440 5.509543e+01  57.903733  62.133682  62.922942
0.0097 0.0023    1830.0400 5.507543e+01  57.946891  62.141401  62.943688
0.0098 0.0023       0.0000 5.505566e+01  57.990469  62.150256  62.962271
0.0099 0.0023       0.0000 5.503676e+01  58.034599  62.160522  62.982820
0.0100 0.0023       0.0000 5.501708e+01  58.080300  62.172360  63.009016
0.0000 0.0024    6911.8870 0.000000e+00  57.963601  57.963320  63.341286
0.0001 0.0024    6922.0320 2.568793e+00  80.411762  79.926846  88.803438
0.0002 0.0024    6952.1010 5.279266e+00  80.645195  79.786976  88.279469
0.0003 0.0024    7001.0130 8.057318e+00  80.676313  79.549902  87.666640
0.0004 0.0024    7067.0100 1.084908e+01  80.551478  79.257680  87.002842
0.0005 0.0024    7147.7330 1.361509e+01  80.287857  78.931481  86.289264
0.0006 0.0024    7240.3170 1.632096e+01  79.907908  78.580149  85.560507
0.0007 0.0024    7341.5190 1.894358e+01  79.423773  78.209534  84.792463
0.0008 0.0024    7447.8620 2.146091e+01  78.855088  77.825891  84.012144
0.0009 0.0024    7555.7900 2.386172e+01  78.214638  77.428159  83.217810
0.0010 0.0024    7661.8270 2.613652e+01  77.522603  77.025127  82.426152
0.0011 0.0024    7762.7120 2.828208e+01  76.786616  76.612628  81.634889
0.0012 0.0024    7855.5300 3.029483e+01  76.019493  76.198548  80.842470
0.0013 0.0024    7937.7900 3.217932e+01  75.236282  75.781087  80.063957
0.0014 0.0024    8007.4900 3.393825e+01  74.441142  75.360540  79.295528
0.0015 0.0024    8063.1390 3.557274e+01  73.645494  74.941726  78.550920
0.0016 0.0024    8103.7450 3.709113e+01  72.856260  74.523445  77.820272
0.0017 0.0024    8128.7880 3.850027e+01  72.075008  74.106024  77.106134
0.0018 0.0024    8138.1690 3.980556e+01  71.309086  73.694699  76.414888
0.0019 0.0024    8132.1460 4.101207e+01  70.561331  73.284795  75.747706
0.0020 0.0024    8111.2740 4.212647e+01  69.836391  72.880974  75.104671
0.0021 0.0024    8076.3340 4.315573e+01  69.133640  72.481762  74.478163
0.0022 0.0024    8028.2730 4.410637e+01  68.456194  72.089232  73.880193
0.0023 0.0024    7968.1470 4.498147e+01  67.805803  71.704296  73.308975
0.0024 0.0024    7897.0750 4.578818e+01  67.182297  71.327162  72.758402
0.0025 0.0024    7816.1970 4.653204e+01  66.584389  70.955860  72.228419
0.0026 0.0024    7726.6440 4.721921e+01  66.014251  70.595942  71.724661
0.0027 0.0024    7629.5150 4.785307e+01  65.470830  70.244151  71.238044
0.0028 0.0024    7525.8550 4.843778e+01  64.955179  69.902405  70.777761
0.0029 0.0024    7416.6470 4.897838e+01  64.466016  69.573001  70.342889
0.0030 0.0024    7302.8030 4.947782e+01  64.001584  69.250821  69.924131
0.0031 0.0024    7185.1630 4.993987e+01  63.561173  68.942335  69.528815
0.0032 0.0024    7064.4890 5.036613e+01  63.147754  68.641788  69.158308
0.0033 0.0024    6941.4770 5.076202e+01  62.753754  68.352450  68.799742
0.0034 0.0024    6816.7610 5.112788e+01  62.383471  68.071350  68.458871
0.0035 0.0024    6690.9080 5.146462e+01  62.034000  67.801897  68.136448
0.0036 0.0024    6564.4170 5.177552e+01  61.704302  67.541959  67.837391
0.0037 0.0024    6437.7310 5.206721e+01  61.391409  67.291225  67.517614
0.0038 0.0024    6311.2340 5.233162e+01  61.099734  67.048265  67.265373
0.0039 0.0024    6185.2600 5.257777e+01  60.824047  66.815452  67.006003
0.0040 0.0024    6060.0980 5.280607e+01  60.565301  66.590150  66.754733
0.0041 0.0024    5935.9960 5.301738e+01  60.320983  66.374207  66.517792
0.0042 0.0024    5813.1630 5.321304e+01  60.091313  66.166453  66.294612
0.0043 0.0024    5691.7780 5.339356e+01  59.877090  65.965890  66.082032
0.0044 0.0024    5571.9900 5.355884e+01  59.676880  65.772716  65.880563
0.0045 0.0024    5453.9220 5.371244e+01  59.488471  65.587627  65.688847
0.0046 0.0024    5337.6760 5.385446e+01  59.312115  65.409613  65.507720
0.0047 0.0024    5223.3330 5.398453e+01  59.147398  65.238817  65.335197
0.0048 0.0024    5110.9580 5.410444e+01  58.993346  65.075139  65.173525
0.0049 0.0024    5000.6000 5.421495e+01  58.849949  64.917635  65.018741
0.0050 0.0024    4892.2950 5.431633e+01  58.716559  64.767352  64.873704
0.0051 0.0024    4786.0700 5.441075e+01  58.590741  64.622132  64.735195
0.0052 0.0024    4681.9380 5.449674e+01  58.474222  64.483220  64.600314
0.0053 0.0024    4579.9080 5.457459e+01  58.367935  64.350549  64.479550
0.0054 0.0024    4479.9800 5.464621e+01  58.268694  64.223669  64.364698
0.0055 0.0024    4382.1460 5.471104e+01  58.177829  64.100981  64.255292
0.0056 0.0024    4286.3950 5.477002e+01  58.093293  63.985044  64.152885
0.0057 0.0024    4192.7120 5.482415e+01  58.015448  63.873573  64.054247
0.0058 0.0024    4101.0750 5.487345e+01  57.943467  63.767338  63.961008
0.0059 0.0024    4011.4620 5.491734e+01  57.878211  63.665551  63.875884
0.0060 0.0024    3923.8500 5.495538e+01  57.820570  63.568365  63.795240
0.0061 0.0024    3838.2180 5.499063e+01  57.766958  63.475722  63.717378
0.0062 0.0024    3754.5390 5.502131e+01  57.719459  63.387132  63.650018
0.0063 0.0024    3672.7880 5.504966e+01  57.675003  63.303389  63.580007
0.0064 0.0024    3592.9330 5.507359e+01  57.637233  63.223025  63.515849
0.0065 0.0024    3514.9460 5.509294e+01  57.605243  63.147088  63.459279
0.0066 0.0024    3438.7920 5.510932e+01  57.577259  63.075292  63.409376
0.0067 0.0024    3364.4400 5.512421e+01  57.552141  63.005694  63.361245
0.0068 0.0024    3291.8550 5.513607e+01  57.531309  62.941818  63.310537
0.0069 0.0024    3221.0030 5.514501e+01  57.514489  62.881313  63.269604
0.0070 0.0024    3151.8480 5.515184e+01  57.501106  62.823527  63.231215
0.0071 0.0024    3084.3550 5.515626e+01  57.490979  62.769156  63.192975
0.0072 0.0024    3018.4890 5.515941e+01  57.484080  62.717632  63.158494
0.0073 0.0024    2954.2130 5.516000e+01  57.480253  62.669443  63.130163
0.0074 0.0024    2891.4930 5.515957e+01  57.479180  62.624215  63.099812
0.0075 0.0024    2830.2930 5.515692e+01  57.481841  62.582065  63.076661
0.0076 0.0024    2770.5770 5.515307e+01  57.486724  62.542852  63.058012
0.0077 0.0024    2712.3120 5.514753e+01  57.495749  62.506953  63.040268
0.0078 0.0024    2655.4610 5.514212e+01  57.504924  62.474047  63.023883
0.0079 0.0024    2599.9920 5.513341e+01  57.519055  62.443258  63.014083
0.0080 0.0024    2545.8710 5.512561e+01  57.534243  62.414735  62.999495
0.0081 0.0024    2493.0640 5.511585e+01  57.551624  62.389455  62.990979
0.0082 0.0024    2441.5390 5.510550e+01  57.570900  62.366401  62.983980
0.0083 0.0024    2391.2640 5.509395e+01  57.592859  62.345646  62.982389
0.0084 0.0024    2342.2070 5.508235e+01  57.615760  62.327021  62.980291
0.0085 0.0024    2294.3380 5.506994e+01  57.640950  62.310538  62.978529
0.0086 0.0024    2247.6250 5.505663e+01  57.668409  62.296432  62.979686
0.0087 0.0024    2202.0410 5.504357e+01  57.696167  62.284468  62.985205
0.0088 0.0024    2157.5550 5.502862e+01  57.726670  62.274633  62.990915
0.0089 0.0024    2114.1390 5.501488e+01  57.757880  62.266659  62.996381
0.0090 0.0024    2071.7660 5.499967e+01  57.790986  62.260769  63.005083
0.0091 0.0024    2030.4080 5.498402e+01  57.826064  62.256921  63.015117
0.0092 0.0024    1990.0400 5.496913e+01  57.861004  62.253944  63.023818
0.0093 0.0024    1950.6340 5.495274e+01  57.898499  62.253751  63.041156
0.0094 0.0024    1912.1660 5.493699e+01  57.936194  62.254922  63.051019
0.0095 0.0024    1874.6120 5.492053e+01  57.975175  62.257844  63.065994
0.0096 0.0024    1837.9470 5.490429e+01  58.015896  62.262008  63.075746
0.0097 0.0024    1802.1480 5.488753e+01  58.057202  62.268010  63.093102
0.0098 0.0024       0.0000 5.487056e+01  58.099791  62.275322  63.111692
0.0099 0.0024       0.0000 5.485367e+01  58.142533  62.284488  63.136518
0.0100 0.0024       0.0000 5.483675e+01  58.186706  62.294655  63.155662
0.0000 0.0025    6353.3090 1.750773e-06  57.319919  57.318907  62.595772
0.0001 0.0025    6362.0790 2.500117e+00  80.104679  79.650542  88.538662
0.0002 0.0025    6388.1020 5.137494e+00  80.317580  79.514059  88.030986
0.0003 0.0025    6430.5220 7.839551e+00  80.339098  79.277846  87.441297
0.0004 0.0025    6487.9480 1.055729e+01  80.211295  78.995784  86.798010
0.0005 0.0025    6558.5020 1.325156e+01  79.955848  78.677977  86.116193
0.0006 0.0025    6639.8880 1.589024e+01  79.588186  78.342446  85.417427
0.0007 0.0025    6729.4890 1.844982e+01  79.123810  77.986585  84.690127
0.0008 0.0025    6824.4670 2.091102e+01  78.577161  77.617856  83.946253
0.0009 0.0025    6921.8840 2.326367e+01  77.962953  77.236582  83.186973
0.0010 0.0025    7018.8210 2.549591e+01  77.295731  76.846137  82.426011
0.0011 0.0025    7112.4910 2.760648e+01  76.589112  76.450347  81.670491
0.0012 0.0025    7200.3420 2.958904e+01  75.851811  76.055715  80.910818
0.0013 0.0025    7280.1330 3.145079e+01  75.098206  75.656406  80.161776
0.0014 0.0025    7349.9940 3.318894e+01  74.332192  75.255586  79.431248
0.0015 0.0025    7408.4530 3.481087e+01  73.564310  74.853826  78.705542
0.0016 0.0025    7454.4430 3.632150e+01  72.798162  74.454458  77.999586
0.0017 0.0025    7487.2900 3.772452e+01  72.042822  74.054824  77.308720
0.0018 0.0025    7506.6830 3.902659e+01  71.298832  73.657630  76.635620
0.0019 0.0025    7512.6290 4.023203e+01  70.574784  73.266016  75.988985
0.0020 0.0025    7505.4080 4.135023e+01  69.870340  72.876906  75.359866
0.0021 0.0025    7485.5190 4.238403e+01  69.185221  72.493275  74.752434
0.0022 0.0025    7453.6350 4.333937e+01  68.524744  72.113651  74.162021
0.0023 0.0025    7410.5490 4.422349e+01  67.890359  71.743034  73.597617
0.0024 0.0025    7357.1380 4.503943e+01  67.280171  71.378072  73.058221
0.0025 0.0025    7294.3260 4.579437e+01  66.695213  71.020365  72.536262
0.0026 0.0025    7223.0510 4.649345e+01  66.137847  70.672297  72.039553
0.0027 0.0025    7144.2460 4.713952e+01  65.605683  70.332975  71.563263
0.0028 0.0025    7058.8160 4.773828e+01  65.099628  70.003796  71.106874
0.0029 0.0025    6967.6270 4.829296e+01  64.619221  69.682813  70.674631
0.0030 0.0025    6871.4980 4.880593e+01  64.163133  69.371230  70.258604
0.0031 0.0025    6771.1900 4.928142e+01  63.731382  69.070443  69.870584
0.0032 0.0025    6667.4120 4.972148e+01  63.320591  68.777920  69.493064
0.0033 0.0025    6560.8200 5.013063e+01  62.932236  68.494853  69.136434
0.0034 0.0025    6452.0160 5.050879e+01  62.566472  68.221950  68.799663
0.0035 0.0025    6341.5430 5.085964e+01  62.219485  67.957051  68.476698
0.0036 0.0025    6229.8870 5.118483e+01  61.893040  67.702094  68.166714
0.0037 0.0025    6117.4810 5.148590e+01  61.584742  67.455400  67.876229
0.0038 0.0025    6004.7110 5.176573e+01  61.292647  67.216793  67.597352
0.0039 0.0025    5891.9140 5.202483e+01  61.018798  66.987173  67.334159
0.0040 0.0025    5779.3870 5.226429e+01  60.760429  66.765760  67.083349
0.0041 0.0025    5667.3880 5.248663e+01  60.518417  66.552259  66.845038
0.0042 0.0025    5556.1420 5.269339e+01  60.289811  66.345742  66.613768
0.0043 0.0025    5445.8410 5.288457e+01  60.075688  66.148365  66.399925
0.0044 0.0025    5336.6510 5.306125e+01  59.874023  65.956775  66.193648
0.0045 0.0025    5228.7120 5.322546e+01  59.686496  65.772899  66.002562
0.0046 0.0025    5122.1430 5.337774e+01  59.508848  65.596056  65.815504
0.0047 0.0025    5017.0430 5.351764e+01  59.344373  65.426672  65.641819
0.0048 0.0025    4913.4940 5.364745e+01  59.189239  65.262319  65.475396
0.0049 0.0025    4811.5630 5.376711e+01  59.044864  65.106168  65.319783
0.0050 0.0025    4711.3030 5.387767e+01  58.910331  64.955495  65.169607
0.0051 0.0025    4612.7580 5.398072e+01  58.783237  64.810633  65.024724
0.0052 0.0025    4515.9570 5.407529e+01  58.665998  64.672277  64.891000
0.0053 0.0025    4420.9250 5.416214e+01  58.558062  64.538141  64.761693
0.0054 0.0025    4327.6770 5.424134e+01  58.457996  64.410708  64.645795
0.0055 0.0025    4236.2200 5.431499e+01  58.364228  64.288303  64.527928
0.0056 0.0025    4146.5570 5.438190e+01  58.279027  64.171642  64.423868
0.0057 0.0025    4058.6850 5.444277e+01  58.199889  64.059157  64.327185
0.0058 0.0025    3972.5970 5.449884e+01  58.126685  63.951768  64.228618
0.0059 0.0025    3888.2840 5.455042e+01  58.059305  63.849416  64.137570
0.0060 0.0025    3805.7350 5.459608e+01  57.999497  63.751447  64.054616
0.0061 0.0025    3724.9400 5.463761e+01  57.944378  63.657114  63.974791
0.0062 0.0025    3645.8830 5.467539e+01  57.894368  63.567089  63.898486
0.0063 0.0025    3568.5480 5.470916e+01  57.849734  63.481892  63.824173
0.0064 0.0025    3492.9130 5.474000e+01  57.808990  63.401109  63.756455
0.0065 0.0025    3418.9570 5.476494e+01  57.775389  63.324122  63.701458
0.0066 0.0025    3346.6570 5.478812e+01  57.744331  63.250731  63.646695
0.0067 0.0025    3275.9870 5.480855e+01  57.717344  63.181068  63.592369
0.0068 0.0025    3206.9220 5.482572e+01  57.694946  63.114845  63.541882
0.0069 0.0025    3139.4350 5.483959e+01  57.676999  63.052592  63.499016
0.0070 0.0025    3073.4970 5.485226e+01  57.661164  62.992215  63.454687
0.0071 0.0025    3009.0800 5.486230e+01  57.648991  62.936134  63.414613
0.0072 0.0025    2946.1560 5.486978e+01  57.640208  62.883411  63.374792
0.0073 0.0025    2884.6930 5.487558e+01  57.634711  62.834493  63.345324
0.0074 0.0025    2824.6640 5.487962e+01  57.632198  62.787576  63.315646
0.0075 0.0025    2766.0380 5.488207e+01  57.632249  62.743472  63.283351
0.0076 0.0025    2708.7860 5.488287e+01  57.635473  62.703247  63.261736
0.0077 0.0025    2652.8780 5.488260e+01  57.641774  62.665298  63.241734
0.0078 0.0025    2598.2840 5.488094e+01  57.650402  62.630507  63.223115
0.0079 0.0025    2544.9740 5.487650e+01  57.663135  62.598775  63.213296
0.0080 0.0025    2492.9200 5.487257e+01  57.676368  62.569095  63.195851
0.0081 0.0025    2442.0940 5.486745e+01  57.691970  62.542460  63.186260
0.0082 0.0025    2392.4650 5.486147e+01  57.709568  62.517628  63.174419
0.0083 0.0025    2344.0060 5.485396e+01  57.728975  62.495344  63.168838
0.0084 0.0025    2296.6890 5.484578e+01  57.751443  62.475208  63.163857
0.0085 0.0025    2250.4880 5.483742e+01  57.774789  62.457553  63.160335
0.0086 0.0025    2205.3740 5.482789e+01  57.800148  62.441955  63.162412
0.0087 0.0025    2161.3210 5.481766e+01  57.827053  62.428794  63.163111
0.0088 0.0025    2118.3040 5.480767e+01  57.855517  62.416833  63.165546
0.0089 0.0025    2076.2970 5.479612e+01  57.885537  62.407517  63.170734
0.0090 0.0025    2035.2750 5.478486e+01  57.916412  62.399925  63.174610
0.0091 0.0025    1995.2130 5.477278e+01  57.949241  62.394548  63.182085
0.0092 0.0025    1956.0880 5.476039e+01  57.983281  62.390692  63.190360
0.0093 0.0025    1917.8760 5.474779e+01  58.018872  62.389116  63.201992
0.0094 0.0025    1880.5530 5.473497e+01  58.055469  62.388503  63.211034
0.0095 0.0025    1844.0990 5.472160e+01  58.093010  62.389959  63.224723
0.0096 0.0025    1808.4900 5.470802e+01  58.132153  62.393021  63.240926
0.0097 0.0025       0.0000 5.469377e+01  58.172124  62.397365  63.258346
0.0098 0.0025       0.0000 5.468003e+01  58.212878  62.403493  63.273653
0.0099 0.0025       0.0000 5.466616e+01  58.254658  62.411318  63.291080
0.0100 0.0025       0.0000 5.465241e+01  58.297083  62.420482  63.309106
0.0000 0.0026    5855.2000 5.224823e-05  56.729889  56.729835  61.911191
0.0001 0.0026    5862.8320 2.436321e+00  79.844990  79.416948  88.327471
0.0002 0.0026    5885.4980 5.004114e+00  80.035387  79.278911  87.827596
0.0003 0.0026    5922.5140 7.635776e+00  80.049694  79.050383  87.256907
0.0004 0.0026    5972.7650 1.028328e+01  79.918503  78.773812  86.638407
0.0005 0.0026    6034.7370 1.291025e+01  79.668687  78.469181  85.987668
0.0006 0.0026    6106.5750 1.548561e+01  79.311692  78.140254  85.313799
0.0007 0.0026    6186.1450 1.798716e+01  78.864451  77.795055  84.619173
0.0008 0.0026    6271.1150 2.039532e+01  78.337479  77.440853  83.907745
0.0009 0.0026    6359.0460 2.269943e+01  77.746877  77.072783  83.178756
0.0010 0.0026    6447.4830 2.489073e+01  77.102894  76.697496  82.451665
0.0011 0.0026    6534.0440 2.696609e+01  76.423667  76.320829  81.724195
0.0012 0.0026    6616.5080 2.891961e+01  75.714283  75.940382  81.000069
0.0013 0.0026    6692.8780 3.075558e+01  74.985575  75.556535  80.279777
0.0014 0.0026    6761.4370 3.247575e+01  74.245482  75.169679  79.567275
0.0015 0.0026    6820.7790 3.408272e+01  73.501885  74.786743  78.859159
0.0016 0.0026    6869.8230 3.558068e+01  72.762028  74.399996  78.190625
0.0017 0.0026    6907.8150 3.697710e+01  72.027073  74.014213  77.512114
0.0018 0.0026    6934.3040 3.827409e+01  71.306393  73.632646  76.862806
0.0019 0.0026    6949.1210 3.947930e+01  70.601942  73.255306  76.229888
0.0020 0.0026    6952.3410 4.059682e+01  69.915292  72.881129  75.615006
0.0021 0.0026    6944.2470 4.163360e+01  69.248800  72.510685  75.019640
0.0022 0.0026    6925.2870 4.259281e+01  68.606155  72.145731  74.442729
0.0023 0.0026    6896.0410 4.348324e+01  67.985492  71.787841  73.893313
0.0024 0.0026    6857.1780 4.430813e+01  67.388562  71.434805  73.361116
0.0025 0.0026    6809.4330 4.507334e+01  66.817559  71.089876  72.847736
0.0026 0.0026    6753.5730 4.578259e+01  66.271228  70.754248  72.353997
0.0027 0.0026    6690.3770 4.644071e+01  65.750742  70.426829  71.892479
0.0028 0.0026    6620.6190 4.705162e+01  65.253608  70.107287  71.440418
0.0029 0.0026    6545.0530 4.761837e+01  64.780936  69.796724  71.009515
0.0030 0.0026    6464.4000 4.814380e+01  64.332399  69.493681  70.601516
0.0031 0.0026    6379.3450 4.863200e+01  63.906038  69.200167  70.210905
0.0032 0.0026    6290.5390 4.908444e+01  63.502228  68.916874  69.836832
0.0033 0.0026    6198.5890 4.950583e+01  63.118825  68.640328  69.478446
0.0034 0.0026    6104.0560 4.989673e+01  62.756433  68.371599  69.139976
0.0035 0.0026    6007.4490 5.025941e+01  62.413364  68.111189  68.813141
0.0036 0.0026    5909.2350 5.059686e+01  62.088136  67.862566  68.502708
0.0037 0.0026    5809.8310 5.091061e+01  61.781615  67.620399  68.212314
0.0038 0.0026    5709.6140 5.120128e+01  61.492899  67.386444  67.930972
0.0039 0.0026    5608.9180 5.147219e+01  61.220338  67.159595  67.666339
0.0040 0.0026    5508.0400 5.172590e+01  60.962572  66.942725  67.389576
0.0041 0.0026    5407.2440 5.195659e+01  60.721985  66.731511  67.172535
0.0042 0.0026    5306.7590 5.217373e+01  60.494110  66.527890  66.943573
0.0043 0.0026    5206.7880 5.237604e+01  60.278940  66.331641  66.721654
0.0044 0.0026    5107.5060 5.256349e+01  60.078032  66.142034  66.513815
0.0045 0.0026    5009.0660 5.273765e+01  59.888949  65.959675  66.314759
0.0046 0.0026    4911.5990 5.289961e+01  59.711751  65.783184  66.126769
0.0047 0.0026    4815.2170 5.304980e+01  59.545411  65.615074  65.950740
0.0048 0.0026    4720.0160 5.318849e+01  59.390737  65.451981  65.782974
0.0049 0.0026    4626.0750 5.331759e+01  59.244499  65.296235  65.620808
0.0050 0.0026    4533.4630 5.343808e+01  59.107846  65.145551  65.465637
0.0051 0.0026    4442.2350 5.354882e+01  58.980997  65.000749  65.322778
0.0052 0.0026    4352.4350 5.365099e+01  58.863627  64.861670  65.187521
0.0053 0.0026    4264.1010 5.374568e+01  58.754449  64.728715  65.057569
0.0054 0.0026    4177.2580 5.383487e+01  58.650897  64.601036  64.928363
0.0055 0.0026    4091.9290 5.391511e+01  58.556875  64.477204  64.810610
0.0056 0.0026    4008.1270 5.398916e+01  58.470076  64.359703  64.701177
0.0057 0.0026    3925.8620 5.405794e+01  58.389731  64.247227  64.600325
0.0058 0.0026    3845.1370 5.412118e+01  58.314444  64.138618  64.502599
0.0059 0.0026    3765.9550 5.417870e+01  58.246583  64.035349  64.407014
0.0060 0.0026    3688.3170 5.423323e+01  58.182722  63.935800  64.314217
0.0061 0.0026    3612.2210 5.428225e+01  58.124253  63.841260  64.232486
0.0062 0.0026    3537.6610 5.432461e+01  58.075517  63.750580  64.153797
0.0063 0.0026    3464.6280 5.436415e+01  58.028624  63.664113  64.084578
0.0064 0.0026    3393.1100 5.440012e+01  57.987311  63.581991  64.015012
0.0065 0.0026    3323.0940 5.443258e+01  57.950129  63.503334  63.949522
0.0066 0.0026    3254.5650 5.446146e+01  57.917314  63.428894  63.890016
0.0067 0.0026    3187.5040 5.448790e+01  57.888158  63.357811  63.831495
0.0068 0.0026    3121.8920 5.451006e+01  57.864124  63.290639  63.781887
0.0069 0.0026    3057.7100 5.453047e+01  57.843527  63.226092  63.729864
0.0070 0.0026    2994.9360 5.454752e+01  57.826437  63.165224  63.686211
0.0071 0.0026    2933.5480 5.456264e+01  57.812508  63.107476  63.642898
0.0072 0.0026    2873.5230 5.457537e+01  57.801708  63.053352  63.604170
0.0073 0.0026    2814.8370 5.458566e+01  57.794345  63.002561  63.566894
0.0074 0.0026    2757.4660 5.459439e+01  57.790653  62.954293  63.535016
0.0075 0.0026    2701.3860 5.460173e+01  57.788835  62.909478  63.504573
0.0076 0.0026    2646.5720 5.460714e+01  57.790119  62.867352  63.477116
0.0077 0.0026    2593.0000 5.461143e+01  57.793627  62.827729  63.450489
0.0078 0.0026    2540.6430 5.461411e+01  57.800776  62.790928  63.428418
0.0079 0.0026    2489.4780 5.461547e+01  57.810489  62.757052  63.409528
0.0080 0.0026    2439.4790 5.461556e+01  57.822890  62.725741  63.394378
0.0081 0.0026    2390.6220 5.461475e+01  57.836082  62.698058  63.381700
0.0082 0.0026    2342.8810 5.461200e+01  57.852297  62.672497  63.372680
0.0083 0.0026    2296.2320 5.460883e+01  57.870590  62.648344  63.360212
0.0084 0.0026    2250.6500 5.460439e+01  57.890836  62.627334  63.357085
0.0085 0.0026    2206.1130 5.459940e+01  57.912963  62.607895  63.351284
0.0086 0.0026    2162.5950 5.459456e+01  57.936107  62.591227  63.345580
0.0087 0.0026    2120.0740 5.458815e+01  57.960960  62.576025  63.344291
0.0088 0.0026    2078.5260 5.458110e+01  57.987819  62.563037  63.346300
0.0089 0.0026    2037.9290 5.457374e+01  58.016011  62.551945  63.346404
0.0090 0.0026    1998.2600 5.456514e+01  58.045899  62.543263  63.351392
0.0091 0.0026    1959.4970 5.455688e+01  58.076824  62.536218  63.356159
0.0092 0.0026    1921.6190 5.454792e+01  58.109204  62.530849  63.360425
0.0093 0.0026    1884.6040 5.453832e+01  58.143140  62.527477  63.369119
0.0094 0.0026    1848.4320 5.452781e+01  58.178361  62.525778  63.379439
0.0095 0.0026    1813.0830 5.451815e+01  58.214568  62.525779  63.389042
0.0096 0.0026    1778.5350 5.450776e+01  58.251902  62.527068  63.401507
0.0097 0.0026       0.0000 5.449695e+01  58.290319  62.530272  63.414765
0.0098 0.0026       0.0000 5.448619e+01  58.329569  62.535076  63.428735
0.0099 0.0026       0.0000 5.447435e+01  58.370214  62.541631  63.448911
0.0100 0.0026       0.0000 5.446333e+01  58.411319  62.549522  63.466997
0.0000 0.0027    5409.1650 0.000000e+00  56.196200  56.195479  61.285279
0.0001 0.0027    5415.8490 2.376800e+00  79.624689  79.217320  88.154710
0.0002 0.0027    5435.7130 4.879167e+00  79.795124  79.081708  87.668269
0.0003 0.0027    5468.2040 7.444217e+00  79.799063  78.857612  87.117945
0.0004 0.0027    5512.4150 1.002619e+01  79.668647  78.587666  86.518785
0.0005 0.0027    5567.1160 1.258905e+01  79.422986  78.289725  85.891425
0.0006 0.0027    5630.7890 1.510461e+01  79.075151  77.970836  85.237272
0.0007 0.0027    5701.6810 1.754919e+01  78.641172  77.638424  84.575828
0.0008 0.0027    5777.8630 1.990667e+01  78.134053  77.293966  83.893217
0.0009 0.0027    5857.2960 2.216486e+01  77.564406  76.937813  83.197326
0.0010 0.0027    5937.9100 2.431705e+01  76.944767  76.578585  82.497534
0.0011 0.0027    6017.6690 2.635636e+01  76.286054  76.214889  81.788242
0.0012 0.0027    6094.6420 2.828132e+01  75.601651  75.845739  81.092866
0.0013 0.0027    6167.0630 3.009253e+01  74.894994  75.474064  80.402885
0.0014 0.0027    6233.3750 3.179177e+01  74.179671  75.102469  79.714077
0.0015 0.0027    6292.2610 3.338261e+01  73.461325  74.728243  79.044415
0.0016 0.0027    6342.6690 3.486952e+01  72.741686  74.359711  78.379442
0.0017 0.0027    6383.8090 3.625575e+01  72.028819  73.989019  77.728462
0.0018 0.0027    6415.1500 3.754592e+01  71.328978  73.620301  77.088994
0.0019 0.0027    6436.4020 3.874926e+01  70.642506  73.255111  76.475163
0.0020 0.0027    6447.4950 3.986600e+01  69.974038  72.893768  75.875280
0.0021 0.0027    6448.5430 4.090369e+01  69.324469  72.536375  75.295873
0.0022 0.0027    6439.8220 4.186750e+01  68.696143  72.184282  74.730987
0.0023 0.0027    6421.7340 4.276315e+01  68.090297  71.837328  74.184006
0.0024 0.0027    6394.7790 4.359652e+01  67.508266  71.497462  73.665158
0.0025 0.0027    6359.5270 4.437049e+01  66.948639  71.165844  73.161632
0.0026 0.0027    6316.5960 4.509019e+01  66.412782  70.840895  72.676709
0.0027 0.0027    6266.6290 4.575686e+01  65.903374  70.524155  72.216756
0.0028 0.0027    6210.2770 4.637835e+01  65.415502  70.214910  71.771848
0.0029 0.0027    6148.1880 4.695523e+01  64.951469  69.912676  71.348382
0.0030 0.0027    6080.9910 4.749232e+01  64.508136  69.618650  70.937829
0.0031 0.0027    6009.3010 4.799109e+01  64.088772  69.332178  70.551772
0.0032 0.0027    5933.7030 4.845711e+01  63.689104  69.055416  70.177591
0.0033 0.0027    5854.7490 4.888858e+01  63.311594  68.785519  69.821202
0.0034 0.0027    5772.9530 4.929025e+01  62.952695  68.523838  69.482867
0.0035 0.0027    5688.7930 4.966514e+01  62.612254  68.270657  69.158969
0.0036 0.0027    5602.7040 5.001353e+01  62.291226  68.025897  68.849997
0.0037 0.0027    5515.0840 5.033774e+01  61.986717  67.787869  68.558645
0.0038 0.0027    5426.2960 5.064024e+01  61.699536  67.557297  68.273827
0.0039 0.0027    5336.6630 5.092199e+01  61.427855  67.335167  68.006970
0.0040 0.0027    5246.4800 5.118423e+01  61.172721  67.119297  67.751272
0.0041 0.0027    5156.0050 5.142854e+01  60.930948  66.910955  67.503786
0.0042 0.0027    5065.4730 5.165742e+01  60.704048  66.710768  67.253416
0.0043 0.0027    4975.0870 5.186740e+01  60.490220  66.516258  67.053280
0.0044 0.0027    4885.0310 5.206437e+01  60.289722  66.328391  66.839102
0.0045 0.0027    4795.4620 5.224813e+01  60.099618  66.147431  66.639619
0.0046 0.0027    4706.5200 5.241957e+01  59.921999  65.973298  66.450894
0.0047 0.0027    4618.3270 5.257964e+01  59.754344  65.804789  66.266432
0.0048 0.0027    4530.9880 5.272878e+01  59.597191  65.644000  66.090369
0.0049 0.0027    4444.5940 5.286699e+01  59.450196  65.488008  65.925460
0.0050 0.0027    4359.2210 5.299449e+01  59.313233  65.337583  65.773398
0.0051 0.0027    4274.9370 5.311399e+01  59.185089  65.192766  65.622717
0.0052 0.0027    4191.7970 5.322434e+01  59.066442  65.053567  65.482146
0.0053 0.0027    4109.8460 5.332751e+01  58.955211  64.920371  65.348263
0.0054 0.0027    4029.1240 5.342287e+01  58.851982  64.792667  65.224796
0.0055 0.0027    3949.6610 5.351159e+01  58.755625  64.668921  65.099858
0.0056 0.0027    3871.4810 5.359344e+01  58.666578  64.550876  64.988532
0.0057 0.0027    3794.6040 5.366946e+01  58.583627  64.437229  64.879029
0.0058 0.0027    3719.0420 5.373951e+01  58.507825  64.328247  64.777384
0.0059 0.0027    3644.8100 5.380440e+01  58.437242  64.223886  64.679540
0.0060 0.0027    3571.9180 5.386382e+01  58.373332  64.123945  64.590081
0.0061 0.0027    3500.3700 5.391922e+01  58.314589  64.028114  64.498909
0.0062 0.0027    3430.1680 5.397020e+01  58.259893  63.936909  64.415963
0.0063 0.0027    3361.3120 5.401533e+01  58.213041  63.848636  64.336696
0.0064 0.0027    3293.7980 5.405707e+01  58.169157  63.764871  64.267268
0.0065 0.0027    3227.6190 5.409536e+01  58.130515  63.685955  64.200958
0.0066 0.0027    3162.7650 5.413125e+01  58.095071  63.609160  64.136020
0.0067 0.0027    3099.2270 5.416215e+01  58.064693  63.537213  64.078356
0.0068 0.0027    3036.9920 5.419077e+01  58.037786  63.467901  64.021366
0.0069 0.0027    2976.0460 5.421562e+01  58.015525  63.403380  63.971684
0.0070 0.0027    2916.3730 5.423873e+01  57.996177  63.340492  63.919905
0.0071 0.0027    2857.9570 5.425857e+01  57.980298  63.281624  63.875416
0.0072 0.0027    2800.7800 5.427631e+01  57.967784  63.225923  63.833700
0.0073 0.0027    2744.8250 5.429193e+01  57.958414  63.173309  63.796499
0.0074 0.0027    2690.0720 5.430577e+01  57.952450  63.123892  63.757965
0.0075 0.0027    2636.5020 5.431740e+01  57.949568  63.077697  63.726995
0.0076 0.0027    2584.0940 5.432760e+01  57.948792  63.034400  63.695163
0.0077 0.0027    2532.8290 5.433594e+01  57.951481  62.993927  63.669762
0.0078 0.0027    2482.6850 5.434300e+01  57.956482  62.955743  63.645162
0.0079 0.0027    2433.6420 5.434929e+01  57.963386  62.920393  63.623847
0.0080 0.0027    2385.6790 5.435292e+01  57.973267  62.887606  63.602800
0.0081 0.0027    2338.7740 5.435596e+01  57.985908  62.857358  63.588361
0.0082 0.0027    2292.9060 5.435839e+01  57.999951  62.829908  63.573060
0.0083 0.0027    2248.0550 5.435991e+01  58.016145  62.804602  63.561406
0.0084 0.0027    2204.1990 5.435911e+01  58.035561  62.781517  63.548073
0.0085 0.0027    2161.3170 5.435797e+01  58.054830  62.761083  63.541519
0.0086 0.0027    2119.3890 5.435635e+01  58.076153  62.742257  63.535487
0.0087 0.0027    2078.3940 5.435396e+01  58.099420  62.726129  63.529258
0.0088 0.0027    2038.3110 5.435011e+01  58.124843  62.711995  63.530471
0.0089 0.0027    1999.1210 5.434626e+01  58.151221  62.699718  63.528914
0.0090 0.0027    1960.8040 5.434175e+01  58.179121  62.689108  63.528313
0.0091 0.0027    1923.3390 5.433620e+01  58.208942  62.680846  63.531393
0.0092 0.0027    1886.7080 5.433077e+01  58.239581  62.674382  63.535515
0.0093 0.0027    1850.8920 5.432473e+01  58.271620  62.669238  63.540249
0.0094 0.0027    1815.8720 5.431780e+01  58.305067  62.666218  63.550294
0.0095 0.0027    1781.6290 5.431084e+01  58.339909  62.664747  63.559304
0.0096 0.0027    1748.1460 5.430336e+01  58.375551  62.664788  63.567469
0.0097 0.0027       0.0000 5.429533e+01  58.412829  62.666429  63.581557
0.0098 0.0027       0.0000 5.428738e+01  58.450410  62.669754  63.594253
0.0099 0.0027       0.0000 5.427933e+01  58.489257  62.674447  63.607542
0.0100 0.0027       0.0000 5.427102e+01  58.528744  62.681029  63.619930
0.0000 0.0028    5008.2420 0.000000e+00  55.714107  55.713576  60.714541
0.0001 0.0028    5014.1300 2.318624e+00  79.433251  79.052267  88.021329
0.0002 0.0028    5031.6390 4.761422e+00  79.589083  78.914749  87.542405
0.0003 0.0028    5060.3150 7.264225e+00  79.584611  78.696323  87.008210
0.0004 0.0028    5099.4160 9.783262e+00  79.452797  78.432341  86.429325
0.0005 0.0028    5147.9280 1.228670e+01  79.210893  78.142577  85.824632
0.0006 0.0028    5204.5980 1.474360e+01  78.872425  77.832622  85.192183
0.0007 0.0028    5267.9740 1.713655e+01  78.451714  77.506073  84.551741
0.0008 0.0028    5336.4460 1.944349e+01  77.960504  77.172647  83.901185
0.0009 0.0028    5408.3030 2.165995e+01  77.408430  76.829106  83.225938
0.0010 0.0028    5481.7900 2.377191e+01  76.809770  76.479850  82.558715
0.0011 0.0028    5555.1630 2.577497e+01  76.173299  76.126399  81.878960
0.0012 0.0028    5626.7460 2.767106e+01  75.509651  75.770345  81.206759
0.0013 0.0028    5694.9820 2.945765e+01  74.826656  75.411151  80.533850
0.0014 0.0028    5758.4690 3.113632e+01  74.134654  75.052161  79.874416
0.0015 0.0028    5815.9950 3.271068e+01  73.436175  74.692002  79.220279
0.0016 0.0028    5866.5550 3.418405e+01  72.737782  74.331453  78.577471
0.0017 0.0028    5909.3620 3.555961e+01  72.045970  73.973852  77.946291
0.0018 0.0028    5943.8430 3.684374e+01  71.364475  73.618379  77.327409
0.0019 0.0028    5969.6320 3.804165e+01  70.697091  73.264596  76.723650
0.0020 0.0028    5986.5540 3.915650e+01  70.045012  72.915453  76.137840
0.0021 0.0028    5994.6020 4.019502e+01  69.411335  72.571232  75.568313
0.0022 0.0028    5993.9150 4.116316e+01  68.798127  72.231965  75.014807
0.0023 0.0028    5984.7550 4.206388e+01  68.207957  71.897354  74.488388
0.0024 0.0028    5967.4820 4.290322e+01  67.637776  71.570335  73.972122
0.0025 0.0028    5942.5300 4.368342e+01  67.090377  71.247859  73.481908
0.0026 0.0028    5910.3850 4.440985e+01  66.566326  70.933094  73.001387
0.0027 0.0028    5871.5730 4.508661e+01  66.064034  70.625618  72.542534
0.0028 0.0028    5826.6340 4.571716e+01  65.584881  70.325226  72.097048
0.0029 0.0028    5776.1180 4.630386e+01  65.127992  70.031490  71.688190
0.0030 0.0028    5720.5750 4.685173e+01  64.692180  69.744649  71.278067
0.0031 0.0028    5660.5440 4.736056e+01  64.279170  69.468202  70.897608
0.0032 0.0028    5596.5450 4.783592e+01  63.885121  69.197020  70.525926
0.0033 0.0028    5529.0760 4.827921e+01  63.509422  68.932724  70.167978
0.0034 0.0028    5458.6030 4.869147e+01  63.155909  68.677356  69.829550
0.0035 0.0028    5385.5660 4.907589e+01  62.819005  68.430259  69.507156
0.0036 0.0028    5310.3680 4.943538e+01  62.498776  68.189171  69.197960
0.0037 0.0028    5233.3850 4.976947e+01  62.198085  67.956402  68.904486
0.0038 0.0028    5154.9580 5.008358e+01  61.911988  67.729068  68.616443
0.0039 0.0028    5075.4000 5.037410e+01  61.641774  67.510619  68.348135
0.0040 0.0028    4994.9930 5.064694e+01  61.387405  67.297823  68.091584
0.0041 0.0028    4913.9910 5.090106e+01  61.147359  67.092919  67.846267
0.0042 0.0028    4832.6250 5.113877e+01  60.920266  66.893179  67.608655
0.0043 0.0028    4751.1000 5.136247e+01  60.704386  66.702145  67.363196
0.0044 0.0028    4669.5970 5.156696e+01  60.504075  66.516008  67.171832
0.0045 0.0028    4588.2810 5.175978e+01  60.315084  66.336716  66.970202
0.0046 0.0028    4507.2940 5.194031e+01  60.135903  66.164403  66.772715
0.0047 0.0028    4426.7630 5.210813e+01  59.969003  65.997136  66.590274
0.0048 0.0028    4346.8010 5.226550e+01  59.810959  65.836711  66.411690
0.0049 0.0028    4267.5050 5.241249e+01  59.662909  65.680416  66.243355
0.0050 0.0028    4188.9610 5.254967e+01  59.524187  65.531293  66.082651
0.0051 0.0028    4111.2420 5.267636e+01  59.395876  65.386640  65.935678
0.0052 0.0028    4034.4110 5.279532e+01  59.275116  65.247324  65.788466
0.0053 0.0028    3958.5240 5.290682e+01  59.161668  65.113720  65.650582
0.0054 0.0028    3883.6270 5.300913e+01  59.057356  64.984890  65.519617
0.0055 0.0028    3809.7590 5.310551e+01  58.959312  64.862140  65.396396
0.0056 0.0028    3736.9520 5.319491e+01  58.867947  64.743068  65.276856
0.0057 0.0028    3665.2340 5.327825e+01  58.783695  64.628558  65.165458
0.0058 0.0028    3594.6270 5.335513e+01  58.705673  64.519296  65.059997
0.0059 0.0028    3525.1540 5.342656e+01  58.634414  64.414054  64.960569
0.0060 0.0028    3456.8300 5.349202e+01  58.568123  64.313196  64.863323
0.0061 0.0028    3389.6680 5.355506e+01  58.505524  64.216231  64.771708
0.0062 0.0028    3323.6780 5.361113e+01  58.451202  64.124426  64.687445
0.0063 0.0028    3258.8640 5.366414e+01  58.399638  64.036174  64.606723
0.0064 0.0028    3195.2280 5.371106e+01  58.355744  63.950922  64.529977
0.0065 0.0028    3132.7720 5.375466e+01  58.315192  63.870341  64.459928
0.0066 0.0028    3071.4910 5.379487e+01  58.278767  63.793238  64.396198
0.0067 0.0028    3011.3820 5.383259e+01  58.245210  63.719535  64.329155
0.0068 0.0028    2952.4370 5.386607e+01  58.217392  63.648800  64.268938
0.0069 0.0028    2894.6480 5.389739e+01  58.191694  63.582229  64.213915
0.0070 0.0028    2838.0040 5.392487e+01  58.170749  63.518462  64.164468
0.0071 0.0028    2782.4960 5.394975e+01  58.153060  63.459416  64.115972
0.0072 0.0028    2728.1090 5.397304e+01  58.138282  63.401539  64.068984
0.0073 0.0028    2674.8320 5.399371e+01  58.127251  63.347000  64.027039
0.0074 0.0028    2622.6480 5.401272e+01  58.118634  63.296086  63.986923
0.0075 0.0028    2571.5440 5.402921e+01  58.113780  63.248193  63.949282
0.0076 0.0028    2521.5040 5.404364e+01  58.111825  63.203533  63.920810
0.0077 0.0028    2472.5110 5.405678e+01  58.112533  63.161845  63.889226
0.0078 0.0028    2424.5480 5.406814e+01  58.115632  63.122522  63.862788
0.0079 0.0028    2377.5990 5.407753e+01  58.121380  63.085924  63.840672
0.0080 0.0028    2331.6460 5.408658e+01  58.129373  63.051758  63.815631
0.0081 0.0028    2286.6720 5.409380e+01  58.139486  63.020119  63.799237
0.0082 0.0028    2242.6580 5.409987e+01  58.151689  62.991009  63.780398
0.0083 0.0028    2199.5870 5.410538e+01  58.166404  62.964229  63.766090
0.0084 0.0028    2157.4410 5.410886e+01  58.183418  62.939999  63.751070
0.0085 0.0028    2116.2020 5.411220e+01  58.201323  62.918191  63.742214
0.0086 0.0028    2075.8520 5.411344e+01  58.220708  62.898032  63.731891
0.0087 0.0028    2036.3730 5.411492e+01  58.242431  62.880388  63.723489
0.0088 0.0028    1997.7470 5.411531e+01  58.265530  62.864668  63.718441
0.0089 0.0028    1959.9580 5.411450e+01  58.290549  62.850867  63.715068
0.0090 0.0028    1922.9860 5.411357e+01  58.316834  62.839031  63.713852
0.0091 0.0028    1886.8160 5.411231e+01  58.343910  62.828678  63.713410
0.0092 0.0028    1851.4290 5.410857e+01  58.374215  62.821195  63.719345
0.0093 0.0028    1816.8090 5.410596e+01  58.404624  62.814540  63.723350
0.0094 0.0028    1782.9390 5.410273e+01  58.436007  62.810002  63.727162
0.0095 0.0028    1749.8030 5.409892e+01  58.469052  62.807119  63.733159
0.0096 0.0028    1717.3840 5.409449e+01  58.503201  62.805677  63.742241
0.0097 0.0028       0.0000 5.409026e+01  58.538944  62.806240  63.742813
0.0098 0.0028       0.0000 5.408536e+01  58.574214  62.807896  63.760187
0.0099 0.0028       0.0000 5.407972e+01  58.612121  62.811367  63.771714
0.0100 0.0028       0.0000 5.407438e+01  58.650180  62.816236  63.784121
0.0000 0.0029    4646.6060 4.929766e-06  55.280141  55.279747  60.195028
0.0001 0.0029    4651.8200 2.266083e+00  79.274884  78.912527  87.918897
0.0002 0.0029    4667.3370 4.650445e+00  79.413700  78.778253  87.451722
0.0003 0.0029    4692.7810 7.094506e+00  79.402839  78.561300  86.930932
0.0004 0.0029    4727.5340 9.554030e+00  79.267554  78.301571  86.364563
0.0005 0.0029    4770.7540 1.199962e+01  79.029375  78.018418  85.779923
0.0006 0.0029    4821.3980 1.440262e+01  78.700216  77.718145  85.180481
0.0007 0.0029    4878.2510 1.674380e+01  78.289926  77.396998  84.560222
0.0008 0.0029    4939.9610 1.900538e+01  77.812552  77.072233  83.927246
0.0009 0.0029    5005.0810 2.117740e+01  77.279523  76.740692  83.281465
0.0010 0.0029    5072.1180 2.325105e+01  76.700213  76.400545  82.638363
0.0011 0.0029    5139.5730 2.522271e+01  76.083480  76.058524  81.979181
0.0012 0.0029    5205.9910 2.708696e+01  75.440161  75.711386  81.324873
0.0013 0.0029    5270.0000 2.884805e+01  74.776886  75.364266  80.679832
0.0014 0.0029    5330.3460 3.050726e+01  74.103842  75.015293  80.036332
0.0015 0.0029    5385.9220 3.206391e+01  73.426310  74.665957  79.398716
0.0016 0.0029    5435.7880 3.352280e+01  72.749490  74.318715  78.772547
0.0017 0.0029    5479.1770 3.488726e+01  72.076672  73.970804  78.165328
0.0018 0.0029    5515.5050 3.616435e+01  71.413585  73.626199  77.564362
0.0019 0.0029    5544.3610 3.735634e+01  70.763880  73.285081  76.977021
0.0020 0.0029    5565.4990 3.846908e+01  70.129248  72.948277  76.406942
0.0021 0.0029    5578.8240 3.950951e+01  69.510290  72.614814  75.845951
0.0022 0.0029    5584.3740 4.048045e+01  68.912311  72.286999  75.295410
0.0023 0.0029    5582.2990 4.138368e+01  68.333570  71.964897  74.787540
0.0024 0.0029    5572.8450 4.222752e+01  67.776620  71.645484  74.283630
0.0025 0.0029    5556.3330 4.301377e+01  67.239483  71.334993  73.794992
0.0026 0.0029    5533.1410 4.374643e+01  66.726332  71.030509  73.327410
0.0027 0.0029    5503.6890 4.443054e+01  66.233792  70.731464  72.878280
0.0028 0.0029    5468.4230 4.506938e+01  65.763165  70.439177  72.443917
0.0029 0.0029    5427.8070 4.566491e+01  65.313189  70.154070  72.026508
0.0030 0.0029    5382.3140 4.622099e+01  64.884237  69.876176  71.624230
0.0031 0.0029    5332.4120 4.673876e+01  64.475499  69.603806  71.240171
0.0032 0.0029    5278.5590 4.722416e+01  64.086537  69.340455  70.873631
0.0033 0.0029    5221.1990 4.767602e+01  63.716372  69.083436  70.520650
0.0034 0.0029    5160.7510 4.809919e+01  63.363673  68.832578  70.176556
0.0035 0.0029    5097.6140 4.849250e+01  63.031012  68.591333  69.859441
0.0036 0.0029    5032.1620 4.886247e+01  62.713680  68.354193  69.547713
0.0037 0.0029    4964.7410 4.920646e+01  62.414943  68.123833  69.248787
0.0038 0.0029    4895.6730 4.952959e+01  62.130573  67.901872  68.964535
0.0039 0.0029    4825.2530 4.983055e+01  61.862563  67.686256  68.694297
0.0040 0.0029    4753.7490 5.011258e+01  61.607896  67.477509  68.435212
0.0041 0.0029    4681.4090 5.037653e+01  61.367955  67.274527  68.186829
0.0042 0.0029    4608.4540 5.062267e+01  61.141368  67.078759  67.948991
0.0043 0.0029    4535.0860 5.085387e+01  60.927458  66.888262  67.723659
0.0044 0.0029    4461.4870 5.106928e+01  60.726287  66.704794  67.508864
0.0045 0.0029    4387.8180 5.127408e+01  60.535096  66.527535  67.277830
0.0046 0.0029    4314.2250 5.146029e+01  60.356295  66.355273  67.101367
0.0047 0.0029    4240.8380 5.163771e+01  60.187894  66.190147  66.913104
0.0048 0.0029    4167.7730 5.180356e+01  60.029386  66.029636  66.734150
0.0049 0.0029    4095.1310 5.195759e+01  59.881064  65.875333  66.564847
0.0050 0.0029    4023.0030 5.210286e+01  59.741904  65.725664  66.400673
0.0051 0.0029    3951.4680 5.223766e+01  59.611580  65.581950  66.245928
0.0052 0.0029    3880.5960 5.236445e+01  59.489131  65.442938  66.097554
0.0053 0.0029    3810.4470 5.248284e+01  59.374649  65.308552  65.956440
0.0054 0.0029    3741.0750 5.259347e+01  59.268089  65.179923  65.824414
0.0055 0.0029    3672.5250 5.269673e+01  59.168429  65.055515  65.693837
0.0056 0.0029    3604.8360 5.279331e+01  59.075756  64.937271  65.575407
0.0057 0.0029    3538.0410 5.288398e+01  58.988727  64.822596  65.458849
0.0058 0.0029    3472.1730 5.296722e+01  58.910007  64.712397  65.349090
0.0059 0.0029    3407.2580 5.304688e+01  58.834887  64.604188  65.238726
0.0060 0.0029    3343.3180 5.311787e+01  58.767687  64.505355  65.146499
0.0061 0.0029    3280.3740 5.318523e+01  58.704655  64.407998  65.048632
0.0062 0.0029    3218.4370 5.324774e+01  58.646941  64.313837  64.960861
0.0063 0.0029    3157.5210 5.330777e+01  58.593951  64.224820  64.873928
0.0064 0.0029    3097.6330 5.336090e+01  58.546602  64.138260  64.792530
0.0065 0.0029    3038.7780 5.341058e+01  58.504168  64.057504  64.721272
0.0066 0.0029    2980.9580 5.345669e+01  58.465128  63.978752  64.652050
0.0067 0.0029    2924.1750 5.349937e+01  58.430425  63.903769  64.584505
0.0068 0.0029    2868.4260 5.353808e+01  58.400575  63.832073  64.523956
0.0069 0.0029    2813.7080 5.357506e+01  58.373081  63.763163  64.462967
0.0070 0.0029    2760.0150 5.360765e+01  58.349774  63.699089  64.409879
0.0071 0.0029    2707.3420 5.363790e+01  58.329984  63.637252  64.358341
0.0072 0.0029    2655.6800 5.366564e+01  58.313470  63.578940  64.310711
0.0073 0.0029    2605.0190 5.369141e+01  58.300300  63.523734  64.264767
0.0074 0.0029    2555.3510 5.371498e+01  58.290224  63.471599  64.222308
0.0075 0.0029    2506.6630 5.373623e+01  58.283181  63.422428  64.183082
0.0076 0.0029    2458.9450 5.375574e+01  58.279127  63.375922  64.146746
0.0077 0.0029    2412.1830 5.377314e+01  58.278247  63.333061  64.116569
0.0078 0.0029    2366.3640 5.378906e+01  58.279092  63.292469  64.084711
0.0079 0.0029    2321.4760 5.380369e+01  58.283131  63.254115  64.054325
0.0080 0.0029    2277.5030 5.381631e+01  58.289352  63.218367  64.031611
0.0081 0.0029    2234.4310 5.382793e+01  58.297562  63.185471  64.009413
0.0082 0.0029    2192.2470 5.383762e+01  58.307479  63.154847  63.987708
0.0083 0.0029    2150.9340 5.384676e+01  58.321180  63.127420  63.972764
0.0084 0.0029    2110.4790 5.385480e+01  58.335302  63.101664  63.958896
0.0085 0.0029    2070.8650 5.386173e+01  58.351869  63.078047  63.946440
0.0086 0.0029    2032.0770 5.386747e+01  58.369545  63.056537  63.933385
0.0087 0.0029    1994.1010 5.387194e+01  58.389414  63.037323  63.924107
0.0088 0.0029    1956.9210 5.387579e+01  58.410270  63.019982  63.914761
0.0089 0.0029    1920.5210 5.387875e+01  58.433627  63.004765  63.909514
0.0090 0.0029    1884.8870 5.388105e+01  58.458114  62.991348  63.906144
0.0091 0.0029    1850.0020 5.388232e+01  58.484660  62.979862  63.904617
0.0092 0.0029    1815.8530 5.388460e+01  58.511281  62.970475  63.892321
0.0093 0.0029    1782.4240 5.388657e+01  58.538738  62.962061  63.890419
0.0094 0.0029    1749.7000 5.388624e+01  58.569133  62.955984  63.893578
0.0095 0.0029    1717.6670 5.388450e+01  58.601190  62.952287  63.903096
0.0096 0.0029       0.0000 5.388335e+01  58.633911  62.949627  63.908530
0.0097 0.0029       0.0000 5.388188e+01  58.667491  62.948749  63.914972
0.0098 0.0029       0.0000 5.387808e+01  58.703204  62.949869  63.930457
0.0099 0.0029       0.0000 5.387572e+01  58.739012  62.951973  63.942784
0.0100 0.0029       0.0000 5.387340e+01  58.775836  62.955416  63.950929
0.0000 0.0030    4319.3510 3.026766e-06  54.890975  54.890492  59.721477
0.0001 0.0030    4323.9930 2.214579e+00  79.137219  78.797573  87.845359
0.0002 0.0030    4337.8160 4.545055e+00  79.265015  78.660996  87.381113
0.0003 0.0030    4360.5030 6.932133e+00  79.246073  78.451392  86.881243
0.0004 0.0030    4391.5380 9.336759e+00  79.109559  78.195451  86.330024
0.0005 0.0030    4430.2140 1.172713e+01  78.874403  77.918479  85.761703
0.0006 0.0030    4475.6530 1.407822e+01  78.552545  77.620629  85.177238
0.0007 0.0030    4526.8310 1.636973e+01  78.154089  77.309298  84.579251
0.0008 0.0030    4582.6040 1.858628e+01  77.690695  76.996441  83.971118
0.0009 0.0030    4641.7430 2.071668e+01  77.172608  76.671700  83.347762
0.0010 0.0030    4702.9680 2.275294e+01  76.610004  76.339934  82.722350
0.0011 0.0030    4764.9870 2.469048e+01  76.013070  76.007185  82.090276
0.0012 0.0030    4826.5350 2.652883e+01  75.388689  75.670508  81.459624
0.0013 0.0030    4886.4030 2.826431e+01  74.746466  75.332518  80.825053
0.0014 0.0030    4943.4730 2.990020e+01  74.090059  74.993254  80.203907
0.0015 0.0030    4996.7410 3.143865e+01  73.431698  74.653875  79.588816
0.0016 0.0030    5045.3350 3.288295e+01  72.774298  74.316356  78.981493
0.0017 0.0030    5088.5260 3.423800e+01  72.121149  73.980134  78.385285
0.0018 0.0030    5125.7340 3.550717e+01  71.475530  73.646733  77.801391
0.0019 0.0030    5156.5280 3.669518e+01  70.842354  73.315840  77.228422
0.0020 0.0030    5180.6180 3.780649e+01  70.222762  72.990575  76.662438
0.0021 0.0030    5197.8460 3.884430e+01  69.620029  72.668563  76.130267
0.0022 0.0030    5208.1740 3.981481e+01  69.036298  72.350836  75.601026
0.0023 0.0030    5211.6680 4.072139e+01  68.471249  72.037020  75.088667
0.0024 0.0030    5208.4820 4.156740e+01  67.926337  71.730281  74.598057
0.0025 0.0030    5198.8460 4.235873e+01  67.401062  71.428431  74.119898
0.0026 0.0030    5183.0450 4.309774e+01  66.895181  71.132447  73.659479
0.0027 0.0030    5161.4110 4.378907e+01  66.411052  70.841465  73.209664
0.0028 0.0030    5134.3090 4.443404e+01  65.948419  70.557849  72.784423
0.0029 0.0030    5102.1280 4.503715e+01  65.506394  70.281749  72.365238
0.0030 0.0030    5065.2670 4.560096e+01  65.081826  70.009722  71.966346
0.0031 0.0030    5024.1320 4.612742e+01  64.678800  69.743945  71.589658
0.0032 0.0030    4979.1200 4.662007e+01  64.294489  69.486609  71.223796
0.0033 0.0030    4930.6240 4.708139e+01  63.928370  69.233382  70.866802
0.0034 0.0030    4879.0180 4.751361e+01  63.578545  68.989961  70.531170
0.0035 0.0030    4824.6630 4.791659e+01  63.248957  68.751242  70.209129
0.0036 0.0030    4767.8990 4.829486e+01  62.934792  68.518289  69.899160
0.0037 0.0030    4709.0450 4.864958e+01  62.636236  68.294695  69.599991
0.0038 0.0030    4648.4000 4.898026e+01  62.354651  68.075543  69.317222
0.0039 0.0030    4586.2380 4.929110e+01  62.087332  67.863186  69.039688
0.0040 0.0030    4522.8140 4.958240e+01  61.832791  67.657090  68.778570
0.0041 0.0030    4458.3640 4.985431e+01  61.594671  67.457301  68.532037
0.0042 0.0030    4393.1000 5.011019e+01  61.367418  67.262880  68.289261
0.0043 0.0030    4327.2180 5.034899e+01  61.154266  67.076371  68.063433
0.0044 0.0030    4260.8940 5.057351e+01  60.952519  66.893463  67.843752
0.0045 0.0030    4194.2880 5.078425e+01  60.761678  66.718330  67.634150
0.0046 0.0030    4127.5460 5.098343e+01  60.581030  66.549451  67.413211
0.0047 0.0030    4060.7960 5.116831e+01  60.412262  66.384689  67.221528
0.0048 0.0030    3994.1560 5.134011e+01  60.253256  66.223651  67.059935
0.0049 0.0030    3927.7300 5.150279e+01  60.103669  66.070015  66.885227
0.0050 0.0030    3861.6110 5.165519e+01  59.963492  65.921102  66.722327
0.0051 0.0030    3795.8820 5.179845e+01  59.832004  65.777323  66.565099
0.0052 0.0030    3730.6180 5.193247e+01  59.707679  65.639362  66.412980
0.0053 0.0030    3665.8820 5.205816e+01  59.591995  65.505253  66.266951
0.0054 0.0030    3601.7330 5.217644e+01  59.483099  65.376142  66.127609
0.0055 0.0030    3538.2200 5.228672e+01  59.381861  65.251606  65.997247
0.0056 0.0030    3475.3890 5.238952e+01  59.287955  65.132353  65.871607
0.0057 0.0030    3413.2790 5.248721e+01  59.198818  65.017442  65.754706
0.0058 0.0030    3351.9270 5.257739e+01  59.117550  64.906782  65.643024
0.0059 0.0030    3291.3650 5.266249e+01  59.041333  64.799559  65.534504
0.0060 0.0030    3231.6210 5.274078e+01  58.971360  64.698322  65.432225
0.0061 0.0030    3172.7170 5.281505e+01  58.905724  64.600047  65.332212
0.0062 0.0030    3114.6720 5.288369e+01  58.846904  64.505955  65.238929
0.0063 0.0030    3057.5030 5.294820e+01  58.792389  64.415780  65.151443
0.0064 0.0030    3001.2230 5.300905e+01  58.740656  64.326146  65.066232
0.0065 0.0030    2945.8410 5.306258e+01  58.697713  64.242688  64.990847
0.0066 0.0030    2891.3640 5.311565e+01  58.656108  64.162513  64.913094
0.0067 0.0030    2837.7970 5.316279e+01  58.620117  64.086408  64.843871
0.0068 0.0030    2785.1440 5.320752e+01  58.587186  64.017261  64.780110
0.0069 0.0030    2733.4040 5.324905e+01  58.557800  63.947571  64.718967
0.0070 0.0030    2682.5770 5.328684e+01  58.532862  63.881656  64.660723
0.0071 0.0030    2632.6610 5.332277e+01  58.510791  63.818686  64.606061
0.0072 0.0030    2583.6510 5.335489e+01  58.493387  63.759261  64.555296
0.0073 0.0030    2535.5420 5.338597e+01  58.477593  63.702519  64.504720
0.0074 0.0030    2488.3280 5.341367e+01  58.465798  63.649272  64.460233
0.0075 0.0030    2442.0010 5.343998e+01  58.456859  63.598737  64.418373
0.0076 0.0030    2396.5530 5.346426e+01  58.451040  63.551424  64.379404
0.0077 0.0030    2351.9760 5.348598e+01  58.447269  63.506822  64.345000
0.0078 0.0030    2308.2590 5.350673e+01  58.446942  63.464462  64.311971
0.0079 0.0030    2265.3920 5.352560e+01  58.448299  63.425235  64.281950
0.0080 0.0030    2223.3640 5.354270e+01  58.452259  63.387819  64.254153
0.0081 0.0030    2182.1640 5.355812e+01  58.458928  63.353499  64.228113
0.0082 0.0030    2141.7790 5.357225e+01  58.467687  63.321569  64.208220
0.0083 0.0030    2102.1990 5.358502e+01  58.478526  63.292148  64.188107
0.0084 0.0030    2063.4100 5.359696e+01  58.490903  63.265397  64.168649
0.0085 0.0030    2025.4000 5.360759e+01  58.505257  63.240530  64.151667
0.0086 0.0030    1988.1560 5.361728e+01  58.521404  63.217122  64.136104
0.0087 0.0030    1951.6650 5.362570e+01  58.539266  63.196279  64.124917
0.0088 0.0030    1915.9140 5.363275e+01  58.558832  63.178178  64.117313
0.0089 0.0030    1880.8910 5.363913e+01  58.580558  63.161053  64.104374
0.0090 0.0030    1846.5810 5.364479e+01  58.603226  63.146284  64.097852
0.0091 0.0030    1812.9720 5.364924e+01  58.628869  63.133547  64.098763
0.0092 0.0030    1780.0510 5.365421e+01  58.653619  63.122691  64.094272
0.0093 0.0030    1747.8050 5.365826e+01  58.680833  63.114131  64.088378
0.0094 0.0030    1716.2200 5.366129e+01  58.709250  63.106619  64.089167
0.0095 0.0030    1685.2830 5.366452e+01  58.738224  63.100478  64.088512
0.0096 0.0030       0.0000 5.366610e+01  58.769211  63.096215  64.091472
0.0097 0.0030       0.0000 5.366709e+01  58.802082  63.094008  64.098740
0.0098 0.0030       0.0000 5.366857e+01  58.834870  63.093296  64.103318
0.0099 0.0030       0.0000 5.367009e+01  58.867884  63.093790  64.113326
0.0100 0.0030       0.0000 5.366972e+01  58.903650  63.096335  64.124830
0.0000 0.0031    4022.3210 3.599933e-06  54.293113  54.292759  59.093487
0.0001 0.0031    4026.4750 2.166532e+00  79.023908  78.703452  87.782236
0.0002 0.0031    4038.8480 4.445487e+00  79.136139  78.568638  87.338124
0.0003 0.0031    4059.1720 6.779014e+00  79.113453  78.356922  86.841652
0.0004 0.0031    4087.0110 9.128919e+00  78.973505  78.108000  86.313716
0.0005 0.0031    4121.7670 1.146891e+01  78.740664  77.832888  85.758321
0.0006 0.0031    4162.6940 1.376894e+01  78.427200  77.543747  85.189836
0.0007 0.0031    4208.9230 1.601371e+01  78.038969  77.244502  84.610819
0.0008 0.0031    4259.4770 1.818589e+01  77.586489  76.933338  84.029251
0.0009 0.0031    4313.3060 2.027586e+01  77.085712  76.616452  83.419764
0.0010 0.0031    4369.3070 2.227674e+01  76.538491  76.295304  82.815439
0.0011 0.0031    4426.3640 2.418255e+01  75.958527  75.969647  82.205088
0.0012 0.0031    4483.3710 2.598956e+01  75.351716  75.641657  81.594287
0.0013 0.0031    4539.2640 2.770104e+01  74.728389  75.313735  80.985272
0.0014 0.0031    4593.0470 2.931611e+01  74.092702  74.983941  80.377857
0.0015 0.0031    4643.8130 3.083731e+01  73.451399  74.654824  79.777481
0.0016 0.0031    4690.7590 3.226757e+01  72.812068  74.327266  79.192817
0.0017 0.0031    4733.2010 3.361149e+01  72.177195  74.001312  78.613433
0.0018 0.0031    4770.5770 3.487379e+01  71.551304  73.677240  78.042994
0.0019 0.0031    4802.4510 3.605425e+01  70.934152  73.359581  77.487670
0.0020 0.0031    4828.5080 3.716143e+01  70.330263  73.042503  76.942233
0.0021 0.0031    4848.5490 3.819819e+01  69.741815  72.730458  76.413402
0.0022 0.0031    4862.4800 3.916714e+01  69.169534  72.422332  75.897335
0.0023 0.0031    4870.3020 4.007492e+01  68.616132  72.118603  75.397968
0.0024 0.0031    4872.1010 4.092642e+01  68.082784  71.821299  74.906475
0.0025 0.0031    4868.0280 4.172012e+01  67.567995  71.527281  74.441807
0.0026 0.0031    4858.2960 4.246367e+01  67.072793  71.239156  73.988347
0.0027 0.0031    4843.1630 4.315983e+01  66.595993  70.956388  73.547780
0.0028 0.0031    4822.9250 4.381016e+01  66.140545  70.680206  73.126004
0.0029 0.0031    4797.9010 4.442001e+01  65.704170  70.409275  72.713221
0.0030 0.0031    4768.4280 4.499169e+01  65.285850  70.144852  72.313477
0.0031 0.0031    4734.8500 4.552532e+01  64.887057  69.886947  71.938958
0.0032 0.0031    4697.5150 4.602591e+01  64.507640  69.633421  71.568529
0.0033 0.0031    4656.7640 4.649508e+01  64.144419  69.386093  71.218168
0.0034 0.0031    4612.9320 4.693448e+01  63.800114  69.147914  70.885540
0.0035 0.0031    4566.3400 4.734766e+01  63.470659  68.913712  70.558814
0.0036 0.0031    4517.2960 4.773318e+01  63.160762  68.686246  70.250960
0.0037 0.0031    4466.0900 4.809585e+01  62.863670  68.465398  69.954356
0.0038 0.0031    4412.9990 4.843496e+01  62.583486  68.250683  69.664806
0.0039 0.0031    4358.2770 4.875403e+01  62.317045  68.041595  69.390669
0.0040 0.0031    4302.1620 4.905516e+01  62.063960  67.838191  69.126941
0.0041 0.0031    4244.8760 4.933522e+01  61.825670  67.640983  68.875937
0.0042 0.0031    4186.6220 4.959905e+01  61.599595  67.449780  68.635036
0.0043 0.0031    4127.5850 4.984598e+01  61.385783  67.263945  68.403250
0.0044 0.0031    4067.9380 5.007977e+01  61.183030  67.084223  68.181823
0.0045 0.0031    4007.8340 5.029785e+01  60.992481  66.910258  67.970080
0.0046 0.0031    3947.4170 5.050264e+01  60.812341  66.741820  67.769681
0.0047 0.0031    3886.8130 5.069511e+01  60.641809  66.579264  67.577940
0.0048 0.0031    3826.1400 5.087938e+01  60.481217  66.419894  67.368222
0.0049 0.0031    3765.5020 5.104768e+01  60.331229  66.265518  67.212266
0.0050 0.0031    3704.9930 5.120742e+01  60.190021  66.118093  67.044093
0.0051 0.0031    3644.6990 5.135803e+01  60.056221  65.974296  66.883218
0.0052 0.0031    3584.6950 5.149924e+01  59.931195  65.836148  66.731503
0.0053 0.0031    3525.0490 5.163264e+01  59.813346  65.702972  66.580666
0.0054 0.0031    3465.8220 5.175743e+01  59.702597  65.573940  66.438257
0.0055 0.0031    3407.0680 5.187450e+01  59.599422  65.449687  66.303758
0.0056 0.0031    3348.8350 5.198538e+01  59.502317  65.328995  66.172459
0.0057 0.0031    3291.1680 5.208786e+01  59.413265  65.213809  66.051232
0.0058 0.0031    3234.1080 5.218524e+01  59.329109  65.103053  65.938910
0.0059 0.0031    3177.6900 5.227627e+01  59.251393  64.996113  65.824817
0.0060 0.0031    3121.9460 5.236167e+01  59.179239  64.893345  65.718983
0.0061 0.0031    3066.9020 5.244074e+01  59.113582  64.794400  65.616277
0.0062 0.0031    3012.5820 5.251628e+01  59.050611  64.699365  65.519608
0.0063 0.0031    2959.0060 5.258550e+01  58.993585  64.607862  65.424824
0.0064 0.0031    2906.1890 5.265162e+01  58.942241  64.520516  65.344056
0.0065 0.0031    2854.1460 5.271255e+01  58.895409  64.436396  65.261126
0.0066 0.0031    2802.8880 5.276982e+01  58.852202  64.355311  65.182325
0.0067 0.0031    2752.4240 5.282327e+01  58.813670  64.277852  65.108658
0.0068 0.0031    2702.7600 5.287484e+01  58.777965  64.201932  65.033540
0.0069 0.0031    2653.9010 5.291978e+01  58.747828  64.133314  64.973296
0.0070 0.0031    2605.8490 5.296299e+01  58.720301  64.066367  64.913764
0.0071 0.0031    2558.6060 5.300335e+01  58.696171  64.002417  64.855756
0.0072 0.0031    2512.1710 5.304192e+01  58.675546  63.941068  64.799272
0.0073 0.0031    2466.5420 5.307649e+01  58.659171  63.883720  64.751884
0.0074 0.0031    2421.7160 5.310939e+01  58.645476  63.829362  64.702851
0.0075 0.0031    2377.6900 5.314012e+01  58.634468  63.777688  64.660458
0.0076 0.0031    2334.4580 5.316892e+01  58.625593  63.728943  64.619273
0.0077 0.0031    2292.0140 5.319536e+01  58.620614  63.682848  64.579363
0.0078 0.0031    2250.3510 5.321974e+01  58.618001  63.639317  64.543729
0.0079 0.0031    2209.4630 5.324310e+01  58.617432  63.598046  64.509964
0.0080 0.0031    2169.3400 5.326486e+01  58.618905  63.559712  64.475691
0.0081 0.0031    2129.9750 5.328452e+01  58.623468  63.523577  64.449197
0.0082 0.0031    2091.3570 5.330295e+01  58.630616  63.490322  64.426026
0.0083 0.0031    2053.4790 5.332012e+01  58.639745  63.459947  64.404759
0.0084 0.0031    2016.3290 5.333589e+01  58.650194  63.431672  64.381555
0.0085 0.0031    1979.8970 5.334997e+01  58.662774  63.405120  64.362768
0.0086 0.0031    1944.1740 5.336312e+01  58.677341  63.380802  64.347800
0.0087 0.0031    1909.1480 5.337538e+01  58.693754  63.358453  64.334112
0.0088 0.0031    1874.8080 5.338658e+01  58.711143  63.338563  64.320902
0.0089 0.0031    1841.1430 5.339719e+01  58.730472  63.320554  64.309332
0.0090 0.0031    1808.1430 5.340624e+01  58.751728  63.304086  64.299743
0.0091 0.0031    1775.7960 5.341456e+01  58.774652  63.289801  64.291901
0.0092 0.0031    1744.0910 5.342191e+01  58.798971  63.277238  64.286655
0.0093 0.0031    1713.0160 5.342915e+01  58.823645  63.266715  64.281577
0.0094 0.0031    1682.5600 5.343539e+01  58.850365  63.258033  64.283191
0.0095 0.0031    1652.7120 5.344114e+01  58.878380  63.251123  64.283467
0.0096 0.0031       0.0000 5.344603e+01  58.907524  63.245721  64.283971
0.0097 0.0031       0.0000 5.345022e+01  58.937959  63.241465  64.284903
0.0098 0.0031       0.0000 5.345424e+01  58.969570  63.239433  64.289841
0.0099 0.0031       0.0000 5.345822e+01  59.001926  63.239096  64.295606
0.0100 0.0031       0.0000 5.346179e+01  59.035178  63.239998  64.301785
0.0000 0.0032    3751.9760 0.000000e+00  54.068663  54.068086  58.768583
0.0001 0.0032    3755.7100 2.120770e+00  78.931614  78.624618  87.748378
0.0002 0.0032    3766.8350 4.350122e+00  79.027813  78.484309  87.300836
0.0003 0.0032    3785.1230 6.633278e+00  78.996446  78.280036  86.822426
0.0004 0.0032    3810.2020 8.932138e+00  78.859175  78.034018  86.311161
0.0005 0.0032    3841.5600 1.121986e+01  78.629074  77.767259  85.775729
0.0006 0.0032    3878.5620 1.347372e+01  78.320251  77.485994  85.222853
0.0007 0.0032    3920.4610 1.567203e+01  77.942852  77.191157  84.658819
0.0008 0.0032    3966.4200 1.780324e+01  77.502811  76.888694  84.088687
0.0009 0.0032    4015.5320 1.985335e+01  77.014086  76.578444  83.508530
0.0010 0.0032    4066.8470 2.181932e+01  76.482821  76.263818  82.917957
0.0011 0.0032    4119.3910 2.369292e+01  75.919938  75.947813  82.329560
0.0012 0.0032    4172.1970 2.547303e+01  75.331876  75.628775  81.737128
0.0013 0.0032    4224.3280 2.716001e+01  74.728057  75.309078  81.148040
0.0014 0.0032    4274.8940 2.875601e+01  74.110465  74.988452  80.561607
0.0015 0.0032    4323.0790 3.026037e+01  73.488834  74.668323  79.977449
0.0016 0.0032    4368.1480 3.167638e+01  72.867323  74.351385  79.407797
0.0017 0.0032    4409.4640 3.300892e+01  72.248429  74.036043  78.843538
0.0018 0.0032    4446.4910 3.425987e+01  71.635250  73.721560  78.289924
0.0019 0.0032    4478.8000 3.543449e+01  71.034401  73.411146  77.747599
0.0020 0.0032    4506.0640 3.653587e+01  70.445271  73.103609  77.215697
0.0021 0.0032    4528.0580 3.757078e+01  69.869801  72.800704  76.692818
0.0022 0.0032    4544.6500 3.853964e+01  69.310308  72.501483  76.189215
0.0023 0.0032    4555.7930 3.944855e+01  68.770419  72.206931  75.704613
0.0024 0.0032    4561.5170 4.029967e+01  68.246085  71.916373  75.224563
0.0025 0.0032    4561.9150 4.109651e+01  67.741577  71.631351  74.763103
0.0026 0.0032    4557.1400 4.184394e+01  67.254764  71.350583  74.315524
0.0027 0.0032    4547.3880 4.254392e+01  66.786817  71.076018  73.878957
0.0028 0.0032    4532.8940 4.319878e+01  66.338814  70.806561  73.462160
0.0029 0.0032    4513.9190 4.381433e+01  65.907899  70.541813  73.059444
0.0030 0.0032    4490.7440 4.439145e+01  65.495949  70.283945  72.668044
0.0031 0.0032    4463.6620 4.493302e+01  65.101426  70.030977  72.285998
0.0032 0.0032    4432.9690 4.543990e+01  64.725451  69.784151  71.924392
0.0033 0.0032    4398.9660 4.591603e+01  64.367676  69.543072  71.576375
0.0034 0.0032    4361.9450 4.636309e+01  64.026387  69.307846  71.240187
0.0035 0.0032    4322.1930 4.678442e+01  63.698799  69.078283  70.911259
0.0036 0.0032    4279.9860 4.717748e+01  63.392061  68.855399  70.606030
0.0037 0.0032    4235.5890 4.754819e+01  63.097449  68.637695  70.302931
0.0038 0.0032    4189.2530 4.789576e+01  62.817915  68.426601  70.016734
0.0039 0.0032    4141.2120 4.822289e+01  62.552970  68.220384  69.743276
0.0040 0.0032    4091.6880 4.852985e+01  62.301475  68.020097  69.479818
0.0041 0.0032    4040.8880 4.881912e+01  62.062637  67.826023  69.225919
0.0042 0.0032    3989.0020 4.909060e+01  61.836240  67.636034  68.982253
0.0043 0.0032    3936.2080 4.934695e+01  61.620776  67.452977  68.748820
0.0044 0.0032    3882.6680 4.958694e+01  61.418700  67.276291  68.525191
0.0045 0.0032    3828.5320 4.981355e+01  61.227326  67.103114  68.310669
0.0046 0.0032    3773.9370 5.002596e+01  61.046686  66.935377  68.107064
0.0047 0.0032    3719.0090 5.022647e+01  60.874922  66.773466  67.909567
0.0048 0.0032    3663.8600 5.041478e+01  60.714753  66.614954  67.724099
0.0049 0.0032    3608.5950 5.059515e+01  60.561842  66.463204  67.521167
0.0050 0.0032    3553.3080 5.076186e+01  60.418935  66.315722  67.348969
0.0051 0.0032    3498.0850 5.091773e+01  60.284773  66.172726  67.204255
0.0052 0.0032    3443.0010 5.106619e+01  60.157704  66.034248  67.047692
0.0053 0.0032    3388.1270 5.120774e+01  60.037657  65.900526  66.888989
0.0054 0.0032    3333.5250 5.133802e+01  59.926309  65.772440  66.748932
0.0055 0.0032    3279.2520 5.146202e+01  59.821500  65.648308  66.609392
0.0056 0.0032    3225.3580 5.157825e+01  59.723938  65.528189  66.481957
0.0057 0.0032    3171.8940 5.168906e+01  59.631130  65.410908  66.352544
0.0058 0.0032    3118.9010 5.179167e+01  59.545953  65.300836  66.234415
0.0059 0.0032    3066.4170 5.188791e+01  59.466473  65.193428  66.121244
0.0060 0.0032    3014.4770 5.197906e+01  59.392361  65.089583  66.016578
0.0061 0.0032    2963.1110 5.206550e+01  59.323128  64.989873  65.908938
0.0062 0.0032    2912.3450 5.214586e+01  59.259914  64.894064  65.808164
0.0063 0.0032    2862.2020 5.222272e+01  59.199490  64.801959  65.709824
0.0064 0.0032    2812.7020 5.229302e+01  59.146631  64.713392  65.622802
0.0065 0.0032    2763.8610 5.235977e+01  59.096994  64.628171  65.536350
0.0066 0.0032    2715.6940 5.242291e+01  59.052273  64.545604  65.453475
0.0067 0.0032    2668.2140 5.248100e+01  59.011385  64.467719  65.378730
0.0068 0.0032    2621.4290 5.253572e+01  58.974445  64.392862  65.308187
0.0069 0.0032    2575.3480 5.258765e+01  58.941324  64.320957  65.237559
0.0070 0.0032    2529.9760 5.263636e+01  58.911655  64.252915  65.172219
0.0071 0.0032    2485.3180 5.268159e+01  58.886203  64.187533  65.109624
0.0072 0.0032    2441.3760 5.272419e+01  58.863681  64.125743  65.054362
0.0073 0.0032    2398.1510 5.276421e+01  58.844452  64.066552  64.999142
0.0074 0.0032    2355.6440 5.280189e+01  58.828638  64.010940  64.950715
0.0075 0.0032    2313.8540 5.283744e+01  58.815432  63.958504  64.903735
0.0076 0.0032    2272.7770 5.287023e+01  58.805339  63.908497  64.860040
0.0077 0.0032    2232.4110 5.290174e+01  58.797573  63.861038  64.817903
0.0078 0.0032    2192.7520 5.293104e+01  58.792255  63.816079  64.779171
0.0079 0.0032    2153.7950 5.295811e+01  58.790417  63.773925  64.742919
0.0080 0.0032    2115.5340 5.298361e+01  58.790750  63.734081  64.708759
0.0081 0.0032    2077.9640 5.300792e+01  58.792877  63.696225  64.675582
0.0082 0.0032    2041.0770 5.303039e+01  58.797368  63.662153  64.647558
0.0083 0.0032    2004.8660 5.305082e+01  58.805264  63.630029  64.624043
0.0084 0.0032    1969.3240 5.307080e+01  58.813437  63.600527  64.599721
0.0085 0.0032    1934.4430 5.308838e+01  58.824339  63.572404  64.581228
0.0086 0.0032    1900.2140 5.310615e+01  58.836399  63.546303  64.559102
0.0087 0.0032    1866.6280 5.312206e+01  58.850781  63.523173  64.541809
0.0088 0.0032    1833.6780 5.313696e+01  58.866569  63.501977  64.526493
0.0089 0.0032    1801.3520 5.315032e+01  58.884584  63.482353  64.517080
0.0090 0.0032    1769.6440 5.316360e+01  58.903857  63.464835  64.504778
0.0091 0.0032    1738.5420 5.317548e+01  58.924614  63.449273  64.495928
0.0092 0.0032    1708.0370 5.318664e+01  58.946700  63.435035  64.490295
0.0093 0.0032    1678.1200 5.319673e+01  58.970115  63.422836  64.481205
0.0094 0.0032    1648.7810 5.320626e+01  58.995320  63.412663  64.477929
0.0095 0.0032       0.0000 5.321510e+01  59.021507  63.404167  64.473189
0.0096 0.0032       0.0000 5.322344e+01  59.048964  63.397069  64.470869
0.0097 0.0032       0.0000 5.323112e+01  59.077501  63.392201  64.471133
0.0098 0.0032       0.0000 5.323821e+01  59.107283  63.388512  64.474662
0.0099 0.0032       0.0000 5.324470e+01  59.138022  63.386319  64.476193
0.0100 0.0032       0.0000 5.325131e+01  59.169691  63.385899  64.478237
0.0000 0.0033    3505.2810 5.818825e-07  53.856332  53.855799  58.461133
0.0001 0.0033    3508.6510 2.077052e+00  78.852500  78.560702  87.720782
0.0002 0.0033    3518.6970 4.258964e+00  78.935906  78.418823  87.281109
0.0003 0.0033    3535.2220 6.493223e+00  78.897869  78.217009  86.818443
0.0004 0.0033    3557.9060 8.744142e+00  78.760050  77.978077  86.319567
0.0005 0.0033    3586.3080 1.098336e+01  78.533928  77.717462  85.799532
0.0006 0.0033    3619.8800 1.319059e+01  78.232005  77.439716  85.265968
0.0007 0.0033    3657.9800 1.534644e+01  77.861701  77.150895  84.714829
0.0008 0.0033    3699.8830 1.743619e+01  77.434828  76.855965  84.167694
0.0009 0.0033    3744.8030 1.944912e+01  76.960011  76.554680  83.602035
0.0010 0.0033    3791.9130 2.138201e+01  76.445159  76.247828  83.029405
0.0011 0.0033    3840.3650 2.322494e+01  75.899076  75.940607  82.459940
0.0012 0.0033    3889.3070 2.497848e+01  75.328015  75.630056  81.889317
0.0013 0.0033    3937.9100 2.664069e+01  74.741538  75.319337  81.318026
0.0014 0.0033    3985.3830 2.821567e+01  74.142751  75.007632  80.748514
0.0015 0.0033    4030.9880 2.970244e+01  73.538140  74.696662  80.186482
0.0016 0.0033    4074.0580 3.110517e+01  72.932178  74.388530  79.626508
0.0017 0.0033    4114.0010 3.242515e+01  72.329303  74.077164  79.078517
0.0018 0.0033    4150.3130 3.366904e+01  71.732284  73.771681  78.539213
0.0019 0.0033    4182.5770 3.483494e+01  71.146810  73.469045  78.008846
0.0020 0.0033    4210.4670 3.593173e+01  70.571311  73.172404  77.491394
0.0021 0.0033    4233.7410 3.696146e+01  70.009691  72.878032  76.986780
0.0022 0.0033    4252.2430 3.792905e+01  69.462781  72.587063  76.490345
0.0023 0.0033    4265.8910 3.883575e+01  68.932288  72.301681  76.009055
0.0024 0.0033    4274.6720 3.968680e+01  68.418061  72.017537  75.543232
0.0025 0.0033    4278.6360 4.048736e+01  67.921859  71.740436  75.076706
0.0026 0.0033    4277.8840 4.123634e+01  67.443995  71.467121  74.641641
0.0027 0.0033    4272.5630 4.193908e+01  66.982725  71.198694  74.211831
0.0028 0.0033    4262.8560 4.259985e+01  66.540688  70.934963  73.799588
0.0029 0.0033    4248.9750 4.321950e+01  66.116271  70.677059  73.397034
0.0030 0.0033    4231.1510 4.380244e+01  65.711034  70.424988  73.012949
0.0031 0.0033    4209.6300 4.435010e+01  65.320893  70.177451  72.629597
0.0032 0.0033    4184.6690 4.486433e+01  64.948407  69.935752  72.270282
0.0033 0.0033    4156.5240 4.534600e+01  64.594946  69.699892  71.927082
0.0034 0.0033    4125.4540 4.580002e+01  64.256716  69.468461  71.589609
0.0035 0.0033    4091.7120 4.622652e+01  63.933836  69.244514  71.268946
0.0036 0.0033    4055.5450 4.662763e+01  63.626739  69.025189  70.959249
0.0037 0.0033    4017.1910 4.700507e+01  63.334772  68.811075  70.658903
0.0038 0.0033    3976.8780 4.736159e+01  63.055134  68.602743  70.369656
0.0039 0.0033    3934.8210 4.769535e+01  62.791540  68.399783  70.092737
0.0040 0.0033    3891.2230 4.801000e+01  62.541080  68.202593  69.827821
0.0041 0.0033    3846.2780 4.830666e+01  62.302547  68.010676  69.576092
0.0042 0.0033    3800.1630 4.858521e+01  62.076981  67.824285  69.331488
0.0043 0.0033    3753.0440 4.884802e+01  61.862971  67.642524  69.097938
0.0044 0.0033    3705.0760 4.909704e+01  61.658984  67.466683  68.866396
0.0045 0.0033    3656.4010 4.933038e+01  61.467182  67.295980  68.652784
0.0046 0.0033    3607.1520 4.955187e+01  61.283563  67.129389  68.442129
0.0047 0.0033    3557.4470 4.975848e+01  61.113321  66.968365  68.244988
0.0048 0.0033    3507.3990 4.995361e+01  60.950859  66.812096  68.057217
0.0049 0.0033    3457.1090 5.013885e+01  60.798304  66.660597  67.874384
0.0050 0.0033    3406.6690 5.031358e+01  60.652811  66.513440  67.696003
0.0051 0.0033    3356.1630 5.048019e+01  60.516460  66.371709  67.507832
0.0052 0.0033    3305.6690 5.063524e+01  60.388004  66.234450  67.346806
0.0053 0.0033    3255.2570 5.077952e+01  60.268118  66.100961  67.213631
0.0054 0.0033    3204.9880 5.091841e+01  60.153733  65.971265  67.061565
0.0055 0.0033    3154.9230 5.104782e+01  60.047880  65.847157  66.923877
0.0056 0.0033    3105.1140 5.117069e+01  59.947809  65.727479  66.790350
0.0057 0.0033    3055.6130 5.128633e+01  59.854503  65.611084  66.662090
0.0058 0.0033    3006.4620 5.139693e+01  59.765729  65.498346  66.533432
0.0059 0.0033    2957.7030 5.149886e+01  59.684797  65.391302  66.418863
0.0060 0.0033    2909.3710 5.159655e+01  59.608410  65.287213  66.306068
0.0061 0.0033    2861.4990 5.168739e+01  59.537884  65.186836  66.200867
0.0062 0.0033    2814.1150 5.177305e+01  59.472680  65.090423  66.101261
0.0063 0.0033    2767.2450 5.185617e+01  59.409729  64.997552  65.998348
0.0064 0.0033    2720.9110 5.193201e+01  59.354650  64.907706  65.906802
0.0065 0.0033    2675.1330 5.200444e+01  59.303081  64.821365  65.817155
0.0066 0.0033    2629.9270 5.207383e+01  59.253677  64.739203  65.731428
0.0067 0.0033    2585.3090 5.213521e+01  59.214336  64.658981  65.651251
0.0068 0.0033    2541.2900 5.219605e+01  59.174155  64.582929  65.574320
0.0069 0.0033    2497.8810 5.225257e+01  59.138770  64.510816  65.504485
0.0070 0.0033    2455.0910 5.230698e+01  59.106689  64.440556  65.432437
0.0071 0.0033    2412.9260 5.235700e+01  59.078967  64.374911  65.371615
0.0072 0.0033    2371.3920 5.240480e+01  59.054809  64.311761  65.307208
0.0073 0.0033    2330.4930 5.244943e+01  59.033407  64.252000  65.253086
0.0074 0.0033    2290.2310 5.249144e+01  59.015477  64.194883  65.199239
0.0075 0.0033    2250.6080 5.253251e+01  59.000033  64.140278  65.146820
0.0076 0.0033    2211.6230 5.256941e+01  58.987936  64.090037  65.104377
0.0077 0.0033    2173.2770 5.260503e+01  58.978100  64.041247  65.060262
0.0078 0.0033    2135.5660 5.263977e+01  58.970473  63.993033  65.011972
0.0079 0.0033    2098.4900 5.267007e+01  58.967335  63.951558  64.982839
0.0080 0.0033    2062.0450 5.269994e+01  58.965033  63.910268  64.942177
0.0081 0.0033    2026.2260 5.272793e+01  58.965629  63.871915  64.907672
0.0082 0.0033    1991.0290 5.275469e+01  58.968314  63.835355  64.876903
0.0083 0.0033    1956.4490 5.277973e+01  58.972979  63.802821  64.847038
0.0084 0.0033    1922.4810 5.280303e+01  58.980225  63.771502  64.821441
0.0085 0.0033    1889.1180 5.282467e+01  58.989320  63.742014  64.798609
0.0086 0.0033    1856.3540 5.284552e+01  58.999801  63.714857  64.775926
0.0087 0.0033    1824.1830 5.286548e+01  59.011790  63.690060  64.758934
0.0088 0.0033    1792.5970 5.288418e+01  59.025490  63.666907  64.737135
0.0089 0.0033    1761.5880 5.290110e+01  59.041469  63.646527  64.724503
0.0090 0.0033    1731.1500 5.291707e+01  59.059436  63.627328  64.710487
0.0091 0.0033    1701.2740 5.293284e+01  59.078148  63.610403  64.698597
0.0092 0.0033    1671.9530 5.294694e+01  59.098967  63.594738  64.688508
0.0093 0.0033    1643.1780 5.296081e+01  59.120665  63.581344  64.681386
0.0094 0.0033    1614.9410 5.297399e+01  59.143323  63.569662  64.671389
0.0095 0.0033       0.0000 5.298621e+01  59.167694  63.559832  64.666425
0.0096 0.0033       0.0000 5.299721e+01  59.193143  63.551446  64.663158
0.0097 0.0033       0.0000 5.300753e+01  59.220556  63.545017  64.664291
0.0098 0.0033       0.0000 5.301798e+01  59.248329  63.539878  64.662742
0.0099 0.0033       0.0000 5.302810e+01  59.277380  63.536421  64.661048
0.0100 0.0033       0.0000 5.303734e+01  59.307304  63.534484  64.661677
0.0000 0.0034    3279.6220 5.613656e-07  53.657664  53.657093  58.172960
0.0001 0.0034    3282.6760 2.034915e+00  78.790070  78.509481  87.715432
0.0002 0.0034    3291.7840 4.171703e+00  78.863571  78.370022  87.282759
0.0003 0.0034    3306.7750 6.359731e+00  78.819827  78.172184  86.830620
0.0004 0.0034    3327.3700 8.563945e+00  78.680795  77.937581  86.342254
0.0005 0.0034    3353.1890 1.075780e+01  78.456295  77.682585  85.841383
0.0006 0.0034    3383.7550 1.292082e+01  78.161713  77.411138  85.319815
0.0007 0.0034    3418.5100 1.503462e+01  77.802634  77.129696  84.790215
0.0008 0.0034    3456.8240 1.708394e+01  77.386904  76.841472  84.259694
0.0009 0.0034    3498.0130 1.906298e+01  76.924567  76.545857  83.707194
0.0010 0.0034    3541.3520 2.096169e+01  76.421812  76.246031  83.151506
0.0011 0.0034    3586.0960 2.277315e+01  75.895461  75.947219  82.603149
0.0012 0.0034    3631.4960 2.450044e+01  75.341245  75.644227  82.049789
0.0013 0.0034    3676.8170 2.614174e+01  74.768818  75.340262  81.492348
0.0014 0.0034    3721.3500 2.769548e+01  74.187037  75.037908  80.940718
0.0015 0.0034    3764.4330 2.916480e+01  73.598614  74.734644  80.395407
0.0016 0.0034    3805.4560 3.055277e+01  73.007782  74.433869  79.852095
0.0017 0.0034    3843.8760 3.186117e+01  72.420092  74.133884  79.313379
0.0018 0.0034    3879.2200 3.309249e+01  71.840195  73.836790  78.791658
0.0019 0.0034    3911.0910 3.425238e+01  71.266905  73.542793  78.272263
0.0020 0.0034    3939.1650 3.534315e+01  70.703579  73.252160  77.764541
0.0021 0.0034    3963.1980 3.636862e+01  70.155671  72.964442  77.271463
0.0022 0.0034    3983.0150 3.733326e+01  69.619784  72.679096  76.786170
0.0023 0.0034    3998.5110 3.823895e+01  69.099790  72.400309  76.315053
0.0024 0.0034    4009.6410 3.908977e+01  68.595167  72.124941  75.849573
0.0025 0.0034    4016.4200 3.989108e+01  68.107513  71.852893  75.391898
0.0026 0.0034    4018.9110 4.064152e+01  67.637396  71.587176  74.968247
0.0027 0.0034    4017.2190 4.134791e+01  67.184790  71.325286  74.547809
0.0028 0.0034    4011.4840 4.201222e+01  66.748864  71.068365  74.132775
0.0029 0.0034    4001.8740 4.263578e+01  66.329818  70.815833  73.736579
0.0030 0.0034    3988.5800 4.322290e+01  65.929421  70.569061  73.354777
0.0031 0.0034    3971.8090 4.377657e+01  65.544046  70.328647  72.980384
0.0032 0.0034    3951.7770 4.429498e+01  65.177020  70.091029  72.622219
0.0033 0.0034    3928.7060 4.478355e+01  64.825524  69.859058  72.276666
0.0034 0.0034    3902.8210 4.524439e+01  64.488339  69.631958  71.939680
0.0035 0.0034    3874.3450 4.567717e+01  64.170431  69.410304  71.617001
0.0036 0.0034    3843.4990 4.608557e+01  63.864507  69.196248  71.311936
0.0037 0.0034    3810.4950 4.646861e+01  63.575799  68.985431  71.012087
0.0038 0.0034    3775.5380 4.683072e+01  63.298849  68.780197  70.724722
0.0039 0.0034    3738.8250 4.717211e+01  63.034513  68.579725  70.445322
0.0040 0.0034    3700.5440 4.749382e+01  62.785222  68.386550  70.182872
0.0041 0.0034    3660.8690 4.779809e+01  62.546057  68.195868  69.921646
0.0042 0.0034    3619.9690 4.808372e+01  62.320859  68.011754  69.678732
0.0043 0.0034    3577.9970 4.835370e+01  62.106463  67.833799  69.441173
0.0044 0.0034    3535.0990 4.860875e+01  61.903095  67.659075  69.216308
0.0045 0.0034    3491.4090 4.884936e+01  61.710001  67.488798  68.996527
0.0046 0.0034    3447.0530 4.907696e+01  61.527305  67.324203  68.786197
0.0047 0.0034    3402.1460 4.929163e+01  61.354625  67.164333  68.582946
0.0048 0.0034    3356.7950 4.949403e+01  61.191669  67.009061  68.390119
0.0049 0.0034    3311.0980 4.968562e+01  61.037253  66.858481  68.207359
0.0050 0.0034    3265.1440 4.986763e+01  60.890229  66.712212  68.026329
0.0051 0.0034    3219.0180 5.003826e+01  60.753581  66.569936  67.853452
0.0052 0.0034    3172.7930 5.020310e+01  60.622503  66.434265  67.662386
0.0053 0.0034    3126.5400 5.035473e+01  60.500415  66.300933  67.516122
0.0054 0.0034    3080.3220 5.049899e+01  60.385069  66.172234  67.366552
0.0055 0.0034    3034.1990 5.063457e+01  60.276363  66.046578  67.236133
0.0056 0.0034    2988.2250 5.076308e+01  60.175285  65.926576  67.099198
0.0057 0.0034    2942.4500 5.088452e+01  60.079475  65.811276  66.967410
0.0058 0.0034    2896.9210 5.099967e+01  59.990584  65.698532  66.843962
0.0059 0.0034    2851.6790 5.110968e+01  59.905624  65.589489  66.716431
0.0060 0.0034    2806.7600 5.121162e+01  59.828515  65.485458  66.605449
0.0061 0.0034    2762.1990 5.130861e+01  59.755563  65.383945  66.490639
0.0062 0.0034    2718.0260 5.140039e+01  59.687723  65.287503  66.389535
0.0063 0.0034    2674.2680 5.148686e+01  59.625025  65.193652  66.288867
0.0064 0.0034    2630.9500 5.156892e+01  59.566342  65.103814  66.193097
0.0065 0.0034    2588.0920 5.164807e+01  59.511370  65.015769  66.096860
0.0066 0.0034    2545.7150 5.171865e+01  59.463343  64.933051  66.009214
0.0067 0.0034    2503.8350 5.178854e+01  59.418433  64.853107  65.929393
0.0068 0.0034    2462.4670 5.185325e+01  59.377922  64.775325  65.849497
0.0069 0.0034    2421.6220 5.191578e+01  59.339839  64.700561  65.769579
0.0070 0.0034    2381.3130 5.197429e+01  59.306123  64.631055  65.701278
0.0071 0.0034    2341.5480 5.203030e+01  59.275730  64.563871  65.632019
0.0072 0.0034    2302.3340 5.208206e+01  59.249082  64.499875  65.570682
0.0073 0.0034    2263.6780 5.213172e+01  59.226171  64.439155  65.511718
0.0074 0.0034    2225.5850 5.217905e+01  59.206211  64.379869  65.453305
0.0075 0.0034    2188.0570 5.222322e+01  59.189226  64.325666  65.400877
0.0076 0.0034    2151.0980 5.226588e+01  59.174399  64.272512  65.349938
0.0077 0.0034    2114.7090 5.230551e+01  59.163113  64.222572  65.302669
0.0078 0.0034    2078.8910 5.234323e+01  59.153838  64.175397  65.260806
0.0079 0.0034    2043.6420 5.237898e+01  59.147506  64.130540  65.218007
0.0080 0.0034    2008.9610 5.241278e+01  59.143699  64.088562  65.181454
0.0081 0.0034    1974.8480 5.244525e+01  59.141787  64.049011  65.144101
0.0082 0.0034    1941.2980 5.247566e+01  59.142448  64.011254  65.111552
0.0083 0.0034    1908.3100 5.250518e+01  59.145230  63.976928  65.077256
0.0084 0.0034    1875.8790 5.253200e+01  59.150551  63.944186  65.046015
0.0085 0.0034    1844.0000 5.255791e+01  59.156933  63.913595  65.023827
0.0086 0.0034    1812.6700 5.258224e+01  59.166111  63.885122  64.998430
0.0087 0.0034    1781.8830 5.260586e+01  59.176322  63.859270  64.974434
0.0088 0.0034    1751.6340 5.262758e+01  59.188750  63.834774  64.955967
0.0089 0.0034    1721.9180 5.264936e+01  59.201786  63.812264  64.934620
0.0090 0.0034    1692.7270 5.266912e+01  59.217773  63.792118  64.921155
0.0091 0.0034    1664.0560 5.268671e+01  59.236024  63.773441  64.908017
0.0092 0.0034    1635.8990 5.270556e+01  59.253160  63.756693  64.890920
0.0093 0.0034    1608.2480 5.272219e+01  59.273616  63.742047  64.881653
0.0094 0.0034    1581.0970 5.273839e+01  59.294846  63.729086  64.875450
0.0095 0.0034       0.0000 5.275401e+01  59.317101  63.717611  64.863812
0.0096 0.0034       0.0000 5.276886e+01  59.340479  63.708097  64.854782
0.0097 0.0034       0.0000 5.278281e+01  59.365723  63.700151  64.849477
0.0098 0.0034       0.0000 5.279607e+01  59.391977  63.693809  64.848105
0.0099 0.0034       0.0000 5.280874e+01  59.419251  63.688858  64.846262
0.0100 0.0034       0.0000 5.282094e+01  59.447552  63.685661  64.844891
0.0000 0.0035    3072.7380 1.889149e-07  53.474086  53.473716  57.903856
0.0001 0.0035    3075.5170 1.994967e+00  78.743032  78.473612  87.720619
0.0002 0.0035    3083.8050 4.088871e+00  78.805605  78.333891  87.298883
0.0003 0.0035    3097.4540 6.231414e+00  78.758627  78.139958  86.855224
0.0004 0.0035    3116.2210 8.391125e+00  78.620519  77.911023  86.383923
0.0005 0.0035    3139.7730 1.054108e+01  78.399403  77.657977  85.892970
0.0006 0.0035    3167.6940 1.266106e+01  78.109775  77.395101  85.387947
0.0007 0.0035    3199.4950 1.473484e+01  77.757719  77.119439  84.869007
0.0008 0.0035    3234.6270 1.674696e+01  77.356149  76.837460  84.347571
0.0009 0.0035    3272.4870 1.869065e+01  76.904983  76.549904  83.821387
0.0010 0.0035    3312.4400 2.055529e+01  76.418335  76.258654  83.284498
0.0011 0.0035    3353.8290 2.234098e+01  75.902970  75.964882  82.742517
0.0012 0.0035    3395.9910 2.404255e+01  75.363903  75.670197  82.210392
0.0013 0.0035    3438.2700 2.565913e+01  74.808039  75.372030  81.671739
0.0014 0.0035    3480.0350 2.719304e+01  74.241466  75.077728  81.137482
0.0015 0.0035    3520.6860 2.864605e+01  73.667729  74.783606  80.606831
0.0016 0.0035    3559.6710 3.001790e+01  73.093602  74.488435  80.076100
0.0017 0.0035    3596.4880 3.131389e+01  72.520931  74.197992  79.554953
0.0018 0.0035    3630.6990 3.253531e+01  71.952164  73.907531  79.039709
0.0019 0.0035    3661.9250 3.368732e+01  71.394554  73.620734  78.538188
0.0020 0.0035    3689.8560 3.477097e+01  70.845585  73.336375  78.042614
0.0021 0.0035    3714.2440 3.579184e+01  70.307413  73.055643  77.556615
0.0022 0.0035    3734.9080 3.675227e+01  69.783458  72.779303  77.081517
0.0023 0.0035    3751.7240 3.765654e+01  69.271909  72.505462  76.613705
0.0024 0.0035    3764.6280 3.850772e+01  68.775844  72.237306  76.159033
0.0025 0.0035    3773.6060 3.930825e+01  68.298873  71.971876  75.702292
0.0026 0.0035    3778.6910 4.006047e+01  67.835751  71.712009  75.293255
0.0027 0.0035    3779.9520 4.076954e+01  67.389924  71.455033  74.867586
0.0028 0.0035    3777.4960 4.143499e+01  66.961321  71.204304  74.467888
0.0029 0.0035    3771.4550 4.206274e+01  66.547956  70.956511  74.071847
0.0030 0.0035    3761.9850 4.265451e+01  66.152810  70.715182  73.691558
0.0031 0.0035    3749.2550 4.321057e+01  65.773613  70.478322  73.329992
0.0032 0.0035    3733.4510 4.373479e+01  65.408851  70.247358  72.971711
0.0033 0.0035    3714.7620 4.422865e+01  65.062542  70.019861  72.628418
0.0034 0.0035    3693.3840 4.469425e+01  64.729700  69.798039  72.293975
0.0035 0.0035    3669.5120 4.513423e+01  64.411876  69.579402  71.969943
0.0036 0.0035    3643.3410 4.554696e+01  64.109071  69.368214  71.665942
0.0037 0.0035    3615.0610 4.593794e+01  63.819518  69.161083  71.366036
0.0038 0.0035    3584.8570 4.630629e+01  63.544878  68.958544  71.078284
0.0039 0.0035    3552.9070 4.665474e+01  63.281130  68.761548  70.795655
0.0040 0.0035    3519.3810 4.698164e+01  63.032947  68.570319  70.534941
0.0041 0.0035    3484.4420 4.729198e+01  62.795324  68.384652  70.277242
0.0042 0.0035    3448.2420 4.758577e+01  62.568181  68.201042  70.026735
0.0043 0.0035    3410.9260 4.786195e+01  62.354385  68.024085  69.789272
0.0044 0.0035    3372.6300 4.812393e+01  62.150315  67.850336  69.558102
0.0045 0.0035    3333.4800 4.837148e+01  61.957283  67.682539  69.339083
0.0046 0.0035    3293.5930 4.860468e+01  61.773610  67.519489  69.127644
0.0047 0.0035    3253.0810 4.882576e+01  61.600043  67.360983  68.925965
0.0048 0.0035    3212.0440 4.903548e+01  61.435552  67.206708  68.727816
0.0049 0.0035    3170.5770 4.923190e+01  61.280560  67.057753  68.543945
0.0050 0.0035    3128.7670 4.942103e+01  61.133362  66.911704  68.360826
0.0051 0.0035    3086.6940 4.959795e+01  60.993936  66.770635  68.187543
0.0052 0.0035    3044.4310 4.976633e+01  60.862048  66.632877  68.017256
0.0053 0.0035    3002.0480 4.992528e+01  60.737733  66.500482  67.859552
0.0054 0.0035    2959.6060 5.007680e+01  60.620032  66.373486  67.682531
0.0055 0.0035    2917.1670 5.022036e+01  60.509793  66.248741  67.538199
0.0056 0.0035    2874.7830 5.035584e+01  60.404748  66.126696  67.410717
0.0057 0.0035    2832.5060 5.048261e+01  60.308356  66.011106  67.277715
0.0058 0.0035    2790.3820 5.060360e+01  60.216540  65.898559  67.149563
0.0059 0.0035    2748.4510 5.071796e+01  60.130753  65.789732  67.023254
0.0060 0.0035    2706.7530 5.082580e+01  60.050597  65.683812  66.900790
0.0061 0.0035    2665.3220 5.092857e+01  59.977170  65.582944  66.792012
0.0062 0.0035    2624.1890 5.102603e+01  59.906921  65.484693  66.682040
0.0063 0.0035    2583.3830 5.111824e+01  59.841830  65.390590  66.579567
0.0064 0.0035    2542.9300 5.120472e+01  59.781533  65.299649  66.482406
0.0065 0.0035    2502.8520 5.128726e+01  59.725617  65.212625  66.387467
0.0066 0.0035    2463.1710 5.136558e+01  59.674484  65.128063  66.295236
0.0067 0.0035    2423.9050 5.144131e+01  59.624597  65.047078  66.203425
0.0068 0.0035    2385.0700 5.150979e+01  59.583752  64.969514  66.125502
0.0069 0.0035    2346.6800 5.157668e+01  59.544365  64.893064  66.042598
0.0070 0.0035    2308.7490 5.163994e+01  59.508659  64.822005  65.973227
0.0071 0.0035    2271.2870 5.170051e+01  59.476229  64.754549  65.902494
0.0072 0.0035    2234.3040 5.175770e+01  59.447596  64.689795  65.834919
0.0073 0.0035    2197.8070 5.181186e+01  59.422402  64.627193  65.770939
0.0074 0.0035    2161.8040 5.186367e+01  59.399942  64.567930  65.711154
0.0075 0.0035    2126.2990 5.191265e+01  59.381018  64.511596  65.654031
0.0076 0.0035    2091.2970 5.195920e+01  59.364407  64.457993  65.600770
0.0077 0.0035    2056.8010 5.200434e+01  59.350561  64.405898  65.548496
0.0078 0.0035    2022.8140 5.204575e+01  59.339821  64.357618  65.503979
0.0079 0.0035    1989.3360 5.208601e+01  59.331172  64.311925  65.458351
0.0080 0.0035    1956.3690 5.212415e+01  59.325134  64.268423  65.414970
0.0081 0.0035    1923.9130 5.216044e+01  59.321354  64.227680  65.378516
0.0082 0.0035    1891.9650 5.219477e+01  59.320202  64.189172  65.343939
0.0083 0.0035    1860.5260 5.222804e+01  59.320856  64.153241  65.309737
0.0084 0.0035    1829.5920 5.225928e+01  59.323351  64.119354  65.275096
0.0085 0.0035    1799.1610 5.228914e+01  59.328337  64.087285  65.247340
0.0086 0.0035    1769.2310 5.231684e+01  59.335241  64.057666  65.223262
0.0087 0.0035    1739.7980 5.234340e+01  59.344001  64.029731  65.195823
0.0088 0.0035    1710.8570 5.236946e+01  59.353991  64.003860  65.170948
0.0089 0.0035    1682.4040 5.239424e+01  59.365363  63.980603  65.150570
0.0090 0.0035    1654.4360 5.241929e+01  59.377920  63.957241  65.126677
0.0091 0.0035    1626.9470 5.243984e+01  59.394274  63.938790  65.117002
0.0092 0.0035    1599.9310 5.246072e+01  59.411115  63.921054  65.102160
0.0093 0.0035    1573.3840 5.248110e+01  59.429491  63.904657  65.086276
0.0094 0.0035       0.0000 5.250072e+01  59.448866  63.890081  65.073323
0.0095 0.0035       0.0000 5.251900e+01  59.469795  63.877413  65.064739
0.0096 0.0035       0.0000 5.253736e+01  59.491268  63.866583  65.052260
0.0097 0.0035       0.0000 5.255401e+01  59.514872  63.857501  65.046492
0.0098 0.0035       0.0000 5.257082e+01  59.539005  63.848825  65.037505
0.0099 0.0035       0.0000 5.258626e+01  59.564725  63.842540  65.029402
0.0100 0.0035       0.0000 5.260027e+01  59.591677  63.838637  65.033592
0.0000 0.0036    2882.6650 0.000000e+00  53.304982  53.304514  57.654712
0.0001 0.0036    2885.2030 1.956584e+00  78.708454  78.451725  87.739273
0.0002 0.0036    2892.7720 4.008769e+00  78.758791  78.311492  87.318269
0.0003 0.0036    2905.2430 6.108447e+00  78.710823  78.119877  86.888173
0.0004 0.0036    2922.4010 8.225151e+00  78.571544  77.895892  86.432508
0.0005 0.0036    2943.9550 1.033338e+01  78.355009  77.648728  85.952794
0.0006 0.0036    2969.5400 1.241270e+01  78.071784  77.390886  85.465669
0.0007 0.0036    2998.7250 1.444762e+01  77.730056  77.121176  84.964292
0.0008 0.0036    3031.0250 1.642269e+01  77.335073  76.846110  84.454907
0.0009 0.0036    3065.9120 1.833186e+01  76.897275  76.564375  83.942835
0.0010 0.0036    3102.8220 2.016773e+01  76.423826  76.279686  83.423181
0.0011 0.0036    3141.1740 2.192337e+01  75.921671  75.993543  82.901737
0.0012 0.0036    3180.3780 2.359926e+01  75.399565  75.705757  82.384300
0.0013 0.0036    3219.8510 2.519473e+01  74.856702  75.417203  81.856552
0.0014 0.0036    3259.0240 2.670821e+01  74.304177  75.127867  81.334406
0.0015 0.0036    3297.3560 2.814282e+01  73.746041  74.840541  80.813652
0.0016 0.0036    3334.3460 2.949990e+01  73.186704  74.553877  80.304439
0.0017 0.0036    3369.5330 3.078346e+01  72.629665  74.268396  79.795560
0.0018 0.0036    3402.5090 3.199463e+01  72.075293  73.985625  79.295566
0.0019 0.0036    3432.9190 3.313695e+01  71.527571  73.704547  78.801304
0.0020 0.0036    3460.4620 3.421449e+01  70.990326  73.427372  78.315952
0.0021 0.0036    3484.8980 3.523025e+01  70.463492  73.153861  77.835637
0.0022 0.0036    3506.0410 3.618650e+01  69.950059  72.883088  77.373191
0.0023 0.0036    3523.7590 3.708708e+01  69.450150  72.616223  76.916937
0.0024 0.0036    3537.9710 3.793792e+01  68.963842  72.353774  76.464225
0.0025 0.0036    3548.6420 3.873757e+01  68.494201  72.095838  76.033986
0.0026 0.0036    3555.7810 3.949232e+01  68.039020  71.840711  75.584540
0.0027 0.0036    3559.4310 4.020098e+01  67.600626  71.590663  75.184416
0.0028 0.0036    3559.6690 4.087070e+01  67.177782  71.342989  74.784275
0.0029 0.0036    3556.5970 4.150089e+01  66.771119  71.103156  74.404793
0.0030 0.0036    3550.3420 4.209465e+01  66.379852  70.864679  74.036826
0.0031 0.0036    3541.0430 4.265428e+01  66.005338  70.633040  73.674054
0.0032 0.0036    3528.8550 4.318312e+01  65.646328  70.404966  73.321437
0.0033 0.0036    3513.9410 4.368195e+01  65.300336  70.182262  72.974775
0.0034 0.0036    3496.4700 4.415257e+01  64.971614  69.963786  72.645378
0.0035 0.0036    3476.6130 4.459743e+01  64.656504  69.750067  72.327375
0.0036 0.0036    3454.5420 4.501584e+01  64.355674  69.540931  72.016105
0.0037 0.0036    3430.4250 4.541215e+01  64.067585  69.337736  71.720123
0.0038 0.0036    3404.4290 4.578685e+01  63.793433  69.138177  71.429703
0.0039 0.0036    3376.7140 4.614009e+01  63.532458  68.944303  71.154471
0.0040 0.0036    3347.4340 4.647521e+01  63.281512  68.756181  70.882298
0.0041 0.0036    3316.7380 4.679144e+01  63.045591  68.571199  70.628365
0.0042 0.0036    3284.7670 4.708990e+01  62.821046  68.391115  70.379207
0.0043 0.0036    3251.6540 4.737327e+01  62.604151  68.214340  70.134442
0.0044 0.0036    3217.5260 4.764161e+01  62.400968  68.043370  69.905183
0.0045 0.0036    3182.5000 4.789513e+01  62.206898  67.877310  69.681500
0.0046 0.0036    3146.6870 4.813571e+01  62.023196  67.714276  69.467994
0.0047 0.0036    3110.1910 4.836250e+01  61.848773  67.557722  69.267181
0.0048 0.0036    3073.1080 4.857826e+01  61.682773  67.404877  69.066222
0.0049 0.0036    3035.5290 4.878318e+01  61.525477  67.255550  68.876049
0.0050 0.0036    2997.5360 4.897631e+01  61.377548  67.110589  68.692222
0.0051 0.0036    2959.2060 4.915925e+01  61.236969  66.970372  68.517701
0.0052 0.0036    2920.6120 4.933317e+01  61.103539  66.833650  68.347604
0.0053 0.0036    2881.8190 4.949850e+01  60.978054  66.701573  68.184241
0.0054 0.0036    2842.8910 4.965567e+01  60.858569  66.573401  68.023479
0.0055 0.0036    2803.8860 4.980562e+01  60.746542  66.450027  67.857088
0.0056 0.0036    2764.8570 4.994616e+01  60.641073  66.329605  67.714039
0.0057 0.0036    2725.8530 5.008114e+01  60.540705  66.212272  67.570994
0.0058 0.0036    2686.9220 5.020492e+01  60.448688  66.098769  67.459075
0.0059 0.0036    2648.1040 5.032466e+01  60.360900  65.989833  67.331216
0.0060 0.0036    2609.4370 5.043843e+01  60.278606  65.884071  67.211402
0.0061 0.0036    2570.9570 5.054755e+01  60.200838  65.781751  67.093076
0.0062 0.0036    2532.6970 5.064904e+01  60.130147  65.683908  66.982003
0.0063 0.0036    2494.6840 5.074723e+01  60.062201  65.588551  66.872546
0.0064 0.0036    2456.9470 5.083854e+01  60.000324  65.497063  66.765680
0.0065 0.0036    2419.5080 5.092677e+01  59.942266  65.408291  66.672737
0.0066 0.0036    2382.3910 5.100966e+01  59.888511  65.323607  66.578931
0.0067 0.0036    2345.6140 5.108918e+01  59.838985  65.241679  66.487412
0.0068 0.0036    2309.1960 5.116441e+01  59.793547  65.163067  66.402592
0.0069 0.0036    2273.1510 5.123604e+01  59.751973  65.088093  66.323223
0.0070 0.0036    2237.4950 5.130438e+01  59.713964  65.015620  66.244867
0.0071 0.0036    2202.2390 5.136951e+01  59.679461  64.945849  66.169856
0.0072 0.0036    2167.3950 5.143132e+01  59.649136  64.879948  66.101820
0.0073 0.0036    2132.9710 5.149048e+01  59.621543  64.816653  66.033738
0.0074 0.0036    2098.9780 5.154641e+01  59.597078  64.756851  65.972155
0.0075 0.0036    2065.4200 5.159906e+01  59.576756  64.698951  65.915041
0.0076 0.0036    2032.3040 5.165110e+01  59.557473  64.643989  65.854534
0.0077 0.0036    1999.6360 5.169964e+01  59.541702  64.591726  65.802746
0.0078 0.0036    1967.4180 5.174643e+01  59.528247  64.541535  65.749017
0.0079 0.0036    1935.6540 5.179007e+01  59.518392  64.494663  65.705487
0.0080 0.0036    1904.3460 5.183246e+01  59.509945  64.449946  65.658434
0.0081 0.0036    1873.4960 5.187296e+01  59.503891  64.407636  65.615979
0.0082 0.0036    1843.1030 5.191135e+01  59.500246  64.368212  65.578719
0.0083 0.0036    1813.1680 5.194882e+01  59.498463  64.329882  65.541432
0.0084 0.0036    1783.6910 5.198377e+01  59.499961  64.295563  65.504785
0.0085 0.0036    1754.6700 5.201713e+01  59.502769  64.262446  65.474687
0.0086 0.0036    1726.1030 5.204879e+01  59.507593  64.231121  65.447515
0.0087 0.0036    1697.9890 5.207932e+01  59.514225  64.202144  65.420600
0.0088 0.0036    1670.3250 5.210834e+01  59.522841  64.175122  65.394459
0.0089 0.0036    1643.1080 5.213702e+01  59.531885  64.150178  65.367197
0.0090 0.0036    1616.3350 5.216323e+01  59.543682  64.127451  65.346307
0.0091 0.0036    1590.0020 5.218894e+01  59.557504  64.106137  65.329397
0.0092 0.0036    1564.1050 5.221359e+01  59.571944  64.086344  65.307602
0.0093 0.0036    1538.6410 5.223726e+01  59.588083  64.069039  65.294287
0.0094 0.0036       0.0000 5.226010e+01  59.605521  64.053553  65.280401
0.0095 0.0036       0.0000 5.228146e+01  59.624782  64.039544  65.269098
0.0096 0.0036       0.0000 5.230280e+01  59.644744  64.026893  65.254458
0.0097 0.0036       0.0000 5.232394e+01  59.665323  64.015034  65.240919
0.0098 0.0036       0.0000 5.234255e+01  59.688660  64.006288  65.236250
0.0099 0.0036       0.0000 5.236164e+01  59.711579  63.999014  65.229377
0.0100 0.0036       0.0000 5.237909e+01  59.737147  63.993030  65.224099
0.0000 0.0037    2707.6900 1.014321e-07  53.149989  53.149549  57.423867
0.0001 0.0037    2710.0140 1.919632e+00  78.683110  78.440515  87.762029
0.0002 0.0037    2716.9500 3.932391e+00  78.728292  78.299603  87.358439
0.0003 0.0037    2728.3810 5.992019e+00  78.674026  78.109881  86.930059
0.0004 0.0037    2744.1190 8.066387e+00  78.536049  77.888587  86.485554
0.0005 0.0037    2763.9070 1.013385e+01  78.324057  77.649310  86.026704
0.0006 0.0037    2787.4200 1.217428e+01  78.046240  77.397144  85.550867
0.0007 0.0037    2814.2800 1.417052e+01  77.712161  77.134524  85.063130
0.0008 0.0037    2844.0550 1.611131e+01  77.328777  76.865312  84.567390
0.0009 0.0037    2876.2780 1.798738e+01  76.901514  76.589033  84.058978
0.0010 0.0037    2910.4500 1.979144e+01  76.440905  76.310784  83.565885
0.0011 0.0037    2946.0510 2.152122e+01  75.951883  76.032396  83.061460
0.0012 0.0037    2982.5570 2.317276e+01  75.441526  75.750063  82.552243
0.0013 0.0037    3019.4450 2.474460e+01  74.916231  75.467821  82.045742
0.0014 0.0037    3056.2020 2.623860e+01  74.379448  75.186366  81.540398
0.0015 0.0037    3092.3410 2.765703e+01  73.835044  74.905071  81.032603
0.0016 0.0037    3127.4040 2.899834e+01  73.288931  74.624495  80.534552
0.0017 0.0037    3160.9680 3.026846e+01  72.743219  74.345028  80.035691
0.0018 0.0037    3192.6550 3.146843e+01  72.202414  74.069362  79.547177
0.0019 0.0037    3222.1310 3.260197e+01  71.667790  73.795471  79.069127
0.0020 0.0037    3249.1130 3.367199e+01  71.141709  73.524198  78.586811
0.0021 0.0037    3273.3650 3.468186e+01  70.625865  73.256417  78.121997
0.0022 0.0037    3294.7040 3.563448e+01  70.122232  72.992172  77.664072
0.0023 0.0037    3312.9910 3.653265e+01  69.632433  72.731729  77.215255
0.0024 0.0037    3328.1350 3.738007e+01  69.156724  72.474816  76.780155
0.0025 0.0037    3340.0860 3.817831e+01  68.693872  72.222107  76.352351
0.0026 0.0037    3348.8340 3.893338e+01  68.245728  71.972157  75.919562
0.0027 0.0037    3354.4000 3.964307e+01  67.814468  71.727302  75.528289
0.0028 0.0037    3356.8390 4.031486e+01  67.398508  71.486107  75.111373
0.0029 0.0037    3356.2280 4.094775e+01  66.997696  71.249518  74.725978
0.0030 0.0037    3352.6660 4.154498e+01  66.611575  71.017828  74.353824
0.0031 0.0037    3346.2700 4.210705e+01  66.240733  70.788374  74.017707
0.0032 0.0037    3337.1670 4.263947e+01  65.884106  70.565492  73.667895
0.0033 0.0037    3325.4990 4.314227e+01  65.543304  70.345060  73.324367
0.0034 0.0037    3311.4080 4.361867e+01  65.214565  70.130750  72.990896
0.0035 0.0037    3295.0460 4.406698e+01  64.903045  69.921214  72.678102
0.0036 0.0037    3276.5620 4.449113e+01  64.604761  69.715614  72.370129
0.0037 0.0037    3256.1070 4.489383e+01  64.317044  69.514619  72.068284
0.0038 0.0037    3233.8280 4.527191e+01  64.045723  69.319003  71.784932
0.0039 0.0037    3209.8710 4.563185e+01  63.785189  69.128190  71.501154
0.0040 0.0037    3184.3740 4.597078e+01  63.535789  68.940545  71.232856
0.0041 0.0037    3157.4740 4.629408e+01  63.299436  68.758289  70.977459
0.0042 0.0037    3129.3000 4.659939e+01  63.073949  68.579460  70.728468
0.0043 0.0037    3099.9730 4.688850e+01  62.858858  68.405715  70.487165
0.0044 0.0037    3069.6120 4.716184e+01  62.655236  68.236347  70.250071
0.0045 0.0037    3038.3240 4.742122e+01  62.460468  68.071911  70.029662
0.0046 0.0037    3006.2160 4.766769e+01  62.276180  67.911091  69.813484
0.0047 0.0037    2973.3830 4.790243e+01  62.099060  67.754160  69.602985
0.0048 0.0037    2939.9160 4.812301e+01  61.932968  67.602417  69.403960
0.0049 0.0037    2905.9020 4.833305e+01  61.774955  67.454154  69.211251
0.0050 0.0037    2871.4180 4.853321e+01  61.624969  67.310352  69.027353
0.0051 0.0037    2836.5390 4.872191e+01  61.482945  67.170749  68.847965
0.0052 0.0037    2801.3340 4.890160e+01  61.348449  67.034805  68.677073
0.0053 0.0037    2765.8670 4.907308e+01  61.220713  66.902598  68.509760
0.0054 0.0037    2730.2000 4.923498e+01  61.100050  66.774309  68.347083
0.0055 0.0037    2694.3890 4.938887e+01  60.986210  66.650351  68.195860
0.0056 0.0037    2658.4870 4.953484e+01  60.879174  66.530685  68.049354
0.0057 0.0037    2622.5420 4.967643e+01  60.777434  66.414130  67.888044
0.0058 0.0037    2586.5980 4.980967e+01  60.681165  66.299861  67.748444
0.0059 0.0037    2550.6980 4.993400e+01  60.592337  66.190886  67.620198
0.0060 0.0037    2514.8790 5.005158e+01  60.508427  66.084252  67.513526
0.0061 0.0037    2479.1770 5.016447e+01  60.429234  65.981957  67.396267
0.0062 0.0037    2443.6240 5.027214e+01  60.355369  65.882749  67.278860
0.0063 0.0037    2408.2490 5.037559e+01  60.285490  65.786912  67.164464
0.0064 0.0037    2373.0800 5.047260e+01  60.221215  65.694870  67.062153
0.0065 0.0037    2338.1420 5.056518e+01  60.161515  65.606059  66.957000
0.0066 0.0037    2303.4570 5.065386e+01  60.105627  65.519677  66.861108
0.0067 0.0037    2269.0450 5.073696e+01  60.054394  65.437731  66.771462
0.0068 0.0037    2234.9270 5.081796e+01  60.006220  65.357624  66.678561
0.0069 0.0037    2201.1170 5.089425e+01  59.962558  65.282352  66.600509
0.0070 0.0037    2167.6320 5.096706e+01  59.923017  65.209217  66.521950
0.0071 0.0037    2134.4840 5.103688e+01  59.886367  65.139149  66.443810
0.0072 0.0037    2101.6870 5.110370e+01  59.853641  65.072211  66.368784
0.0073 0.0037    2069.2510 5.116698e+01  59.823934  65.007708  66.300564
0.0074 0.0037    2037.1860 5.122750e+01  59.797461  64.947154  66.235540
0.0075 0.0037    2005.4990 5.128540e+01  59.773855  64.887992  66.175154
0.0076 0.0037    1974.1980 5.134074e+01  59.753140  64.832237  66.116258
0.0077 0.0037    1943.2890 5.139324e+01  59.735087  64.778740  66.057716
0.0078 0.0037    1912.7780 5.144408e+01  59.720028  64.727819  66.005386
0.0079 0.0037    1882.6680 5.149264e+01  59.707661  64.678990  65.953970
0.0080 0.0037    1852.9630 5.153966e+01  59.697651  64.633264  65.905483
0.0081 0.0037    1823.6670 5.158341e+01  59.689846  64.590396  65.859930
0.0082 0.0037    1794.7800 5.162629e+01  59.682823  64.548576  65.815463
0.0083 0.0037    1766.3040 5.166672e+01  59.679773  64.509867  65.780061
0.0084 0.0037    1738.2400 5.170537e+01  59.679311  64.473212  65.740529
0.0085 0.0037    1710.5880 5.174261e+01  59.680249  64.438694  65.702903
0.0086 0.0037    1683.3470 5.177820e+01  59.682753  64.406359  65.671620
0.0087 0.0037    1656.5180 5.181244e+01  59.687434  64.376237  65.646060
0.0088 0.0037    1630.0970 5.184513e+01  59.694178  64.347899  65.619954
0.0089 0.0037    1604.0850 5.187700e+01  59.701193  64.321568  65.590675
0.0090 0.0037    1578.4780 5.190705e+01  59.711741  64.296910  65.565941
0.0091 0.0037    1553.2750 5.193632e+01  59.722259  64.274341  65.542088
0.0092 0.0037    1528.4720 5.196420e+01  59.735158  64.253796  65.524895
0.0093 0.0037       0.0000 5.199202e+01  59.748094  64.235048  65.504699
0.0094 0.0037       0.0000 5.201816e+01  59.763743  64.217996  65.486481
0.0095 0.0037       0.0000 5.204305e+01  59.781016  64.202842  65.470607
0.0096 0.0037       0.0000 5.206673e+01  59.799889  64.189105  65.454553
0.0097 0.0037       0.0000 5.208950e+01  59.820585  64.176722  65.444546
0.0098 0.0037       0.0000 5.211150e+01  59.841469  64.166571  65.440930
0.0099 0.0037       0.0000 5.213304e+01  59.863491  64.157692  65.429775
0.0100 0.0037       0.0000 5.215469e+01  59.886371  64.149722  65.417686
0.0000 0.0038    2546.3090 0.000000e+00  53.007856  53.007469  57.210114
0.0001 0.0038    2548.4450 1.884369e+00  78.669311  78.435212  87.797300
0.0002 0.0038    2554.8200 3.857561e+00  78.707495  78.295240  87.402011
0.0003 0.0038    2565.3310 5.877449e+00  78.649231  78.110488  86.986818
0.0004 0.0038    2579.8100 7.913478e+00  78.511082  77.892841  86.551908
0.0005 0.0038    2598.0290 9.941554e+00  78.302509  77.658329  86.106844
0.0006 0.0038    2619.7000 1.194391e+01  78.031345  77.410153  85.643603
0.0007 0.0038    2644.4850 1.390469e+01  77.705284  77.154750  85.171022
0.0008 0.0038    2672.0030 1.581115e+01  77.331120  76.890031  84.687692
0.0009 0.0038    2701.8360 1.765486e+01  76.915780  76.622645  84.204594
0.0010 0.0038    2733.5380 1.943056e+01  76.466777  76.349894  83.714040
0.0011 0.0038    2766.6470 2.113178e+01  75.992131  76.077551  83.225288
0.0012 0.0038    2800.6910 2.275850e+01  75.495518  75.800688  82.729681
0.0013 0.0038    2835.2000 2.430859e+01  74.982916  75.525287  82.234157
0.0014 0.0038    2869.7130 2.578360e+01  74.459505  75.251163  81.742019
0.0015 0.0038    2903.7880 2.718322e+01  73.928719  74.975512  81.249283
0.0016 0.0038    2937.0050 2.851140e+01  73.395814  74.701484  80.754114
0.0017 0.0038    2968.9790 2.976773e+01  72.863997  74.430118  80.278560
0.0018 0.0038    2999.3570 3.095717e+01  72.334415  74.160069  79.798672
0.0019 0.0038    3027.8290 3.208110e+01  71.812664  73.891767  79.325850
0.0020 0.0038    3054.1260 3.314360e+01  71.298216  73.626794  78.860612
0.0021 0.0038    3078.0240 3.414710e+01  70.793807  73.365278  78.398518
0.0022 0.0038    3099.3390 3.509547e+01  70.299055  73.106488  77.949594
0.0023 0.0038    3117.9340 3.599175e+01  69.817450  72.851251  77.503183
0.0024 0.0038    3133.7090 3.683537e+01  69.351906  72.599051  77.069820
0.0025 0.0038    3146.6050 3.763210e+01  68.897736  72.351339  76.664329
0.0026 0.0038    3156.5950 3.838544e+01  68.457367  72.107789  76.253672
0.0027 0.0038    3163.6860 3.909590e+01  68.032157  71.867732  75.853081
0.0028 0.0038    3167.9110 3.976920e+01  67.621400  71.630038  75.457258
0.0029 0.0038    3169.3290 4.040297e+01  67.225672  71.397768  75.082403
0.0030 0.0038    3168.0160 4.100216e+01  66.844206  71.169441  74.715593
0.0031 0.0038    3164.0680 4.156812e+01  66.478568  70.946122  74.359152
0.0032 0.0038    3157.5920 4.210381e+01  66.125794  70.725947  74.009698
0.0033 0.0038    3148.7050 4.261077e+01  65.788247  70.510560  73.672389
0.0034 0.0038    3137.5340 4.309009e+01  65.463745  70.299970  73.344011
0.0035 0.0038    3124.2070 4.354369e+01  65.153693  70.092803  73.026174
0.0036 0.0038    3108.8560 4.397239e+01  64.856426  69.890994  72.719690
0.0037 0.0038    3091.6150 4.438044e+01  64.569939  69.690593  72.411588
0.0038 0.0038    3072.6150 4.476351e+01  64.300253  69.500989  72.134180
0.0039 0.0038    3051.9870 4.512827e+01  64.040584  69.312285  71.854228
0.0040 0.0038    3029.8560 4.547445e+01  63.790761  69.126297  71.583121
0.0041 0.0038    3006.3450 4.580053e+01  63.555989  68.943900  71.321746
0.0042 0.0038    2981.5720 4.611254e+01  63.329786  68.768446  71.074754
0.0043 0.0038    2955.6500 4.640728e+01  63.115322  68.597260  70.825117
0.0044 0.0038    2928.6870 4.668595e+01  62.910271  68.429927  70.597549
0.0045 0.0038    2900.7840 4.695229e+01  62.714908  68.266497  70.370831
0.0046 0.0038    2872.0370 4.720327e+01  62.530047  68.106643  70.156985
0.0047 0.0038    2842.5390 4.744234e+01  62.354077  67.951383  69.945945
0.0048 0.0038    2812.3730 4.766996e+01  62.185670  67.800122  69.741688
0.0049 0.0038    2781.6210 4.788530e+01  62.026349  67.653474  69.547301
0.0050 0.0038    2750.3570 4.809123e+01  61.874938  67.509657  69.359640
0.0051 0.0038    2718.6520 4.828601e+01  61.729610  67.370214  69.173027
0.0052 0.0038    2686.5720 4.847105e+01  61.595498  67.235547  69.003891
0.0053 0.0038    2654.1800 4.864698e+01  61.466868  67.103993  68.837568
0.0054 0.0038    2621.5340 4.881477e+01  61.345172  66.976371  68.674364
0.0055 0.0038    2588.6890 4.897472e+01  61.228624  66.851930  68.514379
0.0056 0.0038    2555.6950 4.912597e+01  61.119186  66.734190  68.371474
0.0057 0.0038    2522.5990 4.927024e+01  61.016689  66.614668  68.223670
0.0058 0.0038    2489.4460 4.940831e+01  60.918969  66.502064  68.081852
0.0059 0.0038    2456.2760 4.954186e+01  60.825636  66.391858  67.927845
0.0060 0.0038    2423.1270 4.966531e+01  60.740298  66.285991  67.800831
0.0061 0.0038    2390.0330 4.978154e+01  60.659583  66.182273  67.697954
0.0062 0.0038    2357.0260 4.989456e+01  60.583367  66.082600  67.580169
0.0063 0.0038    2324.1370 5.000226e+01  60.512362  65.986308  67.462731
0.0064 0.0038    2291.3930 5.010571e+01  60.444770  65.893024  67.353429
0.0065 0.0038    2258.8180 5.020254e+01  60.383185  65.803595  67.248712
0.0066 0.0038    2226.4360 5.029505e+01  60.326048  65.717364  67.150255
0.0067 0.0038    2194.2680 5.038444e+01  60.271673  65.634729  67.056894
0.0068 0.0038    2162.3330 5.046952e+01  60.222183  65.554385  66.961928
0.0069 0.0038    2130.6490 5.055111e+01  60.176399  65.477455  66.878142
0.0070 0.0038    2099.2310 5.062863e+01  60.134619  65.403524  66.794967
0.0071 0.0038    2068.0950 5.070295e+01  60.095879  65.332758  66.718234
0.0072 0.0038    2037.2540 5.077405e+01  60.061018  65.265477  66.642351
0.0073 0.0038    2006.7180 5.084156e+01  60.029374  65.200331  66.569989
0.0074 0.0038    1976.4990 5.090689e+01  60.000742  65.138207  66.501202
0.0075 0.0038    1946.6060 5.096951e+01  59.974620  65.078582  66.433735
0.0076 0.0038    1917.0470 5.102918e+01  59.951468  65.021502  66.371962
0.0077 0.0038    1887.8300 5.108597e+01  59.931646  64.966551  66.313217
0.0078 0.0038    1858.9600 5.114049e+01  59.914348  64.914741  66.258715
0.0079 0.0038    1830.4440 5.119318e+01  59.899947  64.865567  66.206737
0.0080 0.0038    1802.2860 5.124345e+01  59.887715  64.818010  66.156021
0.0081 0.0038    1774.4890 5.129184e+01  59.878047  64.773381  66.107512
0.0082 0.0038    1747.0580 5.133857e+01  59.870106  64.730426  66.062026
0.0083 0.0038    1719.9930 5.138150e+01  59.864172  64.690772  66.011783
0.0084 0.0038    1693.2980 5.142545e+01  59.861279  64.652525  65.979294
0.0085 0.0038    1666.9740 5.146641e+01  59.860260  64.617301  65.942083
0.0086 0.0038    1641.0200 5.150541e+01  59.861224  64.583732  65.906170
0.0087 0.0038    1615.4380 5.154322e+01  59.863546  64.551822  65.874071
0.0088 0.0038    1590.2280 5.157957e+01  59.868159  64.522810  65.845827
0.0089 0.0038    1565.3880 5.161537e+01  59.873316  64.494606  65.817730
0.0090 0.0038    1540.9170 5.164908e+01  59.880855  64.468635  65.788399
0.0091 0.0038    1516.8150 5.168096e+01  59.890590  64.444757  65.766511
0.0092 0.0038    1493.0790 5.171224e+01  59.901347  64.422807  65.742886
0.0093 0.0038       0.0000 5.174194e+01  59.914187  64.402868  65.723069
0.0094 0.0038       0.0000 5.177206e+01  59.927608  64.383748  65.700097
0.0095 0.0038       0.0000 5.179987e+01  59.943211  64.367405  65.683436
0.0096 0.0038       0.0000 5.182779e+01  59.959384  64.352400  65.664668
0.0097 0.0038       0.0000 5.185413e+01  59.976947  64.339288  65.651647
0.0098 0.0038       0.0000 5.187951e+01  59.995910  64.327106  65.637942
0.0099 0.0038       0.0000 5.190360e+01  60.016364  64.316989  65.627795
0.0100 0.0038       0.0000 5.192753e+01  60.037638  64.307938  65.618402
0.0000 0.0039    2397.2040 0.000000e+00  52.876608  52.876118  57.011930
0.0001 0.0039    2399.1730 1.850254e+00  78.664708  78.441366  87.838330
0.0002 0.0039    2405.0490 3.787331e+00  78.695304  78.302302  87.451842
0.0003 0.0039    2414.7420 5.768643e+00  78.633283  78.121365  87.045221
0.0004 0.0039    2428.1010 7.764900e+00  78.499476  77.907260  86.626909
0.0005 0.0039    2444.9210 9.755246e+00  78.293120  77.676941  86.190183
0.0006 0.0039    2464.9480 1.172242e+01  78.027448  77.434825  85.739766
0.0007 0.0039    2487.8780 1.364781e+01  77.708781  77.183047  85.277834
0.0008 0.0039    2513.3710 1.552097e+01  77.343920  76.925741  84.809515
0.0009 0.0039    2541.0530 1.733336e+01  76.940878  76.664502  84.345003
0.0010 0.0039    2570.5240 1.907961e+01  76.503365  76.398052  83.864122
0.0011 0.0039    2601.3710 2.075562e+01  76.040497  76.130712  83.384831
0.0012 0.0039    2633.1670 2.235858e+01  75.558078  75.862864  82.906519
0.0013 0.0039    2665.4900 2.388729e+01  75.055933  75.591502  82.420406
0.0014 0.0039    2697.9220 2.534234e+01  74.547032  75.321749  81.943283
0.0015 0.0039    2730.0600 2.672593e+01  74.028980  75.054537  81.462030
0.0016 0.0039    2761.5230 2.803814e+01  73.508778  74.786070  80.983441
0.0017 0.0039    2791.9540 2.928158e+01  72.989803  74.519840  80.515198
0.0018 0.0039    2821.0300 3.045997e+01  72.473467  74.255266  80.044160
0.0019 0.0039    2848.4600 3.157390e+01  71.962832  73.994171  79.586556
0.0020 0.0039    2873.9910 3.262818e+01  71.459255  73.733592  79.131319
0.0021 0.0039    2897.4090 3.362576e+01  70.964954  73.477866  78.681342
0.0022 0.0039    2918.5360 3.456823e+01  70.481230  73.224429  78.240181
0.0023 0.0039    2937.2350 3.546060e+01  70.008559  72.974467  77.799527
0.0024 0.0039    2953.4020 3.630060e+01  69.550460  72.726783  77.369628
0.0025 0.0039    2966.9690 3.709689e+01  69.104075  72.484846  76.973824
0.0026 0.0039    2977.9010 3.784935e+01  68.670910  72.245726  76.570961
0.0027 0.0039    2986.1910 3.855896e+01  68.252096  72.009933  76.176929
0.0028 0.0039    2991.8560 3.923307e+01  67.846446  71.777044  75.783467
0.0029 0.0039    2994.9370 3.986765e+01  67.457738  71.547699  75.410932
0.0030 0.0039    2995.4950 4.046955e+01  67.079712  71.324711  75.048132
0.0031 0.0039    2993.6060 4.103802e+01  66.717989  71.104513  74.694389
0.0032 0.0039    2989.3590 4.157736e+01  66.369383  70.889158  74.345908
0.0033 0.0039    2982.8540 4.208707e+01  66.035107  70.676801  74.012872
0.0034 0.0039    2974.1970 4.256889e+01  65.713181  70.469644  73.690714
0.0035 0.0039    2963.5010 4.302654e+01  65.405341  70.265812  73.370874
0.0036 0.0039    2950.8830 4.345985e+01  65.110942  70.067869  73.065944
0.0037 0.0039    2936.4590 4.387049e+01  64.827727  69.874391  72.769295
0.0038 0.0039    2920.3460 4.425991e+01  64.556993  69.683142  72.481535
0.0039 0.0039    2902.6620 4.462943e+01  64.298029  69.494805  72.203347
0.0040 0.0039    2883.5190 4.497983e+01  64.050844  69.310958  71.934313
0.0041 0.0039    2863.0300 4.531259e+01  63.814068  69.133029  71.673497
0.0042 0.0039    2841.3010 4.562855e+01  63.589171  68.958705  71.420622
0.0043 0.0039    2818.4350 4.592767e+01  63.373930  68.788156  71.175934
0.0044 0.0039    2794.5330 4.621327e+01  63.168814  68.622899  70.943097
0.0045 0.0039    2769.6870 4.648461e+01  62.973106  68.461025  70.711078
0.0046 0.0039    2743.9870 4.674124e+01  62.787263  68.302358  70.496196
0.0047 0.0039    2717.5180 4.698691e+01  62.609056  68.148448  70.283023
0.0048 0.0039    2690.3610 4.721883e+01  62.440717  67.998349  70.081359
0.0049 0.0039    2662.5890 4.743946e+01  62.280015  67.851368  69.882744
0.0050 0.0039    2634.2740 4.765083e+01  62.127169  67.709363  69.692289
0.0051 0.0039    2605.4840 4.785111e+01  61.982330  67.570872  69.509902
0.0052 0.0039    2576.2810 4.804164e+01  61.842917  67.435475  69.326776
0.0053 0.0039    2546.7250 4.822335e+01  61.714028  67.305065  69.161773
0.0054 0.0039    2516.8720 4.839556e+01  61.590573  67.177531  68.998854
0.0055 0.0039    2486.7740 4.856066e+01  61.473383  67.053389  68.836656
0.0056 0.0039    2456.4800 4.871812e+01  61.361847  66.932905  68.681338
0.0057 0.0039    2426.0360 4.886755e+01  61.256947  66.816662  68.537182
0.0058 0.0039    2395.4830 4.900956e+01  61.158261  66.703161  68.395802
0.0059 0.0039    2364.8630 4.914709e+01  61.061384  66.593013  68.255557
0.0060 0.0039    2334.2110 4.927827e+01  60.974037  66.486485  68.106507
0.0061 0.0039    2303.5610 4.940051e+01  60.892307  66.383648  67.981652
0.0062 0.0039    2272.9450 4.951794e+01  60.814613  66.284813  67.866069
0.0063 0.0039    2242.3940 4.962901e+01  60.740696  66.186368  67.765427
0.0064 0.0039    2211.9330 4.973617e+01  60.672185  66.093024  67.654431
0.0065 0.0039    2181.5880 4.983901e+01  60.607866  66.002615  67.544916
0.0066 0.0039    2151.3820 4.993705e+01  60.547663  65.915634  67.442483
0.0067 0.0039    2121.3370 5.003018e+01  60.492577  65.832150  67.343251
0.0068 0.0039    2091.4720 5.012043e+01  60.440553  65.751633  67.247111
0.0069 0.0039    2061.8060 5.020609e+01  60.392680  65.673892  67.158970
0.0070 0.0039    2032.3540 5.028871e+01  60.348207  65.599170  67.074382
0.0071 0.0039    2003.1320 5.036796e+01  60.307907  65.526375  66.990400
0.0072 0.0039    1974.1550 5.044241e+01  60.272430  65.458644  66.916182
0.0073 0.0039    1945.4330 5.051567e+01  60.237041  65.392980  66.839096
0.0074 0.0039    1916.9790 5.058452e+01  60.206432  65.329696  66.768509
0.0075 0.0039    1888.8020 5.065190e+01  60.177589  65.269198  66.697751
0.0076 0.0039    1860.9130 5.071587e+01  60.152691  65.211677  66.636101
0.0077 0.0039    1833.3180 5.077673e+01  60.130830  65.155517  66.573749
0.0078 0.0039    1806.0250 5.083560e+01  60.112612  65.102081  66.518513
0.0079 0.0039    1779.0420 5.089159e+01  60.095332  65.051639  66.459878
0.0080 0.0039    1752.3720 5.094626e+01  60.080064  65.003680  66.406888
0.0081 0.0039    1726.0210 5.099848e+01  60.068216  64.957743  66.355678
0.0082 0.0039    1699.9940 5.104901e+01  60.058128  64.914008  66.307837
0.0083 0.0039    1674.2930 5.109726e+01  60.051118  64.872369  66.262295
0.0084 0.0039    1648.9210 5.114332e+01  60.045805  64.833540  66.219667
0.0085 0.0039    1623.8810 5.118828e+01  60.043460  64.797717  66.185048
0.0086 0.0039    1599.1750 5.123085e+01  60.041907  64.761926  66.137837
0.0087 0.0039    1574.8030 5.127243e+01  60.042384  64.729301  66.104401
0.0088 0.0039    1550.7660 5.131274e+01  60.044117  64.698552  66.073720
0.0089 0.0039    1527.0650 5.135092e+01  60.048105  64.669692  66.042840
0.0090 0.0039    1503.6990 5.138796e+01  60.053725  64.642395  66.012972
0.0091 0.0039    1480.6690 5.142390e+01  60.061052  64.617014  65.984557
0.0092 0.0039    1457.9720 5.145835e+01  60.069849  64.593842  65.960644
0.0093 0.0039       0.0000 5.149196e+01  60.080339  64.572186  65.936219
0.0094 0.0039       0.0000 5.152432e+01  60.092337  64.552180  65.914052
0.0095 0.0039       0.0000 5.155563e+01  60.105877  64.534054  65.892558
0.0096 0.0039       0.0000 5.158633e+01  60.120519  64.517721  65.873556
0.0097 0.0039       0.0000 5.161601e+01  60.135771  64.503109  65.859144
0.0098 0.0039       0.0000 5.164506e+01  60.152510  64.489754  65.841264
0.0099 0.0039       0.0000 5.167229e+01  60.171011  64.478111  65.828713
0.0100 0.0039       0.0000 5.169885e+01  60.190988  64.467733  65.814449
0.0000 0.0040    2259.2110 0.000000e+00  52.721364  52.720779  56.798064
0.0001 0.0040    2261.0300 1.817071e+00  78.663919  78.452370  87.891887
0.0002 0.0040    2266.4620 3.720286e+00  78.689411  78.314048  87.505843
0.0003 0.0040    2275.4240 5.663635e+00  78.628180  78.136523  87.112235
0.0004 0.0040    2287.7820 7.622977e+00  78.492237  77.927687  86.701423
0.0005 0.0040    2303.3530 9.577345e+00  78.290945  77.702951  86.277033
0.0006 0.0040    2321.9060 1.150640e+01  78.031112  77.467127  85.837213
0.0007 0.0040    2343.1720 1.339871e+01  77.721815  77.222480  85.390965
0.0008 0.0040    2366.8440 1.523996e+01  77.364821  76.969854  84.930135
0.0009 0.0040    2392.5860 1.702257e+01  76.972624  76.714586  84.474448
0.0010 0.0040    2420.0380 1.874119e+01  76.546252  76.455035  84.013679
0.0011 0.0040    2448.8270 2.039160e+01  76.095819  76.191816  83.545191
0.0012 0.0040    2478.5700 2.197046e+01  75.623909  75.928365  83.073601
0.0013 0.0040    2508.8820 2.347718e+01  75.138309  75.663351  82.610470
0.0014 0.0040    2539.3860 2.491366e+01  74.639911  75.400082  82.145889
0.0015 0.0040    2569.7130 2.628015e+01  74.134958  75.136969  81.674815
0.0016 0.0040    2599.5140 2.757763e+01  73.627849  74.875302  81.210060
0.0017 0.0040    2628.4630 2.880796e+01  73.120427  74.615144  80.748695
0.0018 0.0040    2656.2600 2.997419e+01  72.615985  74.356464  80.294856
0.0019 0.0040    2682.6350 3.107967e+01  72.116692  74.099206  79.844434
0.0020 0.0040    2707.3500 3.212630e+01  71.623504  73.845392  79.398130
0.0021 0.0040    2730.2000 3.311591e+01  71.139689  73.594119  78.960098
0.0022 0.0040    2751.0160 3.405374e+01  70.664301  73.345810  78.519034
0.0023 0.0040    2769.6600 3.494121e+01  70.201959  73.100447  78.087306
0.0024 0.0040    2786.0290 3.577897e+01  69.750911  72.857534  77.684209
0.0025 0.0040    2800.0500 3.657283e+01  69.311535  72.620205  77.282137
0.0026 0.0040    2811.6780 3.732409e+01  68.886093  72.385512  76.878485
0.0027 0.0040    2820.8960 3.803345e+01  68.473896  72.154678  76.494467
0.0028 0.0040    2827.7110 3.870586e+01  68.075184  71.926829  76.110461
0.0029 0.0040    2832.1490 3.934191e+01  67.690377  71.701198  75.740688
0.0030 0.0040    2834.2560 3.994522e+01  67.317931  71.481446  75.382310
0.0031 0.0040    2834.0930 4.051690e+01  66.959290  71.265122  75.026973
0.0032 0.0040    2831.7330 4.105744e+01  66.614683  71.052559  74.686487
0.0033 0.0040    2827.2610 4.156908e+01  66.283801  70.843718  74.355193
0.0034 0.0040    2820.7670 4.205537e+01  65.965015  70.640870  74.028405
0.0035 0.0040    2812.3490 4.251657e+01  65.658360  70.441935  73.711829
0.0036 0.0040    2802.1090 4.295361e+01  65.365783  70.245635  73.410555
0.0037 0.0040    2790.1500 4.336843e+01  65.084665  70.053518  73.113383
0.0038 0.0040    2776.5760 4.376237e+01  64.814974  69.860374  72.821090
0.0039 0.0040    2761.4920 4.413616e+01  64.557598  69.677498  72.549602
0.0040 0.0040    2744.9990 4.449114e+01  64.311044  69.497797  72.282534
0.0041 0.0040    2727.2000 4.482742e+01  64.074594  69.321664  72.017235
0.0042 0.0040    2708.1900 4.515023e+01  63.848539  69.149021  71.765809
0.0043 0.0040    2688.0640 4.545487e+01  63.632787  68.980073  71.519096
0.0044 0.0040    2666.9140 4.574378e+01  63.428948  68.815881  71.286336
0.0045 0.0040    2644.8260 4.602039e+01  63.232436  68.654456  71.059864
0.0046 0.0040    2621.8830 4.628285e+01  63.045043  68.498275  70.831603
0.0047 0.0040    2598.1630 4.653173e+01  62.866879  68.345720  70.621800
0.0048 0.0040    2573.7410 4.676965e+01  62.696945  68.196143  70.416735
0.0049 0.0040    2548.6880 4.699651e+01  62.534986  68.049821  70.216869
0.0050 0.0040    2523.0710 4.721172e+01  62.381521  67.908603  70.024939
0.0051 0.0040    2496.9520 4.741727e+01  62.235297  67.771100  69.840692
0.0052 0.0040    2470.3920 4.761320e+01  62.095836  67.636391  69.660837
0.0053 0.0040    2443.4480 4.780041e+01  61.963745  67.505525  69.486143
0.0054 0.0040    2416.1730 4.797862e+01  61.838541  67.378445  69.317368
0.0055 0.0040    2388.6160 4.814799e+01  61.719397  67.255153  69.158423
0.0056 0.0040    2360.8250 4.831014e+01  61.606615  67.134747  68.998675
0.0057 0.0040    2332.8420 4.846452e+01  61.499592  67.017914  68.853423
0.0058 0.0040    2304.7100 4.861319e+01  61.397177  66.904186  68.706586
0.0059 0.0040    2276.4650 4.875261e+01  61.303514  66.794483  68.572562
0.0060 0.0040    2248.1450 4.888757e+01  61.212505  66.687293  68.434297
0.0061 0.0040    2219.7820 4.901613e+01  61.127529  66.583782  68.304206
0.0062 0.0040    2191.4070 4.913960e+01  61.047187  66.485248  68.165624
0.0063 0.0040    2163.0490 4.925665e+01  60.972018  66.387811  68.045022
0.0064 0.0040    2134.7350 4.936904e+01  60.901200  66.293072  67.932847
0.0065 0.0040    2106.4900 4.947489e+01  60.834920  66.201572  67.839662
0.0066 0.0040    2078.3370 4.957772e+01  60.773231  66.114344  67.735523
0.0067 0.0040    2050.2970 4.967628e+01  60.715020  66.030117  67.633625
0.0068 0.0040    2022.3910 4.977051e+01  60.661310  65.948839  67.534324
0.0069 0.0040    1994.6360 4.986110e+01  60.611361  65.870646  67.443982
0.0070 0.0040    1967.0500 4.994775e+01  60.565334  65.795267  67.356873
0.0071 0.0040    1939.6470 5.003124e+01  60.522712  65.722391  67.270868
0.0072 0.0040    1912.4420 5.011189e+01  60.482739  65.652040  67.185086
0.0073 0.0040    1885.4490 5.018837e+01  60.446987  65.586499  67.109337
0.0074 0.0040    1858.6780 5.026187e+01  60.413867  65.522419  67.036940
0.0075 0.0040    1832.1410 5.033269e+01  60.383812  65.461154  66.967813
0.0076 0.0040    1805.8480 5.040091e+01  60.356589  65.401566  66.900830
0.0077 0.0040    1779.8070 5.046639e+01  60.332609  65.345027  66.834538
0.0078 0.0040    1754.0270 5.052950e+01  60.310660  65.290437  66.768307
0.0079 0.0040    1728.5140 5.058947e+01  60.291826  65.239565  66.713311
0.0080 0.0040    1703.2750 5.064737e+01  60.275274  65.190323  66.659273
0.0081 0.0040    1678.3150 5.070352e+01  60.261416  65.143156  66.606135
0.0082 0.0040    1653.6400 5.075745e+01  60.249428  65.098481  66.555123
0.0083 0.0040    1629.2530 5.080960e+01  60.239921  65.055926  66.509099
0.0084 0.0040    1605.1590 5.085978e+01  60.232824  65.015240  66.462253
0.0085 0.0040    1581.3600 5.090807e+01  60.228325  64.977877  66.419570
0.0086 0.0040    1557.8590 5.095427e+01  60.225194  64.941298  66.381604
0.0087 0.0040    1534.6580 5.099980e+01  60.223548  64.907739  66.337823
0.0088 0.0040    1511.7590 5.104303e+01  60.223499  64.875695  66.305750
0.0089 0.0040    1489.1620 5.108496e+01  60.225013  64.844938  66.271134
0.0090 0.0040    1466.8690 5.112537e+01  60.228847  64.816548  66.238564
0.0091 0.0040    1444.8800 5.116441e+01  60.234465  64.790356  66.207708
0.0092 0.0040       0.0000 5.120287e+01  60.240782  64.765138  66.177588
0.0093 0.0040       0.0000 5.123960e+01  60.249660  64.742489  66.149661
0.0094 0.0040       0.0000 5.127562e+01  60.258818  64.721157  66.126479
0.0095 0.0040       0.0000 5.130913e+01  60.271140  64.701621  66.106532
0.0096 0.0040       0.0000 5.134279e+01  60.283747  64.684967  66.085407
0.0097 0.0040       0.0000 5.137544e+01  60.297513  64.668867  66.066952
0.0098 0.0040       0.0000 5.140717e+01  60.312788  64.654159  66.049661
0.0099 0.0040       0.0000 5.143798e+01  60.329172  64.641156  66.033485
0.0100 0.0040       0.0000 5.146756e+01  60.346803  64.629235  66.019886
0.0000 0.0041    2131.3000 9.948294e-14  52.526425  52.525702  56.555010
0.0001 0.0041    2132.9860 1.784602e+00  78.674683  78.469308  87.938137
0.0002 0.0041    2138.0200 3.652674e+00  78.693839  78.334545  87.566189
0.0003 0.0041    2146.3280 5.562586e+00  78.630950  78.158366  87.179524
0.0004 0.0041    2157.7890 7.485817e+00  78.495657  77.953775  86.778609
0.0005 0.0041    2172.2380 9.404781e+00  78.297662  77.733742  86.364655
0.0006 0.0041    2189.4690 1.130009e+01  78.044456  77.503519  85.944356
0.0007 0.0041    2209.2360 1.315836e+01  77.740221  77.265900  85.506978
0.0008 0.0041    2231.2650 1.496931e+01  77.393679  77.018313  85.061634
0.0009 0.0041    2255.2520 1.672239e+01  77.009814  76.768082  84.614244
0.0010 0.0041    2280.8720 1.841259e+01  76.596453  76.514364  84.169143
0.0011 0.0041    2307.7870 2.003772e+01  76.156887  76.257282  83.714649
0.0012 0.0041    2335.6500 2.159398e+01  75.699665  75.999890  83.261955
0.0013 0.0041    2364.1130 2.307977e+01  75.222983  75.741411  82.803312
0.0014 0.0041    2392.8290 2.449805e+01  74.738653  75.481852  82.345594
0.0015 0.0041    2421.4660 2.584770e+01  74.246185  75.225854  81.889617
0.0016 0.0041    2449.7010 2.712980e+01  73.750788  74.968729  81.435371
0.0017 0.0041    2477.2350 2.834721e+01  73.254624  74.714799  80.986250
0.0018 0.0041    2503.7900 2.950230e+01  72.761760  74.460113  80.539419
0.0019 0.0041    2529.1140 3.059728e+01  72.272544  74.209354  80.098802
0.0020 0.0041    2552.9850 3.163475e+01  71.790972  73.960151  79.662198
0.0021 0.0041    2575.2090 3.261939e+01  71.315383  73.713228  79.225744
0.0022 0.0041    2595.6220 3.355101e+01  70.852391  73.469823  78.809264
0.0023 0.0041    2614.0910 3.443180e+01  70.397652  73.229254  78.391887
0.0024 0.0041    2630.5130 3.526672e+01  69.954256  72.991905  77.984878
0.0025 0.0041    2644.8100 3.605827e+01  69.522783  72.757915  77.582839
0.0026 0.0041    2656.9340 3.680708e+01  69.102551  72.527580  77.188744
0.0027 0.0041    2666.8590 3.751655e+01  68.697762  72.300425  76.806097
0.0028 0.0041    2674.5820 3.818926e+01  68.304005  72.077755  76.427812
0.0029 0.0041    2680.1180 3.882661e+01  67.923221  71.856481  76.066859
0.0030 0.0041    2683.5020 3.943015e+01  67.556438  71.639666  75.705192
0.0031 0.0041    2684.7800 4.000237e+01  67.203340  71.426159  75.359724
0.0032 0.0041    2684.0140 4.054414e+01  66.862941  71.218352  75.020725
0.0033 0.0041    2681.2730 4.105960e+01  66.533525  71.014528  74.687789
0.0034 0.0041    2676.6360 4.154894e+01  66.216863  70.813287  74.365751
0.0035 0.0041    2670.1880 4.201324e+01  65.913059  70.615938  74.048634
0.0036 0.0041    2662.0150 4.245316e+01  65.623116  70.420987  73.752108
0.0037 0.0041    2652.2100 4.287211e+01  65.343194  70.229671  73.458636
0.0038 0.0041    2640.8660 4.326916e+01  65.075332  70.043882  73.169220
0.0039 0.0041    2628.0750 4.364748e+01  64.818307  69.861794  72.892589
0.0040 0.0041    2613.9300 4.400675e+01  64.572905  69.682904  72.627275
0.0041 0.0041    2598.5210 4.434993e+01  64.336074  69.508848  72.361682
0.0042 0.0041    2581.9370 4.467373e+01  64.112192  69.338083  72.111676
0.0043 0.0041    2564.2640 4.498325e+01  63.896254  69.171333  71.868597
0.0044 0.0041    2545.5860 4.527822e+01  63.690052  69.008362  71.626529
0.0045 0.0041    2525.9830 4.555892e+01  63.493003  68.849026  71.397150
0.0046 0.0041    2505.5300 4.582604e+01  63.305020  68.692989  71.172084
0.0047 0.0041    2484.3010 4.608037e+01  63.126723  68.541598  70.958325
0.0048 0.0041    2462.3650 4.632293e+01  62.955843  68.393460  70.752604
0.0049 0.0041    2439.7880 4.655457e+01  62.792766  68.248928  70.551419
0.0050 0.0041    2416.6330 4.677600e+01  62.637009  68.106930  70.353265
0.0051 0.0041    2392.9600 4.698591e+01  62.490253  67.970535  70.168839
0.0052 0.0041    2368.8260 4.718647e+01  62.349306  67.836805  69.986285
0.0053 0.0041    2344.2830 4.737846e+01  62.215896  67.706543  69.812137
0.0054 0.0041    2319.3830 4.756119e+01  62.088982  67.579444  69.639823
0.0055 0.0041    2294.1730 4.773631e+01  61.967828  67.456026  69.477573
0.0056 0.0041    2268.6960 4.790286e+01  61.853430  67.335829  69.321296
0.0057 0.0041    2242.9960 4.806251e+01  61.744951  67.219201  69.168081
0.0058 0.0041    2217.1100 4.821472e+01  61.642361  67.105395  69.020925
0.0059 0.0041    2191.0770 4.836048e+01  61.544069  66.995575  68.880523
0.0060 0.0041    2164.9300 4.849981e+01  61.451859  66.888235  68.744129
0.0061 0.0041    2138.7020 4.863242e+01  61.365283  66.785028  68.615527
0.0062 0.0041    2112.4230 4.876065e+01  61.283039  66.683771  68.486605
0.0063 0.0041    2086.1210 4.888196e+01  61.205436  66.586509  68.365241
0.0064 0.0041    2059.8220 4.900099e+01  61.132306  66.493376  68.228927
0.0065 0.0041    2033.5510 4.911291e+01  61.064123  66.402313  68.117326
0.0066 0.0041    2007.3300 4.921999e+01  61.000129  66.313850  68.008659
0.0067 0.0041    1981.1820 4.932172e+01  60.940357  66.228759  67.922891
0.0068 0.0041    1955.1250 4.942086e+01  60.884364  66.146830  67.822170
0.0069 0.0041    1929.1780 4.951544e+01  60.832690  66.068237  67.728122
0.0070 0.0041    1903.3580 4.960650e+01  60.784636  65.992347  67.638273
0.0071 0.0041    1877.6810 4.969446e+01  60.739894  65.918439  67.550301
0.0072 0.0041    1852.1600 4.977909e+01  60.698013  65.847681  67.465406
0.0073 0.0041    1826.8100 4.986023e+01  60.659559  65.780659  67.383009
0.0074 0.0041    1801.6430 4.993806e+01  60.623990  65.716150  67.307099
0.0075 0.0041    1776.6690 5.001339e+01  60.591750  65.653662  67.232822
0.0076 0.0041    1751.9000 5.008563e+01  60.562440  65.593435  67.162269
0.0077 0.0041    1727.3440 5.015452e+01  60.535647  65.535773  67.094147
0.0078 0.0041    1703.0110 5.022139e+01  60.511926  65.480647  67.026886
0.0079 0.0041    1678.9070 5.028542e+01  60.491391  65.428059  66.967167
0.0080 0.0041    1655.0400 5.034776e+01  60.472713  65.377339  66.909915
0.0081 0.0041    1631.4160 5.040705e+01  60.457169  65.329222  66.858177
0.0082 0.0041    1608.0400 5.046686e+01  60.440813  65.283565  66.800251
0.0083 0.0041    1584.9190 5.052096e+01  60.431226  65.240402  66.753285
0.0084 0.0041    1562.0550 5.057461e+01  60.421577  65.198631  66.705041
0.0085 0.0041    1539.4530 5.062674e+01  60.414971  65.159786  66.662227
0.0086 0.0041    1517.1160 5.067668e+01  60.409839  65.122059  66.616680
0.0087 0.0041    1495.0470 5.072476e+01  60.406171  65.086933  66.579305
0.0088 0.0041    1473.2480 5.077200e+01  60.404359  65.053915  66.538183
0.0089 0.0041    1451.7200 5.081719e+01  60.404503  65.022300  66.501820
0.0090 0.0041    1430.4670 5.086174e+01  60.405692  64.992572  66.465727
0.0091 0.0041    1409.4870 5.090371e+01  60.409478  64.964579  66.433455
0.0092 0.0041       0.0000 5.094484e+01  60.414203  64.938681  66.402145
0.0093 0.0041       0.0000 5.098519e+01  60.420801  64.914546  66.373977
0.0094 0.0041       0.0000 5.102398e+01  60.428708  64.892072  66.346306
0.0095 0.0041       0.0000 5.106149e+01  60.438113  64.871476  66.321615
0.0096 0.0041       0.0000 5.109789e+01  60.449161  64.852481  66.299036
0.0097 0.0041       0.0000 5.113311e+01  60.461476  64.835019  66.277731
0.0098 0.0041       0.0000 5.116781e+01  60.474724  64.819268  66.258588
0.0099 0.0041       0.0000 5.120183e+01  60.489240  64.804925  66.236416
0.0100 0.0041       0.0000 5.123548e+01  60.504468  64.791504  66.218083
0.0000 0.0042    2012.5650 0.000000e+00  52.347440  52.346976  56.327479
0.0001 0.0042    2014.1310 1.752807e+00  78.691783  78.494213  87.994678
0.0002 0.0042    2018.8070 3.588643e+00  78.703827  78.359685  87.628678
0.0003 0.0042    2026.5260 5.463195e+00  78.639278  78.185455  87.250969
0.0004 0.0042    2037.1800 7.353254e+00  78.506604  77.988144  86.865023
0.0005 0.0042    2050.6190 9.237406e+00  78.311753  77.771152  86.457641
0.0006 0.0042    2066.6570 1.109944e+01  78.063850  77.545993  86.048060
0.0007 0.0042    2085.0710 1.292557e+01  77.767668  77.313744  85.625889
0.0008 0.0042    2105.6130 1.470559e+01  77.428886  77.071864  85.192395
0.0009 0.0042    2128.0070 1.643194e+01  77.057653  76.826730  84.750628
0.0010 0.0042    2151.9600 1.809509e+01  76.651206  76.578840  84.319511
0.0011 0.0042    2177.1640 1.969474e+01  76.222676  76.327091  83.874708
0.0012 0.0042    2203.3050 2.122798e+01  75.775836  76.076071  83.435827
0.0013 0.0042    2230.0640 2.269385e+01  75.313815  75.823723  82.993044
0.0014 0.0042    2257.1260 2.409315e+01  74.839198  75.570293  82.543303
0.0015 0.0042    2284.1850 2.542492e+01  74.360295  75.318012  82.103531
0.0016 0.0042    2310.9470 2.669340e+01  73.876900  75.066772  81.658755
0.0017 0.0042    2337.1350 2.789814e+01  73.392451  74.817307  81.219373
0.0018 0.0042    2362.4920 2.904078e+01  72.909919  74.568299  80.780130
0.0019 0.0042    2386.7840 3.012702e+01  72.432074  74.321535  80.351154
0.0020 0.0042    2409.8010 3.115600e+01  71.960368  74.078023  79.926063
0.0021 0.0042    2431.3610 3.213151e+01  71.495650  73.835915  79.502235
0.0022 0.0042    2451.3070 3.305886e+01  71.040238  73.598124  79.060134
0.0023 0.0042    2469.5100 3.393485e+01  70.594234  73.361826  78.676345
0.0024 0.0042    2485.8670 3.476574e+01  70.159211  73.127496  78.279073
0.0025 0.0042    2500.3010 3.555353e+01  69.734921  72.898757  77.881523
0.0026 0.0042    2512.7580 3.630142e+01  69.321319  72.672188  77.496063
0.0027 0.0042    2523.2080 3.700925e+01  68.923046  72.448210  77.117186
0.0028 0.0042    2531.6380 3.768015e+01  68.533681  72.228962  76.744899
0.0029 0.0042    2538.0560 3.831739e+01  68.159951  72.012745  76.384416
0.0030 0.0042    2542.4850 3.892253e+01  67.796488  71.801240  76.032179
0.0031 0.0042    2544.9630 3.949530e+01  67.447462  71.591363  75.685928
0.0032 0.0042    2545.5380 4.004110e+01  67.108765  71.385258  75.345931
0.0033 0.0042    2544.2700 4.055676e+01  66.784702  71.183707  75.025841
0.0034 0.0042    2541.2240 4.104880e+01  66.471269  70.984506  74.703653
0.0035 0.0042    2536.4740 4.151584e+01  66.169856  70.787401  74.391648
0.0036 0.0042    2530.0960 4.195938e+01  65.881184  70.596433  74.087527
0.0037 0.0042    2522.1720 4.238164e+01  65.602988  70.408991  73.797761
0.0038 0.0042    2512.7830 4.278223e+01  65.336305  70.225632  73.512950
0.0039 0.0042    2502.0130 4.316531e+01  65.079101  70.045598  73.230201
0.0040 0.0042    2489.9440 4.352740e+01  64.835098  69.868658  72.965904
0.0041 0.0042    2476.6590 4.387432e+01  64.598371  69.695767  72.703124
0.0042 0.0042    2462.2370 4.420292e+01  64.374567  69.527745  72.451384
0.0043 0.0042    2446.7580 4.451676e+01  64.159247  69.362538  72.206747
0.0044 0.0042    2430.2980 4.481592e+01  63.953196  69.200885  71.967423
0.0045 0.0042    2412.9300 4.510031e+01  63.757173  69.043129  71.739375
0.0046 0.0042    2394.7240 4.537239e+01  63.567081  68.888409  71.513075
0.0047 0.0042    2375.7490 4.563154e+01  63.387689  68.737346  71.296162
0.0048 0.0042    2356.0680 4.587945e+01  63.215516  68.590498  71.085876
0.0049 0.0042    2335.7430 4.611536e+01  63.051670  68.446323  70.878807
0.0050 0.0042    2314.8350 4.634092e+01  62.895322  68.306892  70.688006
0.0051 0.0042    2293.3970 4.655723e+01  62.745519  68.168942  70.496500
0.0052 0.0042    2271.4850 4.676159e+01  62.604676  68.035689  70.313277
0.0053 0.0042    2249.1470 4.695856e+01  62.469011  67.906022  70.134631
0.0054 0.0042    2226.4320 4.714572e+01  62.341224  67.780255  69.968656
0.0055 0.0042    2203.3850 4.732506e+01  62.218792  67.656444  69.800756
0.0056 0.0042    2180.0470 4.749706e+01  62.101954  67.536496  69.640336
0.0057 0.0042    2156.4580 4.766094e+01  61.991913  67.419706  69.485101
0.0058 0.0042    2132.6570 4.781807e+01  61.886348  67.306207  69.336931
0.0059 0.0042    2108.6780 4.796823e+01  61.787473  67.196259  69.191171
0.0060 0.0042    2084.5540 4.811177e+01  61.693113  67.089196  69.055869
0.0061 0.0042    2060.3160 4.824998e+01  61.604447  66.985127  68.915214
0.0062 0.0042    2035.9940 4.838157e+01  61.519832  66.884814  68.787206
0.0063 0.0042    2011.6150 4.850863e+01  61.440830  66.787525  68.666045
0.0064 0.0042    1987.2040 4.863082e+01  61.365505  66.692408  68.544015
0.0065 0.0042    1962.7850 4.874894e+01  61.295831  66.601925  68.412780
0.0066 0.0042    1938.3820 4.886083e+01  61.229419  66.514198  68.304091
0.0067 0.0042    1914.0130 4.896823e+01  61.167780  66.427916  68.193747
0.0068 0.0042    1889.7000 4.907144e+01  61.109828  66.345760  68.095775
0.0069 0.0042    1865.4600 4.916952e+01  61.055818  66.265856  68.014147
0.0070 0.0042    1841.3100 4.926527e+01  61.005417  66.188515  67.917619
0.0071 0.0042    1817.2660 4.935705e+01  60.958613  66.115435  67.830447
0.0072 0.0042    1793.3430 4.944587e+01  60.914786  66.043527  67.745458
0.0073 0.0042    1769.5530 4.953122e+01  60.873876  65.975473  67.659358
0.0074 0.0042    1745.9100 4.961254e+01  60.837227  65.909691  67.581195
0.0075 0.0042    1722.4240 4.969231e+01  60.802021  65.846150  67.503080
0.0076 0.0042    1699.1070 4.976850e+01  60.770037  65.785416  67.426849
0.0077 0.0042    1675.9690 4.984161e+01  60.742081  65.726567  67.359426
0.0078 0.0042    1653.0170 4.991289e+01  60.715659  65.670523  67.291694
0.0079 0.0042    1630.2610 4.998125e+01  60.693276  65.616966  67.224728
0.0080 0.0042    1607.7080 5.004927e+01  60.669806  65.565356  67.160633
0.0081 0.0042    1585.3650 5.011029e+01  60.654087  65.516435  67.109161
0.0082 0.0042    1563.2370 5.017147e+01  60.638284  65.469587  67.056462
0.0083 0.0042    1541.3310 5.023096e+01  60.624757  65.425182  67.004202
0.0084 0.0042    1519.6510 5.028819e+01  60.613214  65.382279  66.950455
0.0085 0.0042    1498.2010 5.034387e+01  60.604560  65.342365  66.903333
0.0086 0.0042    1476.9860 5.039727e+01  60.597201  65.303709  66.858327
0.0087 0.0042    1456.0080 5.044950e+01  60.591496  65.267104  66.815117
0.0088 0.0042    1435.2710 5.049925e+01  60.587991  65.232836  66.773044
0.0089 0.0042    1414.7780 5.054831e+01  60.585737  65.200080  66.733380
0.0090 0.0042    1394.5300 5.059589e+01  60.584601  65.169208  66.697402
0.0091 0.0042       0.0000 5.064154e+01  60.586390  65.140069  66.662009
0.0092 0.0042       0.0000 5.068594e+01  60.589459  65.112776  66.629048
0.0093 0.0042       0.0000 5.072901e+01  60.594092  65.087535  66.598089
0.0094 0.0042       0.0000 5.077064e+01  60.600306  65.063832  66.569751
0.0095 0.0042       0.0000 5.081169e+01  60.607693  65.041836  66.540850
0.0096 0.0042       0.0000 5.085137e+01  60.616791  65.021669  66.514852
0.0097 0.0042       0.0000 5.088998e+01  60.626936  65.002911  66.490092
0.0098 0.0042       0.0000 5.092728e+01  60.638773  64.985918  66.470283
0.0099 0.0042       0.0000 5.096355e+01  60.651691  64.970186  66.449905
0.0100 0.0042       0.0000 5.100016e+01  60.665061  64.955342  66.430985
0.0000 0.0043    1902.1950 0.000000e+00  52.183035  52.182613  56.114335
0.0001 0.0043    1903.6520 1.724066e+00  78.711758  78.524429  88.053904
0.0002 0.0043    1908.0060 3.526303e+00  78.720824  78.390953  87.694839
0.0003 0.0043    1915.1940 5.369863e+00  78.652961  78.220153  87.323312
0.0004 0.0043    1925.1190 7.224376e+00  78.523763  78.026182  86.950075
0.0005 0.0043    1937.6450 9.074682e+00  78.330382  77.814397  86.555750
0.0006 0.0043    1952.6020 1.090498e+01  78.088166  77.593205  86.155217
0.0007 0.0043    1969.7890 1.270064e+01  77.799815  77.365448  85.741617
0.0008 0.0043    1988.9810 1.445028e+01  77.469789  77.130991  85.325492
0.0009 0.0043    2009.9260 1.614836e+01  77.105419  76.891615  84.896778
0.0010 0.0043    2032.3590 1.778598e+01  76.711544  76.648395  84.475390
0.0011 0.0043    2055.9980 1.936183e+01  76.294215  76.403075  84.040807
0.0012 0.0043    2080.5570 2.087297e+01  75.858771  76.155962  83.612450
0.0013 0.0043    2105.7450 2.231921e+01  75.407884  75.909149  83.176912
0.0014 0.0043    2131.2750 2.369998e+01  74.945727  75.661959  82.739935
0.0015 0.0043    2156.8640 2.501637e+01  74.476484  75.413152  82.302083
0.0016 0.0043    2182.2430 2.626884e+01  74.006160  75.168678  81.877125
0.0017 0.0043    2207.1550 2.746034e+01  73.532415  74.922837  81.441808
0.0018 0.0043    2231.3630 2.859200e+01  73.061959  74.679000  81.019283
0.0019 0.0043    2254.6480 2.966588e+01  72.592959  74.438246  80.599489
0.0020 0.0043    2276.8150 3.068884e+01  72.130556  74.197394  80.180216
0.0021 0.0043    2297.6890 3.165811e+01  71.677273  73.960588  79.742608
0.0022 0.0043    2317.1230 3.257548e+01  71.230602  73.726124  79.363254
0.0023 0.0043    2334.9930 3.344704e+01  70.791652  73.494667  78.959255
0.0024 0.0043    2351.1960 3.427415e+01  70.364818  73.267467  78.564266
0.0025 0.0043    2365.6550 3.505928e+01  69.947562  73.040653  78.178137
0.0026 0.0043    2378.3140 3.580409e+01  69.541922  72.817507  77.796962
0.0027 0.0043    2389.1380 3.651081e+01  69.148344  72.597903  77.425878
0.0028 0.0043    2398.1090 3.718109e+01  68.765993  72.382052  77.059872
0.0029 0.0043    2405.2280 3.781848e+01  68.395839  72.169250  76.702418
0.0030 0.0043    2410.5080 3.842302e+01  68.036813  71.960748  76.349680
0.0031 0.0043    2413.9800 3.899664e+01  67.691204  71.754536  76.007975
0.0032 0.0043    2415.6810 3.954356e+01  67.357412  71.551598  75.675189
0.0033 0.0043    2415.6610 4.006203e+01  67.035496  71.349048  75.351284
0.0034 0.0043    2413.9760 4.055550e+01  66.725600  71.154407  75.034261
0.0035 0.0043    2410.6890 4.102500e+01  66.426721  70.962000  74.726550
0.0036 0.0043    2405.8680 4.147123e+01  66.139647  70.773580  74.426679
0.0037 0.0043    2399.5830 4.189584e+01  65.863225  70.588757  74.134628
0.0038 0.0043    2391.9080 4.230081e+01  65.597289  70.407128  73.848960
0.0039 0.0043    2382.9160 4.268601e+01  65.342265  70.229098  73.571477
0.0040 0.0043    2372.6830 4.305261e+01  65.097968  70.054498  73.305212
0.0041 0.0043    2361.2810 4.340235e+01  64.862876  69.883409  73.043179
0.0042 0.0043    2348.7850 4.373594e+01  64.638228  69.715882  72.790778
0.0043 0.0043    2335.2660 4.405374e+01  64.423337  69.553278  72.544412
0.0044 0.0043    2320.7930 4.435696e+01  64.217081  69.393036  72.305226
0.0045 0.0043    2305.4350 4.464626e+01  64.019620  69.236272  72.074595
0.0046 0.0043    2289.2550 4.492235e+01  63.831023  69.082885  71.849799
0.0047 0.0043    2272.3160 4.518606e+01  63.650326  68.933247  71.629780
0.0048 0.0043    2254.6790 4.543845e+01  63.476935  68.786860  71.418597
0.0049 0.0043    2236.4020 4.567865e+01  63.311759  68.644046  71.212893
0.0050 0.0043    2217.5390 4.590913e+01  63.154074  68.504356  71.016000
0.0051 0.0043    2198.1420 4.612846e+01  63.003928  68.368030  70.823110
0.0052 0.0043    2178.2630 4.633844e+01  62.861648  68.235329  70.640860
0.0053 0.0043    2157.9470 4.653951e+01  62.724464  68.105613  70.460876
0.0054 0.0043    2137.2400 4.673209e+01  62.594555  67.979755  70.287274
0.0055 0.0043    2116.1830 4.691654e+01  62.469627  67.856914  70.122151
0.0056 0.0043    2094.8180 4.709180e+01  62.353423  67.737022  69.960345
0.0057 0.0043    2073.1820 4.725968e+01  62.240015  67.620436  69.803166
0.0058 0.0043    2051.3100 4.742177e+01  62.133886  67.506859  69.646594
0.0059 0.0043    2029.2360 4.757641e+01  62.032616  67.396023  69.501021
0.0060 0.0043    2006.9910 4.772540e+01  61.936366  67.289160  69.361298
0.0061 0.0043    1984.6070 4.786759e+01  61.845736  67.185239  69.227099
0.0062 0.0043    1962.1100 4.800435e+01  61.759506  67.084010  69.090937
0.0063 0.0043    1939.5260 4.813524e+01  61.678303  66.986539  68.967403
0.0064 0.0043    1916.8820 4.826132e+01  61.601519  66.892075  68.847287
0.0065 0.0043    1894.1990 4.838278e+01  61.529331  66.800924  68.726996
0.0066 0.0043    1871.5000 4.849940e+01  61.461496  66.712422  68.615271
0.0067 0.0043    1848.8050 4.861347e+01  61.396841  66.627063  68.487762
0.0068 0.0043    1826.1330 4.872113e+01  61.337177  66.543554  68.383341
0.0069 0.0043    1803.5020 4.882480e+01  61.280772  66.464031  68.282913
0.0070 0.0043    1780.9290 4.892433e+01  61.227937  66.386387  68.187146
0.0071 0.0043    1758.4290 4.901870e+01  61.179318  66.311635  68.112232
0.0072 0.0043    1736.0160 4.911246e+01  61.132460  66.238577  68.019583
0.0073 0.0043    1713.7060 4.920136e+01  61.090135  66.170572  67.936449
0.0074 0.0043    1691.5090 4.928739e+01  61.050772  66.103601  67.852392
0.0075 0.0043    1669.4380 4.937080e+01  61.014243  66.039359  67.774465
0.0076 0.0043    1647.5030 4.945084e+01  60.980899  65.977660  67.699256
0.0077 0.0043    1625.7140 4.952813e+01  60.949786  65.918199  67.625104
0.0078 0.0043    1604.0810 4.960212e+01  60.922244  65.861220  67.556969
0.0079 0.0043    1582.6120 4.967711e+01  60.894467  65.806863  67.482017
0.0080 0.0043    1561.3160 4.974519e+01  60.873969  65.753812  67.421293
0.0081 0.0043    1540.1980 4.981214e+01  60.853941  65.704057  67.364379
0.0082 0.0043    1519.2660 4.987715e+01  60.836551  65.656151  67.303979
0.0083 0.0043    1498.5250 4.993961e+01  60.820528  65.610907  67.253943
0.0084 0.0043    1477.9810 5.000061e+01  60.806988  65.566958  67.198746
0.0085 0.0043    1457.6390 5.006001e+01  60.795923  65.525435  67.148144
0.0086 0.0043    1437.5030 5.011695e+01  60.787378  65.486117  67.099535
0.0087 0.0043    1417.5780 5.017129e+01  60.779465  65.448449  67.056157
0.0088 0.0043    1397.8650 5.022563e+01  60.773236  65.412302  67.010342
0.0089 0.0043    1378.3690 5.027776e+01  60.768746  65.378267  66.968254
0.0090 0.0043    1359.0920 5.032895e+01  60.765783  65.346542  66.928305
0.0091 0.0043       0.0000 5.037837e+01  60.765014  65.316064  66.889594
0.0092 0.0043       0.0000 5.042545e+01  60.766622  65.287835  66.854694
0.0093 0.0043       0.0000 5.047161e+01  60.769633  65.261272  66.820821
0.0094 0.0043       0.0000 5.051702e+01  60.773532  65.236389  66.791310
0.0095 0.0043       0.0000 5.056075e+01  60.779114  65.213160  66.762842
0.0096 0.0043       0.0000 5.060301e+01  60.786144  65.191315  66.732945
0.0097 0.0043       0.0000 5.064495e+01  60.794522  65.171585  66.704936
0.0098 0.0043       0.0000 5.068518e+01  60.804610  65.153625  66.679422
0.0099 0.0043       0.0000 5.072466e+01  60.815310  65.136604  66.658194
0.0100 0.0043       0.0000 5.076285e+01  60.827934  65.120911  66.638860
0.0000 0.0044    1799.4660 7.118597e-07  52.040397  52.039946  55.921333
0.0001 0.0044    1800.8260 1.694958e+00  78.736231  78.558436  88.115717
0.0002 0.0044    1804.8860 3.465800e+00  78.741848  78.426140  87.764878
0.0003 0.0044    1811.5940 5.274987e+00  78.676782  78.259554  87.408625
0.0004 0.0044    1820.8580 7.099069e+00  78.545831  78.068987  87.038526
0.0005 0.0044    1832.5550 8.918490e+00  78.355954  77.863130  86.651439
0.0006 0.0044    1846.5310 1.071728e+01  78.117746  77.645641  86.260564
0.0007 0.0044    1862.6030 1.248200e+01  77.837127  77.422462  85.862441
0.0008 0.0044    1880.5650 1.420382e+01  77.515245  77.193901  85.449266
0.0009 0.0044    1900.1880 1.587335e+01  77.160510  76.959823  85.039009
0.0010 0.0044    1921.2300 1.748607e+01  76.776485  76.720999  84.622933
0.0011 0.0044    1943.4350 1.903928e+01  76.369616  76.481238  84.205761
0.0012 0.0044    1966.5390 2.052814e+01  75.944992  76.239318  83.785264
0.0013 0.0044    1990.2770 2.195394e+01  75.505417  75.997766  83.364252
0.0014 0.0044    2014.3850 2.331679e+01  75.055624  75.755581  82.938009
0.0015 0.0044    2038.6050 2.461616e+01  74.598644  75.512437  82.515931
0.0016 0.0044    2062.6860 2.585458e+01  74.137586  75.271360  82.094341
0.0017 0.0044    2086.3920 2.703253e+01  73.676538  75.031129  81.677107
0.0018 0.0044    2109.5020 2.815303e+01  73.214466  74.792663  81.258834
0.0019 0.0044    2131.8130 2.921816e+01  72.757254  74.555859  80.846839
0.0020 0.0044    2153.1410 3.023132e+01  72.305378  74.320541  80.413953
0.0021 0.0044    2173.3220 3.119084e+01  71.858120  74.087723  80.031825
0.0022 0.0044    2192.2160 3.210383e+01  71.420302  73.857197  79.634116
0.0023 0.0044    2209.7020 3.297015e+01  70.990449  73.629967  79.236618
0.0024 0.0044    2225.6820 3.379366e+01  70.570010  73.405952  78.846430
0.0025 0.0044    2240.0790 3.457397e+01  70.161213  73.183960  78.468691
0.0026 0.0044    2252.8350 3.531613e+01  69.761750  72.964530  78.092894
0.0027 0.0044    2263.9110 3.602081e+01  69.373590  72.748906  77.725169
0.0028 0.0044    2273.2850 3.669112e+01  68.996455  72.536168  77.363488
0.0029 0.0044    2280.9520 3.732655e+01  68.630648  72.325991  77.008657
0.0030 0.0044    2286.9200 3.793109e+01  68.278346  72.119987  76.668138
0.0031 0.0044    2291.2100 3.850656e+01  67.936012  71.915431  76.331376
0.0032 0.0044    2293.8530 3.905304e+01  67.605762  71.715327  75.999438
0.0033 0.0044    2294.8890 3.957360e+01  67.287165  71.519480  75.678974
0.0034 0.0044    2294.3660 4.006852e+01  66.980072  71.326045  75.363535
0.0035 0.0044    2292.3390 4.053976e+01  66.683598  71.137140  75.056055
0.0036 0.0044    2288.8650 4.098925e+01  66.398089  70.950797  74.758594
0.0037 0.0044    2284.0090 4.141654e+01  66.123472  70.767755  74.468492
0.0038 0.0044    2277.8340 4.182397e+01  65.859244  70.587859  74.183265
0.0039 0.0044    2270.4060 4.221265e+01  65.606283  70.412497  73.910005
0.0040 0.0044    2261.7930 4.258411e+01  65.360783  70.239572  73.635252
0.0041 0.0044    2252.0620 4.293658e+01  65.127593  70.070498  73.377323
0.0042 0.0044    2241.2790 4.327312e+01  64.903270  69.904726  73.126647
0.0043 0.0044    2229.5090 4.359493e+01  64.687768  69.743631  72.880018
0.0044 0.0044    2216.8160 4.390193e+01  64.481582  69.584066  72.639597
0.0045 0.0044    2203.2620 4.419560e+01  64.283959  69.428406  72.406622
0.0046 0.0044    2188.9070 4.447554e+01  64.094094  69.277364  72.180322
0.0047 0.0044    2173.8080 4.474306e+01  63.913403  69.128554  71.965453
0.0048 0.0044    2158.0220 4.499989e+01  63.739190  68.982847  71.748964
0.0049 0.0044    2141.6030 4.524463e+01  63.572820  68.840876  71.541582
0.0050 0.0044    2124.6010 4.547916e+01  63.414456  68.701797  71.341802
0.0051 0.0044    2107.0660 4.570300e+01  63.262572  68.566609  71.152944
0.0052 0.0044    2089.0440 4.591779e+01  63.118548  68.434058  70.963173
0.0053 0.0044    2070.5790 4.612319e+01  62.980396  68.305008  70.781697
0.0054 0.0044    2051.7140 4.631961e+01  62.848733  68.179251  70.609070
0.0055 0.0044    2032.4890 4.650774e+01  62.723070  68.056272  70.437730
0.0056 0.0044    2012.9410 4.668836e+01  62.603983  67.936929  70.274758
0.0057 0.0044    1993.1060 4.685837e+01  62.490837  67.821868  70.122590
0.0058 0.0044    1973.0180 4.702669e+01  62.381355  67.707333  69.963362
0.0059 0.0044    1952.7090 4.718613e+01  62.278131  67.596923  69.813422
0.0060 0.0044    1932.2090 4.734126e+01  62.180186  67.490642  69.652865
0.0061 0.0044    1911.5470 4.748761e+01  62.087518  67.386728  69.513556
0.0062 0.0044    1890.7490 4.762790e+01  61.999784  67.284045  69.396377
0.0063 0.0044    1869.8410 4.776381e+01  61.915996  67.186174  69.265866
0.0064 0.0044    1848.8460 4.789368e+01  61.838067  67.091900  69.142893
0.0065 0.0044    1827.7870 4.801908e+01  61.764140  67.000263  69.026068
0.0066 0.0044    1806.6850 4.814007e+01  61.694110  66.911244  68.907858
0.0067 0.0044    1785.5600 4.825612e+01  61.628136  66.825491  68.798545
0.0068 0.0044    1764.4310 4.836931e+01  61.565840  66.741100  68.689754
0.0069 0.0044    1743.3140 4.847829e+01  61.507250  66.661233  68.572326
0.0070 0.0044    1722.2270 4.858256e+01  61.452231  66.583563  68.471831
0.0071 0.0044    1701.1840 4.868229e+01  61.401502  66.508123  68.377668
0.0072 0.0044    1680.2010 4.877949e+01  61.353027  66.434681  68.284915
0.0073 0.0044    1659.2900 4.887143e+01  61.308418  66.364256  68.213381
0.0074 0.0044    1638.4640 4.896181e+01  61.266823  66.297947  68.124839
0.0075 0.0044    1617.7340 4.904831e+01  61.228847  66.233098  68.045298
0.0076 0.0044    1597.1120 4.913217e+01  61.193404  66.170565  67.968002
0.0077 0.0044    1576.6080 4.921344e+01  61.160419  66.110504  67.892042
0.0078 0.0044    1556.2300 4.929228e+01  61.129558  66.052578  67.818438
0.0079 0.0044    1535.9890 4.936827e+01  61.102133  65.997132  67.750830
0.0080 0.0044    1515.8910 4.944149e+01  61.077642  65.942435  67.681327
0.0081 0.0044    1495.9450 4.951295e+01  61.054837  65.891635  67.616799
0.0082 0.0044    1476.1560 4.958140e+01  61.035635  65.842975  67.558753
0.0083 0.0044    1456.5320 4.964792e+01  61.018230  65.796941  67.499115
0.0084 0.0044    1437.0780 4.971246e+01  61.002145  65.752118  67.448843
0.0085 0.0044    1417.7990 4.977489e+01  60.989110  65.710068  67.392593
0.0086 0.0044    1398.7010 4.983487e+01  60.977890  65.668813  67.343153
0.0087 0.0044    1379.7860 4.989357e+01  60.968309  65.629883  67.292526
0.0088 0.0044    1361.0600 4.995054e+01  60.960717  65.592839  67.248463
0.0089 0.0044    1342.5250 5.000540e+01  60.955430  65.557851  67.204331
0.0090 0.0044       0.0000 5.006036e+01  60.949267  65.524489  67.159874
0.0091 0.0044       0.0000 5.011300e+01  60.946431  65.493293  67.120408
0.0092 0.0044       0.0000 5.016375e+01  60.945550  65.463428  67.081668
0.0093 0.0044       0.0000 5.021281e+01  60.946749  65.435970  67.048579
0.0094 0.0044       0.0000 5.026139e+01  60.948362  65.409962  67.014849
0.0095 0.0044       0.0000 5.030780e+01  60.952635  65.385309  66.983306
0.0096 0.0044       0.0000 5.035415e+01  60.956951  65.362772  66.952596
0.0097 0.0044       0.0000 5.039860e+01  60.963328  65.341535  66.916130
0.0098 0.0044       0.0000 5.044138e+01  60.971368  65.321701  66.890979
0.0099 0.0044       0.0000 5.048393e+01  60.980595  65.303687  66.867714
0.0100 0.0044       0.0000 5.052536e+01  60.990899  65.287123  66.842717
0.0000 0.0045    1703.7300 1.469333e-13  51.911460  51.910985  55.742201
0.0001 0.0045    1705.0000 1.666700e+00  78.765465  78.595889  88.178551
0.0002 0.0045    1708.7960 3.407093e+00  78.766167  78.465316  87.835900
0.0003 0.0045    1715.0660 5.185684e+00  78.701621  78.302142  87.488370
0.0004 0.0045    1723.7280 6.978328e+00  78.572184  78.115682  87.127575
0.0005 0.0045    1734.6710 8.766175e+00  78.386880  77.914139  86.753132
0.0006 0.0045    1747.7530 1.053502e+01  78.154150  77.702910  86.370284
0.0007 0.0045    1762.8080 1.227470e+01  77.876097  77.482994  85.971925
0.0008 0.0045    1779.6460 1.396434e+01  77.564471  77.259445  85.584206
0.0009 0.0045    1798.0610 1.560724e+01  77.219253  77.029338  85.182581
0.0010 0.0045    1817.8280 1.719537e+01  76.844608  76.795806  84.773431
0.0011 0.0045    1838.7140 1.872491e+01  76.448546  76.562642  84.370808
0.0012 0.0045    1860.4780 2.019272e+01  76.032736  76.325354  83.953549
0.0013 0.0045    1882.8760 2.159904e+01  75.607145  76.088590  83.550635
0.0014 0.0045    1905.6650 2.294387e+01  75.166264  75.851091  83.131640
0.0015 0.0045    1928.6070 2.422719e+01  74.721059  75.613472  82.721350
0.0016 0.0045    1951.4710 2.545037e+01  74.270703  75.377618  82.307898
0.0017 0.0045    1974.0380 2.661488e+01  73.820075  75.141966  81.899028
0.0018 0.0045    1996.1030 2.772512e+01  73.368997  74.908109  81.491543
0.0019 0.0045    2017.4760 2.877982e+01  72.920514  74.674245  81.084380
0.0020 0.0045    2037.9840 2.978214e+01  72.477328  74.444561  80.688351
0.0021 0.0045    2057.4740 3.073586e+01  72.040291  74.216263  80.289403
0.0022 0.0045    2075.8100 3.164144e+01  71.611116  73.990318  79.899149
0.0023 0.0045    2092.8790 3.250240e+01  71.189556  73.766433  79.512077
0.0024 0.0045    2108.5840 3.332007e+01  70.777193  73.547161  79.130476
0.0025 0.0045    2122.8500 3.409827e+01  70.373955  73.329132  78.753738
0.0026 0.0045    2135.6170 3.483725e+01  69.981397  73.112981  78.386432
0.0027 0.0045    2146.8460 3.553967e+01  69.599077  72.900134  78.023690
0.0028 0.0045    2156.5100 3.620823e+01  69.228126  72.689401  77.667774
0.0029 0.0045    2164.6000 3.684300e+01  68.868404  72.483027  77.321734
0.0030 0.0045    2171.1170 3.744762e+01  68.518210  72.279473  76.976021
0.0031 0.0045    2176.0770 3.802258e+01  68.180859  72.079658  76.644816
0.0032 0.0045    2179.5040 3.857052e+01  67.854041  71.883476  76.317936
0.0033 0.0045    2181.4300 3.909173e+01  67.538364  71.688781  75.996388
0.0034 0.0045    2181.8980 3.958948e+01  67.233260  71.498328  75.685663
0.0035 0.0045    2180.9520 4.006184e+01  66.939844  71.311116  75.380849
0.0036 0.0045    2178.6450 4.051363e+01  66.656534  71.127284  75.084053
0.0037 0.0045    2175.0310 4.094276e+01  66.384158  70.946728  74.796464
0.0038 0.0045    2170.1680 4.135291e+01  66.121632  70.769064  74.515524
0.0039 0.0045    2164.1150 4.174448e+01  65.868507  70.595134  74.237914
0.0040 0.0045    2156.9330 4.211819e+01  65.624788  70.424660  73.966919
0.0041 0.0045    2148.6820 4.247445e+01  65.391894  70.256875  73.708835
0.0042 0.0045    2139.4210 4.281488e+01  65.167313  70.093127  73.457356
0.0043 0.0045    2129.2120 4.314012e+01  64.952248  69.931267  73.209500
0.0044 0.0045    2118.1120 4.345186e+01  64.744898  69.774022  72.968575
0.0045 0.0045    2106.1770 4.374874e+01  64.548174  69.621138  72.737634
0.0046 0.0045    2093.4640 4.403194e+01  64.358339  69.469847  72.511125
0.0047 0.0045    2080.0260 4.430434e+01  64.176278  69.322848  72.290559
0.0048 0.0045    2065.9150 4.456397e+01  64.001791  69.178385  72.078000
0.0049 0.0045    2051.1800 4.481360e+01  63.834040  69.037329  71.871967
0.0050 0.0045    2035.8700 4.505185e+01  63.674485  68.898666  71.669758
0.0051 0.0045    2020.0300 4.527982e+01  63.521952  68.763615  71.474282
0.0052 0.0045    2003.7040 4.549812e+01  63.376447  68.631483  71.285376
0.0053 0.0045    1986.9340 4.570872e+01  63.236329  68.502874  71.101701
0.0054 0.0045    1969.7570 4.590899e+01  63.104157  68.377831  70.927618
0.0055 0.0045    1952.2140 4.610132e+01  62.976765  68.255605  70.754484
0.0056 0.0045    1934.3380 4.628643e+01  62.855572  68.136013  70.587252
0.0057 0.0045    1916.1640 4.646314e+01  62.740645  68.019590  70.427495
0.0058 0.0045    1897.7240 4.663440e+01  62.629870  67.906827  70.273857
0.0059 0.0045    1879.0480 4.679732e+01  62.525661  67.796699  70.123842
0.0060 0.0045    1860.1640 4.695648e+01  62.425850  67.690672  69.960741
0.0061 0.0045    1841.1010 4.710751e+01  62.331250  67.586021  69.817081
0.0062 0.0045    1821.8830 4.725325e+01  62.241494  67.485090  69.683626
0.0063 0.0045    1802.5350 4.739160e+01  62.156587  67.385989  69.565939
0.0064 0.0045    1783.0790 4.752623e+01  62.076047  67.291260  69.441781
0.0065 0.0045    1763.5370 4.765671e+01  61.999590  67.199286  69.316784
0.0066 0.0045    1743.9300 4.778130e+01  61.928097  67.110139  69.200164
0.0067 0.0045    1724.2770 4.790181e+01  61.859674  67.023290  69.086637
0.0068 0.0045    1704.5950 4.801811e+01  61.796103  66.940159  68.977996
0.0069 0.0045    1684.9020 4.813053e+01  61.735367  66.858803  68.871892
0.0070 0.0045    1665.2130 4.823986e+01  61.678567  66.781058  68.758070
0.0071 0.0045    1645.5440 4.834433e+01  61.625155  66.704486  68.660141
0.0072 0.0045    1625.9080 4.844555e+01  61.575004  66.630436  68.564123
0.0073 0.0045    1606.3200 4.854305e+01  61.528057  66.559975  68.473131
0.0074 0.0045    1586.7910 4.863674e+01  61.484727  66.492885  68.387276
0.0075 0.0045    1567.3320 4.872746e+01  61.444043  66.427445  68.303616
0.0076 0.0045    1547.9560 4.881414e+01  61.406568  66.363448  68.236952
0.0077 0.0045    1528.6710 4.889925e+01  61.371461  66.301983  68.155911
0.0078 0.0045    1509.4880 4.898115e+01  61.339635  66.244095  68.084135
0.0079 0.0045    1490.4150 4.906084e+01  61.310279  66.187202  68.010517
0.0080 0.0045    1471.4600 4.913741e+01  61.283239  66.133008  67.942654
0.0081 0.0045    1452.6310 4.921207e+01  61.258984  66.080704  67.876717
0.0082 0.0045    1433.9350 4.928397e+01  61.237070  66.031383  67.815721
0.0083 0.0045    1415.3790 4.935444e+01  61.217090  65.983079  67.751274
0.0084 0.0045    1396.9680 4.942253e+01  61.199315  65.937653  67.697507
0.0085 0.0045    1378.7080 4.948846e+01  61.184362  65.894925  67.643578
0.0086 0.0045    1360.6040 4.955259e+01  61.171361  65.852942  67.587807
0.0087 0.0045    1342.6610 4.961402e+01  61.159230  65.812221  67.537792
0.0088 0.0045    1324.8830 4.967432e+01  61.149578  65.774210  67.487437
0.0089 0.0045    1307.2730 4.973334e+01  61.141368  65.738147  67.438991
0.0090 0.0045       0.0000 4.979109e+01  61.133780  65.703283  67.393987
0.0091 0.0045       0.0000 4.984689e+01  61.129342  65.670454  67.348823
0.0092 0.0045       0.0000 4.990080e+01  61.126157  65.640325  67.312518
0.0093 0.0045       0.0000 4.995319e+01  61.124827  65.611601  67.270660
0.0094 0.0045       0.0000 5.000415e+01  61.125533  65.584075  67.235156
0.0095 0.0045       0.0000 5.005431e+01  61.127027  65.558173  67.201500
0.0096 0.0045       0.0000 5.010280e+01  61.130674  65.534109  67.174003
0.0097 0.0045       0.0000 5.015073e+01  61.134758  65.511823  67.140625
0.0098 0.0045       0.0000 5.019727e+01  61.140671  65.490836  67.108954
0.0099 0.0045       0.0000 5.024268e+01  61.147857  65.471173  67.079838
0.0100 0.0045       0.0000 5.028652e+01  61.156548  65.453681  67.056507
0.0000 0.0046    1614.4030 1.887958e-07  51.797692  51.797339  55.578159
0.0001 0.0046    1615.5930 1.639373e+00  78.799213  78.636980  88.238581
0.0002 0.0046    1619.1460 3.350174e+00  78.796111  78.506261  87.909706
0.0003 0.0046    1625.0170 5.098148e+00  78.729644  78.347140  87.569228
0.0004 0.0046    1633.1310 6.862719e+00  78.600018  78.165627  87.210699
0.0005 0.0046    1643.3850 8.618453e+00  78.421355  77.967944  86.852930
0.0006 0.0046    1655.6500 1.035732e+01  78.193466  77.760915  86.480664
0.0007 0.0046    1669.7740 1.206428e+01  77.924598  77.547515  86.102485
0.0008 0.0046    1685.5840 1.373063e+01  77.618647  77.327723  85.714029
0.0009 0.0046    1702.8890 1.534745e+01  77.281806  77.103020  85.320027
0.0010 0.0046    1721.4850 1.691172e+01  76.917665  76.875117  84.924029
0.0011 0.0046    1741.1570 1.841833e+01  76.529020  76.645636  84.525317
0.0012 0.0046    1761.6840 1.986505e+01  76.126200  76.414106  84.125628
0.0013 0.0046    1782.8410 2.125331e+01  75.709083  76.183349  83.727141
0.0014 0.0046    1804.4050 2.258063e+01  75.280918  75.949644  83.324764
0.0015 0.0046    1826.1550 2.384702e+01  74.844732  75.717421  82.922434
0.0016 0.0046    1847.8780 2.505591e+01  74.405048  75.485904  82.521987
0.0017 0.0046    1869.3710 2.620898e+01  73.964046  75.254536  82.121311
0.0018 0.0046    1890.4430 2.730582e+01  73.523084  75.025629  81.722235
0.0019 0.0046    1910.9150 2.835146e+01  73.086482  74.797410  81.301746
0.0020 0.0046    1930.6270 2.934526e+01  72.652215  74.570132  80.919800
0.0021 0.0046    1949.4320 3.028934e+01  72.223504  74.346026  80.547167
0.0022 0.0046    1967.2040 3.118854e+01  71.802273  74.123907  80.161439
0.0023 0.0046    1983.8330 3.204377e+01  71.388390  73.903793  79.780827
0.0024 0.0046    1999.2250 3.285866e+01  70.983082  73.685716  79.402694
0.0025 0.0046    2013.3070 3.363149e+01  70.586788  73.471984  79.036380
0.0026 0.0046    2026.0190 3.436790e+01  70.199854  73.260864  78.668975
0.0027 0.0046    2037.3190 3.506703e+01  69.823925  73.050645  78.313551
0.0028 0.0046    2047.1800 3.573292e+01  69.458065  72.844816  77.965004
0.0029 0.0046    2055.5870 3.636795e+01  69.103757  72.641053  77.623118
0.0030 0.0046    2062.5380 3.697125e+01  68.759187  72.441104  77.285238
0.0031 0.0046    2068.0420 3.754643e+01  68.425992  72.243670  76.953158
0.0032 0.0046    2072.1180 3.809440e+01  68.102314  72.049562  76.632945
0.0033 0.0046    2074.7940 3.861818e+01  67.788479  71.857658  76.311173
0.0034 0.0046    2076.1030 3.911520e+01  67.487391  71.670345  76.004797
0.0035 0.0046    2076.0850 3.959003e+01  67.195810  71.485381  75.702259
0.0036 0.0046    2074.7850 4.004352e+01  66.914571  71.304314  75.405906
0.0037 0.0046    2072.2520 4.047508e+01  66.644105  71.124854  75.119750
0.0038 0.0046    2068.5360 4.088700e+01  66.382672  70.949849  74.840015
0.0039 0.0046    2063.6910 4.128077e+01  66.131629  70.777654  74.565224
0.0040 0.0046    2057.7700 4.165704e+01  65.888849  70.608307  74.296779
0.0041 0.0046    2050.8290 4.201793e+01  65.654922  70.442513  74.033564
0.0042 0.0046    2042.9230 4.236032e+01  65.431921  70.280002  73.782749
0.0043 0.0046    2034.1050 4.268904e+01  65.217367  70.120884  73.537711
0.0044 0.0046    2024.4290 4.300355e+01  65.010472  69.963428  73.297721
0.0045 0.0046    2013.9470 4.330452e+01  64.812255  69.812027  73.064440
0.0046 0.0046    2002.7110 4.359285e+01  64.621202  69.662312  72.836566
0.0047 0.0046    1990.7710 4.386770e+01  64.439266  69.515041  72.614540
0.0048 0.0046    1978.1740 4.413121e+01  64.264324  69.373179  72.402085
0.0049 0.0046    1964.9660 4.438412e+01  64.096986  69.232539  72.195015
0.0050 0.0046    1951.1930 4.462667e+01  63.936043  69.094789  71.993025
0.0051 0.0046    1936.8960 4.485889e+01  63.782204  68.960106  71.796704
0.0052 0.0046    1922.1170 4.508180e+01  63.635228  68.828476  71.606012
0.0053 0.0046    1906.8940 4.529549e+01  63.493982  68.700052  71.419717
0.0054 0.0046    1891.2650 4.550003e+01  63.359588  68.575537  71.243175
0.0055 0.0046    1875.2640 4.569686e+01  63.230943  68.453618  71.068408
0.0056 0.0046    1858.9250 4.588586e+01  63.107973  68.334865  70.901043
0.0057 0.0046    1842.2810 4.606749e+01  62.991674  68.219048  70.740322
0.0058 0.0046    1825.3600 4.624181e+01  62.880200  68.105524  70.579654
0.0059 0.0046    1808.1930 4.640963e+01  62.774181  67.996164  70.431660
0.0060 0.0046    1790.8060 4.657254e+01  62.672637  67.890294  70.269484
0.0061 0.0046    1773.2260 4.672761e+01  62.576534  67.786000  70.124698
0.0062 0.0046    1755.4750 4.687807e+01  62.484183  67.685137  69.985042
0.0063 0.0046    1737.5780 4.702182e+01  62.397806  67.587235  69.855795
0.0064 0.0046    1719.5560 4.716051e+01  62.314853  67.490242  69.734804
0.0065 0.0046    1701.4300 4.729422e+01  62.236739  67.398570  69.612096
0.0066 0.0046    1683.2200 4.742325e+01  62.163373  67.308979  69.494538
0.0067 0.0046    1664.9430 4.754746e+01  62.093293  67.221724  69.377632
0.0068 0.0046    1646.6180 4.766904e+01  62.026662  67.137780  69.263950
0.0069 0.0046    1628.2610 4.778410e+01  61.964846  67.056833  69.158251
0.0070 0.0046    1609.8860 4.789728e+01  61.905032  66.977297  69.052318
0.0071 0.0046    1591.5100 4.800496e+01  61.850771  66.900772  68.952389
0.0072 0.0046    1573.1450 4.811148e+01  61.798302  66.826961  68.843477
0.0073 0.0046    1554.8050 4.821357e+01  61.748842  66.755169  68.748153
0.0074 0.0046    1536.5010 4.831060e+01  61.702548  66.687685  68.654654
0.0075 0.0046    1518.2450 4.840529e+01  61.660975  66.620970  68.573885
0.0076 0.0046    1500.0490 4.849653e+01  61.621263  66.556661  68.489477
0.0077 0.0046    1481.9210 4.858500e+01  61.584247  66.495514  68.411030
0.0078 0.0046    1463.8710 4.866972e+01  61.550149  66.435076  68.345199
0.0079 0.0046    1445.9090 4.875274e+01  61.518775  66.377682  68.270994
0.0080 0.0046    1428.0420 4.883346e+01  61.490121  66.322616  68.200218
0.0081 0.0046    1410.2780 4.891129e+01  61.463762  66.269359  68.134443
0.0082 0.0046    1392.6250 4.898739e+01  61.439626  66.218755  68.069163
0.0083 0.0046    1375.0880 4.906121e+01  61.417604  66.170038  68.001962
0.0084 0.0046    1357.6750 4.913276e+01  61.397994  66.123225  67.939902
0.0085 0.0046    1340.3900 4.920242e+01  61.380343  66.079340  67.885468
0.0086 0.0046    1323.2390 4.926904e+01  61.365812  66.036492  67.828342
0.0087 0.0046    1306.2270 4.933379e+01  61.351776  65.995083  67.777868
0.0088 0.0046    1289.3590 4.939656e+01  61.340870  65.956022  67.729174
0.0089 0.0046       0.0000 4.945964e+01  61.329710  65.918560  67.678493
0.0090 0.0046       0.0000 4.952015e+01  61.320107  65.883058  67.629987
0.0091 0.0046       0.0000 4.957868e+01  61.313645  65.849419  67.586215
0.0092 0.0046       0.0000 4.963636e+01  61.308962  65.817611  67.545183
0.0093 0.0046       0.0000 4.969193e+01  61.305856  65.787235  67.503262
0.0094 0.0046       0.0000 4.974667e+01  61.303801  65.758777  67.463202
0.0095 0.0046       0.0000 4.979924e+01  61.304090  65.732258  67.427208
0.0096 0.0046       0.0000 4.985094e+01  61.305477  65.706723  67.389935
0.0097 0.0046       0.0000 4.990127e+01  61.308052  65.682787  67.360694
0.0098 0.0046       0.0000 4.995077e+01  61.311908  65.660844  67.327290
0.0099 0.0046       0.0000 4.999930e+01  61.317161  65.640356  67.293843
0.0100 0.0046       0.0000 5.004589e+01  61.323611  65.621183  67.265512
0.0000 0.0047    1530.9620 0.000000e+00  51.699326  51.698760  55.429143
0.0001 0.0047    1532.0770 1.612666e+00  78.835782  78.680311  88.312068
0.0002 0.0047    1535.4090 3.295005e+00  78.830311  78.551184  87.981371
0.0003 0.0047    1540.9150 5.013420e+00  78.761648  78.396167  87.641038
0.0004 0.0047    1548.5270 6.746170e+00  78.636302  78.217270  87.303630
0.0005 0.0047    1558.1500 8.473869e+00  78.459712  78.024520  86.953999
0.0006 0.0047    1569.6670 1.018454e+01  78.236665  77.822564  86.587663
0.0007 0.0047    1582.9370 1.186391e+01  77.973974  77.611969  86.219665
0.0008 0.0047    1597.8030 1.350377e+01  77.675918  77.398286  85.845314
0.0009 0.0047    1614.0880 1.509585e+01  77.347248  77.177654  85.462002
0.0010 0.0047    1631.6050 1.663561e+01  76.991838  76.956035  85.074567
0.0011 0.0047    1650.1570 1.812052e+01  76.615222  76.730409  84.688396
0.0012 0.0047    1669.5400 1.954615e+01  76.220431  76.505986  84.299453
0.0013 0.0047    1689.5470 2.091467e+01  75.813237  76.277643  83.904179
0.0014 0.0047    1709.9710 2.222442e+01  75.395788  76.050607  83.515077
0.0015 0.0047    1730.6080 2.347630e+01  74.970384  75.822198  83.122101
0.0016 0.0047    1751.2610 2.467105e+01  74.540689  75.595469  82.729337
0.0017 0.0047    1771.7410 2.581148e+01  74.110344  75.368762  82.313038
0.0018 0.0047    1791.8700 2.689641e+01  73.678994  75.143362  81.946334
0.0019 0.0047    1811.4810 2.793092e+01  73.250834  74.918871  81.558355
0.0020 0.0047    1830.4220 2.891591e+01  72.826052  74.696732  81.173143
0.0021 0.0047    1848.5570 2.985301e+01  72.405906  74.476959  80.791965
0.0022 0.0047    1865.7640 3.074515e+01  71.993281  74.258475  80.416206
0.0023 0.0047    1881.9390 3.159470e+01  71.586363  74.042477  80.043785
0.0024 0.0047    1896.9910 3.240299e+01  71.186535  73.829259  79.670562
0.0025 0.0047    1910.8480 3.317450e+01  70.797352  73.617732  79.308940
0.0026 0.0047    1923.4510 3.390611e+01  70.417922  73.409220  78.948376
0.0027 0.0047    1934.7580 3.460331e+01  70.047685  73.203300  78.600100
0.0028 0.0047    1944.7380 3.526688e+01  69.689055  73.000249  78.256315
0.0029 0.0047    1953.3750 3.589955e+01  69.338617  72.799985  77.919519
0.0030 0.0047    1960.6620 3.650275e+01  68.998253  72.602717  77.585465
0.0031 0.0047    1966.6050 3.707770e+01  68.668818  72.407775  77.260554
0.0032 0.0047    1971.2170 3.762561e+01  68.348970  72.215776  76.939465
0.0033 0.0047    1974.5200 3.814861e+01  68.039320  72.027092  76.624174
0.0034 0.0047    1976.5420 3.864843e+01  67.739472  71.840998  76.315012
0.0035 0.0047    1977.3190 3.912318e+01  67.451299  71.658866  76.018494
0.0036 0.0047    1976.8880 3.957844e+01  67.171457  71.479560  75.722613
0.0037 0.0047    1975.2940 4.001197e+01  66.902726  71.303133  75.437247
0.0038 0.0047    1972.5800 4.042664e+01  66.643012  71.129267  75.160330
0.0039 0.0047    1968.7940 4.082271e+01  66.393164  70.959207  74.888861
0.0040 0.0047    1963.9860 4.120189e+01  66.151537  70.792348  74.620259
0.0041 0.0047    1958.2060 4.156383e+01  65.919256  70.627856  74.361562
0.0042 0.0047    1951.5010 4.191024e+01  65.695811  70.467082  74.107043
0.0043 0.0047    1943.9240 4.224263e+01  65.480825  70.308748  73.862407
0.0044 0.0047    1935.5210 4.256003e+01  65.274629  70.152534  73.623496
0.0045 0.0047    1926.3430 4.286418e+01  65.076400  70.002033  73.388164
0.0046 0.0047    1916.4350 4.315536e+01  64.885238  69.853632  73.160282
0.0047 0.0047    1905.8450 4.343436e+01  64.702310  69.708108  72.938831
0.0048 0.0047    1894.6160 4.370201e+01  64.526706  69.565565  72.724291
0.0049 0.0047    1882.7910 4.395845e+01  64.358716  69.426200  72.516832
0.0050 0.0047    1870.4120 4.420456e+01  64.197166  69.289590  72.315035
0.0051 0.0047    1857.5190 4.444059e+01  64.042074  69.155906  72.116190
0.0052 0.0047    1844.1500 4.466689e+01  63.894099  69.025031  71.924721
0.0053 0.0047    1830.3410 4.488463e+01  63.751379  68.897399  71.739892
0.0054 0.0047    1816.1260 4.509298e+01  63.615916  68.773318  71.559093
0.0055 0.0047    1801.5400 4.529415e+01  63.486163  68.651240  71.382826
0.0056 0.0047    1786.6130 4.548732e+01  63.361869  68.532895  71.211984
0.0057 0.0047    1771.3750 4.567288e+01  63.243075  68.417460  71.047210
0.0058 0.0047    1755.8560 4.585246e+01  63.129897  68.304588  70.888706
0.0059 0.0047    1740.0820 4.602340e+01  63.023045  68.194353  70.734790
0.0060 0.0047    1724.0790 4.619109e+01  62.920010  68.088578  70.572267
0.0061 0.0047    1707.8710 4.635037e+01  62.821766  67.984990  70.428001
0.0062 0.0047    1691.4820 4.650462e+01  62.727490  67.884282  70.286362
0.0063 0.0047    1674.9330 4.665266e+01  62.639848  67.785881  70.151648
0.0064 0.0047    1658.2450 4.679575e+01  62.555567  67.689770  70.021416
0.0065 0.0047    1641.4390 4.693286e+01  62.475099  67.597159  69.907717
0.0066 0.0047    1624.5320 4.706530e+01  62.399639  67.507720  69.786652
0.0067 0.0047    1607.5430 4.719403e+01  62.327746  67.420007  69.667358
0.0068 0.0047    1590.4880 4.731823e+01  62.259794  67.335974  69.557176
0.0069 0.0047    1573.3820 4.743854e+01  62.195281  67.253605  69.443642
0.0070 0.0047    1556.2420 4.755399e+01  62.134726  67.174210  69.337728
0.0071 0.0047    1539.0810 4.766699e+01  62.077377  67.097445  69.234032
0.0072 0.0047    1521.9110 4.777569e+01  62.022889  67.023208  69.136891
0.0073 0.0047    1504.7470 4.788098e+01  61.971374  66.950234  69.040531
0.0074 0.0047    1487.6000 4.798450e+01  61.922845  66.882354  68.934818
0.0075 0.0047    1470.4810 4.808327e+01  61.878330  66.814974  68.844568
0.0076 0.0047    1453.4000 4.817882e+01  61.836605  66.750194  68.758010
0.0077 0.0047    1436.3680 4.826827e+01  61.798779  66.686836  68.689266
0.0078 0.0047    1419.3940 4.835749e+01  61.762133  66.626985  68.611457
0.0079 0.0047    1402.4860 4.844430e+01  61.728660  66.568271  68.533972
0.0080 0.0047    1385.6530 4.852912e+01  61.697695  66.512053  68.459935
0.0081 0.0047    1368.9030 4.860997e+01  61.669666  66.458529  68.391787
0.0082 0.0047    1352.2420 4.868960e+01  61.643144  66.406332  68.321697
0.0083 0.0047    1335.6780 4.876641e+01  61.619273  66.357386  68.258944
0.0084 0.0047    1319.2160 4.884135e+01  61.597512  66.309549  68.195493
0.0085 0.0047    1302.8630 4.891468e+01  61.578618  66.264409  68.132449
0.0086 0.0047    1286.6250 4.898482e+01  61.561858  66.220546  68.076007
0.0087 0.0047    1270.5050 4.905283e+01  61.545355  66.177876  68.017861
0.0088 0.0047    1254.5080 4.912011e+01  61.531631  66.137882  67.967311
0.0089 0.0047       0.0000 4.918560e+01  61.518757  66.099114  67.916386
0.0090 0.0047       0.0000 4.924878e+01  61.508667  66.062813  67.868549
0.0091 0.0047       0.0000 4.931055e+01  61.500180  66.028054  67.821256
0.0092 0.0047       0.0000 4.937114e+01  61.492863  65.995019  67.775872
0.0093 0.0047       0.0000 4.942960e+01  61.487757  65.964228  67.734667
0.0094 0.0047       0.0000 4.948796e+01  61.484052  65.933696  67.688123
0.0095 0.0047       0.0000 4.954310e+01  61.481898  65.906063  67.651291
0.0096 0.0047       0.0000 4.959910e+01  61.481874  65.879254  67.619188
0.0097 0.0047       0.0000 4.965108e+01  61.482113  65.855101  67.577794
0.0098 0.0047       0.0000 4.970316e+01  61.484302  65.831833  67.545399
0.0099 0.0047       0.0000 4.975433e+01  61.487779  65.810190  67.508929
0.0100 0.0047       0.0000 4.980476e+01  61.492190  65.789391  67.476790
0.0000 0.0048    1452.9330 5.317540e-14  51.615032  51.614561  55.294433
0.0001 0.0048    1453.9800 1.586875e+00  78.872950  78.727224  88.373875
0.0002 0.0048    1457.1080 3.241697e+00  78.865321  78.597827  88.048872
0.0003 0.0048    1462.2790 4.929935e+00  78.795937  78.446478  87.727495
0.0004 0.0048    1469.4300 6.635011e+00  78.674265  78.272710  87.390759
0.0005 0.0048    1478.4750 8.335431e+00  78.500983  78.083875  87.045083
0.0006 0.0048    1489.3040 1.001728e+01  78.283646  77.887013  86.691658
0.0007 0.0048    1501.7890 1.166935e+01  78.026692  77.681259  86.334912
0.0008 0.0048    1515.7850 1.328222e+01  77.736303  77.471506  85.972479
0.0009 0.0048    1531.1300 1.484989e+01  77.415040  77.256635  85.597327
0.0010 0.0048    1547.6520 1.636726e+01  77.069077  77.038832  85.220660
0.0011 0.0048    1565.1690 1.783008e+01  76.702479  76.818543  84.842940
0.0012 0.0048    1583.4910 1.923682e+01  76.318669  76.598900  84.454514
0.0013 0.0048    1602.4300 2.058651e+01  75.920808  76.374698  84.066990
0.0014 0.0048    1621.7920 2.187874e+01  75.512742  76.152660  83.693622
0.0015 0.0048    1641.3900 2.311433e+01  75.096950  75.928153  83.317275
0.0016 0.0048    1661.0390 2.429508e+01  74.677133  75.706010  82.934475
0.0017 0.0048    1680.5650 2.542181e+01  74.255676  75.483298  82.546923
0.0018 0.0048    1699.7990 2.649610e+01  73.834568  75.262494  82.164660
0.0019 0.0048    1718.5870 2.751960e+01  73.415622  75.042998  81.790095
0.0020 0.0048    1736.7870 2.849555e+01  72.999294  74.824772  81.408946
0.0021 0.0048    1754.2670 2.942550e+01  72.587987  74.607517  81.035708
0.0022 0.0048    1770.9150 3.031053e+01  72.182775  74.393835  80.666990
0.0023 0.0048    1786.6280 3.115389e+01  71.785187  74.181097  80.303897
0.0024 0.0048    1801.3210 3.195679e+01  71.393677  73.970922  79.941823
0.0025 0.0048    1814.9230 3.272215e+01  71.010949  73.763165  79.584523
0.0026 0.0048    1827.3760 3.345215e+01  70.634772  73.559162  79.224587
0.0027 0.0048    1838.6370 3.414591e+01  70.272478  73.355728  78.885843
0.0028 0.0048    1848.6740 3.480821e+01  69.917251  73.155409  78.541287
0.0029 0.0048    1857.4670 3.543976e+01  69.571670  72.957588  78.210601
0.0030 0.0048    1865.0100 3.604185e+01  69.237264  72.762963  77.878131
0.0031 0.0048    1871.3010 3.661573e+01  68.910590  72.570486  77.556990
0.0032 0.0048    1876.3510 3.716361e+01  68.595574  72.381201  77.243379
0.0033 0.0048    1880.1770 3.768647e+01  68.288965  72.195743  76.933866
0.0034 0.0048    1882.8040 3.818669e+01  67.991765  72.011585  76.623859
0.0035 0.0048    1884.2590 3.866406e+01  67.705203  71.832453  76.328504
0.0036 0.0048    1884.5780 3.911894e+01  67.428507  71.654616  76.036760
0.0037 0.0048    1883.7980 3.955468e+01  67.160315  71.480120  75.750448
0.0038 0.0048    1881.9590 3.997096e+01  66.902558  71.308668  75.476722
0.0039 0.0048    1879.1030 4.036973e+01  66.653343  71.140465  75.206271
0.0040 0.0048    1875.2760 4.075097e+01  66.413335  70.974373  74.938606
0.0041 0.0048    1870.5220 4.111582e+01  66.182075  70.811858  74.678582
0.0042 0.0048    1864.8850 4.146490e+01  65.959594  70.652684  74.426471
0.0043 0.0048    1858.4130 4.179941e+01  65.744495  70.495605  74.182177
0.0044 0.0048    1851.1490 4.211987e+01  65.538336  70.341914  73.945592
0.0045 0.0048    1843.1380 4.242751e+01  65.339894  70.190780  73.707876
0.0046 0.0048    1834.4250 4.272215e+01  65.148551  70.043805  73.479604
0.0047 0.0048    1825.0510 4.300420e+01  64.965298  69.899790  73.261697
0.0048 0.0048    1815.0570 4.327575e+01  64.787410  69.758078  73.038310
0.0049 0.0048    1804.4850 4.353522e+01  64.619994  69.619376  72.834895
0.0050 0.0048    1793.3710 4.378514e+01  64.457621  69.483707  72.631141
0.0051 0.0048    1781.7540 4.402486e+01  64.301907  69.350823  72.432892
0.0052 0.0048    1769.6690 4.425454e+01  64.152579  69.220718  72.240065
0.0053 0.0048    1757.1500 4.447630e+01  64.008870  69.093274  72.054615
0.0054 0.0048    1744.2290 4.468872e+01  63.872314  68.969526  71.873068
0.0055 0.0048    1730.9380 4.489323e+01  63.740945  68.848445  71.693928
0.0056 0.0048    1717.3070 4.509084e+01  63.615091  68.730274  71.523763
0.0057 0.0048    1703.3630 4.528037e+01  63.495476  68.614803  71.356150
0.0058 0.0048    1689.1330 4.546310e+01  63.381238  68.502383  71.198940
0.0059 0.0048    1674.6440 4.563934e+01  63.271017  68.392969  71.039826
0.0060 0.0048    1659.9190 4.581024e+01  63.167297  68.286711  70.872079
0.0061 0.0048    1644.9820 4.597400e+01  63.067144  68.183336  70.725447
0.0062 0.0048    1629.8540 4.613208e+01  62.972422  68.082583  70.585805
0.0063 0.0048    1614.5570 4.628427e+01  62.882330  67.984576  70.449163
0.0064 0.0048    1599.1100 4.643107e+01  62.796671  67.888066  70.318806
0.0065 0.0048    1583.5320 4.657294e+01  62.714585  67.796449  70.189390
0.0066 0.0048    1567.8400 4.670847e+01  62.637277  67.705719  70.080160
0.0067 0.0048    1552.0530 4.684103e+01  62.563041  67.618037  69.957841
0.0068 0.0048    1536.1850 4.696956e+01  62.492591  67.532982  69.839085
0.0069 0.0048    1520.2520 4.709353e+01  62.426469  67.450609  69.728804
0.0070 0.0048    1504.2680 4.721381e+01  62.363838  67.370843  69.618866
0.0071 0.0048    1488.2470 4.732981e+01  62.304094  67.294000  69.516045
0.0072 0.0048    1472.2020 4.744219e+01  62.247907  67.218895  69.414641
0.0073 0.0048    1456.1450 4.755091e+01  62.194766  67.145509  69.316370
0.0074 0.0048    1440.0880 4.765580e+01  62.145034  67.076820  69.224841
0.0075 0.0048    1424.0410 4.775848e+01  62.098163  67.008140  69.130472
0.0076 0.0048    1408.0150 4.785879e+01  62.054443  66.943268  69.028426
0.0077 0.0048    1392.0190 4.795317e+01  62.013424  66.878965  68.957704
0.0078 0.0048    1376.0630 4.804565e+01  61.975881  66.817876  68.875262
0.0079 0.0048    1360.1550 4.813600e+01  61.940367  66.758950  68.797194
0.0080 0.0048    1344.3040 4.822428e+01  61.907006  66.700696  68.718765
0.0081 0.0048    1328.5170 4.830891e+01  61.876562  66.646865  68.647513
0.0082 0.0048    1312.8010 4.839155e+01  61.848344  66.594638  68.577492
0.0083 0.0048    1297.1630 4.847168e+01  61.822495  66.543829  68.510663
0.0084 0.0048    1281.6090 4.855020e+01  61.799496  66.494662  68.446931
0.0085 0.0048    1266.1450 4.862690e+01  61.778005  66.448752  68.381516
0.0086 0.0048    1250.7780 4.870018e+01  61.759039  66.404380  68.322162
0.0087 0.0048    1235.5110 4.877210e+01  61.739691  66.360994  68.258695
0.0088 0.0048       0.0000 4.884233e+01  61.724334  66.319929  68.204649
0.0089 0.0048       0.0000 4.891086e+01  61.709404  66.280178  68.153186
0.0090 0.0048       0.0000 4.897698e+01  61.697488  66.243005  68.103013
0.0091 0.0048       0.0000 4.904166e+01  61.687011  66.206807  68.054363
0.0092 0.0048       0.0000 4.910503e+01  61.678266  66.173009  68.006439
0.0093 0.0048       0.0000 4.916700e+01  61.670885  66.140329  67.960628
0.0094 0.0048       0.0000 4.922691e+01  61.665546  66.109855  67.921413
0.0095 0.0048       0.0000 4.928618e+01  61.661600  66.080461  67.876351
0.0096 0.0048       0.0000 4.934368e+01  61.659048  66.053099  67.837665
0.0097 0.0048       0.0000 4.940002e+01  61.657863  66.027058  67.797944
0.0098 0.0048       0.0000 4.945505e+01  61.658288  66.002614  67.761072
0.0099 0.0048       0.0000 4.950869e+01  61.659996  65.979767  67.728946
0.0100 0.0048       0.0000 4.956138e+01  61.662702  65.958105  67.696949
0.0000 0.0049    1379.8870 1.186666e-13  51.544342  51.543973  55.173882
0.0001 0.0049    1380.8710 1.561737e+00  78.916276  78.774167  88.443392
0.0002 0.0049    1383.8130 3.189883e+00  78.904014  78.648262  88.123675
0.0003 0.0049    1388.6760 4.851702e+00  78.835389  78.498006  87.808278
0.0004 0.0049    1395.4030 6.527239e+00  78.713833  78.329794  87.486019
0.0005 0.0049    1403.9150 8.200133e+00  78.545897  78.143608  87.149456
0.0006 0.0049    1414.1110 9.854226e+00  78.332595  77.951972  86.805132
0.0007 0.0049    1425.8720 1.148040e+01  78.082078  77.750951  86.451018
0.0008 0.0049    1439.0660 1.306702e+01  77.798654  77.546033  86.097285
0.0009 0.0049    1453.5430 1.461115e+01  77.485840  77.335321  85.734246
0.0010 0.0049    1469.1440 1.610580e+01  77.148432  77.122776  85.363494
0.0011 0.0049    1485.7010 1.754857e+01  76.788156  76.905622  84.983324
0.0012 0.0049    1503.0400 1.893411e+01  76.414667  76.691367  84.632363
0.0013 0.0049    1520.9850 2.026472e+01  76.026014  76.473365  84.255870
0.0014 0.0049    1539.3570 2.154034e+01  75.628707  76.254841  83.882980
0.0015 0.0049    1557.9830 2.276129e+01  75.223047  76.036589  83.508945
0.0016 0.0049    1576.6900 2.392816e+01  74.813181  75.818042  83.136505
0.0017 0.0049    1595.3150 2.504105e+01  74.401360  75.599342  82.762428
0.0018 0.0049    1613.7020 2.610426e+01  73.989310  75.382686  82.382414
0.0019 0.0049    1631.7060 2.711792e+01  73.579100  75.167062  82.014774
0.0020 0.0049    1649.1920 2.808352e+01  73.172243  74.951824  81.641480
0.0021 0.0049    1666.0370 2.900634e+01  72.768575  74.740769  81.273623
0.0022 0.0049    1682.1330 2.988417e+01  72.372279  74.528983  80.913960
0.0023 0.0049    1697.3840 3.072101e+01  71.981690  74.320454  80.557836
0.0024 0.0049    1711.7060 3.151930e+01  71.597751  74.113481  80.200681
0.0025 0.0049    1725.0300 3.228086e+01  71.220649  73.908694  79.847043
0.0026 0.0049    1737.3010 3.300512e+01  70.853780  73.706436  79.501639
0.0027 0.0049    1748.4740 3.369710e+01  70.494229  73.507193  79.161248
0.0028 0.0049    1758.5160 3.435680e+01  70.144621  73.309748  78.825503
0.0029 0.0049    1767.4080 3.498634e+01  69.804051  73.115263  78.494723
0.0030 0.0049    1775.1360 3.558658e+01  69.474099  72.923102  78.172749
0.0031 0.0049    1781.7000 3.616034e+01  69.151277  72.733697  77.848842
0.0032 0.0049    1787.1060 3.670843e+01  68.838960  72.546119  77.535904
0.0033 0.0049    1791.3660 3.723073e+01  68.536038  72.362919  77.232155
0.0034 0.0049    1794.5010 3.773097e+01  68.242283  72.181736  76.925970
0.0035 0.0049    1796.5360 3.820942e+01  67.957932  72.004259  76.632603
0.0036 0.0049    1797.5000 3.866693e+01  67.683732  71.829295  76.343770
0.0037 0.0049    1797.4260 3.910265e+01  67.417624  71.656478  76.062106
0.0038 0.0049    1796.3500 3.952088e+01  67.161639  71.486714  75.787400
0.0039 0.0049    1794.3110 3.992057e+01  66.913970  71.321049  75.522470
0.0040 0.0049    1791.3470 4.030505e+01  66.674759  71.156047  75.250939
0.0041 0.0049    1787.5010 4.067289e+01  66.442945  70.995269  74.992892
0.0042 0.0049    1782.8130 4.102387e+01  66.221826  70.836996  74.743925
0.0043 0.0049    1777.3250 4.136015e+01  66.008168  70.681429  74.498389
0.0044 0.0049    1771.0790 4.168409e+01  65.801627  70.529125  74.259165
0.0045 0.0049    1764.1160 4.199436e+01  65.602763  70.379968  74.025951
0.0046 0.0049    1756.4750 4.229182e+01  65.411850  70.233560  73.798812
0.0047 0.0049    1748.1970 4.257788e+01  65.227346  70.089761  73.575049
0.0048 0.0049    1739.3190 4.285247e+01  65.050821  69.948739  73.358419
0.0049 0.0049    1729.8790 4.311669e+01  64.879926  69.811055  73.147101
0.0050 0.0049    1719.9130 4.336823e+01  64.717866  69.676376  72.944681
0.0051 0.0049    1709.4550 4.361173e+01  64.561353  69.544063  72.743164
0.0052 0.0049    1698.5390 4.384543e+01  64.411046  69.414943  72.552691
0.0053 0.0049    1687.1970 4.407035e+01  64.266685  69.288872  72.362728
0.0054 0.0049    1675.4580 4.428638e+01  64.129015  69.164817  72.182206
0.0055 0.0049    1663.3530 4.449521e+01  63.996615  69.044862  72.006878
0.0056 0.0049    1650.9100 4.469627e+01  63.869071  68.926853  71.833920
0.0057 0.0049    1638.1540 4.488973e+01  63.747951  68.812268  71.664397
0.0058 0.0049    1625.1110 4.507631e+01  63.632511  68.699518  71.500126
0.0059 0.0049    1611.8060 4.525701e+01  63.521287  68.590066  71.344936
0.0060 0.0049    1598.2610 4.543158e+01  63.415597  68.484727  71.177560
0.0061 0.0049    1584.4980 4.559643e+01  63.315411  68.382536  71.035008
0.0062 0.0049    1570.5390 4.576001e+01  63.217583  68.279713  70.882817
0.0063 0.0049    1556.4020 4.591672e+01  63.125420  68.182032  70.745594
0.0064 0.0049    1542.1070 4.606805e+01  63.037572  68.085391  70.611380
0.0065 0.0049    1527.6710 4.621286e+01  62.954178  67.996270  70.488149
0.0066 0.0049    1513.1120 4.635437e+01  62.874195  67.903775  70.354308
0.0067 0.0049    1498.4450 4.648895e+01  62.798679  67.815096  70.247630
0.0068 0.0049    1483.6860 4.662140e+01  62.726905  67.729946  70.126556
0.0069 0.0049    1468.8490 4.674885e+01  62.658702  67.647117  70.014933
0.0070 0.0049    1453.9490 4.687293e+01  62.593532  67.566980  69.902734
0.0071 0.0049    1438.9980 4.699280e+01  62.532111  67.489609  69.793511
0.0072 0.0049    1424.0080 4.710923e+01  62.473442  67.413016  69.691467
0.0073 0.0049    1408.9920 4.722102e+01  62.418786  67.339879  69.591923
0.0074 0.0049    1393.9610 4.732994e+01  62.367140  67.269876  69.494846
0.0075 0.0049    1378.9250 4.743529e+01  62.319243  67.201589  69.403080
0.0076 0.0049    1363.8930 4.753765e+01  62.272993  67.135600  69.311610
0.0077 0.0049    1348.8770 4.763707e+01  62.230363  67.071180  69.223643
0.0078 0.0049    1333.8840 4.773443e+01  62.189781  67.009157  69.138741
0.0079 0.0049    1318.9230 4.782825e+01  62.152366  66.949479  69.056665
0.0080 0.0049    1304.0020 4.791847e+01  62.117680  66.891457  68.982068
0.0081 0.0049    1289.1290 4.800824e+01  62.085141  66.834049  68.905153
0.0082 0.0049    1274.3110 4.809302e+01  62.054982  66.780972  68.834613
0.0083 0.0049    1259.5540 4.817718e+01  62.027074  66.729827  68.763083
0.0084 0.0049    1244.8640 4.825844e+01  62.000779  66.681559  68.696074
0.0085 0.0049    1230.2490 4.833823e+01  61.977368  66.633086  68.636577
0.0086 0.0049    1215.7120 4.841440e+01  61.956511  66.587470  68.567889
0.0087 0.0049    1201.2600 4.848996e+01  61.936190  66.543943  68.502889
0.0088 0.0049       0.0000 4.856369e+01  61.918556  66.501717  68.447751
0.0089 0.0049       0.0000 4.863542e+01  61.901305  66.461312  68.391699
0.0090 0.0049       0.0000 4.870522e+01  61.887342  66.422679  68.337344
0.0091 0.0049       0.0000 4.877262e+01  61.875488  66.386258  68.285355
0.0092 0.0049       0.0000 4.883852e+01  61.864648  66.350831  68.239010
0.0093 0.0049       0.0000 4.890292e+01  61.855650  66.317354  68.192460
0.0094 0.0049       0.0000 4.896662e+01  61.848069  66.285327  68.145374
0.0095 0.0049       0.0000 4.902850e+01  61.842381  66.255121  68.104009
0.0096 0.0049       0.0000 4.908905e+01  61.837733  66.226782  68.060816
0.0097 0.0049       0.0000 4.914839e+01  61.834691  66.199449  68.019407
0.0098 0.0049       0.0000 4.920614e+01  61.833245  66.173985  67.981341
0.0099 0.0049       0.0000 4.926259e+01  61.833199  66.149694  67.944695
0.0100 0.0049       0.0000 4.931804e+01  61.834151  66.127347  67.910661
0.0000 0.0050    1311.4370 0.000000e+00  51.486988  51.486519  55.066594
0.0001 0.0050    1312.3640 1.537197e+00  78.961504  78.823109  88.509287
0.0002 0.0050    1315.1330 3.138895e+00  78.944969  78.697703  88.194770
0.0003 0.0050    1319.7130 4.773799e+00  78.876529  78.552795  87.887928
0.0004 0.0050    1326.0490 6.422464e+00  78.758453  78.386672  87.575048
0.0005 0.0050    1334.0690 8.067452e+00  78.592225  78.205896  87.244728
0.0006 0.0050    1343.6800 9.695211e+00  78.384331  78.017264  86.907779
0.0007 0.0050    1354.7730 1.129468e+01  78.140224  77.821480  86.565655
0.0008 0.0050    1367.2250 1.285848e+01  77.862825  77.621318  86.221651
0.0009 0.0050    1380.8990 1.437861e+01  77.557308  77.415961  85.869501
0.0010 0.0050    1395.6470 1.585074e+01  77.227534  77.208108  85.510127
0.0011 0.0050    1411.3130 1.727140e+01  76.878709  76.995117  85.146827
0.0012 0.0050    1427.7380 1.863834e+01  76.513134  76.785008  84.794912
0.0013 0.0050    1444.7570 1.995215e+01  76.134200  76.571410  84.426507
0.0014 0.0050    1462.2050 2.121052e+01  75.745713  76.357682  84.063384
0.0015 0.0050    1479.9190 2.241684e+01  75.350022  76.144211  83.698088
0.0016 0.0050    1497.7410 2.356857e+01  74.949199  75.929506  83.328713
0.0017 0.0050    1515.5180 2.466896e+01  74.547869  75.715428  82.962150
0.0018 0.0050    1533.1020 2.572085e+01  74.144411  75.503108  82.598978
0.0019 0.0050    1550.3590 2.672479e+01  73.742413  75.290872  82.228679
0.0020 0.0050    1567.1600 2.768215e+01  73.344007  75.081691  81.872472
0.0021 0.0050    1583.3910 2.859525e+01  72.949538  74.872182  81.511136
0.0022 0.0050    1598.9470 2.946652e+01  72.560429  74.664819  81.159296
0.0023 0.0050    1613.7370 3.029658e+01  72.176480  74.459233  80.801673
0.0024 0.0050    1627.6820 3.108970e+01  71.799795  74.255757  80.455637
0.0025 0.0050    1640.7130 3.184681e+01  71.429340  74.053559  80.108585
0.0026 0.0050    1652.7770 3.256758e+01  71.068327  73.855344  79.762785
0.0027 0.0050    1663.8280 3.325536e+01  70.714737  73.658865  79.430718
0.0028 0.0050    1673.8350 3.391306e+01  70.370007  73.463776  79.100938
0.0029 0.0050    1682.7730 3.454003e+01  70.034145  73.272513  78.774704
0.0030 0.0050    1690.6320 3.513869e+01  69.708145  73.082389  78.456514
0.0031 0.0050    1697.4040 3.571136e+01  69.389917  72.895748  78.139262
0.0032 0.0050    1703.0950 3.625846e+01  69.081194  72.711600  77.831127
0.0033 0.0050    1707.7130 3.678177e+01  68.781572  72.529810  77.522002
0.0034 0.0050    1711.2760 3.728180e+01  68.491188  72.351458  77.224227
0.0035 0.0050    1713.8030 3.776071e+01  68.209386  72.175383  76.933158
0.0036 0.0050    1715.3210 3.821828e+01  67.937227  72.002451  76.646460
0.0037 0.0050    1715.8590 3.865732e+01  67.672772  71.831772  76.365487
0.0038 0.0050    1715.4490 3.907616e+01  67.418344  71.664246  76.094631
0.0039 0.0050    1714.1240 3.947857e+01  67.171545  71.498283  75.822695
0.0040 0.0050    1711.9220 3.986343e+01  66.934126  71.336195  75.562985
0.0041 0.0050    1708.8800 4.023299e+01  66.704249  71.177065  75.304930
0.0042 0.0050    1705.0340 4.058698e+01  66.483091  71.020643  75.053012
0.0043 0.0050    1700.4240 4.092671e+01  66.268101  70.865620  74.803978
0.0044 0.0050    1695.0870 4.125215e+01  66.063347  70.714183  74.569767
0.0045 0.0050    1689.0620 4.156551e+01  65.864859  70.566847  74.337801
0.0046 0.0050    1682.3850 4.186568e+01  65.673934  70.421562  74.109966
0.0047 0.0050    1675.0940 4.215444e+01  65.489309  70.278926  73.884310
0.0048 0.0050    1667.2230 4.243146e+01  65.311965  70.138862  73.673198
0.0049 0.0050    1658.8080 4.269970e+01  65.140338  70.001863  73.458330
0.0050 0.0050    1649.8820 4.295469e+01  64.977935  69.867821  73.254673
0.0051 0.0050    1640.4780 4.320106e+01  64.820684  69.736865  73.055314
0.0052 0.0050    1630.6260 4.343872e+01  64.668563  69.607980  72.861401
0.0053 0.0050    1620.3560 4.366730e+01  64.523604  69.483030  72.671523
0.0054 0.0050    1609.6980 4.388724e+01  64.384672  69.359796  72.489932
0.0055 0.0050    1598.6780 4.409981e+01  64.251033  69.239966  72.311063
0.0056 0.0050    1587.3230 4.430435e+01  64.122589  69.122679  72.135419
0.0057 0.0050    1575.6580 4.450122e+01  64.000610  69.007713  71.970210
0.0058 0.0050    1563.7060 4.469144e+01  63.883377  68.896085  71.803020
0.0059 0.0050    1551.4910 4.487568e+01  63.770886  68.786663  71.643303
0.0060 0.0050    1539.0350 4.505395e+01  63.663680  68.681711  71.477242
0.0061 0.0050    1526.3570 4.522563e+01  63.561420  68.577786  71.329113
0.0062 0.0050    1513.4780 4.539106e+01  63.462452  68.476885  71.183048
0.0063 0.0050    1500.4170 4.555033e+01  63.368447  68.379237  71.043363
0.0064 0.0050    1487.1900 4.570589e+01  63.279150  68.283793  70.907347
0.0065 0.0050    1473.8160 4.585506e+01  63.194312  68.190001  70.774289
0.0066 0.0050    1460.3100 4.600029e+01  63.112433  68.099895  70.643448
0.0067 0.0050    1446.6870 4.614037e+01  63.034924  68.012039  70.519368
0.0068 0.0050    1432.9630 4.627603e+01  62.960846  67.926167  70.398731
0.0069 0.0050    1419.1510 4.640501e+01  62.891393  67.842920  70.300324
0.0070 0.0050    1405.2640 4.653354e+01  62.823932  67.762128  70.183286
0.0071 0.0050    1391.3150 4.665665e+01  62.761094  67.684294  70.071456
0.0072 0.0050    1377.3150 4.677585e+01  62.701006  67.607815  69.965579
0.0073 0.0050    1363.2770 4.689161e+01  62.643851  67.534075  69.866436
0.0074 0.0050    1349.2100 4.700412e+01  62.590816  67.463263  69.767619
0.0075 0.0050    1335.1250 4.711337e+01  62.539770  67.394078  69.671024
0.0076 0.0050    1321.0320 4.721931e+01  62.492578  67.327610  69.578426
0.0077 0.0050    1306.9390 4.732236e+01  62.447780  67.262793  69.490287
0.0078 0.0050    1292.8560 4.742250e+01  62.405442  67.199998  69.406532
0.0079 0.0050    1278.7910 4.751998e+01  62.365547  67.139604  69.320403
0.0080 0.0050    1264.7520 4.761425e+01  62.328582  67.081416  69.237270
0.0081 0.0050    1250.7450 4.770592e+01  62.294386  67.024013  69.162256
0.0082 0.0050    1236.7790 4.779523e+01  62.262351  66.969388  69.086193
0.0083 0.0050    1222.8590 4.788287e+01  62.232375  66.916992  69.021013
0.0084 0.0050    1208.9910 4.796711e+01  62.203483  66.866707  68.942803
0.0085 0.0050    1195.1830 4.804896e+01  62.178347  66.818198  68.876953
0.0086 0.0050    1181.4390 4.812922e+01  62.155417  66.772499  68.813891
0.0087 0.0050       0.0000 4.820785e+01  62.133007  66.727441  68.746733
0.0088 0.0050       0.0000 4.828437e+01  62.113435  66.684357  68.685668
0.0089 0.0050       0.0000 4.835951e+01  62.094467  66.642640  68.629805
0.0090 0.0050       0.0000 4.843190e+01  62.078624  66.602870  68.574979
0.0091 0.0050       0.0000 4.850308e+01  62.064342  66.565227  68.517777
0.0092 0.0050       0.0000 4.857245e+01  62.052036  66.528752  68.465120
0.0093 0.0050       0.0000 4.863965e+01  62.040898  66.494048  68.422055
0.0094 0.0050       0.0000 4.870529e+01  62.031966  66.461597  68.374469
0.0095 0.0050       0.0000 4.877012e+01  62.023950  66.430290  68.328055
0.0096 0.0050       0.0000 4.883329e+01  62.017769  66.400513  68.285304
0.0097 0.0050       0.0000 4.889539e+01  62.012876  66.372185  68.243052
0.0098 0.0050       0.0000 4.895613e+01  62.009403  66.345482  68.201722
0.0099 0.0050       0.0000 4.901587e+01  62.007271  66.320251  68.162437
0.0100 0.0050       0.0000 4.907370e+01  62.006832  66.296519  68.125682
0.0000 0.0051    1247.2310 0.000000e+00  51.442000  51.441506  54.972188
0.0001 0.0051    1248.1050 1.513710e+00  79.002600  78.873766  88.572821
0.0002 0.0051    1250.7150 3.090382e+00  78.987004  78.749265  88.263165
0.0003 0.0051    1255.0330 4.699030e+00  78.918427  78.606602  87.965495
0.0004 0.0051    1261.0080 6.320192e+00  78.801843  78.445271  87.660854
0.0005 0.0051    1268.5730 7.939832e+00  78.636313  78.269158  87.325542
0.0006 0.0051    1277.6430 9.540866e+00  78.437018  78.084849  87.014561
0.0007 0.0051    1288.1180 1.111556e+01  78.198793  77.892931  86.681562
0.0008 0.0051    1299.8830 1.265417e+01  77.929182  77.697662  86.343232
0.0009 0.0051    1312.8110 1.415054e+01  77.630597  77.494680  85.991739
0.0010 0.0051    1326.7670 1.560196e+01  77.305653  77.293522  85.641957
0.0011 0.0051    1341.6060 1.700183e+01  76.968661  77.086185  85.297109
0.0012 0.0051    1357.1790 1.835017e+01  76.611820  76.880166  84.950421
0.0013 0.0051    1373.3330 1.964576e+01  76.241884  76.670596  84.593013
0.0014 0.0051    1389.9170 2.088802e+01  75.864290  76.460747  84.236811
0.0015 0.0051    1406.7780 2.207852e+01  75.476704  76.251538  83.880289
0.0016 0.0051    1423.7680 2.321719e+01  75.085961  76.041795  83.520089
0.0017 0.0051    1440.7440 2.430612e+01  74.692730  75.832419  83.163429
0.0018 0.0051    1457.5680 2.534632e+01  74.297710  75.623177  82.798640
0.0019 0.0051    1474.1130 2.633915e+01  73.905523  75.415493  82.448430
0.0020 0.0051    1490.2580 2.728685e+01  73.515548  75.209336  82.096980
0.0021 0.0051    1505.8950 2.819211e+01  73.129442  75.003782  81.741305
0.0022 0.0051    1520.9250 2.905614e+01  72.747176  74.799803  81.396037
0.0023 0.0051    1535.2610 2.987991e+01  72.370668  74.597925  81.049457
0.0024 0.0051    1548.8250 3.066792e+01  71.997858  74.397993  80.697500
0.0025 0.0051    1561.5530 3.141878e+01  71.637045  74.198827  80.363438
0.0026 0.0051    1573.3900 3.213649e+01  71.280803  74.003757  80.029263
0.0027 0.0051    1584.2940 3.282162e+01  70.933200  73.809001  79.694821
0.0028 0.0051    1594.2310 3.347514e+01  70.593916  73.617809  79.373649
0.0029 0.0051    1603.1770 3.410078e+01  70.262616  73.428366  79.049301
0.0030 0.0051    1611.1170 3.469801e+01  69.940155  73.241603  78.736073
0.0031 0.0051    1618.0450 3.526961e+01  69.626026  73.057484  78.422290
0.0032 0.0051    1623.9600 3.581578e+01  69.321443  72.875448  78.116589
0.0033 0.0051    1628.8710 3.633861e+01  69.025120  72.696250  77.816640
0.0034 0.0051    1632.7910 3.683894e+01  68.737367  72.520271  77.519487
0.0035 0.0051    1635.7360 3.731810e+01  68.458657  72.345831  77.225950
0.0036 0.0051    1637.7290 3.777603e+01  68.188940  72.174654  76.947077
0.0037 0.0051    1638.7970 3.821615e+01  67.926452  72.005149  76.667262
0.0038 0.0051    1638.9660 3.863660e+01  67.673519  71.839536  76.394396
0.0039 0.0051    1638.2690 3.904048e+01  67.428588  71.676451  76.126144
0.0040 0.0051    1636.7380 3.942722e+01  67.191697  71.515587  75.866538
0.0041 0.0051    1634.4060 3.979843e+01  66.963035  71.357554  75.609485
0.0042 0.0051    1631.3080 4.015469e+01  66.742337  71.202145  75.358007
0.0043 0.0051    1627.4800 4.049657e+01  66.528606  71.050033  75.115078
0.0044 0.0051    1622.9560 4.082486e+01  66.323085  70.900087  74.877593
0.0045 0.0051    1617.7720 4.114060e+01  66.125227  70.752203  74.644889
0.0046 0.0051    1611.9610 4.144365e+01  65.933670  70.607973  74.416487
0.0047 0.0051    1605.5590 4.173477e+01  65.749659  70.466553  74.194209
0.0048 0.0051    1598.5970 4.201513e+01  65.572132  70.327917  73.978076
0.0049 0.0051    1591.1100 4.228520e+01  65.399118  70.191592  73.763256
0.0050 0.0051    1583.1260 4.254439e+01  65.237028  70.057742  73.561829
0.0051 0.0051    1574.6780 4.279413e+01  65.078639  69.928047  73.361293
0.0052 0.0051    1565.7940 4.303482e+01  64.926517  69.799924  73.165977
0.0053 0.0051    1556.5030 4.326684e+01  64.780842  69.675751  72.978362
0.0054 0.0051    1546.8300 4.349054e+01  64.640791  69.553139  72.792644
0.0055 0.0051    1536.8030 4.370571e+01  64.506525  69.433738  72.613360
0.0056 0.0051    1526.4450 4.391459e+01  64.377179  69.317908  72.438961
0.0057 0.0051    1515.7810 4.411495e+01  64.253463  69.202992  72.266417
0.0058 0.0051    1504.8320 4.430877e+01  64.134294  69.091284  72.108241
0.0059 0.0051    1493.6210 4.449677e+01  64.020535  68.982825  71.943303
0.0060 0.0051    1482.1680 4.467965e+01  63.911453  68.877572  71.771840
0.0061 0.0051    1470.4920 4.485394e+01  63.807298  68.774059  71.623941
0.0062 0.0051    1458.6120 4.502115e+01  63.707599  68.672651  71.492562
0.0063 0.0051    1446.5460 4.518507e+01  63.611820  68.574607  71.349317
0.0064 0.0051    1434.3100 4.534464e+01  63.520843  68.479755  71.198261
0.0065 0.0051    1421.9220 4.549803e+01  63.434245  68.386166  71.066187
0.0066 0.0051    1409.3950 4.564511e+01  63.351605  68.296862  70.937149
0.0067 0.0051    1396.7450 4.579035e+01  63.271253  68.207851  70.805784
0.0068 0.0051    1383.9850 4.592977e+01  63.195661  68.121908  70.682884
0.0069 0.0051    1371.1290 4.606443e+01  63.123698  68.038574  70.565094
0.0070 0.0051    1358.1890 4.619328e+01  63.055518  67.957470  70.467698
0.0071 0.0051    1345.1770 4.632056e+01  62.990232  67.878475  70.354085
0.0072 0.0051    1332.1050 4.644393e+01  62.928300  67.801379  70.242746
0.0073 0.0051    1318.9840 4.656262e+01  62.870360  67.728243  70.143639
0.0074 0.0051    1305.8230 4.667852e+01  62.815376  67.657035  70.046196
0.0075 0.0051    1292.6330 4.679152e+01  62.762322  67.586356  69.943922
0.0076 0.0051    1279.4230 4.690089e+01  62.712442  67.518931  69.849417
0.0077 0.0051    1266.2020 4.700717e+01  62.665827  67.453514  69.756212
0.0078 0.0051    1252.9780 4.711073e+01  62.621511  67.390337  69.669707
0.0079 0.0051    1239.7590 4.721133e+01  62.580638  67.328539  69.586675
0.0080 0.0051    1226.5530 4.730887e+01  62.541564  67.269095  69.503196
0.0081 0.0051    1213.3670 4.740464e+01  62.504649  67.211940  69.417894
0.0082 0.0051    1200.2080 4.749618e+01  62.469916  67.157962  69.340959
0.0083 0.0051    1187.0820 4.758691e+01  62.437196  67.104423  69.267571
0.0084 0.0051    1173.9960 4.767477e+01  62.407267  67.052689  69.195680
0.0085 0.0051    1160.9550 4.776053e+01  62.379426  67.003193  69.122709
0.0086 0.0051    1147.9650 4.784394e+01  62.356166  66.957087  69.056766
0.0087 0.0051       0.0000 4.792485e+01  62.331102  66.910450  68.990912
0.0088 0.0051       0.0000 4.800458e+01  62.309408  66.866332  68.926951
0.0089 0.0051       0.0000 4.808321e+01  62.288613  66.823775  68.867342
0.0090 0.0051       0.0000 4.815860e+01  62.270535  66.783150  68.810079
0.0091 0.0051       0.0000 4.823288e+01  62.254399  66.743877  68.754555
0.0092 0.0051       0.0000 4.830431e+01  62.240140  66.706839  68.703992
0.0093 0.0051       0.0000 4.837548e+01  62.227238  66.670659  68.647891
0.0094 0.0051       0.0000 4.844420e+01  62.216052  66.637818  68.600177
0.0095 0.0051       0.0000 4.851151e+01  62.206676  66.605108  68.554554
0.0096 0.0051       0.0000 4.857730e+01  62.198698  66.574216  68.506342
0.0097 0.0051       0.0000 4.864213e+01  62.191798  66.545265  68.462947
0.0098 0.0051       0.0000 4.870549e+01  62.186849  66.517120  68.421633
0.0099 0.0051       0.0000 4.876811e+01  62.182563  66.490855  68.378945
0.0100 0.0051       0.0000 4.882887e+01  62.180213  66.466111  68.339641
0.0000 0.0052    1186.9500 0.000000e+00  51.408779  51.408417  54.890188
0.0001 0.0052    1187.7740 1.490589e+00  79.048561  78.923285  88.635873
0.0002 0.0052    1190.2380 3.042289e+00  79.030351  78.802463  88.337506
0.0003 0.0052    1194.3120 4.625592e+00  78.962195  78.662895  88.042484
0.0004 0.0052    1199.9530 6.221230e+00  78.847287  78.505141  87.746029
0.0005 0.0052    1207.0970 7.815851e+00  78.687588  78.333470  87.431702
0.0006 0.0052    1215.6660 9.390132e+00  78.490371  78.153305  87.117797
0.0007 0.0052    1225.5670 1.094009e+01  78.258550  77.966222  86.793147
0.0008 0.0052    1236.6940 1.245539e+01  77.995820  77.774549  86.461786
0.0009 0.0052    1248.9300 1.392987e+01  77.704978  77.578501  86.127902
0.0010 0.0052    1262.1490 1.535881e+01  77.391631  77.379801  85.788560
0.0011 0.0052    1276.2170 1.673954e+01  77.059476  77.176126  85.439245
0.0012 0.0052    1290.9950 1.806874e+01  76.711788  76.975219  85.099333
0.0013 0.0052    1306.3430 1.934685e+01  76.350539  76.769842  84.754109
0.0014 0.0052    1322.1180 2.057347e+01  75.980807  76.565516  84.410595
0.0015 0.0052    1338.1780 2.174905e+01  75.603549  76.360249  84.052372
0.0016 0.0052    1354.3840 2.287440e+01  75.220558  76.154134  83.701827
0.0017 0.0052    1370.6040 2.395049e+01  74.837127  75.948549  83.357267
0.0018 0.0052    1386.7070 2.497903e+01  74.451743  75.742872  83.008727
0.0019 0.0052    1402.5750 2.596176e+01  74.067045  75.539493  82.659066
0.0020 0.0052    1418.0930 2.690059e+01  73.685113  75.335996  82.309074
0.0021 0.0052    1433.1580 2.779762e+01  73.306266  75.134984  81.966706
0.0022 0.0052    1447.6770 2.865440e+01  72.931873  74.934171  81.624651
0.0023 0.0052    1461.5650 2.947197e+01  72.561686  74.736119  81.285454
0.0024 0.0052    1474.7500 3.025341e+01  72.198589  74.538746  80.946898
0.0025 0.0052    1487.1670 3.099815e+01  71.841525  74.344072  80.611405
0.0026 0.0052    1498.7660 3.171257e+01  71.491512  74.150132  80.283850
0.0027 0.0052    1509.5010 3.239412e+01  71.149020  73.958972  79.956043
0.0028 0.0052    1519.3410 3.304519e+01  70.815360  73.770110  79.637893
0.0029 0.0052    1528.2600 3.366805e+01  70.489023  73.583899  79.321707
0.0030 0.0052    1536.2430 3.426423e+01  70.170705  73.399486  79.006280
0.0031 0.0052    1543.2800 3.483469e+01  69.859920  73.218128  78.697145
0.0032 0.0052    1549.3700 3.537959e+01  69.559472  73.038531  78.395290
0.0033 0.0052    1554.5180 3.590144e+01  69.266981  72.860917  78.099283
0.0034 0.0052    1558.7340 3.640180e+01  68.981959  72.686756  77.807426
0.0035 0.0052    1562.0320 3.688055e+01  68.705977  72.514109  77.516110
0.0036 0.0052    1564.4320 3.734012e+01  68.437800  72.345242  77.236585
0.0037 0.0052    1565.9570 3.778071e+01  68.177750  72.178286  76.960420
0.0038 0.0052    1566.6320 3.820155e+01  67.926492  72.014241  76.692139
0.0039 0.0052    1566.4840 3.860891e+01  67.680475  71.852800  76.423550
0.0040 0.0052    1565.5430 3.899535e+01  67.447957  71.693501  76.165614
0.0041 0.0052    1563.8410 3.936900e+01  67.219189  71.537272  75.911098
0.0042 0.0052    1561.4070 3.972683e+01  66.999840  71.382779  75.659833
0.0043 0.0052    1558.2760 4.007078e+01  66.787452  71.231562  75.415925
0.0044 0.0052    1554.4790 4.040134e+01  66.581938  71.083377  75.179467
0.0045 0.0052    1550.0480 4.071980e+01  66.383390  70.936934  74.946626
0.0046 0.0052    1545.0160 4.102481e+01  66.192820  70.793694  74.720477
0.0047 0.0052    1539.4140 4.131920e+01  66.008364  70.652649  74.497829
0.0048 0.0052    1533.2740 4.160214e+01  65.830565  70.515245  74.280688
0.0049 0.0052    1526.6240 4.187352e+01  65.659514  70.380055  74.068837
0.0050 0.0052    1519.4960 4.213705e+01  65.494848  70.247564  73.866441
0.0051 0.0052    1511.9160 4.239003e+01  65.336378  70.118147  73.666615
0.0052 0.0052    1503.9130 4.263404e+01  65.183399  69.990925  73.468760
0.0053 0.0052    1495.5130 4.286956e+01  65.037029  69.866648  73.280850
0.0054 0.0052    1486.7410 4.309670e+01  64.895636  69.745580  73.094491
0.0055 0.0052    1477.6210 4.331544e+01  64.760102  69.626977  72.913154
0.0056 0.0052    1468.1760 4.352706e+01  64.630153  69.510735  72.736880
0.0057 0.0052    1458.4300 4.373167e+01  64.504565  69.396679  72.566686
0.0058 0.0052    1448.4030 4.392896e+01  64.384884  69.285799  72.401905
0.0059 0.0052    1438.1150 4.411963e+01  64.269789  69.177338  72.242824
0.0060 0.0052    1427.5860 4.430402e+01  64.159817  69.071528  72.084960
0.0061 0.0052    1416.8340 4.448404e+01  64.053979  68.969157  71.916752
0.0062 0.0052    1405.8770 4.465496e+01  63.952642  68.867710  71.782980
0.0063 0.0052    1394.7320 4.482236e+01  63.855482  68.769739  71.639752
0.0064 0.0052    1383.4150 4.498454e+01  63.762724  68.673790  71.498971
0.0065 0.0052    1371.9400 4.514237e+01  63.674119  68.581250  71.352826
0.0066 0.0052    1360.3230 4.529406e+01  63.589259  68.491163  71.220771
0.0067 0.0052    1348.5770 4.544253e+01  63.507292  68.401660  71.091582
0.0068 0.0052    1336.7160 4.558405e+01  63.430764  68.316072  70.964127
0.0069 0.0052    1324.7510 4.572281e+01  63.356588  68.233261  70.847304
0.0070 0.0052    1312.6960 4.585701e+01  63.286476  68.152004  70.728475
0.0071 0.0052    1300.5610 4.598535e+01  63.219792  68.072626  70.632451
0.0072 0.0052    1288.3570 4.611247e+01  63.155928  67.995848  70.519147
0.0073 0.0052    1276.0950 4.623517e+01  63.095940  67.921167  70.412673
0.0074 0.0052    1263.7850 4.635466e+01  63.038726  67.848587  70.311386
0.0075 0.0052    1251.4360 4.647064e+01  62.984099  67.778407  70.209603
0.0076 0.0052    1239.0560 4.658319e+01  62.932819  67.710266  70.115976
0.0077 0.0052    1226.6550 4.669295e+01  62.883462  67.644545  70.022450
0.0078 0.0052    1214.2410 4.679933e+01  62.837670  67.579160  69.929697
0.0079 0.0052    1201.8210 4.690346e+01  62.794521  67.517660  69.842274
0.0080 0.0052    1189.4020 4.700509e+01  62.753380  67.457362  69.759952
0.0081 0.0052    1176.9930 4.710280e+01  62.714329  67.400327  69.675294
0.0082 0.0052    1164.5980 4.719818e+01  62.678145  67.344919  69.595532
0.0083 0.0052    1152.2260 4.729136e+01  62.643877  67.290625  69.517905
0.0084 0.0052    1139.8810 4.738252e+01  62.611759  67.238118  69.445853
0.0085 0.0052    1127.5690 4.747137e+01  62.582423  67.187670  69.373164
0.0086 0.0052       0.0000 4.755792e+01  62.555814  67.139827  69.303915
0.0087 0.0052       0.0000 4.764245e+01  62.530205  67.092882  69.236343
0.0088 0.0052       0.0000 4.772482e+01  62.506075  67.048571  69.169984
0.0089 0.0052       0.0000 4.780649e+01  62.483126  67.004418  69.108178
0.0090 0.0052       0.0000 4.788526e+01  62.463440  66.963128  69.044311
0.0091 0.0052       0.0000 4.796188e+01  62.445576  66.922996  68.990467
0.0092 0.0052       0.0000 4.803713e+01  62.429165  66.885102  68.934374
0.0093 0.0052       0.0000 4.811035e+01  62.414345  66.848424  68.881199
0.0094 0.0052       0.0000 4.818207e+01  62.401480  66.813249  68.829300
0.0095 0.0052       0.0000 4.825221e+01  62.390153  66.780303  68.782193
0.0096 0.0052       0.0000 4.832152e+01  62.379597  66.748301  68.728620
0.0097 0.0052       0.0000 4.838822e+01  62.371579  66.717990  68.684496
0.0098 0.0052       0.0000 4.845462e+01  62.364622  66.688925  68.638716
0.0099 0.0052       0.0000 4.851984e+01  62.358827  66.661438  68.596223
0.0100 0.0052       0.0000 4.858336e+01  62.354450  66.635445  68.555189
0.0000 0.0053    1130.3030 0.000000e+00  51.386379  51.385980  54.819443
0.0001 0.0053    1131.0810 1.468053e+00  79.095685  78.975375  88.702940
0.0002 0.0053    1133.4080 2.996101e+00  79.074910  78.856481  88.400823
0.0003 0.0053    1137.2580 4.554009e+00  79.007996  78.718555  88.118805
0.0004 0.0053    1142.5880 6.124538e+00  78.894727  78.565455  87.828081
0.0005 0.0053    1149.3410 7.689953e+00  78.739053  78.398802  87.524258
0.0006 0.0053    1157.4450 9.243682e+00  78.546792  78.222330  87.218222
0.0007 0.0053    1166.8130 1.076967e+01  78.320687  78.039935  86.903100
0.0008 0.0053    1177.3470 1.226171e+01  78.062907  77.852203  86.579487
0.0009 0.0053    1188.9380 1.371416e+01  77.779241  77.660810  86.253184
0.0010 0.0053    1201.4700 1.512132e+01  77.472804  77.465517  85.914403
0.0011 0.0053    1214.8190 1.648369e+01  77.149753  77.268198  85.580921
0.0012 0.0053    1228.8550 1.779423e+01  76.810033  77.069666  85.246192
0.0013 0.0053    1243.4480 1.905484e+01  76.458131  76.869281  84.914761
0.0014 0.0053    1258.4640 2.026545e+01  76.097895  76.668599  84.576899
0.0015 0.0053    1273.7710 2.142616e+01  75.728767  76.467377  84.231499
0.0016 0.0053    1289.2400 2.253783e+01  75.356003  76.265165  83.891464
0.0017 0.0053    1304.7460 2.360148e+01  74.979717  76.063843  83.548888
0.0018 0.0053    1320.1660 2.461982e+01  74.602942  75.862413  83.202973
0.0019 0.0053    1335.3890 2.559185e+01  74.227008  75.662046  82.864871
0.0020 0.0053    1350.3070 2.652210e+01  73.852367  75.463041  82.525181
0.0021 0.0053    1364.8220 2.741182e+01  73.481123  75.263331  82.181349
0.0022 0.0053    1378.8440 2.825936e+01  73.114368  75.067821  81.850462
0.0023 0.0053    1392.2950 2.907118e+01  72.751474  74.872047  81.517226
0.0024 0.0053    1405.1030 2.984627e+01  72.394976  74.677674  81.186524
0.0025 0.0053    1417.2080 3.058796e+01  72.044291  74.484841  80.855594
0.0026 0.0053    1428.5570 3.129606e+01  71.698904  74.296328  80.531325
0.0027 0.0053    1439.1090 3.197359e+01  71.363326  74.108143  80.213633
0.0028 0.0053    1448.8300 3.262253e+01  71.034308  73.922474  79.895848
0.0029 0.0053    1457.6950 3.324305e+01  70.712821  73.737864  79.580025
0.0030 0.0053    1465.6870 3.383615e+01  70.398856  73.556516  79.276354
0.0031 0.0053    1472.7950 3.440580e+01  70.092260  73.376800  78.967020
0.0032 0.0053    1479.0170 3.495230e+01  69.790750  73.200015  78.666260
0.0033 0.0053    1484.3540 3.547029e+01  69.505761  73.025101  78.379453
0.0034 0.0053    1488.8140 3.597032e+01  69.224446  72.852176  78.088143
0.0035 0.0053    1492.4090 3.644759e+01  68.949671  72.682692  77.800232
0.0036 0.0053    1495.1570 3.690877e+01  68.684944  72.514934  77.523715
0.0037 0.0053    1497.0770 3.734987e+01  68.427169  72.350267  77.249072
0.0038 0.0053    1498.1910 3.777297e+01  68.177920  72.187021  76.980815
0.0039 0.0053    1498.5240 3.817849e+01  67.935780  72.026851  76.718552
0.0040 0.0053    1498.1040 3.856889e+01  67.701444  71.869773  76.457807
0.0041 0.0053    1496.9570 3.894320e+01  67.474761  71.715192  76.207134
0.0042 0.0053    1495.1140 3.930299e+01  67.255870  71.562081  75.958093
0.0043 0.0053    1492.6040 3.964874e+01  67.043377  71.413981  75.717829
0.0044 0.0053    1489.4560 3.998270e+01  66.838245  71.263951  75.473080
0.0045 0.0053    1485.7010 4.030159e+01  66.641534  71.119878  75.247077
0.0046 0.0053    1481.3690 4.061020e+01  66.450301  70.977592  75.019585
0.0047 0.0053    1476.4890 4.090722e+01  66.265727  70.838118  74.797181
0.0048 0.0053    1471.0890 4.119256e+01  66.088039  70.700816  74.582085
0.0049 0.0053    1465.1990 4.146790e+01  65.916881  70.567216  74.371671
0.0050 0.0053    1458.8450 4.173426e+01  65.750769  70.435601  74.164394
0.0051 0.0053    1452.0540 4.198966e+01  65.592576  70.306845  73.963440
0.0052 0.0053    1444.8530 4.223629e+01  65.439430  70.181429  73.769075
0.0053 0.0053    1437.2640 4.247461e+01  65.292317  70.057381  73.581518
0.0054 0.0053    1429.3140 4.270586e+01  65.149580  69.937246  73.393760
0.0055 0.0053    1421.0230 4.292865e+01  65.012774  69.818665  73.213073
0.0056 0.0053    1412.4160 4.314314e+01  64.881491  69.702924  73.032580
0.0057 0.0053    1403.5110 4.335109e+01  64.755493  69.589635  72.862643
0.0058 0.0053    1394.3300 4.355114e+01  64.634729  69.478802  72.695389
0.0059 0.0053    1384.8910 4.374496e+01  64.518496  69.371020  72.537834
0.0060 0.0053    1375.2130 4.393292e+01  64.406738  69.265522  72.377433
0.0061 0.0053    1365.3140 4.411483e+01  64.300177  69.162584  72.224497
0.0062 0.0053    1355.2090 4.429108e+01  64.197126  69.062152  72.073403
0.0063 0.0053    1344.9160 4.446165e+01  64.098295  68.964068  71.926451
0.0064 0.0053    1334.4480 4.462739e+01  64.004203  68.868056  71.784551
0.0065 0.0053    1323.8210 4.478750e+01  63.913971  68.775126  71.647107
0.0066 0.0053    1313.0490 4.494390e+01  63.827500  68.684719  71.505560
0.0067 0.0053    1302.1430 4.509414e+01  63.744478  68.595820  71.377844
0.0068 0.0053    1291.1180 4.524054e+01  63.664883  68.509335  71.251707
0.0069 0.0053    1279.9850 4.538192e+01  63.589652  68.426643  71.125281
0.0070 0.0053    1268.7550 4.551981e+01  63.517478  68.345065  71.007830
0.0071 0.0053    1257.4390 4.565500e+01  63.449188  68.266149  70.877745
0.0072 0.0053    1246.0470 4.578189e+01  63.383957  68.188127  70.793249
0.0073 0.0053    1234.5900 4.590812e+01  63.321917  68.113170  70.684114
0.0074 0.0053    1223.0770 4.603072e+01  63.262721  68.039947  70.579901
0.0075 0.0053    1211.5170 4.615076e+01  63.206207  67.969363  70.478232
0.0076 0.0053    1199.9180 4.626630e+01  63.152623  67.900851  70.379925
0.0077 0.0053    1188.2890 4.637945e+01  63.102018  67.833078  70.282580
0.0078 0.0053    1176.6370 4.648921e+01  63.054004  67.768828  70.190406
0.0079 0.0053    1164.9700 4.659568e+01  63.008626  67.706495  70.102255
0.0080 0.0053    1153.2950 4.669949e+01  62.965961  67.647315  70.019472
0.0081 0.0053    1141.6190 4.680124e+01  62.924917  67.587593  69.930428
0.0082 0.0053    1129.9480 4.690060e+01  62.886774  67.530904  69.844570
0.0083 0.0053    1118.2880 4.699700e+01  62.850995  67.475834  69.766770
0.0084 0.0053    1106.6460 4.709099e+01  62.816861  67.423348  69.694241
0.0085 0.0053       0.0000 4.718290e+01  62.785504  67.371958  69.619199
0.0086 0.0053       0.0000 4.727156e+01  62.757219  67.323112  69.548350
0.0087 0.0053       0.0000 4.735954e+01  62.729389  67.275836  69.479008
0.0088 0.0053       0.0000 4.744521e+01  62.702686  67.229391  69.412713
0.0089 0.0053       0.0000 4.752896e+01  62.679132  67.185312  69.351200
0.0090 0.0053       0.0000 4.761048e+01  62.657583  67.142546  69.286510
0.0091 0.0053       0.0000 4.769072e+01  62.637389  67.101565  69.224321
0.0092 0.0053       0.0000 4.776884e+01  62.619282  67.062586  69.163515
0.0093 0.0053       0.0000 4.784549e+01  62.602563  67.025276  69.106685
0.0094 0.0053       0.0000 4.791985e+01  62.587777  66.989341  69.055735
0.0095 0.0053       0.0000 4.799255e+01  62.574331  66.955112  69.003915
0.0096 0.0053       0.0000 4.806435e+01  62.562181  66.922150  68.955140
0.0097 0.0053       0.0000 4.813497e+01  62.552055  66.890066  68.902363
0.0098 0.0053       0.0000 4.820396e+01  62.542997  66.860299  68.856551
0.0099 0.0053       0.0000 4.827115e+01  62.535765  66.832055  68.813658
0.0100 0.0053       0.0000 4.833741e+01  62.529824  66.805091  68.771033
0.0000 0.0054    1077.0240 2.861267e-14  51.376213  51.375564  54.761556
0.0001 0.0054    1077.7600 1.446072e+00  79.142113  79.026385  88.758888
0.0002 0.0054    1079.9600 2.950511e+00  79.121451  78.908990  88.468839
0.0003 0.0054    1083.6000 4.484150e+00  79.053953  78.776950  88.195686
0.0004 0.0054    1088.6420 6.030941e+00  78.943761  78.626877  87.904397
0.0005 0.0054    1095.0320 7.573048e+00  78.791600  78.463165  87.614151
0.0006 0.0054    1102.7030 9.100501e+00  78.603062  78.290835  87.312423
0.0007 0.0054    1111.5740 1.060370e+01  78.381480  78.113193  87.006950
0.0008 0.0054    1121.5560 1.207323e+01  78.130617  77.929871  86.687445
0.0009 0.0054    1132.5460 1.350398e+01  77.853480  77.740535  86.363090
0.0010 0.0054    1144.4380 1.489142e+01  77.557110  77.552731  86.052423
0.0011 0.0054    1157.1140 1.623318e+01  77.241586  77.358179  85.723814
0.0012 0.0054    1170.4560 1.752599e+01  76.908734  77.156165  85.396299
0.0013 0.0054    1184.3410 1.876963e+01  76.566678  76.968342  85.071793
0.0014 0.0054    1198.6450 1.996462e+01  76.213312  76.771293  84.737871
0.0015 0.0054    1213.2450 2.111086e+01  75.853908  76.574793  84.404837
0.0016 0.0054    1228.0190 2.220894e+01  75.489162  76.374648  84.064714
0.0017 0.0054    1242.8490 2.326038e+01  75.121587  76.178871  83.733733
0.0018 0.0054    1257.6220 2.426690e+01  74.753187  75.981182  83.396333
0.0019 0.0054    1272.2310 2.522932e+01  74.384610  75.783972  83.063445
0.0020 0.0054    1286.5740 2.614978e+01  74.018570  75.588532  82.734973
0.0021 0.0054    1300.5600 2.703040e+01  73.654396  75.393112  82.395646
0.0022 0.0054    1314.1030 2.787111e+01  73.294367  75.199431  82.065748
0.0023 0.0054    1327.1270 2.867677e+01  72.938960  75.008262  81.742436
0.0024 0.0054    1339.5630 2.944666e+01  72.588455  74.816693  81.417644
0.0025 0.0054    1351.3540 3.018204e+01  72.243874  74.628431  81.093999
0.0026 0.0054    1362.4480 3.088710e+01  71.905265  74.441516  80.774938
0.0027 0.0054    1372.8040 3.156122e+01  71.573926  74.255598  80.458595
0.0028 0.0054    1382.3900 3.220632e+01  71.250433  74.072499  80.149029
0.0029 0.0054    1391.1780 3.282437e+01  70.933824  73.891262  79.838960
0.0030 0.0054    1399.1520 3.341517e+01  70.624323  73.711429  79.535307
0.0031 0.0054    1406.2990 3.398241e+01  70.321719  73.535242  79.233556
0.0032 0.0054    1412.6150 3.452628e+01  70.027066  73.360225  78.936854
0.0033 0.0054    1418.1000 3.504579e+01  69.741408  73.187271  78.647566
0.0034 0.0054    1422.7600 3.554483e+01  69.462920  73.016804  78.363749
0.0035 0.0054    1426.6050 3.602342e+01  69.192218  72.849131  78.081346
0.0036 0.0054    1429.6480 3.648311e+01  68.928780  72.683168  77.804860
0.0037 0.0054    1431.9080 3.692398e+01  68.674426  72.520213  77.533463
0.0038 0.0054    1433.4040 3.734705e+01  68.425728  72.359618  77.262706
0.0039 0.0054    1434.1580 3.775627e+01  68.184310  72.200783  77.003411
0.0040 0.0054    1434.1960 3.814638e+01  67.953276  72.044404  76.747110
0.0041 0.0054    1433.5420 3.852258e+01  67.728307  71.891421  76.492999
0.0042 0.0054    1432.2230 3.888420e+01  67.508827  71.739490  76.247323
0.0043 0.0054    1430.2660 3.923327e+01  67.297386  71.590675  76.004252
0.0044 0.0054    1427.6990 3.956712e+01  67.093060  71.443812  75.764226
0.0045 0.0054    1424.5510 3.988869e+01  66.896468  71.300698  75.540211
0.0046 0.0054    1420.8470 4.019945e+01  66.706352  71.160175  75.311313
0.0047 0.0054    1416.6170 4.049853e+01  66.522038  71.021658  75.093794
0.0048 0.0054    1411.8870 4.078654e+01  66.344259  70.886211  74.877279
0.0049 0.0054    1406.6840 4.106463e+01  66.172664  70.752829  74.666923
0.0050 0.0054    1401.0320 4.133213e+01  66.006853  70.622411  74.457410
0.0051 0.0054    1394.9580 4.159173e+01  65.847876  70.495471  74.256394
0.0052 0.0054    1388.4850 4.184200e+01  65.694306  70.369330  74.064421
0.0053 0.0054    1381.6370 4.208301e+01  65.546535  70.246742  73.877996
0.0054 0.0054    1374.4370 4.231683e+01  65.403262  70.125859  73.687062
0.0055 0.0054    1366.9050 4.254264e+01  65.265807  70.008839  73.505314
0.0056 0.0054    1359.0630 4.276069e+01  65.133578  69.893564  73.328511
0.0057 0.0054    1350.9300 4.297159e+01  65.006325  69.780763  73.156836
0.0058 0.0054    1342.5250 4.317600e+01  64.883482  69.670009  72.988690
0.0059 0.0054    1333.8670 4.337271e+01  64.766454  69.562951  72.826002
0.0060 0.0054    1324.9730 4.356400e+01  64.653457  69.458119  72.668424
0.0061 0.0054    1315.8590 4.374911e+01  64.545417  69.355175  72.511735
0.0062 0.0054    1306.5420 4.392801e+01  64.441657  69.254954  72.361897
0.0063 0.0054    1297.0350 4.410261e+01  64.340986  69.156836  72.214906
0.0064 0.0054    1287.3540 4.427137e+01  64.245311  69.061429  72.071063
0.0065 0.0054    1277.5130 4.443507e+01  64.153296  68.968026  71.931784
0.0066 0.0054    1267.5240 4.459331e+01  64.065136  68.877074  71.797530
0.0067 0.0054    1257.4000 4.474701e+01  63.981065  68.788923  71.669923
0.0068 0.0054    1247.1520 4.489788e+01  63.899352  68.703256  71.531638
0.0069 0.0054    1236.7930 4.504267e+01  63.822674  68.618584  71.405797
0.0070 0.0054    1226.3320 4.518350e+01  63.749240  68.537080  71.283074
0.0071 0.0054    1215.7800 4.532076e+01  63.678523  68.456367  71.165184
0.0072 0.0054    1205.1480 4.545596e+01  63.610733  68.380759  71.039494
0.0073 0.0054    1194.4440 4.558210e+01  63.547967  68.304172  70.955262
0.0074 0.0054    1183.6780 4.570742e+01  63.487301  68.230482  70.847805
0.0075 0.0054    1172.8580 4.583042e+01  63.429035  68.158563  70.744509
0.0076 0.0054    1161.9920 4.594919e+01  63.373547  68.090649  70.647149
0.0077 0.0054    1151.0880 4.606576e+01  63.320447  68.023737  70.545958
0.0078 0.0054    1140.1540 4.617916e+01  63.270385  67.958391  70.451141
0.0079 0.0054    1129.1960 4.628926e+01  63.222844  67.895126  70.359764
0.0080 0.0054    1118.2230 4.639593e+01  63.178176  67.834276  70.271019
0.0081 0.0054    1107.2390 4.650067e+01  63.135773  67.774643  70.185199
0.0082 0.0054    1096.2520 4.660263e+01  63.095966  67.716699  70.101566
0.0083 0.0054    1085.2670 4.670253e+01  63.058199  67.661400  70.022717
0.0084 0.0054    1074.2900 4.679979e+01  63.022305  67.607088  69.940017
0.0085 0.0054       0.0000 4.689466e+01  62.990993  67.557151  69.864323
0.0086 0.0054       0.0000 4.698694e+01  62.958758  67.505990  69.793015
0.0087 0.0054       0.0000 4.707729e+01  62.929499  67.457603  69.719127
0.0088 0.0054       0.0000 4.716565e+01  62.900559  67.410702  69.649422
0.0089 0.0054       0.0000 4.725212e+01  62.875128  67.365714  69.586603
0.0090 0.0054       0.0000 4.733645e+01  62.851733  67.322315  69.521900
0.0091 0.0054       0.0000 4.741963e+01  62.829295  67.280181  69.457031
0.0092 0.0054       0.0000 4.749999e+01  62.809618  67.240269  69.397806
0.0093 0.0054       0.0000 4.757926e+01  62.791332  67.201834  69.339625
0.0094 0.0054       0.0000 4.765721e+01  62.774127  67.165213  69.284089
0.0095 0.0054       0.0000 4.773378e+01  62.758585  67.129266  69.227532
0.0096 0.0054       0.0000 4.780720e+01  62.745368  67.095333  69.178573
0.0097 0.0054       0.0000 4.788007e+01  62.733173  67.063482  69.125803
0.0098 0.0054       0.0000 4.795187e+01  62.722473  67.032451  69.075874
0.0099 0.0054       0.0000 4.802219e+01  62.713081  67.003118  69.031576
0.0100 0.0054       0.0000 4.809113e+01  62.705110  66.974923  68.985943
0.0000 0.0055    1026.8710 0.000000e+00  51.375582  51.375111  54.713798
0.0001 0.0055    1027.5670 1.424521e+00  79.189157  79.078735  88.816969
0.0002 0.0055    1029.6490 2.906092e+00  79.167932  78.963776  88.534670
0.0003 0.0055    1033.0950 4.416524e+00  79.101063  78.834258  88.267911
0.0004 0.0055    1037.8680 5.937905e+00  78.992766  78.687454  87.987210
0.0005 0.0055    1043.9200 7.456577e+00  78.845325  78.527846  87.704966
0.0006 0.0055    1051.1870 8.961482e+00  78.659812  78.359988  87.409955
0.0007 0.0055    1059.5960 1.044144e+01  78.444694  78.183254  87.103403
0.0008 0.0055    1069.0620 1.188855e+01  78.196814  78.007433  86.796700
0.0009 0.0055    1079.4910 1.329643e+01  77.928536  77.820540  86.479059
0.0010 0.0055    1090.7840 1.466577e+01  77.638689  77.640102  86.181036
0.0011 0.0055    1102.8320 1.598815e+01  77.331268  77.448160  85.858428
0.0012 0.0055    1115.5230 1.726328e+01  77.007895  77.258091  85.536837
0.0013 0.0055    1128.7450 1.849083e+01  76.672914  77.065783  85.211283
0.0014 0.0055    1142.3790 1.966995e+01  76.329450  76.872318  84.895908
0.0015 0.0055    1156.3120 2.080108e+01  75.976810  76.679226  84.566821
0.0016 0.0055    1170.4300 2.188724e+01  75.620533  76.485623  84.238435
0.0017 0.0055    1184.6210 2.292625e+01  75.261129  76.292402  83.910717
0.0018 0.0055    1198.7800 2.392103e+01  74.900941  76.098517  83.583515
0.0019 0.0055    1212.8040 2.487414e+01  74.540836  75.904881  83.257375
0.0020 0.0055    1226.6000 2.578607e+01  74.182069  75.713496  82.931461
0.0021 0.0055    1240.0770 2.665777e+01  73.825654  75.521839  82.604710
0.0022 0.0055    1253.1570 2.749189e+01  73.471968  75.331681  82.282965
0.0023 0.0055    1265.7640 2.829036e+01  73.123439  75.142942  81.961167
0.0024 0.0055    1277.8360 2.905410e+01  72.780036  74.955385  81.643353
0.0025 0.0055    1289.3130 2.978479e+01  72.441331  74.769225  81.324508
0.0026 0.0055    1300.1490 3.048601e+01  72.107427  74.584487  81.008187
0.0027 0.0055    1310.3010 3.115512e+01  71.782463  74.402210  80.700967
0.0028 0.0055    1319.7370 3.179672e+01  71.463140  74.221531  80.395375
0.0029 0.0055    1328.4310 3.241156e+01  71.151207  74.042448  80.091619
0.0030 0.0055    1336.3630 3.300136e+01  70.846138  73.865476  79.782911
0.0031 0.0055    1343.5230 3.356527e+01  70.548497  73.690682  79.491760
0.0032 0.0055    1349.9020 3.410709e+01  70.258090  73.518617  79.200971
0.0033 0.0055    1355.5000 3.462671e+01  69.975414  73.347819  78.911787
0.0034 0.0055    1360.3210 3.512739e+01  69.697284  73.179575  78.629206
0.0035 0.0055    1364.3730 3.560395e+01  69.431121  73.014142  78.354508
0.0036 0.0055    1367.6670 3.606323e+01  69.170839  72.850214  78.077973
0.0037 0.0055    1370.2190 3.650475e+01  68.918034  72.688170  77.809784
0.0038 0.0055    1372.0470 3.692976e+01  68.671902  72.529070  77.544712
0.0039 0.0055    1373.1690 3.733659e+01  68.433708  72.371752  77.283492
0.0040 0.0055    1373.6100 3.772905e+01  68.202339  72.217290  77.029218
0.0041 0.0055    1373.3910 3.810600e+01  67.975057  72.066304  76.772072
0.0042 0.0055    1372.5380 3.846912e+01  67.761031  71.915414  76.534403
0.0043 0.0055    1371.0750 3.881913e+01  67.550488  71.768474  76.294872
0.0044 0.0055    1369.0280 3.915618e+01  67.345804  71.622257  76.052981
0.0045 0.0055    1366.4230 3.947980e+01  67.149738  71.480790  75.830599
0.0046 0.0055    1363.2860 3.979237e+01  66.959616  71.341259  75.604542
0.0047 0.0055    1359.6420 4.009415e+01  66.775625  71.203947  75.382936
0.0048 0.0055    1355.5170 4.038445e+01  66.598500  71.069812  75.171997
0.0049 0.0055    1350.9350 4.066544e+01  66.426821  70.937671  74.957877
0.0050 0.0055    1345.9210 4.093639e+01  66.261477  70.807763  74.754164
0.0051 0.0055    1340.4970 4.119712e+01  66.101609  70.680840  74.551572
0.0052 0.0055    1334.6880 4.145111e+01  65.947139  70.556012  74.357780
0.0053 0.0055    1328.5150 4.169565e+01  65.798578  70.433708  74.169071
0.0054 0.0055    1321.9990 4.193150e+01  65.655603  70.314396  73.981884
0.0055 0.0055    1315.1600 4.215975e+01  65.517546  70.198461  73.798049
0.0056 0.0055    1308.0190 4.238123e+01  65.383889  70.083129  73.616500
0.0057 0.0055    1300.5940 4.259508e+01  65.255649  69.970994  73.446744
0.0058 0.0055    1292.9020 4.280273e+01  65.131730  69.861089  73.279051
0.0059 0.0055    1284.9620 4.300321e+01  65.013538  69.753844  73.115493
0.0060 0.0055    1276.7890 4.319767e+01  64.899601  69.649007  72.953293
0.0061 0.0055    1268.3990 4.338654e+01  64.789702  69.546114  72.797102
0.0062 0.0055    1259.8080 4.356791e+01  64.684762  69.446784  72.646892
0.0063 0.0055    1251.0290 4.374573e+01  64.582965  69.348811  72.497304
0.0064 0.0055    1242.0760 4.391674e+01  64.485840  69.253399  72.355250
0.0065 0.0055    1232.9620 4.408409e+01  64.392216  69.160232  72.212240
0.0066 0.0055    1223.7000 4.424555e+01  64.302541  69.069110  72.077680
0.0067 0.0055    1214.3000 4.440234e+01  64.216951  68.980324  71.945246
0.0068 0.0055    1204.7760 4.455465e+01  64.134879  68.894353  71.815744
0.0069 0.0055    1195.1360 4.470448e+01  64.055593  68.810426  71.682009
0.0070 0.0055    1185.3930 4.484820e+01  63.980172  68.728045  71.558695
0.0071 0.0055    1175.5550 4.498902e+01  63.907711  68.647945  71.437357
0.0072 0.0055    1165.6310 4.512723e+01  63.838868  68.571352  71.309533
0.0073 0.0055    1155.6320 4.525856e+01  63.773353  68.494671  71.210283
0.0074 0.0055    1145.5640 4.538630e+01  63.710450  68.420273  71.115809
0.0075 0.0055    1135.4380 4.551190e+01  63.650644  68.348840  71.009857
0.0076 0.0055    1125.2590 4.563412e+01  63.593937  68.279607  70.906251
0.0077 0.0055    1115.0370 4.575301e+01  63.539555  68.211747  70.805147
0.0078 0.0055    1104.7770 4.586887e+01  63.487556  68.146190  70.711282
0.0079 0.0055    1094.4880 4.598228e+01  63.438272  68.082467  70.616940
0.0080 0.0055    1084.1750 4.609296e+01  63.391366  68.020629  70.525586
0.0081 0.0055    1073.8450 4.620054e+01  63.347282  67.959911  70.438301
0.0082 0.0055    1063.5030 4.630598e+01  63.304953  67.901715  70.353563
0.0083 0.0055    1053.1560 4.640840e+01  63.265578  67.845510  70.268217
0.0084 0.0055       0.0000 4.650875e+01  63.227831  67.790978  70.186456
0.0085 0.0055       0.0000 4.660618e+01  63.194890  67.739887  70.111444
0.0086 0.0055       0.0000 4.670118e+01  63.160867  67.688583  70.035831
0.0087 0.0055       0.0000 4.679459e+01  63.129365  67.639082  69.962445
0.0088 0.0055       0.0000 4.688698e+01  63.098076  67.590914  69.888317
0.0089 0.0055       0.0000 4.697594e+01  63.071236  67.544896  69.821074
0.0090 0.0055       0.0000 4.706295e+01  63.045764  67.500776  69.758179
0.0091 0.0055       0.0000 4.714831e+01  63.021951  67.458373  69.691565
0.0092 0.0055       0.0000 4.723170e+01  63.000489  67.417432  69.630006
0.0093 0.0055       0.0000 4.731354e+01  62.980254  67.377718  69.567466
0.0094 0.0055       0.0000 4.739386e+01  62.962044  67.340067  69.515756
0.0095 0.0055       0.0000 4.747299e+01  62.944931  67.304229  69.455455
0.0096 0.0055       0.0000 4.755020e+01  62.929204  67.268946  69.399261
0.0097 0.0055       0.0000 4.762585e+01  62.915205  67.235541  69.349575
0.0098 0.0055       0.0000 4.769992e+01  62.902605  67.203716  69.298559
0.0099 0.0055       0.0000 4.777307e+01  62.891181  67.173550  69.249779
0.0100 0.0055       0.0000 4.784451e+01  62.881719  67.144264  69.200287
0.0000 0.0056     979.6213 0.000000e+00  51.384807  51.384368  54.676658
0.0001 0.0056     980.2809 1.403958e+00  79.235764  79.129856  88.870212
0.0002 0.0056     982.2530 2.862966e+00  79.214833  79.017814  88.602834
0.0003 0.0056     985.5173 4.349894e+00  79.148217  78.891105  88.337787
0.0004 0.0056     990.0403 5.847915e+00  79.042436  78.746904  88.062178
0.0005 0.0056     995.7761 7.343607e+00  78.897201  78.592200  87.787304
0.0006 0.0056    1002.6670 8.824912e+00  78.717861  78.428443  87.501280
0.0007 0.0056    1010.6430 1.028286e+01  78.506230  78.256934  87.202843
0.0008 0.0056    1019.6280 1.170936e+01  78.267792  78.082560  86.899426
0.0009 0.0056    1029.5330 1.309779e+01  78.003143  77.903808  86.596068
0.0010 0.0056    1040.2650 1.444495e+01  77.721442  77.722478  86.299728
0.0011 0.0056    1051.7240 1.574861e+01  77.421118  77.538132  85.991513
0.0012 0.0056    1063.8060 1.700634e+01  77.105048  77.351329  85.672932
0.0013 0.0056    1076.4030 1.821738e+01  76.778092  77.162611  85.362015
0.0014 0.0056    1089.4080 1.938175e+01  76.442203  76.974948  85.047357
0.0015 0.0056    1102.7130 2.049935e+01  76.099019  76.781504  84.727306
0.0016 0.0056    1116.2110 2.157159e+01  75.751150  76.593842  84.408520
0.0017 0.0056    1129.7970 2.259982e+01  75.399366  76.404985  84.086080
0.0018 0.0056    1143.3730 2.358305e+01  75.047666  76.214262  83.767872
0.0019 0.0056    1156.8410 2.452600e+01  74.694283  76.025536  83.448900
0.0020 0.0056    1170.1120 2.542829e+01  74.343442  75.836897  83.127230
0.0021 0.0056    1183.1010 2.629208e+01  73.994310  75.648545  82.809346
0.0022 0.0056    1195.7330 2.711909e+01  73.647747  75.461693  82.486241
0.0023 0.0056    1207.9370 2.791085e+01  73.305169  75.275583  82.175440
0.0024 0.0056    1219.6500 2.866839e+01  72.969020  75.091973  81.864593
0.0025 0.0056    1230.8180 2.939437e+01  72.635456  74.908014  81.549447
0.0026 0.0056    1241.3930 3.008981e+01  72.308736  74.726267  81.242778
0.0027 0.0056    1251.3340 3.075533e+01  71.988276  74.546504  80.931778
0.0028 0.0056    1260.6110 3.139341e+01  71.673986  74.368675  80.634902
0.0029 0.0056    1269.1950 3.200576e+01  71.366448  74.192644  80.337157
0.0030 0.0056    1277.0680 3.259254e+01  71.064985  74.018036  80.037187
0.0031 0.0056    1284.2170 3.315566e+01  70.771554  73.845775  79.744267
0.0032 0.0056    1290.6330 3.369438e+01  70.485571  73.675098  79.460184
0.0033 0.0056    1296.3140 3.421379e+01  70.205772  73.506676  79.172529
0.0034 0.0056    1301.2630 3.471084e+01  69.933379  73.340287  78.896508
0.0035 0.0056    1305.4860 3.519182e+01  69.665291  73.176725  78.613757
0.0036 0.0056    1308.9920 3.564862e+01  69.409547  73.015156  78.345593
0.0037 0.0056    1311.7940 3.609032e+01  69.159579  72.854679  78.076017
0.0038 0.0056    1313.9090 3.651529e+01  68.914873  72.697128  77.816651
0.0039 0.0056    1315.3540 3.692270e+01  68.678639  72.541880  77.562399
0.0040 0.0056    1316.1490 3.731644e+01  68.448945  72.388785  77.307982
0.0041 0.0056    1316.3150 3.769440e+01  68.226185  72.237810  77.061788
0.0042 0.0056    1315.8760 3.805883e+01  68.010525  72.089892  76.817410
0.0043 0.0056    1314.8530 3.841035e+01  67.800902  71.943633  76.578322
0.0044 0.0056    1313.2710 3.874897e+01  67.597307  71.800500  76.342007
0.0045 0.0056    1311.1540 3.907455e+01  67.401603  71.659069  76.112402
0.0046 0.0056    1308.5260 3.938976e+01  67.211207  71.521151  75.890147
0.0047 0.0056    1305.4110 3.969375e+01  67.027490  71.385147  75.668492
0.0048 0.0056    1301.8330 3.998666e+01  66.850413  71.251296  75.452365
0.0049 0.0056    1297.8140 4.026939e+01  66.679602  71.121020  75.248711
0.0050 0.0056    1293.3780 4.054303e+01  66.513473  70.992016  75.041880
0.0051 0.0056    1288.5460 4.080723e+01  66.353793  70.865563  74.841876
0.0052 0.0056    1283.3410 4.106304e+01  66.198860  70.742038  74.645815
0.0053 0.0056    1277.7830 4.131070e+01  66.049659  70.620929  74.453403
0.0054 0.0056    1271.8920 4.154925e+01  65.905738  70.502211  74.269655
0.0055 0.0056    1265.6870 4.178089e+01  65.766506  70.385434  74.084635
0.0056 0.0056    1259.1880 4.200450e+01  65.633063  70.271817  73.907801
0.0057 0.0056    1252.4110 4.222190e+01  65.503356  70.159666  73.731099
0.0058 0.0056    1245.3740 4.243207e+01  65.379055  70.050327  73.562567
0.0059 0.0056    1238.0940 4.263564e+01  65.259567  69.943409  73.396394
0.0060 0.0056    1230.5850 4.283271e+01  65.144353  69.839002  73.238112
0.0061 0.0056    1222.8620 4.302429e+01  65.033764  69.736499  73.082472
0.0062 0.0056    1214.9410 4.321016e+01  64.927161  69.636643  72.927691
0.0063 0.0056    1206.8340 4.339006e+01  64.824302  69.539424  72.780964
0.0064 0.0056    1198.5540 4.356478e+01  64.725502  69.443622  72.633586
0.0065 0.0056    1190.1140 4.373508e+01  64.630477  69.350553  72.490604
0.0066 0.0056    1181.5250 4.389962e+01  64.539641  69.259741  72.354011
0.0067 0.0056    1172.7990 4.406010e+01  64.452382  69.170772  72.220498
0.0068 0.0056    1163.9460 4.421519e+01  64.368328  69.084685  72.092892
0.0069 0.0056    1154.9770 4.436675e+01  64.287674  69.001109  71.965276
0.0070 0.0056    1145.9010 4.451484e+01  64.210327  68.917253  71.836892
0.0071 0.0056    1136.7270 4.465869e+01  64.136822  68.837540  71.706294
0.0072 0.0056    1127.4660 4.479911e+01  64.066533  68.759824  71.590784
0.0073 0.0056    1118.1240 4.493498e+01  63.998587  68.683934  71.473873
0.0074 0.0056    1108.7110 4.506683e+01  63.934159  68.609661  71.363690
0.0075 0.0056    1099.2340 4.519385e+01  63.872682  68.537145  71.270724
0.0076 0.0056    1089.7000 4.531929e+01  63.813781  68.467413  71.168101
0.0077 0.0056    1080.1170 4.544221e+01  63.756973  68.399239  71.065239
0.0078 0.0056    1070.4910 4.556115e+01  63.703922  68.332407  70.965454
0.0079 0.0056    1060.8300 4.567715e+01  63.653084  68.269027  70.871923
0.0080 0.0056    1051.1390 4.579006e+01  63.604605  68.206138  70.777213
0.0081 0.0056    1041.4240 4.590059e+01  63.559053  68.145516  70.690034
0.0082 0.0056    1031.6920 4.600887e+01  63.515187  68.086160  70.604558
0.0083 0.0056       0.0000 4.611466e+01  63.473209  68.029245  70.518466
0.0084 0.0056       0.0000 4.621706e+01  63.434021  67.973876  70.435008
0.0085 0.0056       0.0000 4.631806e+01  63.398871  67.922319  70.357032
0.0086 0.0056       0.0000 4.641615e+01  63.362860  67.870109  70.277057
0.0087 0.0056       0.0000 4.651263e+01  63.329862  67.819960  70.202827
0.0088 0.0056       0.0000 4.660718e+01  63.296921  67.770948  70.128623
0.0089 0.0056       0.0000 4.669959e+01  63.267797  67.724284  70.057341
0.0090 0.0056       0.0000 4.678966e+01  63.240651  67.679489  69.988981
0.0091 0.0056       0.0000 4.687750e+01  63.214947  67.636126  69.922344
0.0092 0.0056       0.0000 4.696384e+01  63.191363  67.593962  69.859774
0.0093 0.0056       0.0000 4.704832e+01  63.169768  67.553682  69.796889
0.0094 0.0056       0.0000 4.713132e+01  63.149158  67.515106  69.737101
0.0095 0.0056       0.0000 4.721274e+01  63.130376  67.477890  69.679034
0.0096 0.0056       0.0000 4.729245e+01  63.113646  67.442006  69.623912
0.0097 0.0056       0.0000 4.737107e+01  63.097487  67.407645  69.569161
0.0098 0.0056       0.0000 4.744816e+01  63.083047  67.374850  69.515568
0.0099 0.0056       0.0000 4.752367e+01  63.069994  67.343885  69.464701
0.0100 0.0056       0.0000 4.759711e+01  63.058675  67.313289  69.418858
0.0000 0.0057     935.0730 1.558394e-07  51.403237  51.402899  54.649515
0.0001 0.0057     935.6983 1.383559e+00  79.282191  79.181663  88.921444
0.0002 0.0057     937.5678 2.820788e+00  79.259830  79.070732  88.655142
0.0003 0.0057     940.6627 4.284841e+00  79.195431  78.948098  88.405612
0.0004 0.0057     944.9519 5.760171e+00  79.091481  78.807165  88.137847
0.0005 0.0057     950.3928 7.232877e+00  78.949172  78.656610  87.870351
0.0006 0.0057     956.9316 8.691420e+00  78.774500  78.496272  87.591473
0.0007 0.0057     964.5044 1.012686e+01  78.568114  78.329675  87.303205
0.0008 0.0057     973.0383 1.153198e+01  78.335634  78.159530  87.014104
0.0009 0.0057     982.4524 1.290104e+01  78.078928  77.984291  86.715433
0.0010 0.0057     992.6591 1.422913e+01  77.801168  77.807417  86.410775
0.0011 0.0057    1003.5650 1.551436e+01  77.509118  77.626501  86.115800
0.0012 0.0057    1015.0740 1.675529e+01  77.201795  77.444250  85.808290
0.0013 0.0057    1027.0850 1.795063e+01  76.883364  77.259510  85.499477
0.0014 0.0057    1039.4970 1.909979e+01  76.555094  77.074250  85.196113
0.0015 0.0057    1052.2090 2.020326e+01  76.219326  76.889687  84.885502
0.0016 0.0057    1065.1210 2.126273e+01  75.879341  76.699615  84.568629
0.0017 0.0057    1078.1340 2.227904e+01  75.536178  76.515708  84.255730
0.0018 0.0057    1091.1550 2.325253e+01  75.191119  76.329638  83.941066
0.0019 0.0057    1104.0930 2.418485e+01  74.846342  76.143528  83.627016
0.0020 0.0057    1116.8630 2.507812e+01  74.502379  75.958880  83.315890
0.0021 0.0057    1129.3840 2.593319e+01  74.160140  75.773786  83.001846
0.0022 0.0057    1141.5840 2.675345e+01  73.820689  75.590441  82.687114
0.0023 0.0057    1153.3960 2.753746e+01  73.485303  75.407474  82.383690
0.0024 0.0057    1164.7590 2.828930e+01  73.153924  75.225546  82.071351
0.0025 0.0057    1175.6210 2.901004e+01  72.826905  75.046302  81.770249
0.0026 0.0057    1185.9350 2.970093e+01  72.505999  74.866571  81.464559
0.0027 0.0057    1195.6630 3.036199e+01  72.190410  74.689534  81.162941
0.0028 0.0057    1204.7710 3.099778e+01  71.880420  74.514314  80.864509
0.0029 0.0057    1213.2340 3.160648e+01  71.578448  74.341283  80.571077
0.0030 0.0057    1221.0320 3.218964e+01  71.281925  74.169052  80.283871
0.0031 0.0057    1228.1510 3.275053e+01  70.992016  73.998370  79.991117
0.0032 0.0057    1234.5820 3.328951e+01  70.709393  73.829829  79.708499
0.0033 0.0057    1240.3210 3.380618e+01  70.433213  73.664010  79.428224
0.0034 0.0057    1245.3690 3.430234e+01  70.163669  73.499823  79.150880
0.0035 0.0057    1249.7310 3.478017e+01  69.901453  73.337845  78.879664
0.0036 0.0057    1253.4140 3.524094e+01  69.643217  73.178269  78.604638
0.0037 0.0057    1256.4300 3.568174e+01  69.396781  73.018945  78.343450
0.0038 0.0057    1258.7940 3.610608e+01  69.155267  72.863732  78.086148
0.0039 0.0057    1260.5200 3.651524e+01  68.920583  72.709703  77.832272
0.0040 0.0057    1261.6260 3.690846e+01  68.692777  72.557845  77.579909
0.0041 0.0057    1262.1340 3.728833e+01  68.470914  72.409220  77.333310
0.0042 0.0057    1262.0620 3.765324e+01  68.256553  72.262898  77.094588
0.0043 0.0057    1261.4320 3.800884e+01  68.047641  72.115520  76.846109
0.0044 0.0057    1260.2670 3.834632e+01  67.846338  71.976213  76.620768
0.0045 0.0057    1258.5880 3.867381e+01  67.651134  71.836262  76.398003
0.0046 0.0057    1256.4190 3.899362e+01  67.458539  71.699915  76.165586
0.0047 0.0057    1253.7810 3.929680e+01  67.278158  71.564355  75.954158
0.0048 0.0057    1250.6960 3.959289e+01  67.100184  71.431871  75.737675
0.0049 0.0057    1247.1880 3.987707e+01  66.929597  71.303639  75.534055
0.0050 0.0057    1243.2770 4.015444e+01  66.762753  71.174774  75.323945
0.0051 0.0057    1238.9830 4.042016e+01  66.603621  71.049389  75.124564
0.0052 0.0057    1234.3280 4.067809e+01  66.449666  70.926299  74.932366
0.0053 0.0057    1229.3310 4.092822e+01  66.299773  70.805847  74.739435
0.0054 0.0057    1224.0110 4.117022e+01  66.154988  70.687502  74.550211
0.0055 0.0057    1218.3860 4.140395e+01  66.015156  70.572090  74.371836
0.0056 0.0057    1212.4750 4.163081e+01  65.880877  70.458347  74.189614
0.0057 0.0057    1206.2930 4.185023e+01  65.750542  70.346842  74.013571
0.0058 0.0057    1199.8570 4.206361e+01  65.625349  70.237856  73.845002
0.0059 0.0057    1193.1830 4.227033e+01  65.504687  70.131509  73.678665
0.0060 0.0057    1186.2850 4.247113e+01  65.388128  70.026989  73.518827
0.0061 0.0057    1179.1780 4.266486e+01  65.276350  69.925310  73.361591
0.0062 0.0057    1171.8740 4.285417e+01  65.168096  69.825503  73.207807
0.0063 0.0057    1164.3880 4.303641e+01  65.064638  69.727861  73.057099
0.0064 0.0057    1156.7300 4.321424e+01  64.964352  69.632420  72.910870
0.0065 0.0057    1148.9130 4.338792e+01  64.869013  69.540774  72.746364
0.0066 0.0057    1140.9490 4.355537e+01  64.775859  69.448624  72.629662
0.0067 0.0057    1132.8470 4.371895e+01  64.687071  69.360186  72.494906
0.0068 0.0057    1124.6180 4.387766e+01  64.601265  69.273949  72.362680
0.0069 0.0057    1116.2720 4.403164e+01  64.519604  69.189303  72.236604
0.0070 0.0057    1107.8170 4.418190e+01  64.441129  69.106342  72.110436
0.0071 0.0057    1099.2640 4.432879e+01  64.365655  69.026111  71.985699
0.0072 0.0057    1090.6190 4.447152e+01  64.293378  68.947249  71.871329
0.0073 0.0057    1081.8920 4.461215e+01  64.223491  68.871785  71.739698
0.0074 0.0057    1073.0900 4.474694e+01  64.157279  68.797255  71.627731
0.0075 0.0057    1064.2210 4.487681e+01  64.093920  68.724434  71.532948
0.0076 0.0057    1055.2910 4.500525e+01  64.033471  68.654233  71.426486
0.0077 0.0057    1046.3080 4.513079e+01  63.975527  68.585304  71.321648
0.0078 0.0057    1037.2780 4.525250e+01  63.920658  68.518611  71.225197
0.0079 0.0057    1028.2070 4.537188e+01  63.867755  68.453872  71.125235
0.0080 0.0057    1019.1010 4.548887e+01  63.816989  68.390635  71.031061
0.0081 0.0057    1009.9660 4.560211e+01  63.769482  68.329499  70.940301
0.0082 0.0057    1000.8070 4.571253e+01  63.724411  68.270177  70.853688
0.0083 0.0057       0.0000 4.582100e+01  63.681290  68.212092  70.761643
0.0084 0.0057       0.0000 4.592716e+01  63.639405  68.156707  70.682459
0.0085 0.0057       0.0000 4.603081e+01  63.602661  68.103814  70.599790
0.0086 0.0057       0.0000 4.613155e+01  63.564904  68.050583  70.520043
0.0087 0.0057       0.0000 4.623051e+01  63.530318  68.000018  70.443302
0.0088 0.0057       0.0000 4.632814e+01  63.495621  67.950348  70.367006
0.0089 0.0057       0.0000 4.642312e+01  63.464436  67.902691  70.294619
0.0090 0.0057       0.0000 4.651629e+01  63.435782  67.857376  70.223423
0.0091 0.0057       0.0000 4.660650e+01  63.408382  67.812985  70.155132
0.0092 0.0057       0.0000 4.669578e+01  63.382639  67.770414  70.087679
0.0093 0.0057       0.0000 4.678352e+01  63.358769  67.728843  70.025399
0.0094 0.0057       0.0000 4.686942e+01  63.336419  67.689387  69.962904
0.0095 0.0057       0.0000 4.695262e+01  63.316659  67.651187  69.903416
0.0096 0.0057       0.0000 4.703536e+01  63.297267  67.614568  69.845648
0.0097 0.0057       0.0000 4.711646e+01  63.280223  67.579464  69.791097
0.0098 0.0057       0.0000 4.719595e+01  63.264074  67.545866  69.733827
0.0099 0.0057       0.0000 4.727355e+01  63.249547  67.513144  69.680885
0.0100 0.0057       0.0000 4.735029e+01  63.236421  67.482050  69.631301
0.0000 0.0058     893.0395 5.439462e-06  51.335907  51.335329  54.551704
0.0001 0.0058     893.6327 1.363553e+00  79.329928  79.233472  88.974014
0.0002 0.0058     895.4063 2.779153e+00  79.305737  79.124433  88.710280
0.0003 0.0058     898.3428 4.221882e+00  79.243701  79.003976  88.469583
0.0004 0.0058     902.4135 5.674463e+00  79.141114  78.866921  88.207357
0.0005 0.0058     907.5785 7.127414e+00  79.000585  78.720382  87.944129
0.0006 0.0058     913.7881 8.561606e+00  78.831146  78.563365  87.673647
0.0007 0.0058     920.9827 9.975378e+00  78.630687  78.401340  87.397897
0.0008 0.0058     929.0944 1.135917e+01  78.403646  78.234076  87.111377
0.0009 0.0058     938.0480 1.270888e+01  78.152947  78.063597  86.824970
0.0010 0.0058     947.7617 1.401882e+01  77.884383  77.890904  86.535079
0.0011 0.0058     958.1487 1.528641e+01  77.595129  77.715031  86.231094
0.0012 0.0058     969.1182 1.650979e+01  77.297948  77.535971  85.939028
0.0013 0.0058     980.5768 1.768949e+01  76.986616  77.354924  85.634922
0.0014 0.0058     992.4298 1.882437e+01  76.666126  77.173756  85.334271
0.0015 0.0058    1004.5820 1.991424e+01  76.338447  76.991731  85.033489
0.0016 0.0058    1016.9400 2.096047e+01  76.005763  76.808671  84.726596
0.0017 0.0058    1029.4100 2.196458e+01  75.670793  76.623367  84.419423
0.0018 0.0058    1041.9040 2.292701e+01  75.332682  76.444391  84.113569
0.0019 0.0058    1054.3370 2.384998e+01  74.995251  76.260930  83.804476
0.0020 0.0058    1066.6270 2.473423e+01  74.658647  76.079171  83.502086
0.0021 0.0058    1078.6990 2.558098e+01  74.323685  75.897286  83.194341
0.0022 0.0058    1090.4830 2.639317e+01  73.990618  75.717676  82.890879
0.0023 0.0058    1101.9150 2.717138e+01  73.661669  75.537915  82.585115
0.0024 0.0058    1112.9370 2.791734e+01  73.336288  75.359077  82.276933
0.0025 0.0058    1123.4980 2.863371e+01  73.015027  75.181630  81.976881
0.0026 0.0058    1133.5530 2.931770e+01  72.699803  75.005232  81.685588
0.0027 0.0058    1143.0630 2.997562e+01  72.389864  74.830681  81.388584
0.0028 0.0058    1151.9980 3.060698e+01  72.084937  74.657632  81.093692
0.0029 0.0058    1160.3300 3.121179e+01  71.786907  74.486993  80.806027
0.0030 0.0058    1168.0400 3.179342e+01  71.495180  74.317155  80.518110
0.0031 0.0058    1175.1140 3.235241e+01  71.208867  74.149423  80.232092
0.0032 0.0058    1181.5400 3.288884e+01  70.929893  73.983413  79.954759
0.0033 0.0058    1187.3150 3.340409e+01  70.657076  73.819120  79.674948
0.0034 0.0058    1192.4370 3.390000e+01  70.391186  73.656474  79.401971
0.0035 0.0058    1196.9110 3.437717e+01  70.130984  73.496279  79.131749
0.0036 0.0058    1200.7420 3.483594e+01  69.877661  73.337840  78.866126
0.0037 0.0058    1203.9400 3.527893e+01  69.630349  73.182544  78.599825
0.0038 0.0058    1206.5170 3.570219e+01  69.393131  73.027937  78.346174
0.0039 0.0058    1208.4880 3.611150e+01  69.160108  72.875749  78.096184
0.0040 0.0058    1209.8690 3.650598e+01  68.933728  72.726156  77.848998
0.0041 0.0058    1210.6770 3.688646e+01  68.713695  72.578802  77.601750
0.0042 0.0058    1210.9320 3.725257e+01  68.500690  72.433504  77.363388
0.0043 0.0058    1210.6530 3.760729e+01  68.293473  72.290859  77.125615
0.0044 0.0058    1209.8610 3.794858e+01  68.092017  72.150429  76.896059
0.0045 0.0058    1208.5760 3.827794e+01  67.898544  72.011876  76.673132
0.0046 0.0058    1206.8200 3.859689e+01  67.709533  71.876085  76.444769
0.0047 0.0058    1204.6130 3.890430e+01  67.526509  71.742301  76.230417
0.0048 0.0058    1201.9760 3.920531e+01  67.345330  71.611079  76.010656
0.0049 0.0058    1198.9300 3.948879e+01  67.177920  71.482376  75.808500
0.0050 0.0058    1195.4950 3.976789e+01  67.011802  71.355047  75.603592
0.0051 0.0058    1191.6910 4.003674e+01  66.851921  71.230928  75.403129
0.0052 0.0058    1187.5370 4.029729e+01  66.697020  71.109230  75.209413
0.0053 0.0058    1183.0520 4.054920e+01  66.546595  70.989474  75.017314
0.0054 0.0058    1178.2540 4.079404e+01  66.401823  70.872110  74.833702
0.0055 0.0058    1173.1600 4.103055e+01  66.261460  70.756745  74.650439
0.0056 0.0058    1167.7870 4.126012e+01  66.126724  70.643093  74.469979
0.0057 0.0058    1162.1510 4.148240e+01  65.996304  70.532718  74.294643
0.0058 0.0058    1156.2670 4.169845e+01  65.869458  70.423977  74.123210
0.0059 0.0058    1150.1500 4.190786e+01  65.747856  70.317783  73.958015
0.0060 0.0058    1143.8150 4.211146e+01  65.630124  70.214391  73.796245
0.0061 0.0058    1137.2740 4.230844e+01  65.517020  70.112534  73.637163
0.0062 0.0058    1130.5410 4.249967e+01  65.407888  70.012933  73.483943
0.0063 0.0058    1123.6270 4.268573e+01  65.303098  69.915425  73.332235
0.0064 0.0058    1116.5450 4.286614e+01  65.201967  69.820263  73.185867
0.0065 0.0058    1109.3060 4.304259e+01  65.103925  69.727083  73.041882
0.0066 0.0058    1101.9200 4.321362e+01  65.010672  69.636597  72.897041
0.0067 0.0058    1094.3970 4.337991e+01  64.920178  69.548009  72.765184
0.0068 0.0058    1086.7470 4.354095e+01  64.834082  69.461420  72.632258
0.0069 0.0058    1078.9800 4.369856e+01  64.750296  69.376772  72.502552
0.0070 0.0058    1071.1040 4.385209e+01  64.669683  69.294282  72.376265
0.0071 0.0058    1063.1270 4.400148e+01  64.592808  69.213046  72.252024
0.0072 0.0058    1055.0590 4.414687e+01  64.519016  69.134126  72.132625
0.0073 0.0058    1046.9050 4.428975e+01  64.448508  69.058328  72.002459
0.0074 0.0058    1038.6750 4.442897e+01  64.380001  68.984326  71.885958
0.0075 0.0058    1030.3740 4.456320e+01  64.314673  68.911407  71.778194
0.0076 0.0058    1022.0090 4.469261e+01  64.252851  68.839583  71.683869
0.0077 0.0058    1013.5880 4.482128e+01  64.192981  68.769930  71.577917
0.0078 0.0058    1005.1160 4.494558e+01  64.136635  68.703406  71.478543
0.0079 0.0058     996.5998 4.506733e+01  64.082384  68.638218  71.378281
0.0080 0.0058     988.0440 4.518721e+01  64.030218  68.574490  71.281721
0.0081 0.0058     979.4547 4.530336e+01  63.980421  68.513120  71.191039
0.0082 0.0058       0.0000 4.541747e+01  63.932681  68.452884  71.099006
0.0083 0.0058       0.0000 4.552821e+01  63.887837  68.394765  71.014707
0.0084 0.0058       0.0000 4.563851e+01  63.844493  68.338011  70.923995
0.0085 0.0058       0.0000 4.574502e+01  63.805791  68.284720  70.844070
0.0086 0.0058       0.0000 4.584697e+01  63.767260  68.230259  70.760091
0.0087 0.0058       0.0000 4.594975e+01  63.729823  68.179148  70.680884
0.0088 0.0058       0.0000 4.604988e+01  63.694207  68.129004  70.603220
0.0089 0.0058       0.0000 4.614750e+01  63.661382  68.081038  70.526914
0.0090 0.0058       0.0000 4.624318e+01  63.630621  68.034122  70.455011
0.0091 0.0058       0.0000 4.633654e+01  63.601534  67.989005  70.388159
0.0092 0.0058       0.0000 4.642847e+01  63.574202  67.945575  70.320833
0.0093 0.0058       0.0000 4.651856e+01  63.548388  67.903721  70.249314
0.0094 0.0058       0.0000 4.660640e+01  63.524764  67.863121  70.188344
0.0095 0.0058       0.0000 4.669303e+01  63.502256  67.824011  70.124782
0.0096 0.0058       0.0000 4.677831e+01  63.481622  67.786648  70.063541
0.0097 0.0058       0.0000 4.686142e+01  63.462858  67.750254  70.009510
0.0098 0.0058       0.0000 4.694347e+01  63.445083  67.715871  69.952621
0.0099 0.0058       0.0000 4.702441e+01  63.428579  67.682389  69.896244
0.0100 0.0058       0.0000 4.710349e+01  63.413733  67.650401  69.844135
0.0000 0.0059     853.3496 1.502704e-06  51.264988  51.264544  54.451484
0.0001 0.0059     853.9127 1.343868e+00  79.376539  79.284884  89.023760
0.0002 0.0059     855.5966 2.739038e+00  79.352010  79.178264  88.770337
0.0003 0.0059     858.3849 4.159576e+00  79.290760  79.059889  88.528280
0.0004 0.0059     862.2509 5.590757e+00  79.190552  78.926907  88.277589
0.0005 0.0059     867.1577 7.019214e+00  79.054988  78.783585  88.022256
0.0006 0.0059     873.0587 8.434783e+00  78.887784  78.629297  87.753126
0.0007 0.0059     879.8987 9.826163e+00  78.691171  78.472585  87.483180
0.0008 0.0059     887.6145 1.119205e+01  78.470801  78.309005  87.211061
0.0009 0.0059     896.1358 1.252210e+01  78.226762  78.142135  86.930064
0.0010 0.0059     905.3864 1.381448e+01  77.964219  77.971314  86.632122
0.0011 0.0059     915.2851 1.506213e+01  77.683398  77.800415  86.354276
0.0012 0.0059     925.7472 1.626973e+01  77.391640  77.625669  86.068275
0.0013 0.0059     936.6853 1.743502e+01  77.087614  77.449776  85.765834
0.0014 0.0059     948.0104 1.855376e+01  76.775298  77.272164  85.473828
0.0015 0.0059     959.6334 1.963048e+01  76.455179  77.093504  85.177599
0.0016 0.0059     971.4658 2.066436e+01  76.130811  76.913332  84.879347
0.0017 0.0059     983.4208 2.165683e+01  75.802394  76.734437  84.579998
0.0018 0.0059     995.4142 2.260920e+01  75.471448  76.553103  84.279467
0.0019 0.0059    1007.3650 2.352155e+01  75.141574  76.377432  83.978772
0.0020 0.0059    1019.1970 2.439636e+01  74.812232  76.198119  83.680384
0.0021 0.0059    1030.8380 2.523564e+01  74.484434  76.019628  83.377484
0.0022 0.0059    1042.2210 2.603976e+01  74.158352  75.842368  83.078066
0.0023 0.0059    1053.2850 2.681105e+01  73.835075  75.665939  82.782417
0.0024 0.0059    1063.9740 2.755113e+01  73.515419  75.490563  82.484746
0.0025 0.0059    1074.2390 2.826116e+01  73.200597  75.315441  82.183873
0.0026 0.0059    1084.0370 2.894258e+01  72.890429  75.141937  81.894617
0.0027 0.0059    1093.3300 2.959590e+01  72.585555  74.970748  81.606144
0.0028 0.0059    1102.0870 3.022258e+01  72.285879  74.800498  81.316060
0.0029 0.0059    1110.2810 3.082533e+01  71.991953  74.631051  81.029899
0.0030 0.0059    1117.8930 3.140266e+01  71.704478  74.464424  80.747664
0.0031 0.0059    1124.9070 3.195947e+01  71.422428  74.298554  80.466805
0.0032 0.0059    1131.3130 3.249556e+01  71.144882  74.135022  80.189999
0.0033 0.0059    1137.1050 3.300887e+01  70.878056  73.972576  79.917125
0.0034 0.0059    1142.2800 3.350302e+01  70.614864  73.811560  79.647681
0.0035 0.0059    1146.8420 3.397938e+01  70.358052  73.653077  79.380119
0.0036 0.0059    1150.7950 3.443707e+01  70.108079  73.496819  79.117282
0.0037 0.0059    1154.1460 3.487883e+01  69.864420  73.342438  78.859347
0.0038 0.0059    1156.9080 3.530554e+01  69.625256  73.190849  78.600932
0.0039 0.0059    1159.0920 3.571329e+01  69.396506  73.040515  78.356619
0.0040 0.0059    1160.7130 3.610816e+01  69.172379  72.892384  78.111946
0.0041 0.0059    1161.7880 3.648952e+01  68.953846  72.746972  77.868863
0.0042 0.0059    1162.3330 3.685717e+01  68.741819  72.603345  77.629304
0.0043 0.0059    1162.3670 3.721272e+01  68.535876  72.461270  77.394418
0.0044 0.0059    1161.9090 3.755565e+01  68.335676  72.322622  77.163878
0.0045 0.0059    1160.9780 3.788706e+01  68.141829  72.185711  76.939822
0.0046 0.0059    1159.5940 3.820656e+01  67.954477  72.050931  76.720818
0.0047 0.0059    1157.7760 3.851621e+01  67.771772  71.918310  76.502526
0.0048 0.0059    1155.5450 3.881689e+01  67.594296  71.788294  76.288696
0.0049 0.0059    1152.9180 3.910495e+01  67.424127  71.659692  76.083030
0.0050 0.0059    1149.9170 3.938521e+01  67.258467  71.534416  75.881430
0.0051 0.0059    1146.5580 3.965713e+01  67.097367  71.411094  75.679012
0.0052 0.0059    1142.8620 3.991957e+01  66.942373  71.290438  75.483452
0.0053 0.0059    1138.8440 4.017445e+01  66.792319  71.170604  75.293001
0.0054 0.0059    1134.5230 4.042102e+01  66.646688  71.054243  75.108757
0.0055 0.0059    1129.9140 4.066048e+01  66.505891  70.939241  74.922792
0.0056 0.0059    1125.0350 4.089266e+01  66.370299  70.826795  74.746799
0.0057 0.0059    1119.8990 4.111803e+01  66.239024  70.716262  74.568202
0.0058 0.0059    1114.5230 4.133813e+01  66.110798  70.607839  74.390968
0.0059 0.0059    1108.9190 4.154860e+01  65.989246  70.502750  74.229507
0.0060 0.0059    1103.1010 4.175399e+01  65.870897  70.399554  74.068521
0.0061 0.0059    1097.0820 4.195367e+01  65.756850  70.298127  73.910382
0.0062 0.0059    1090.8750 4.214857e+01  65.646152  70.199145  73.753271
0.0063 0.0059    1084.4910 4.233716e+01  65.540053  70.101592  73.602946
0.0064 0.0059    1077.9410 4.252014e+01  65.438378  70.006093  73.455621
0.0065 0.0059    1071.2360 4.269911e+01  65.339132  69.913359  73.314887
0.0066 0.0059    1064.3850 4.287303e+01  65.243811  69.822552  73.172192
0.0067 0.0059    1057.4000 4.304254e+01  65.152660  69.734206  73.032184
0.0068 0.0059    1050.2880 4.320721e+01  65.064401  69.647838  72.898023
0.0069 0.0059    1043.0590 4.336751e+01  64.979855  69.562852  72.765904
0.0070 0.0059    1035.7210 4.352342e+01  64.898345  69.479756  72.639408
0.0071 0.0059    1028.2810 4.367537e+01  64.819554  69.398997  72.515670
0.0072 0.0059    1020.7490 4.382416e+01  64.743933  69.320056  72.393274
0.0073 0.0059    1013.1310 4.397023e+01  64.671129  69.243718  72.260107
0.0074 0.0059    1005.4340 4.411085e+01  64.602332  69.169140  72.147328
0.0075 0.0059     997.6646 4.424897e+01  64.535229  69.095999  72.032503
0.0076 0.0059     989.8295 4.438080e+01  64.472206  69.023788  71.940768
0.0077 0.0059     981.9349 4.451216e+01  64.410509  68.954712  71.834266
0.0078 0.0059     973.9866 4.464035e+01  64.351702  68.887196  71.729767
0.0079 0.0059     965.9903 4.476606e+01  64.295135  68.820781  71.624924
0.0080 0.0059     957.9514 4.488767e+01  64.241487  68.757210  71.530081
0.0081 0.0059       0.0000 4.500704e+01  64.190358  68.694689  71.433724
0.0082 0.0059       0.0000 4.512342e+01  64.141288  68.634684  71.341849
0.0083 0.0059       0.0000 4.523759e+01  64.094068  68.575694  71.254531
0.0084 0.0059       0.0000 4.534896e+01  64.049825  68.518696  71.168266
0.0085 0.0059       0.0000 4.545789e+01  64.010047  68.464607  71.081278
0.0086 0.0059       0.0000 4.556365e+01  63.969080  68.409791  70.997326
0.0087 0.0059       0.0000 4.566898e+01  63.930147  68.357668  70.918779
0.0088 0.0059       0.0000 4.577216e+01  63.892449  68.306455  70.841206
0.0089 0.0059       0.0000 4.587138e+01  63.858557  68.257413  70.762571
0.0090 0.0059       0.0000 4.597003e+01  63.826039  68.210090  70.683964
0.0091 0.0059       0.0000 4.606658e+01  63.794837  68.164473  70.615721
0.0092 0.0059       0.0000 4.616102e+01  63.766006  68.120088  70.545344
0.0093 0.0059       0.0000 4.625370e+01  63.738387  68.077921  70.478467
0.0094 0.0059       0.0000 4.634470e+01  63.712454  68.036330  70.410841
0.0095 0.0059       0.0000 4.643349e+01  63.688833  67.996358  70.348826
0.0096 0.0059       0.0000 4.652136e+01  63.666101  67.957936  70.284763
0.0097 0.0059       0.0000 4.660705e+01  63.645368  67.920952  70.226001
0.0098 0.0059       0.0000 4.669150e+01  63.626160  67.885174  70.170051
0.0099 0.0059       0.0000 4.677447e+01  63.608239  67.851080  70.114364
0.0100 0.0059       0.0000 4.685678e+01  63.591432  67.818313  70.055727
0.0000 0.0060     815.8461 0.000000e+00  51.200222  51.200045  54.356497
0.0001 0.0060     816.3810 1.324785e+00  79.423102  79.335078  89.068555
0.0002 0.0060     817.9808 2.699370e+00  79.398176  79.230537  88.822865
0.0003 0.0060     820.6302 4.098798e+00  79.337206  79.114972  88.583149
0.0004 0.0060     824.3044 5.508671e+00  79.239079  78.986312  88.340881
0.0005 0.0060     828.9689 6.915947e+00  79.107585  78.844704  88.092629
0.0006 0.0060     834.5806 8.310639e+00  78.944261  78.695936  87.834183
0.0007 0.0060     841.0878 9.683503e+00  78.753243  78.541817  87.572923
0.0008 0.0060     848.4317 1.102696e+01  78.536828  78.382678  87.302453
0.0009 0.0060     856.5467 1.233815e+01  78.299381  78.219042  87.026668
0.0010 0.0060     865.3617 1.361130e+01  78.042558  78.053754  86.746855
0.0011 0.0060     874.8008 1.484455e+01  77.770069  77.885456  86.465521
0.0012 0.0060     884.7847 1.603552e+01  77.484485  77.714922  86.181336
0.0013 0.0060     895.2316 1.718308e+01  77.188399  77.542415  85.894475
0.0014 0.0060     906.0580 1.828892e+01  76.882697  77.369166  85.612305
0.0015 0.0060     917.1802 1.935270e+01  76.570181  77.193625  85.319585
0.0016 0.0060     928.5149 2.037373e+01  76.252155  77.017647  85.023449
0.0017 0.0060     939.9804 2.135463e+01  75.931430  76.842843  84.731689
0.0018 0.0060     951.4970 2.229640e+01  75.608751  76.666395  84.440811
0.0019 0.0060     962.9884 2.319960e+01  75.284927  76.487897  84.143324
0.0020 0.0060     974.3817 2.406498e+01  74.962858  76.316108  83.849918
0.0021 0.0060     985.6086 2.489637e+01  74.642105  76.140586  83.561484
0.0022 0.0060     996.6052 2.569357e+01  74.322347  75.966397  83.263061
0.0023 0.0060    1007.3130 2.645795e+01  74.005120  75.792657  82.971360
0.0024 0.0060    1017.6790 2.719189e+01  73.691484  75.619866  82.678546
0.0025 0.0060    1027.6550 2.789697e+01  73.381509  75.447089  82.386715
0.0026 0.0060    1037.1990 2.857342e+01  73.076863  75.275540  82.096429
0.0027 0.0060    1046.2740 2.922123e+01  72.777901  75.108080  81.816426
0.0028 0.0060    1054.8500 2.984452e+01  72.483131  74.939840  81.528827
0.0029 0.0060    1062.9010 3.044288e+01  72.194083  74.774096  81.252984
0.0030 0.0060    1070.4060 3.101944e+01  71.910254  74.608929  80.967673
0.0031 0.0060    1077.3500 3.157255e+01  71.632521  74.445726  80.695220
0.0032 0.0060    1083.7220 3.210704e+01  71.358453  74.283556  80.420718
0.0033 0.0060    1089.5140 3.261912e+01  71.093239  74.122865  80.152438
0.0034 0.0060    1094.7240 3.311235e+01  70.835502  73.964417  79.883609
0.0035 0.0060    1099.3530 3.358671e+01  70.582348  73.808220  79.620381
0.0036 0.0060    1103.4050 3.404443e+01  70.334799  73.654329  79.365863
0.0037 0.0060    1106.8860 3.448497e+01  70.093518  73.501965  79.110342
0.0038 0.0060    1109.8050 3.491143e+01  69.858368  73.351132  78.852130
0.0039 0.0060    1112.1740 3.531800e+01  69.629485  73.203984  78.605714
0.0040 0.0060    1114.0060 3.571546e+01  69.407928  73.056845  78.367283
0.0041 0.0060    1115.3160 3.609773e+01  69.190493  72.912660  78.125756
0.0042 0.0060    1116.1190 3.646611e+01  68.980461  72.770865  77.888921
0.0043 0.0060    1116.4330 3.682273e+01  68.775266  72.630969  77.655991
0.0044 0.0060    1116.2740 3.716693e+01  68.576659  72.493151  77.429684
0.0045 0.0060    1115.6610 3.749958e+01  68.383718  72.357139  77.204913
0.0046 0.0060    1114.6130 3.782057e+01  68.196636  72.223770  76.986157
0.0047 0.0060    1113.1470 3.813194e+01  68.015033  72.092308  76.768325
0.0048 0.0060    1111.2820 3.843374e+01  67.838399  71.963515  76.556961
0.0049 0.0060    1109.0370 3.872581e+01  67.666898  71.835840  76.350551
0.0050 0.0060    1106.4300 3.900870e+01  67.501360  71.710958  76.146080
0.0051 0.0060    1103.4770 3.928114e+01  67.340747  71.588679  75.949762
0.0052 0.0060    1100.1970 3.954456e+01  67.186398  71.468824  75.754582
0.0053 0.0060    1096.6070 3.980272e+01  67.035437  71.350663  75.562559
0.0054 0.0060    1092.7220 4.005198e+01  66.889335  71.234690  75.377087
0.0055 0.0060    1088.5580 4.029390e+01  66.748322  71.120336  75.193709
0.0056 0.0060    1084.1310 4.052895e+01  66.610956  71.008733  75.014440
0.0057 0.0060    1079.4550 4.075548e+01  66.480368  70.898639  74.841021
0.0058 0.0060    1074.5450 4.097639e+01  66.352341  70.791214  74.669851
0.0059 0.0060    1069.4130 4.119118e+01  66.228822  70.685996  74.500292
0.0060 0.0060    1064.0720 4.139967e+01  66.109588  70.582671  74.335562
0.0061 0.0060    1058.5350 4.160214e+01  65.994646  70.482059  74.179814
0.0062 0.0060    1052.8130 4.179913e+01  65.883307  70.382781  74.021854
0.0063 0.0060    1046.9170 4.199064e+01  65.775940  70.286235  73.870749
0.0064 0.0060    1040.8590 4.217671e+01  65.672454  70.191527  73.720178
0.0065 0.0060    1034.6480 4.235846e+01  65.572505  70.098329  73.578144
0.0066 0.0060    1028.2940 4.253462e+01  65.476589  70.007769  73.440707
0.0067 0.0060    1021.8070 4.270625e+01  65.383661  69.918708  73.300277
0.0068 0.0060    1015.1940 4.287435e+01  65.294206  69.832319  73.161341
0.0069 0.0060    1008.4650 4.303741e+01  65.208380  69.747146  73.027880
0.0070 0.0060    1001.6270 4.319687e+01  65.124748  69.664882  72.898633
0.0071 0.0060     994.6882 4.335143e+01  65.045188  69.583417  72.774314
0.0072 0.0060     987.6558 4.350272e+01  64.968039  69.504041  72.650788
0.0073 0.0060     980.5368 4.365003e+01  64.893833  69.427408  72.530554
0.0074 0.0060     973.3378 4.379544e+01  64.822795  69.352920  72.402863
0.0075 0.0060     966.0652 4.393542e+01  64.755172  69.279181  72.287225
0.0076 0.0060     958.7252 4.407069e+01  64.689998  69.206849  72.191963
0.0077 0.0060     951.3235 4.420507e+01  64.626573  69.137145  72.084509
0.0078 0.0060     943.8660 4.433584e+01  64.566389  69.069005  71.980522
0.0079 0.0060     936.3578 4.446321e+01  64.508843  69.002608  71.879017
0.0080 0.0060     928.8042 4.458855e+01  64.453328  68.938424  71.777658
0.0081 0.0060       0.0000 4.471082e+01  64.400202  68.875713  71.680221
0.0082 0.0060       0.0000 4.482977e+01  64.349315  68.814713  71.586886
0.0083 0.0060       0.0000 4.494659e+01  64.300903  68.755641  71.494171
0.0084 0.0060       0.0000 4.506108e+01  64.254673  68.697763  71.406864
0.0085 0.0060       0.0000 4.517268e+01  64.213180  68.642901  71.316260
0.0086 0.0060       0.0000 4.528112e+01  64.170356  68.588223  71.237320
0.0087 0.0060       0.0000 4.538893e+01  64.128995  68.534537  71.147903
0.0088 0.0060       0.0000 4.549395e+01  64.090975  68.483423  71.072819
0.0089 0.0060       0.0000 4.559595e+01  64.055597  68.433815  70.997628
0.0090 0.0060       0.0000 4.569860e+01  64.019694  68.385591  70.915414
0.0091 0.0060       0.0000 4.579754e+01  63.987498  68.339197  70.843905
0.0092 0.0060       0.0000 4.589387e+01  63.957431  68.293970  70.772210
0.0093 0.0060       0.0000 4.598916e+01  63.927912  68.250621  70.704175
0.0094 0.0060       0.0000 4.608290e+01  63.900328  68.208598  70.636555
0.0095 0.0060       0.0000 4.617467e+01  63.874661  68.167622  70.569611
0.0096 0.0060       0.0000 4.626442e+01  63.851009  68.128226  70.508752
0.0097 0.0060       0.0000 4.635296e+01  63.827764  68.090618  70.443827
0.0098 0.0060       0.0000 4.644001e+01  63.807141  68.054128  70.385765
0.0099 0.0060       0.0000 4.652599e+01  63.787319  68.019211  70.327409
0.0100 0.0060       0.0000 4.660993e+01  63.769138  67.985382  70.271467
0.0000 0.0061     780.3840 2.559257e-07  51.142292  51.141693  54.267398
0.0001 0.0061     780.8925 1.305845e+00  79.468159  79.384615  89.114791
0.0002 0.0061     782.4134 2.660528e+00  79.443762  79.282624  88.869160
0.0003 0.0061     784.9325 4.039705e+00  79.383038  79.170485  88.639227
0.0004 0.0061     788.4267 5.428631e+00  79.287529  79.044462  88.404072
0.0005 0.0061     792.8638 6.815245e+00  79.155057  78.907264  88.147172
0.0006 0.0061     798.2037 8.189285e+00  78.999407  78.761621  87.909598
0.0007 0.0061     804.3983 9.544845e+00  78.812544  78.611382  87.642733
0.0008 0.0061     811.3925 1.086541e+01  78.602222  78.455616  87.384758
0.0009 0.0061     819.1253 1.215847e+01  78.371022  78.295229  87.122259
0.0010 0.0061     827.5301 1.341361e+01  78.120456  78.133553  86.851887
0.0011 0.0061     836.5360 1.462950e+01  77.854109  77.968974  86.576429
0.0012 0.0061     846.0688 1.580492e+01  77.575676  77.802436  86.296450
0.0013 0.0061     856.0517 1.693780e+01  77.286364  77.633359  86.015935
0.0014 0.0061     866.4065 1.802977e+01  76.988320  77.464103  85.733803
0.0015 0.0061     877.0544 1.907977e+01  76.681954  77.292638  85.452471
0.0016 0.0061     887.9170 2.008918e+01  76.372274  77.118934  85.166220
0.0017 0.0061     898.9173 2.105886e+01  76.058976  76.948202  84.880433
0.0018 0.0061     909.9799 2.198979e+01  75.743308  76.775697  84.593418
0.0019 0.0061     921.0327 2.288300e+01  75.426726  76.602638  84.305991
0.0020 0.0061     932.0064 2.374078e+01  75.112302  76.427853  84.015793
0.0021 0.0061     942.8359 2.456276e+01  74.796705  76.258977  83.729170
0.0022 0.0061     953.4604 2.535291e+01  74.482754  76.087296  83.440955
0.0023 0.0061     963.8239 2.611062e+01  74.171841  75.916112  83.155625
0.0024 0.0061     973.8751 2.683859e+01  73.863909  75.746769  82.867075
0.0025 0.0061     983.5679 2.753708e+01  73.560561  75.577738  82.582958
0.0026 0.0061     992.8616 2.820829e+01  73.261586  75.409362  82.300890
0.0027 0.0061    1001.7210 2.885357e+01  72.966642  75.243197  82.018846
0.0028 0.0061    1010.1140 2.947260e+01  72.676987  75.077386  81.737980
0.0029 0.0061    1018.0170 3.006800e+01  72.392216  74.913867  81.464122
0.0030 0.0061    1025.4090 3.064037e+01  72.112958  74.751511  81.187113
0.0031 0.0061    1032.2730 3.119243e+01  71.839042  74.589847  80.915423
0.0032 0.0061    1038.5990 3.172300e+01  71.567942  74.430616  80.642692
0.0033 0.0061    1044.3780 3.223579e+01  71.307303  74.272400  80.377716
0.0034 0.0061    1049.6070 3.272573e+01  71.052926  74.116509  80.120856
0.0035 0.0061    1054.2860 3.319957e+01  70.802823  73.961835  79.859871
0.0036 0.0061    1058.4160 3.365668e+01  70.558144  73.809650  79.601554
0.0037 0.0061    1062.0050 3.409719e+01  70.319675  73.659482  79.350202
0.0038 0.0061    1065.0580 3.452155e+01  70.086990  73.510865  79.103623
0.0039 0.0061    1067.5880 3.493318e+01  69.860195  73.363596  78.853340
0.0040 0.0061    1069.6040 3.532788e+01  69.639711  73.219515  78.616520
0.0041 0.0061    1071.1210 3.571065e+01  69.424735  73.077025  78.376710
0.0042 0.0061    1072.1540 3.608003e+01  69.215832  72.936522  78.143917
0.0043 0.0061    1072.7170 3.643687e+01  69.012281  72.798454  77.913762
0.0044 0.0061    1072.8270 3.678245e+01  68.814730  72.661475  77.688843
0.0045 0.0061    1072.5000 3.711624e+01  68.623108  72.526971  77.464700
0.0046 0.0061    1071.7550 3.743893e+01  68.436490  72.394861  77.248251
0.0047 0.0061    1070.6070 3.775169e+01  68.255276  72.264761  77.033474
0.0048 0.0061    1069.0750 3.805523e+01  68.079074  72.137245  76.816669
0.0049 0.0061    1067.1770 3.834806e+01  67.909153  72.010430  76.612587
0.0050 0.0061    1064.9270 3.863330e+01  67.743208  71.886464  76.412175
0.0051 0.0061    1062.3450 3.890912e+01  67.581802  71.764522  76.208989
0.0052 0.0061    1059.4460 3.917506e+01  67.426734  71.644860  76.015684
0.0053 0.0061    1056.2460 3.943413e+01  67.275989  71.528470  75.829794
0.0054 0.0061    1052.7600 3.968591e+01  67.130481  71.413045  75.641127
0.0055 0.0061    1049.0040 3.992953e+01  66.989082  71.299822  75.462145
0.0056 0.0061    1044.9930 4.016694e+01  66.850892  71.188929  75.279002
0.0057 0.0061    1040.7390 4.039749e+01  66.718146  71.079997  75.106738
0.0058 0.0061    1036.2560 4.062057e+01  66.589794  70.972450  74.934592
0.0059 0.0061    1031.5580 4.083667e+01  66.466653  70.867139  74.769586
0.0060 0.0061    1026.6570 4.104719e+01  66.347452  70.764485  74.604172
0.0061 0.0061    1021.5640 4.125275e+01  66.230886  70.663531  74.445221
0.0062 0.0061    1016.2900 4.145269e+01  66.118326  70.565185  74.287649
0.0063 0.0061    1010.8460 4.164716e+01  66.010352  70.468926  74.135535
0.0064 0.0061    1005.2430 4.183583e+01  65.906020  70.374485  73.985336
0.0065 0.0061     999.4895 4.201939e+01  65.805358  70.281958  73.839107
0.0066 0.0061     993.5955 4.219905e+01  65.706984  70.191133  73.697585
0.0067 0.0061     987.5696 4.237296e+01  65.613122  70.102108  73.561185
0.0068 0.0061     981.4202 4.254337e+01  65.522607  70.014971  73.426476
0.0069 0.0061     975.1554 4.270972e+01  65.435268  69.930138  73.289534
0.0070 0.0061     968.7828 4.287236e+01  65.350071  69.847511  73.155389
0.0071 0.0061     962.3096 4.302951e+01  65.269247  69.766273  73.029819
0.0072 0.0061     955.7430 4.318316e+01  65.190924  69.687385  72.905358
0.0073 0.0061     949.0894 4.333278e+01  65.115721  69.609938  72.786922
0.0074 0.0061     942.3553 4.348136e+01  65.043033  69.534599  72.651446
0.0075 0.0061     935.5467 4.362411e+01  64.973520  69.461580  72.540666
0.0076 0.0061     928.6695 4.376223e+01  64.906839  69.388938  72.442428
0.0077 0.0061     921.7293 4.389866e+01  64.842573  69.318705  72.333749
0.0078 0.0061     914.7314 4.403169e+01  64.780975  69.249957  72.228923
0.0079 0.0061     907.6809 4.416302e+01  64.720856  69.183388  72.124867
0.0080 0.0061       0.0000 4.429035e+01  64.664012  69.118544  72.023322
0.0081 0.0061       0.0000 4.441470e+01  64.609919  69.055400  71.926034
0.0082 0.0061       0.0000 4.453696e+01  64.557087  68.994236  71.828513
0.0083 0.0061       0.0000 4.465668e+01  64.506871  68.934007  71.733809
0.0084 0.0061       0.0000 4.477332e+01  64.460421  68.876386  71.642929
0.0085 0.0061       0.0000 4.488796e+01  64.414458  68.819887  71.555712
0.0086 0.0061       0.0000 4.500030e+01  64.370656  68.764638  71.464907
0.0087 0.0061       0.0000 4.511034e+01  64.329044  68.710134  71.390048
0.0088 0.0061       0.0000 4.521776e+01  64.288320  68.659187  71.303065
0.0089 0.0061       0.0000 4.532229e+01  64.251506  68.608329  71.225022
0.0090 0.0061       0.0000 4.542597e+01  64.214652  68.560139  71.146482
0.0091 0.0061       0.0000 4.552787e+01  64.180583  68.512805  71.072874
0.0092 0.0061       0.0000 4.562779e+01  64.148089  68.467270  70.998509
0.0093 0.0061       0.0000 4.572614e+01  64.117098  68.422954  70.926726
0.0094 0.0061       0.0000 4.582142e+01  64.088333  68.379774  70.860751
0.0095 0.0061       0.0000 4.591480e+01  64.061494  68.338162  70.791650
0.0096 0.0061       0.0000 4.600784e+01  64.035432  68.298012  70.727458
0.0097 0.0061       0.0000 4.609903e+01  64.010892  68.259614  70.662914
0.0098 0.0061       0.0000 4.618841e+01  63.988079  68.222518  70.601267
0.0099 0.0061       0.0000 4.627708e+01  63.967000  68.186444  70.539936
0.0100 0.0061       0.0000 4.636344e+01  63.946856  68.151795  70.482196
0.0000 0.0062     746.8298 3.514412e-07  51.090888  51.090395  54.184657
0.0001 0.0062     747.3135 1.287429e+00  79.513800  79.433716  89.157680
0.0002 0.0062     748.7603 2.622547e+00  79.489050  79.333517  88.917886
0.0003 0.0062     751.1570 3.981741e+00  79.428932  79.224568  88.693438
0.0004 0.0062     754.4821 5.349486e+00  79.335908  79.102348  88.466184
0.0005 0.0062     758.7056 6.719281e+00  79.207689  78.968168  88.218132
0.0006 0.0062     763.7900 8.070722e+00  79.055341  78.825866  87.978437
0.0007 0.0062     769.6904 9.403108e+00  78.872967  78.678288  87.729859
0.0008 0.0062     776.3556 1.071098e+01  78.667937  78.526828  87.466094
0.0009 0.0062     783.7284 1.198297e+01  78.441319  78.370449  87.211688
0.0010 0.0062     791.7466 1.322031e+01  78.196504  78.212468  86.949827
0.0011 0.0062     800.3439 1.442047e+01  77.937426  78.049975  86.679887
0.0012 0.0062     809.4507 1.557909e+01  77.666550  77.887823  86.410502
0.0013 0.0062     818.9950 1.669843e+01  77.383392  77.722257  86.130817
0.0014 0.0062     828.9033 1.777624e+01  77.091711  77.557421  85.858350
0.0015 0.0062     839.1016 1.881265e+01  76.793058  77.388747  85.578443
0.0016 0.0062     849.5161 1.981064e+01  76.490027  77.220326  85.303163
0.0017 0.0062     860.0739 2.076917e+01  76.183282  77.051628  85.022474
0.0018 0.0062     870.7040 2.168906e+01  75.874849  76.882938  84.740582
0.0019 0.0062     881.3378 2.257308e+01  75.565299  76.713183  84.459903
0.0020 0.0062     891.9098 2.342292e+01  75.255121  76.540104  84.175364
0.0021 0.0062     902.3579 2.423622e+01  74.946830  76.375777  83.894609
0.0022 0.0062     912.6240 2.501830e+01  74.640605  76.207012  83.611492
0.0023 0.0062     922.6545 2.576970e+01  74.335129  76.037968  83.329175
0.0024 0.0062     932.4002 2.649113e+01  74.033586  75.871259  83.050997
0.0025 0.0062     941.8166 2.718445e+01  73.735697  75.704979  82.771687
0.0026 0.0062     950.8642 2.785062e+01  73.442438  75.540472  82.495732
0.0027 0.0062     959.5082 2.849236e+01  73.151236  75.375991  82.215013
0.0028 0.0062     967.7188 2.910638e+01  72.866758  75.213361  81.942109
0.0029 0.0062     975.4708 2.969912e+01  72.586836  75.051432  81.669473
0.0030 0.0062     982.7437 3.026893e+01  72.311134  74.891509  81.398206
0.0031 0.0062     989.5211 3.081698e+01  72.042197  74.733395  81.133578
0.0032 0.0062     995.7910 3.134555e+01  71.778107  74.575401  80.867787
0.0033 0.0062    1001.5450 3.185554e+01  71.518050  74.419913  80.605195
0.0034 0.0062    1006.7790 3.234527e+01  71.266879  74.265250  80.346121
0.0035 0.0062    1011.4910 3.281772e+01  71.019747  74.114155  80.094178
0.0036 0.0062    1015.6840 3.327420e+01  70.778576  73.962988  79.836151
0.0037 0.0062    1019.3600 3.371432e+01  70.542202  73.814638  79.585843
0.0038 0.0062    1022.5280 3.413910e+01  70.312031  73.667822  79.341511
0.0039 0.0062    1025.1950 3.454919e+01  70.087558  73.522931  79.098276
0.0040 0.0062    1027.3730 3.494592e+01  69.868831  73.379221  78.859251
0.0041 0.0062    1029.0730 3.532822e+01  69.655475  73.239259  78.623310
0.0042 0.0062    1030.3090 3.569855e+01  69.447889  73.100215  78.392657
0.0043 0.0062    1031.0940 3.605663e+01  69.245573  72.963054  78.164257
0.0044 0.0062    1031.4450 3.640288e+01  69.049412  72.828398  77.939717
0.0045 0.0062    1031.3760 3.673804e+01  68.858874  72.695429  77.719815
0.0046 0.0062    1030.9040 3.706215e+01  68.673278  72.563313  77.502092
0.0047 0.0062    1030.0450 3.737608e+01  68.492649  72.434886  77.290406
0.0048 0.0062    1028.8150 3.768085e+01  68.316524  72.308386  77.077445
0.0049 0.0062    1027.2310 3.797483e+01  68.147689  72.183218  76.873752
0.0050 0.0062    1025.3090 3.826104e+01  67.982227  72.059670  76.670562
0.0051 0.0062    1023.0640 3.853882e+01  67.821416  71.938911  76.473491
0.0052 0.0062    1020.5120 3.880859e+01  67.665181  71.820756  76.280638
0.0053 0.0062    1017.6690 3.906965e+01  67.515062  71.703955  76.092386
0.0054 0.0062    1014.5500 3.932213e+01  67.368879  71.589895  75.907877
0.0055 0.0062    1011.1680 3.956856e+01  67.227126  71.477210  75.723019
0.0056 0.0062    1007.5370 3.980763e+01  67.089812  71.366377  75.542695
0.0057 0.0062    1003.6710 4.004035e+01  66.955588  71.258676  75.368126
0.0058 0.0062     999.5832 4.026564e+01  66.827666  71.151076  75.196794
0.0059 0.0062     995.2849 4.048593e+01  66.701576  71.047145  75.028241
0.0060 0.0062     990.7882 4.069907e+01  66.580989  70.944503  74.865539
0.0061 0.0062     986.1045 4.090622e+01  66.465131  70.844356  74.706385
0.0062 0.0062     981.2443 4.110825e+01  66.352169  70.746173  74.548982
0.0063 0.0062     976.2181 4.130528e+01  66.243048  70.649724  74.396242
0.0064 0.0062     971.0354 4.149609e+01  66.137498  70.555664  74.247844
0.0065 0.0062     965.7057 4.168283e+01  66.035731  70.463530  74.098754
0.0066 0.0062     960.2379 4.186529e+01  65.936456  70.372824  73.955091
0.0067 0.0062     954.6402 4.204174e+01  65.841930  70.283874  73.818810
0.0068 0.0062     948.9209 4.221488e+01  65.749402  70.196163  73.681317
0.0069 0.0062     943.0875 4.238334e+01  65.660790  70.111431  73.550138
0.0070 0.0062     937.1474 4.254836e+01  65.575056  70.028644  73.413123
0.0071 0.0062     931.1076 4.270863e+01  65.492064  69.947768  73.285181
0.0072 0.0062     924.9747 4.286458e+01  65.412872  69.868423  73.160473
0.0073 0.0062     918.7550 4.301751e+01  65.336062  69.790599  73.037096
0.0074 0.0062     912.4547 4.316860e+01  65.262078  69.715600  72.902997
0.0075 0.0062     906.0795 4.331450e+01  65.190957  69.641804  72.787926
0.0076 0.0062     899.6350 4.345515e+01  65.122686  69.568936  72.687649
0.0077 0.0062     893.1264 4.359417e+01  65.056579  69.498316  72.578715
0.0078 0.0062     886.5590 4.373028e+01  64.993418  69.429676  72.471916
0.0079 0.0062       0.0000 4.386299e+01  64.932998  69.362782  72.368915
0.0080 0.0062       0.0000 4.399321e+01  64.874372  69.297484  72.267588
0.0081 0.0062       0.0000 4.412050e+01  64.818341  69.233774  72.168190
0.0082 0.0062       0.0000 4.424551e+01  64.763858  69.172028  72.069364
0.0083 0.0062       0.0000 4.436732e+01  64.712272  69.111658  71.974266
0.0084 0.0062       0.0000 4.448692e+01  64.663253  69.052804  71.882003
0.0085 0.0062       0.0000 4.460406e+01  64.616396  68.996505  71.791260
0.0086 0.0062       0.0000 4.471840e+01  64.571576  68.940794  71.700144
0.0087 0.0062       0.0000 4.483203e+01  64.526480  68.886030  71.610266
0.0088 0.0062       0.0000 4.494146e+01  64.485266  68.833460  71.528589
0.0089 0.0062       0.0000 4.504894e+01  64.446960  68.782175  71.447688
0.0090 0.0062       0.0000 4.515652e+01  64.408080  68.732762  71.370854
0.0091 0.0062       0.0000 4.525894e+01  64.373357  68.685436  71.299641
0.0092 0.0062       0.0000 4.536165e+01  64.339023  68.638990  71.222722
0.0093 0.0062       0.0000 4.546246e+01  64.306385  68.593950  71.147615
0.0094 0.0062       0.0000 4.556051e+01  64.275674  68.550152  71.078971
0.0095 0.0062       0.0000 4.565700e+01  64.246807  68.507947  71.010472
0.0096 0.0062       0.0000 4.575280e+01  64.218996  68.467035  70.942636
0.0097 0.0062       0.0000 4.584655e+01  64.192797  68.427529  70.876849
0.0098 0.0062       0.0000 4.593779e+01  64.169121  68.389668  70.813139
0.0099 0.0062       0.0000 4.602878e+01  64.145676  68.353017  70.751714
0.0100 0.0062       0.0000 4.611769e+01  64.124321  68.317521  70.693731
0.0000 0.0063     715.0603 3.527572e-07  51.046248  51.045698  54.108123
0.0001 0.0063     715.5207 1.269519e+00  79.557780  79.482474  89.192933
0.0002 0.0063     716.8979 2.585702e+00  79.533128  79.384167  88.961418
0.0003 0.0063     719.1795 3.924454e+00  79.473646  79.277091  88.743215
0.0004 0.0063     722.3455 5.273148e+00  79.383078  79.158104  88.517847
0.0005 0.0063     726.3681 6.620213e+00  79.259931  79.027135  88.284920
0.0006 0.0063     731.2120 7.954144e+00  79.108885  78.888513  88.047245
0.0007 0.0063     736.8355 9.267621e+00  78.931778  78.745464  87.810554
0.0008 0.0063     743.1907 1.055526e+01  78.730978  78.596671  87.554070
0.0009 0.0063     750.2241 1.181161e+01  78.510606  78.444110  87.296604
0.0010 0.0063     757.8776 1.303206e+01  78.271616  78.289431  87.039155
0.0011 0.0063     766.0890 1.421585e+01  78.019295  78.130423  86.774065
0.0012 0.0063     774.7931 1.535913e+01  77.753827  77.972055  86.513845
0.0013 0.0063     783.9224 1.646279e+01  77.477686  77.809777  86.250628
0.0014 0.0063     793.4078 1.752762e+01  77.193424  77.648263  85.975200
0.0015 0.0063     803.1796 1.855240e+01  76.900776  77.483836  85.706075
0.0016 0.0063     813.1683 1.953729e+01  76.605274  77.317992  85.432590
0.0017 0.0063     823.3050 2.048456e+01  76.305149  77.153172  85.159779
0.0018 0.0063     833.5227 2.139401e+01  76.003738  76.987415  84.883527
0.0019 0.0063     843.7563 2.226769e+01  75.701069  76.821166  84.609742
0.0020 0.0063     853.9435 2.310870e+01  75.398009  76.654827  84.331797
0.0021 0.0063     864.0253 2.391539e+01  75.094597  76.489244  84.055562
0.0022 0.0063     873.9463 2.469052e+01  74.793545  76.323751  83.780015
0.0023 0.0063     883.6550 2.543481e+01  74.495173  76.158086  83.503359
0.0024 0.0063     893.1041 2.615033e+01  74.199716  75.993856  83.229554
0.0025 0.0063     902.2508 2.683813e+01  73.906741  75.830786  82.954750
0.0026 0.0063     911.0568 2.749951e+01  73.618976  75.668504  82.680545
0.0027 0.0063     919.4882 2.813493e+01  73.334356  75.507242  82.410570
0.0028 0.0063     927.5158 2.874699e+01  73.053638  75.347147  82.140827
0.0029 0.0063     935.1148 2.933554e+01  72.778168  75.187753  81.868807
0.0030 0.0063     942.2645 2.990175e+01  72.507958  75.030127  81.607428
0.0031 0.0063     948.9485 3.044835e+01  72.242353  74.874199  81.343816
0.0032 0.0063     955.1545 3.097375e+01  71.981459  74.718672  81.080606
0.0033 0.0063     960.8735 3.148137e+01  71.726884  74.565612  80.822975
0.0034 0.0063     966.1003 3.197056e+01  71.477350  74.412827  80.567425
0.0035 0.0063     970.8327 3.244221e+01  71.232780  74.263220  80.314793
0.0036 0.0063     975.0713 3.289743e+01  70.994399  74.114368  80.067265
0.0037 0.0063     978.8194 3.333674e+01  70.761427  73.968308  79.821134
0.0038 0.0063     982.0826 3.376111e+01  70.533367  73.823320  79.574030
0.0039 0.0063     984.8685 3.417117e+01  70.310832  73.680287  79.335556
0.0040 0.0063     987.1866 3.456767e+01  70.094290  73.538995  79.096897
0.0041 0.0063     989.0476 3.495360e+01  69.881127  73.398656  78.858201
0.0042 0.0063     990.4638 3.532153e+01  69.677013  73.261827  78.635504
0.0043 0.0063     991.4481 3.568049e+01  69.476531  73.125591  78.410315
0.0044 0.0063     992.0147 3.602735e+01  69.281565  72.992364  78.188250
0.0045 0.0063     992.1780 3.636318e+01  69.091670  72.861643  77.970468
0.0046 0.0063     991.9530 3.668958e+01  68.906308  72.730803  77.752885
0.0047 0.0063     991.3551 3.700446e+01  68.727298  72.602886  77.541942
0.0048 0.0063     990.3995 3.731065e+01  68.551867  72.477344  77.334610
0.0049 0.0063     989.1017 3.760678e+01  68.383076  72.353017  77.128197
0.0050 0.0063     987.4769 3.789434e+01  68.217565  72.231423  76.928370
0.0051 0.0063     985.5404 3.817277e+01  68.057883  72.111282  76.730299
0.0052 0.0063     983.3069 3.844457e+01  67.901752  71.993952  76.539801
0.0053 0.0063     980.7909 3.870753e+01  67.751073  71.878268  76.350216
0.0054 0.0063     978.0066 3.896310e+01  67.604336  71.764577  76.163330
0.0055 0.0063     974.9676 3.921010e+01  67.463096  71.652445  75.980355
0.0056 0.0063     971.6873 3.945137e+01  67.325886  71.543300  75.801984
0.0057 0.0063     968.1782 3.968662e+01  67.191563  71.434528  75.625308
0.0058 0.0063     964.4528 3.991534e+01  67.061115  71.328982  75.455511
0.0059 0.0063     960.5228 4.013619e+01  66.936666  71.224538  75.288211
0.0060 0.0063     956.3995 4.035099e+01  66.815603  71.121414  75.118412
0.0061 0.0063     952.0937 4.056175e+01  66.697707  71.022927  74.965312
0.0062 0.0063     947.6157 4.076720e+01  66.583313  70.924583  74.802245
0.0063 0.0063     942.9753 4.096604e+01  66.473749  70.828931  74.651743
0.0064 0.0063     938.1820 4.115970e+01  66.367350  70.735266  74.504417
0.0065 0.0063     933.2445 4.134886e+01  66.264233  70.643029  74.355805
0.0066 0.0063     928.1716 4.153353e+01  66.164491  70.551755  74.211071
0.0067 0.0063     922.9711 4.171300e+01  66.068335  70.463538  74.069468
0.0068 0.0063     917.6510 4.188854e+01  65.974851  70.376581  73.931368
0.0069 0.0063     912.2185 4.205917e+01  65.885054  70.291561  73.802675
0.0070 0.0063     906.6806 4.222636e+01  65.797997  70.208150  73.671004
0.0071 0.0063     901.0440 4.238948e+01  65.714205  70.127316  73.537930
0.0072 0.0063     895.3151 4.254845e+01  65.633314  70.047921  73.413520
0.0073 0.0063     889.4999 4.270394e+01  65.554964  69.969775  73.286183
0.0074 0.0063     883.6043 4.285744e+01  65.479534  69.894964  73.151843
0.0075 0.0063     877.6337 4.300629e+01  65.406958  69.820888  73.034300
0.0076 0.0063     871.5935 4.315002e+01  65.337465  69.747960  72.928035
0.0077 0.0063     865.4887 4.329060e+01  65.270437  69.676970  72.822746
0.0078 0.0063       0.0000 4.343006e+01  65.205033  69.607873  72.712838
0.0079 0.0063       0.0000 4.356536e+01  65.142835  69.541026  72.607971
0.0080 0.0063       0.0000 4.369761e+01  65.083269  69.474826  72.506712
0.0081 0.0063       0.0000 4.382780e+01  65.024936  69.410992  72.405585
0.0082 0.0063       0.0000 4.395511e+01  64.969673  69.348678  72.307545
0.0083 0.0063       0.0000 4.407917e+01  64.916946  69.287777  72.210490
0.0084 0.0063       0.0000 4.420137e+01  64.866857  69.229443  72.114039
0.0085 0.0063       0.0000 4.432047e+01  64.818233  69.171453  72.026858
0.0086 0.0063       0.0000 4.443814e+01  64.771190  69.115890  71.935441
0.0087 0.0063       0.0000 4.455377e+01  64.725166  69.059994  71.847024
0.0088 0.0063       0.0000 4.466629e+01  64.682329  69.006970  71.763240
0.0089 0.0063       0.0000 4.477650e+01  64.641412  68.955441  71.679209
0.0090 0.0063       0.0000 4.488517e+01  64.602340  68.905600  71.602221
0.0091 0.0063       0.0000 4.499226e+01  64.564341  68.856692  71.521888
0.0092 0.0063       0.0000 4.509606e+01  64.529192  68.809634  71.442468
0.0093 0.0063       0.0000 4.519877e+01  64.495339  68.764205  71.373839
0.0094 0.0063       0.0000 4.529974e+01  64.462776  68.719556  71.298613
0.0095 0.0063       0.0000 4.539865e+01  64.432428  68.676640  71.228531
0.0096 0.0063       0.0000 4.549683e+01  64.402955  68.635137  71.158150
0.0097 0.0063       0.0000 4.559317e+01  64.375112  68.594598  71.090783
0.0098 0.0063       0.0000 4.568724e+01  64.349228  68.556063  71.026099
0.0099 0.0063       0.0000 4.578045e+01  64.324578  68.518746  70.961847
0.0100 0.0063       0.0000 4.587240e+01  64.301365  68.482571  70.902278
0.0000 0.0064     684.9615 0.000000e+00  51.008245  51.007764  54.037497
0.0001 0.0064     685.4000 1.251936e+00  79.602165  79.529400  89.230766
0.0002 0.0064     686.7117 2.549483e+00  79.576524  79.433136  89.001249
0.0003 0.0064     688.8851 3.869423e+00  79.518164  79.327633  88.783630
0.0004 0.0064     691.9014 5.198741e+00  79.428917  79.212262  88.567451
0.0005 0.0064     695.7346 6.525412e+00  79.309111  79.085039  88.343123
0.0006 0.0064     700.3521 7.840588e+00  79.161454  78.949529  88.109061
0.0007 0.0064     705.7146 9.135254e+00  78.989022  78.810087  87.875618
0.0008 0.0064     711.7774 1.040499e+01  78.793460  78.664640  87.629098
0.0009 0.0064     718.4906 1.164499e+01  78.577478  78.515945  87.375918
0.0010 0.0064     725.7996 1.284672e+01  78.344627  78.364306  87.123149
0.0011 0.0064     733.6463 1.401470e+01  78.098736  78.209558  86.871179
0.0012 0.0064     741.9695 1.514318e+01  77.839654  78.053726  86.615925
0.0013 0.0064     750.7058 1.623263e+01  77.569867  77.896199  86.353263
0.0014 0.0064     759.7902 1.728308e+01  77.292943  77.736931  86.094444
0.0015 0.0064     769.1571 1.829560e+01  77.006912  77.576598  85.827675
0.0016 0.0064     778.7409 1.926926e+01  76.717366  77.414827  85.558209
0.0017 0.0064     788.4767 2.020569e+01  76.424843  77.252089  85.290333
0.0018 0.0064     798.3009 2.110521e+01  76.129598  77.090215  85.021551
0.0019 0.0064     808.1519 2.196916e+01  75.833863  76.927444  84.753611
0.0020 0.0064     817.9706 2.280096e+01  75.536315  76.764374  84.480644
0.0021 0.0064     827.7006 2.360043e+01  75.239863  76.600546  84.213165
0.0022 0.0064     837.2890 2.436783e+01  74.944807  76.438476  83.940012
0.0023 0.0064     846.6867 2.510528e+01  74.651925  76.276368  83.668020
0.0024 0.0064     855.8481 2.581485e+01  74.362193  76.114394  83.398918
0.0025 0.0064     864.7319 2.649705e+01  74.075504  75.953970  83.132065
0.0026 0.0064     873.3011 2.715303e+01  73.792824  75.794996  82.862749
0.0027 0.0064     881.5227 2.778489e+01  73.512571  75.636395  82.596788
0.0028 0.0064     889.3680 2.839212e+01  73.237997  75.478103  82.330644
0.0029 0.0064     896.8125 2.897850e+01  72.966007  75.321818  82.064578
0.0030 0.0064     903.8359 2.954177e+01  72.699685  75.166511  81.807630
0.0031 0.0064     910.4215 3.008468e+01  72.438872  75.012349  81.548858
0.0032 0.0064     916.5565 3.060803e+01  72.182204  74.860109  81.294428
0.0033 0.0064     922.2317 3.111383e+01  71.930596  74.708697  81.036818
0.0034 0.0064     927.4410 3.160165e+01  71.683931  74.558254  80.783518
0.0035 0.0064     932.1815 3.207232e+01  71.442629  74.410416  80.533588
0.0036 0.0064     936.4531 3.252606e+01  71.207045  74.263732  80.287842
0.0037 0.0064     940.2579 3.296449e+01  70.976610  74.119303  80.045048
0.0038 0.0064     943.6006 3.338890e+01  70.751708  73.975801  79.802392
0.0039 0.0064     946.4878 3.379863e+01  70.531277  73.834840  79.566242
0.0040 0.0064     948.9277 3.419470e+01  70.316569  73.695382  79.330263
0.0041 0.0064     950.9302 3.457852e+01  70.106263  73.557873  79.098387
0.0042 0.0064     952.5062 3.494925e+01  69.901892  73.420880  78.864654
0.0043 0.0064     953.6678 3.530868e+01  69.703309  73.287293  78.650053
0.0044 0.0064     954.4279 3.565558e+01  69.509762  73.155757  78.431079
0.0045 0.0064     954.8002 3.599369e+01  69.320883  73.024656  78.212090
0.0046 0.0064     954.7984 3.631996e+01  69.137620  72.896277  77.997437
0.0047 0.0064     954.4371 3.663681e+01  68.957817  72.769288  77.787007
0.0048 0.0064     953.7306 3.694386e+01  68.783701  72.644294  77.580372
0.0049 0.0064     952.6936 3.724208e+01  68.615578  72.521264  77.377858
0.0050 0.0064     951.3404 3.753094e+01  68.450754  72.400616  77.180104
0.0051 0.0064     949.6856 3.781139e+01  68.290823  72.281714  76.982088
0.0052 0.0064     947.7430 3.808454e+01  68.135088  72.164705  76.787769
0.0053 0.0064     945.5267 3.834890e+01  67.984869  72.050079  76.604611
0.0054 0.0064     943.0501 3.860625e+01  67.838260  71.937043  76.415697
0.0055 0.0064     940.3262 3.885721e+01  67.695551  71.825763  76.233446
0.0056 0.0064     937.3678 3.909955e+01  67.558079  71.717044  76.057790
0.0057 0.0064     934.1871 3.933643e+01  67.424201  71.609370  75.878287
0.0058 0.0064     930.7959 3.956668e+01  67.294096  71.503614  75.708451
0.0059 0.0064     927.2055 3.979080e+01  67.167865  71.400211  75.541682
0.0060 0.0064     923.4267 4.000871e+01  67.046304  71.297945  75.377038
0.0061 0.0064     919.4699 4.021973e+01  66.928289  71.198613  75.212349
0.0062 0.0064     915.3450 4.042744e+01  66.813711  71.101678  75.059736
0.0063 0.0064     911.0615 4.062919e+01  66.702404  71.006370  74.903332
0.0064 0.0064     906.6285 4.082644e+01  66.594850  70.912826  74.752644
0.0065 0.0064     902.0544 4.101688e+01  66.491403  70.820123  74.607036
0.0066 0.0064     897.3475 4.120374e+01  66.390397  70.729706  74.461688
0.0067 0.0064     892.5156 4.138579e+01  66.292928  70.641253  74.321132
0.0068 0.0064     887.5661 4.156338e+01  66.199015  70.554208  74.184072
0.0069 0.0064     882.5061 4.173802e+01  66.107447  70.469498  74.043458
0.0070 0.0064     877.3422 4.190707e+01  66.019555  70.386950  73.911941
0.0071 0.0064     872.0809 4.207237e+01  65.934613  70.305436  73.786612
0.0072 0.0064     866.7282 4.223360e+01  65.852480  70.225459  73.660444
0.0073 0.0064     861.2901 4.239193e+01  65.772642  70.147865  73.535950
0.0074 0.0064     855.7719 4.254844e+01  65.695802  70.072286  73.394846
0.0075 0.0064     850.1791 4.269904e+01  65.622285  69.997794  73.277919
0.0076 0.0064     844.5166 4.284469e+01  65.551163  69.924693  73.176761
0.0077 0.0064       0.0000 4.298986e+01  65.482533  69.854095  73.056600
0.0078 0.0064       0.0000 4.313019e+01  65.416470  69.784134  72.953884
0.0079 0.0064       0.0000 4.326825e+01  65.352519  69.717190  72.847312
0.0080 0.0064       0.0000 4.340404e+01  65.290489  69.650905  72.741907
0.0081 0.0064       0.0000 4.353637e+01  65.231504  69.586603  72.640116
0.0082 0.0064       0.0000 4.366573e+01  65.174683  69.523816  72.542904
0.0083 0.0064       0.0000 4.379275e+01  65.119991  69.462742  72.444606
0.0084 0.0064       0.0000 4.391720e+01  65.068791  69.403439  72.345856
0.0085 0.0064       0.0000 4.403909e+01  65.018469  69.345397  72.256158
0.0086 0.0064       0.0000 4.415884e+01  64.970176  69.288965  72.165416
0.0087 0.0064       0.0000 4.427715e+01  64.922933  69.233077  72.079849
0.0088 0.0064       0.0000 4.439235e+01  64.878107  69.179950  71.989082
0.0089 0.0064       0.0000 4.450563e+01  64.834948  69.127631  71.901442
0.0090 0.0064       0.0000 4.461603e+01  64.794772  69.076466  71.824288
0.0091 0.0064       0.0000 4.472489e+01  64.756002  69.026931  71.745090
0.0092 0.0064       0.0000 4.483227e+01  64.718381  68.979526  71.666071
0.0093 0.0064       0.0000 4.493707e+01  64.683023  68.933567  71.585198
0.0094 0.0064       0.0000 4.504001e+01  64.649258  68.888516  71.510242
0.0095 0.0064       0.0000 4.514251e+01  64.616446  68.844626  71.440836
0.0096 0.0064       0.0000 4.524225e+01  64.586331  68.802471  71.374537
0.0097 0.0064       0.0000 4.534095e+01  64.557112  68.761451  71.305610
0.0098 0.0064       0.0000 4.543733e+01  64.529600  68.721906  71.238131
0.0099 0.0064       0.0000 4.553279e+01  64.503632  68.683752  71.173898
0.0100 0.0064       0.0000 4.562595e+01  64.479172  68.646709  71.112986
0.0000 0.0065     656.4281 0.000000e+00  50.977398  50.976856  53.973689
0.0001 0.0065     656.8459 1.234586e+00  79.643964  79.574344  89.263710
0.0002 0.0065     658.0958 2.513887e+00  79.618704  79.481762  89.040941
0.0003 0.0065     660.1672 3.820564e+00  79.558485  79.379016  88.820976
0.0004 0.0065     663.0425 5.125383e+00  79.474129  79.264659  88.614268
0.0005 0.0065     666.6973 6.433379e+00  79.357554  79.140904  88.398012
0.0006 0.0065     671.1012 7.729435e+00  79.212725  79.009694  88.169167
0.0007 0.0065     676.2176 9.006080e+00  79.044517  78.873013  87.939198
0.0008 0.0065     682.0045 1.025745e+01  78.854991  78.730943  87.702736
0.0009 0.0065     688.4152 1.147846e+01  78.645048  78.586332  87.454683
0.0010 0.0065     695.3987 1.266728e+01  78.416378  78.437649  87.211605
0.0011 0.0065     702.9004 1.381823e+01  78.176509  78.286089  86.961587
0.0012 0.0065     710.8629 1.493092e+01  77.923745  78.134493  86.713413
0.0013 0.0065     719.2267 1.600763e+01  77.660044  77.979269  86.452139
0.0014 0.0065     727.9306 1.704433e+01  77.388618  77.824677  86.196923
0.0015 0.0065     736.9128 1.804601e+01  77.109599  77.668303  85.937749
0.0016 0.0065     746.1114 1.900598e+01  76.828332  77.508241  85.681038
0.0017 0.0065     755.4652 1.993276e+01  76.540680  77.349615  85.417447
0.0018 0.0065     764.9139 2.082153e+01  76.253147  77.190268  85.158019
0.0019 0.0065     774.3990 2.167627e+01  75.963332  77.031157  84.888775
0.0020 0.0065     783.8644 2.249932e+01  75.670985  76.871434  84.624190
0.0021 0.0065     793.2565 2.329078e+01  75.381286  76.710720  84.362433
0.0022 0.0065     802.5246 2.405108e+01  75.092952  76.551026  84.096056
0.0023 0.0065     811.6217 2.478255e+01  74.806344  76.389362  83.832672
0.0024 0.0065     820.5041 2.548617e+01  74.521076  76.233787  83.562913
0.0025 0.0065     829.1319 2.616239e+01  74.240262  76.075719  83.301907
0.0026 0.0065     837.4692 2.681400e+01  73.962914  75.918725  83.035977
0.0027 0.0065     845.4840 2.744061e+01  73.687532  75.763109  82.777610
0.0028 0.0065     853.1483 2.804442e+01  73.416829  75.607843  82.514779
0.0029 0.0065     860.4378 2.862685e+01  73.150924  75.453613  82.255940
0.0030 0.0065     867.3324 2.918691e+01  72.888755  75.300119  82.001146
0.0031 0.0065     873.8154 2.972697e+01  72.630768  75.149340  81.746871
0.0032 0.0065     879.8737 3.024857e+01  72.378011  74.999042  81.494001
0.0033 0.0065     885.4975 3.075187e+01  72.129856  74.849865  81.245021
0.0034 0.0065     890.6805 3.123721e+01  71.887179  74.701604  80.991276
0.0035 0.0065     895.4187 3.170689e+01  71.649034  74.555714  80.747032
0.0036 0.0065     899.7114 3.215965e+01  71.415928  74.411354  80.504973
0.0037 0.0065     903.5599 3.259798e+01  71.188164  74.268113  80.263564
0.0038 0.0065     906.9678 3.302160e+01  70.965695  74.126718  80.027513
0.0039 0.0065     909.9407 3.343087e+01  70.747579  73.987859  79.787589
0.0040 0.0065     912.4860 3.382670e+01  70.535125  73.848959  79.556952
0.0041 0.0065     914.6124 3.420966e+01  70.327231  73.714171  79.332926
0.0042 0.0065     916.3299 3.458178e+01  70.124690  73.579154  79.104263
0.0043 0.0065     917.6495 3.494304e+01  69.926539  73.445489  78.878216
0.0044 0.0065     918.5832 3.529041e+01  69.734257  73.315001  78.665068
0.0045 0.0065     919.1436 3.562823e+01  69.546636  73.186232  78.447564
0.0046 0.0065     919.3436 3.595609e+01  69.364146  73.058932  78.234930
0.0047 0.0065     919.1969 3.627400e+01  69.185231  72.933331  78.026104
0.0048 0.0065     918.7169 3.658242e+01  69.012445  72.809589  77.823507
0.0049 0.0065     917.9175 3.688173e+01  68.843725  72.687962  77.621990
0.0050 0.0065     916.8123 3.717374e+01  68.678890  72.568142  77.413897
0.0051 0.0065     915.4150 3.745349e+01  68.520932  72.449566  77.227659
0.0052 0.0065     913.7390 3.772781e+01  68.365647  72.333848  77.036635
0.0053 0.0065     911.7974 3.799461e+01  68.215243  72.219495  76.851508
0.0054 0.0065     909.6033 3.825370e+01  68.068688  72.107539  76.665609
0.0055 0.0065     907.1691 3.850533e+01  67.926146  71.997439  76.487041
0.0056 0.0065     904.5070 3.875097e+01  67.788013  71.888834  76.304360
0.0057 0.0065     901.6287 3.898923e+01  67.654195  71.782107  76.129406
0.0058 0.0065     898.5455 3.922147e+01  67.523758  71.676893  75.954126
0.0059 0.0065     895.2683 3.944732e+01  67.397691  71.573710  75.791668
0.0060 0.0065     891.8076 3.966722e+01  67.275028  71.472214  75.625737
0.0061 0.0065     888.1733 3.988226e+01  67.156119  71.374037  75.466633
0.0062 0.0065     884.3750 4.009035e+01  67.041818  71.276949  75.310938
0.0063 0.0065     880.4218 4.029493e+01  66.929357  71.181648  75.152129
0.0064 0.0065     876.3225 4.049410e+01  66.820765  71.087919  75.000882
0.0065 0.0065     872.0851 4.068775e+01  66.715846  70.995697  74.852532
0.0066 0.0065     867.7178 4.087622e+01  66.614466  70.905560  74.710856
0.0067 0.0065     863.2279 4.106096e+01  66.516088  70.817309  74.567892
0.0068 0.0065     858.6226 4.124186e+01  66.420448  70.730510  74.424115
0.0069 0.0065     853.9087 4.141740e+01  66.328351  70.646004  74.289583
0.0070 0.0065     849.0927 4.158917e+01  66.239486  70.562726  74.157183
0.0071 0.0065     844.1806 4.175744e+01  66.153150  70.481353  74.026410
0.0072 0.0065     839.1784 4.192081e+01  66.069826  70.401587  73.904210
0.0073 0.0065     834.0917 4.208131e+01  65.989337  70.323751  73.780589
0.0074 0.0065     828.9257 4.223870e+01  65.910900  70.247332  73.657132
0.0075 0.0065     823.6855 4.239426e+01  65.835580  70.173585  73.518846
0.0076 0.0065       0.0000 4.254217e+01  65.763152  70.100338  73.417015
0.0077 0.0065       0.0000 4.268960e+01  65.693358  70.029438  73.294333
0.0078 0.0065       0.0000 4.283351e+01  65.625880  69.959863  73.183970
0.0079 0.0065       0.0000 4.297416e+01  65.560347  69.892138  73.076298
0.0080 0.0065       0.0000 4.311094e+01  65.497506  69.825322  72.976237
0.0081 0.0065       0.0000 4.324578e+01  65.437469  69.761037  72.878576
0.0082 0.0065       0.0000 4.337823e+01  65.378274  69.697673  72.772921
0.0083 0.0065       0.0000 4.350744e+01  65.322465  69.636215  72.675583
0.0084 0.0065       0.0000 4.363411e+01  65.269682  69.576519  72.577313
0.0085 0.0065       0.0000 4.375881e+01  65.217856  69.517762  72.482379
0.0086 0.0065       0.0000 4.388163e+01  65.166834  69.460230  72.390959
0.0087 0.0065       0.0000 4.400130e+01  65.118938  69.404942  72.301447
0.0088 0.0065       0.0000 4.411909e+01  65.072913  69.350775  72.213384
0.0089 0.0065       0.0000 4.423468e+01  65.028830  69.297692  72.127466
0.0090 0.0065       0.0000 4.434777e+01  64.986653  69.246718  72.040971
0.0091 0.0065       0.0000 4.445921e+01  64.946099  69.196894  71.960781
0.0092 0.0065       0.0000 4.456840e+01  64.907718  69.148333  71.882810
0.0093 0.0065       0.0000 4.467585e+01  64.870009  69.101416  71.805286
0.0094 0.0065       0.0000 4.478172e+01  64.834927  69.055839  71.729587
0.0095 0.0065       0.0000 4.488620e+01  64.801194  69.011584  71.653929
0.0096 0.0065       0.0000 4.498847e+01  64.769089  68.968420  71.586790
0.0097 0.0065       0.0000 4.508890e+01  64.738869  68.926929  71.512969
0.0098 0.0065       0.0000 4.518831e+01  64.709243  68.886752  71.448005
0.0099 0.0065       0.0000 4.528660e+01  64.680992  68.847794  71.379312
0.0100 0.0065       0.0000 4.538203e+01  64.655251  68.810405  71.315070
0.0000 0.0066     629.3621 1.072856e-06  50.951023  50.950564  53.914098
0.0001 0.0066     629.7604 1.217918e+00  79.684835  79.619145  89.293498
0.0002 0.0066     630.9522 2.478854e+00  79.659932  79.526786  89.075727
0.0003 0.0066     632.9274 3.762097e+00  79.602743  79.426367  88.869867
0.0004 0.0066     635.6697 5.053635e+00  79.517932  79.317023  88.662005
0.0005 0.0066     639.1563 6.342846e+00  79.404390  79.195843  88.447309
0.0006 0.0066     643.3586 7.620511e+00  79.263797  79.067581  88.227632
0.0007 0.0066     648.2425 8.879466e+00  79.099483  78.933625  88.001234
0.0008 0.0066     653.7688 1.011330e+01  78.913982  78.795817  87.769752
0.0009 0.0066     659.8936 1.131701e+01  78.708858  78.654607  87.533098
0.0010 0.0066     666.5692 1.248866e+01  78.487729  78.508800  87.290370
0.0011 0.0066     673.7444 1.362661e+01  78.251550  78.361389  87.044997
0.0012 0.0066     681.3651 1.472381e+01  78.005329  78.213081  86.805562
0.0013 0.0066     689.3756 1.578651e+01  77.748483  78.061741  86.552777
0.0014 0.0066     697.7181 1.681159e+01  77.483132  77.909165  86.306021
0.0015 0.0066     706.3346 1.779722e+01  77.211551  77.756900  86.049122
0.0016 0.0066     715.1666 1.874850e+01  76.935909  77.600960  85.799243
0.0017 0.0066     724.1561 1.966367e+01  76.655548  77.444917  85.541739
0.0018 0.0066     733.2462 2.054378e+01  76.372746  77.289640  85.280862
0.0019 0.0066     742.3813 2.138965e+01  76.089325  77.131840  85.024852
0.0020 0.0066     751.5081 2.220382e+01  75.804123  76.976170  84.765359
0.0021 0.0066     760.5754 2.298724e+01  75.520168  76.818452  84.505172
0.0022 0.0066     769.5350 2.374011e+01  75.237760  76.661858  84.245246
0.0023 0.0066     778.3416 2.446551e+01  74.957579  76.505650  83.980800
0.0024 0.0066     786.9535 2.516237e+01  74.678808  76.347941  83.724638
0.0025 0.0066     795.3321 2.583319e+01  74.402524  76.195379  83.468059
0.0026 0.0066     803.4426 2.647976e+01  74.129406  76.041328  83.209488
0.0027 0.0066     811.2540 2.710242e+01  73.858833  75.888376  82.952101
0.0028 0.0066     818.7389 2.770314e+01  73.591709  75.735473  82.693352
0.0029 0.0066     825.8734 2.828067e+01  73.330939  75.583111  82.442435
0.0030 0.0066     832.6375 2.883744e+01  73.073076  75.432652  82.189766
0.0031 0.0066     839.0146 2.937510e+01  72.819497  75.283738  81.939929
0.0032 0.0066     844.9913 2.989416e+01  72.570353  75.135454  81.690389
0.0033 0.0066     850.5575 3.039568e+01  72.326211  74.988228  81.441627
0.0034 0.0066     855.7063 3.087913e+01  72.086515  74.842539  81.203193
0.0035 0.0066     860.4332 3.134671e+01  71.851438  74.698523  80.950670
0.0036 0.0066     864.7366 3.179929e+01  71.621596  74.556059  80.715333
0.0037 0.0066     868.6172 3.223613e+01  71.396361  74.414843  80.480363
0.0038 0.0066     872.0776 3.265868e+01  71.176354  74.275429  80.244262
0.0039 0.0066     875.1226 3.306822e+01  70.960317  74.138051  80.010765
0.0040 0.0066     877.7585 3.346400e+01  70.749310  74.000234  79.779770
0.0041 0.0066     879.9931 3.384785e+01  70.543997  73.866442  79.553817
0.0042 0.0066     881.8356 3.421948e+01  70.343242  73.733966  79.329930
0.0043 0.0066     883.2959 3.457981e+01  70.146236  73.603123  79.111119
0.0044 0.0066     884.3851 3.492850e+01  69.955507  73.472401  78.893042
0.0045 0.0066     885.1149 3.526710e+01  69.769571  73.345152  78.681988
0.0046 0.0066     885.4974 3.559576e+01  69.587757  73.219386  78.474828
0.0047 0.0066     885.5453 3.591487e+01  69.410427  73.094896  78.265817
0.0048 0.0066     885.2714 3.622344e+01  69.238676  72.972511  78.062770
0.0049 0.0066     884.6886 3.652369e+01  69.070414  72.851778  77.860784
0.0050 0.0066     883.8099 3.681652e+01  68.906842  72.733241  77.660262
0.0051 0.0066     882.6484 3.709954e+01  68.747895  72.615578  77.467928
0.0052 0.0066     881.2166 3.737502e+01  68.592373  72.500839  77.277079
0.0053 0.0066     879.5274 3.764349e+01  68.441786  72.387671  77.088475
0.0054 0.0066     877.5929 3.790426e+01  68.295397  72.276203  76.905312
0.0055 0.0066     875.4252 3.815704e+01  68.153784  72.166426  76.727391
0.0056 0.0066     873.0359 3.840374e+01  68.015672  72.058983  76.549166
0.0057 0.0066     870.4363 3.864528e+01  67.880993  71.952542  76.373420
0.0058 0.0066     867.6373 3.887949e+01  67.750613  71.847930  76.204169
0.0059 0.0066     864.6494 3.910764e+01  67.624047  71.745915  76.034249
0.0060 0.0066     861.4826 3.933049e+01  67.500452  71.645206  75.870975
0.0061 0.0066     858.1465 3.954655e+01  67.381276  71.547147  75.711033
0.0062 0.0066     854.6504 3.975775e+01  67.265616  71.450185  75.551705
0.0063 0.0066     851.0031 3.996396e+01  67.153136  71.354639  75.395172
0.0064 0.0066     847.2128 4.016437e+01  67.044386  71.261047  75.248417
0.0065 0.0066     843.2877 4.036082e+01  66.938758  71.169465  75.097383
0.0066 0.0066     839.2354 4.055163e+01  66.836872  71.079562  74.949818
0.0067 0.0066     835.0630 4.073932e+01  66.737088  70.990509  74.810012
0.0068 0.0066     830.7775 4.092128e+01  66.640728  70.905582  74.670326
0.0069 0.0066     826.3854 4.109972e+01  66.547633  70.819919  74.531836
0.0070 0.0066     821.8930 4.127427e+01  66.457199  70.737044  74.397117
0.0071 0.0066     817.3061 4.144417e+01  66.370108  70.655563  74.269326
0.0072 0.0066     812.6304 4.161086e+01  66.285421  70.576332  74.138910
0.0073 0.0066     807.8713 4.177312e+01  66.203644  70.498293  74.018152
0.0074 0.0066     803.0338 4.193251e+01  66.124689  70.421535  73.893090
0.0075 0.0066     798.1228 4.208795e+01  66.048103  70.346676  73.776879
0.0076 0.0066       0.0000 4.224087e+01  65.974290  70.273787  73.655825
0.0077 0.0066       0.0000 4.239109e+01  65.902707  70.203114  73.530410
0.0078 0.0066       0.0000 4.253733e+01  65.833879  70.133285  73.416956
0.0079 0.0066       0.0000 4.268036e+01  65.767315  70.065146  73.309815
0.0080 0.0066       0.0000 4.282041e+01  65.702995  69.998595  73.202457
0.0081 0.0066       0.0000 4.295774e+01  65.641189  69.933532  73.099173
0.0082 0.0066       0.0000 4.309146e+01  65.581410  69.870080  73.003178
0.0083 0.0066       0.0000 4.322362e+01  65.523725  69.808048  72.902515
0.0084 0.0066       0.0000 4.335336e+01  65.469869  69.747646  72.807181
0.0085 0.0066       0.0000 4.347970e+01  65.416342  69.689229  72.708735
0.0086 0.0066       0.0000 4.360417e+01  65.363980  69.630768  72.617372
0.0087 0.0066       0.0000 4.372671e+01  65.314409  69.574806  72.526250
0.0088 0.0066       0.0000 4.384668e+01  65.267192  69.520365  72.436974
0.0089 0.0066       0.0000 4.396437e+01  65.221537  69.467366  72.351383
0.0090 0.0066       0.0000 4.408065e+01  65.177794  69.415206  72.264470
0.0091 0.0066       0.0000 4.419491e+01  65.135558  69.364529  72.177801
0.0092 0.0066       0.0000 4.430583e+01  65.096089  69.315522  72.098976
0.0093 0.0066       0.0000 4.441611e+01  65.056714  69.268184  72.019434
0.0094 0.0066       0.0000 4.452389e+01  65.020088  69.221804  71.941966
0.0095 0.0066       0.0000 4.463032e+01  64.985137  69.177107  71.868539
0.0096 0.0066       0.0000 4.473506e+01  64.951380  69.133522  71.796478
0.0097 0.0066       0.0000 4.483868e+01  64.918879  69.091354  71.726423
0.0098 0.0066       0.0000 4.493934e+01  64.888933  69.050616  71.656399
0.0099 0.0066       0.0000 4.503901e+01  64.859794  69.010940  71.587205
0.0100 0.0066       0.0000 4.513794e+01  64.831555  68.972697  71.522134
0.0000 0.0067     603.6730 0.000000e+00  50.931959  50.931579  53.861366
0.0001 0.0067     604.0530 1.201314e+00  79.726927  79.662030  89.324226
0.0002 0.0067     605.1899 2.445297e+00  79.699493  79.571621  89.104519
0.0003 0.0067     607.0743 3.710225e+00  79.644405  79.474634  88.908697
0.0004 0.0067     609.6910 4.983307e+00  79.560997  79.366690  88.706140
0.0005 0.0067     613.0188 6.254269e+00  79.450834  79.248169  88.495192
0.0006 0.0067     617.0308 7.513929e+00  79.313302  79.124409  88.281736
0.0007 0.0067     621.6951 8.756028e+00  79.153375  78.993518  88.062127
0.0008 0.0067     626.9750 9.971987e+00  78.971991  78.859357  87.836856
0.0009 0.0067     632.8294 1.115946e+01  78.771970  78.721025  87.605811
0.0010 0.0067     639.2135 1.231513e+01  78.556690  78.579186  87.369520
0.0011 0.0067     646.0792 1.343646e+01  78.327715  78.434943  87.131110
0.0012 0.0067     653.3760 1.451966e+01  78.084784  78.290394  86.894875
0.0013 0.0067     661.0511 1.557001e+01  77.835557  78.141585  86.648044
0.0014 0.0067     669.0504 1.658197e+01  77.575787  77.992793  86.403764
0.0015 0.0067     677.3190 1.755706e+01  77.311117  77.843900  86.154758
0.0016 0.0067     685.8017 1.849549e+01  77.041309  77.691373  85.910204
0.0017 0.0067     694.4438 1.940078e+01  76.766472  77.538341  85.657086
0.0018 0.0067     703.1912 2.026959e+01  76.490475  77.385487  85.403820
0.0019 0.0067     711.9913 2.110802e+01  76.212169  77.232199  85.151712
0.0020 0.0067     720.7932 2.191381e+01  75.934132  77.078362  84.900040
0.0021 0.0067     729.5484 2.268886e+01  75.655994  76.925247  84.643982
0.0022 0.0067     738.2107 2.343587e+01  75.379689  76.770882  84.388194
0.0023 0.0067     746.7368 2.415340e+01  75.105259  76.618244  84.133672
0.0024 0.0067     755.0864 2.484443e+01  74.831191  76.461936  83.879597
0.0025 0.0067     763.2226 2.551062e+01  74.560088  76.310355  83.628151
0.0026 0.0067     771.1115 2.615108e+01  74.292369  76.160668  83.375227
0.0027 0.0067     778.7231 2.676992e+01  74.026667  76.010105  83.123166
0.0028 0.0067     786.0305 2.736501e+01  73.765103  75.860049  82.871602
0.0029 0.0067     793.0105 2.794049e+01  73.507907  75.710842  82.618495
0.0030 0.0067     799.6430 2.849402e+01  73.254096  75.562464  82.372559
0.0031 0.0067     805.9116 2.902898e+01  73.004424  75.415659  82.126024
0.0032 0.0067     811.8027 2.954533e+01  72.758832  75.269674  81.882377
0.0033 0.0067     817.3059 3.004454e+01  72.518104  75.124095  81.634209
0.0034 0.0067     822.4138 3.052657e+01  72.281968  74.981766  81.397069
0.0035 0.0067     827.1214 3.099256e+01  72.049887  74.839443  81.156287
0.0036 0.0067     831.4265 3.144238e+01  71.822893  74.699367  80.921604
0.0037 0.0067     835.3288 3.187961e+01  71.600591  74.559171  80.684633
0.0038 0.0067     838.8305 3.230156e+01  71.382880  74.421815  80.451651
0.0039 0.0067     841.9352 3.271105e+01  71.169675  74.285263  80.221926
0.0040 0.0067     844.6486 3.310613e+01  70.960886  74.151151  79.995274
0.0041 0.0067     846.9775 3.348975e+01  70.756595  74.016324  79.771863
0.0042 0.0067     848.9300 3.386160e+01  70.558131  73.885993  79.551460
0.0043 0.0067     850.5155 3.422160e+01  70.363746  73.756870  79.333378
0.0044 0.0067     851.7440 3.457202e+01  70.173302  73.628526  79.119280
0.0045 0.0067     852.6263 3.491025e+01  69.989085  73.501635  78.910025
0.0046 0.0067     853.1739 3.523937e+01  69.808659  73.377448  78.702428
0.0047 0.0067     853.3984 3.555888e+01  69.631913  73.254367  78.494340
0.0048 0.0067     853.3119 3.586884e+01  69.460883  73.132703  78.294265
0.0049 0.0067     852.9268 3.617035e+01  69.293595  73.013465  78.095037
0.0050 0.0067     852.2553 3.646361e+01  69.130731  72.895555  77.897291
0.0051 0.0067     851.3096 3.674860e+01  68.972208  72.779534  77.704242
0.0052 0.0067     850.1021 3.702585e+01  68.816978  72.665369  77.512302
0.0053 0.0067     848.6445 3.729636e+01  68.667281  72.552685  77.327965
0.0054 0.0067     846.9489 3.755805e+01  68.521178  72.441586  77.148780
0.0055 0.0067     845.0265 3.781341e+01  68.378662  72.333047  76.967010
0.0056 0.0067     842.8887 3.806231e+01  68.240158  72.226417  76.789754
0.0057 0.0067     840.5463 3.830413e+01  68.106238  72.120896  76.617660
0.0058 0.0067     838.0097 3.854135e+01  67.974815  72.016439  76.442874
0.0059 0.0067     835.2891 3.877063e+01  67.848342  71.915521  76.275942
0.0060 0.0067     832.3940 3.899486e+01  67.724781  71.815666  76.111400
0.0061 0.0067     829.3339 3.921341e+01  67.604508  71.717137  75.954327
0.0062 0.0067     826.1176 3.942708e+01  67.487940  71.620372  75.794000
0.0063 0.0067     822.7536 3.963526e+01  67.375037  71.525486  75.636906
0.0064 0.0067     819.2501 3.983798e+01  67.265704  71.432199  75.485171
0.0065 0.0067     815.6146 4.003625e+01  67.158984  71.340424  75.339442
0.0066 0.0067     811.8547 4.023027e+01  67.056061  71.251208  75.191745
0.0067 0.0067     807.9773 4.041856e+01  66.956121  71.163659  75.046984
0.0068 0.0067     803.9890 4.060348e+01  66.858839  71.077121  74.907517
0.0069 0.0067     799.8962 4.078418e+01  66.764734  70.992374  74.769892
0.0070 0.0067     795.7049 4.096056e+01  66.673274  70.909250  74.638987
0.0071 0.0067     791.4208 4.113336e+01  66.584578  70.828469  74.503706
0.0072 0.0067     787.0493 4.130252e+01  66.499094  70.748739  74.374114
0.0073 0.0067     782.5956 4.146753e+01  66.416076  70.670254  74.247561
0.0074 0.0067     778.0646 4.162849e+01  66.336106  70.593556  74.126352
0.0075 0.0067       0.0000 4.178654e+01  66.258443  70.519188  74.007174
0.0076 0.0067       0.0000 4.194111e+01  66.183466  70.445953  73.894130
0.0077 0.0067       0.0000 4.209421e+01  66.110991  70.375263  73.762530
0.0078 0.0067       0.0000 4.224293e+01  66.040719  70.304968  73.647466
0.0079 0.0067       0.0000 4.238758e+01  65.973320  70.237190  73.539984
0.0080 0.0067       0.0000 4.253050e+01  65.907345  70.170245  73.431525
0.0081 0.0067       0.0000 4.266990e+01  65.844214  70.104615  73.327547
0.0082 0.0067       0.0000 4.280685e+01  65.782885  70.040960  73.224998
0.0083 0.0067       0.0000 4.294087e+01  65.725079  69.978162  73.133333
0.0084 0.0067       0.0000 4.307104e+01  65.669299  69.917509  73.031464
0.0085 0.0067       0.0000 4.320179e+01  65.613808  69.858505  72.934081
0.0086 0.0067       0.0000 4.332868e+01  65.559842  69.800242  72.836205
0.0087 0.0067       0.0000 4.345319e+01  65.509143  69.743741  72.747210
0.0088 0.0067       0.0000 4.357548e+01  65.460362  69.688477  72.657601
0.0089 0.0067       0.0000 4.369578e+01  65.412864  69.634799  72.570084
0.0090 0.0067       0.0000 4.381377e+01  65.367915  69.582429  72.485033
0.0091 0.0067       0.0000 4.393008e+01  65.324507  69.531371  72.398691
0.0092 0.0067       0.0000 4.404450e+01  65.283131  69.481646  72.315045
0.0093 0.0067       0.0000 4.415671e+01  65.243002  69.433529  72.233785
0.0094 0.0067       0.0000 4.426653e+01  65.204575  69.387183  72.157588
0.0095 0.0067       0.0000 4.437576e+01  65.167572  69.341267  72.076863
0.0096 0.0067       0.0000 4.448205e+01  65.133289  69.297327  72.009239
0.0097 0.0067       0.0000 4.458776e+01  65.099603  69.254527  71.932917
0.0098 0.0067       0.0000 4.469136e+01  65.067486  69.213310  71.863752
0.0099 0.0067       0.0000 4.479349e+01  65.036947  69.173069  71.794019
0.0100 0.0067       0.0000 4.489362e+01  65.007888  69.133940  71.728913
0.0000 0.0068     579.2767 1.586350e-07  50.918892  50.918477  53.814445
0.0001 0.0068     579.6394 1.185235e+00  79.763681  79.702517  89.343934
0.0002 0.0068     580.7244 2.412350e+00  79.738336  79.614063  89.137368
0.0003 0.0068     582.5232 3.659436e+00  79.685024  79.520371  88.941855
0.0004 0.0068     585.0214 4.914780e+00  79.604204  79.415154  88.743258
0.0005 0.0068     588.1990 6.168086e+00  79.495667  79.301067  88.540098
0.0006 0.0068     592.0311 7.409694e+00  79.361590  79.179563  88.334156
0.0007 0.0068     596.4878 8.633481e+00  79.205753  79.052475  88.115150
0.0008 0.0068     601.5346 9.833451e+00  79.028738  78.922265  87.898721
0.0009 0.0068     607.1330 1.100489e+01  78.834377  78.786282  87.674756
0.0010 0.0068     613.2410 1.214499e+01  78.623767  78.648065  87.443573
0.0011 0.0068     619.8134 1.325168e+01  78.400455  78.507139  87.210236
0.0012 0.0068     626.8028 1.432324e+01  78.163988  78.365006  86.977101
0.0013 0.0068     634.1594 1.535786e+01  77.919938  78.220301  86.737334
0.0014 0.0068     641.8323 1.635699e+01  77.666883  78.074961  86.500893
0.0015 0.0068     649.7697 1.732090e+01  77.407650  77.928390  86.258075
0.0016 0.0068     657.9196 1.824866e+01  77.143079  77.779313  86.013718
0.0017 0.0068     666.2300 1.914271e+01  76.874984  77.630572  85.769240
0.0018 0.0068     674.6499 2.000329e+01  76.606010  77.481089  85.521101
0.0019 0.0068     683.1292 2.083132e+01  76.333894  77.329780  85.276312
0.0020 0.0068     691.6196 2.162906e+01  76.061203  77.178855  85.027100
0.0021 0.0068     700.0748 2.239657e+01  75.790241  77.029369  84.779370
0.0022 0.0068     708.4506 2.313645e+01  75.519135  76.877470  84.529423
0.0023 0.0068     716.7056 2.384685e+01  75.248696  76.727500  84.279896
0.0024 0.0068     724.8010 2.453269e+01  74.980180  76.576775  84.027322
0.0025 0.0068     732.7014 2.519254e+01  74.715101  76.424915  83.784534
0.0026 0.0068     740.3740 2.582887e+01  74.451387  76.275652  83.533414
0.0027 0.0068     747.7895 2.644207e+01  74.191674  76.130024  83.285225
0.0028 0.0068     754.9217 2.703423e+01  73.934151  75.982662  83.040826
0.0029 0.0068     761.7479 2.760526e+01  73.680895  75.835590  82.792188
0.0030 0.0068     768.2484 2.815599e+01  73.431326  75.689894  82.550524
0.0031 0.0068     774.4065 2.868747e+01  73.184955  75.544832  82.310903
0.0032 0.0068     780.2087 2.920183e+01  72.944040  75.401540  82.068544
0.0033 0.0068     785.6444 2.969854e+01  72.706487  75.259088  81.824055
0.0034 0.0068     790.7056 3.017933e+01  72.473048  75.117391  81.584634
0.0035 0.0068     795.3870 3.064353e+01  72.244455  74.977624  81.351170
0.0036 0.0068     799.6856 3.109295e+01  72.020434  74.838608  81.116359
0.0037 0.0068     803.6007 3.152787e+01  71.801457  74.701271  80.884667
0.0038 0.0068     807.1335 3.194943e+01  71.585654  74.565118  80.655365
0.0039 0.0068     810.2871 3.235766e+01  71.374710  74.430773  80.430921
0.0040 0.0068     813.0660 3.275283e+01  71.168182  74.298131  80.206247
0.0041 0.0068     815.4766 3.313601e+01  70.966775  74.166567  79.986016
0.0042 0.0068     817.5259 3.350739e+01  70.768998  74.035393  79.769246
0.0043 0.0068     819.2225 3.386820e+01  70.576264  73.907702  79.554480
0.0044 0.0068     820.5756 3.421754e+01  70.389259  73.781014  79.340997
0.0045 0.0068     821.5952 3.455735e+01  70.205174  73.656318  79.131934
0.0046 0.0068     822.2919 3.488681e+01  70.025815  73.532524  78.925091
0.0047 0.0068     822.6768 3.520742e+01  69.850721  73.410812  78.722032
0.0048 0.0068     822.7611 3.551866e+01  69.679897  73.290663  78.521386
0.0049 0.0068     822.5564 3.582120e+01  69.513655  73.172525  78.322074
0.0050 0.0068     822.0744 3.611526e+01  69.351871  73.055830  78.128346
0.0051 0.0068     821.3266 3.640319e+01  69.192602  72.940713  77.933720
0.0052 0.0068     820.3248 3.668038e+01  69.039039  72.827666  77.747011
0.0053 0.0068     819.0804 3.695164e+01  68.889159  72.715606  77.561338
0.0054 0.0068     817.6046 3.721532e+01  68.743540  72.605933  77.380625
0.0055 0.0068     815.9084 3.747259e+01  68.600802  72.497402  77.199825
0.0056 0.0068     814.0026 3.772283e+01  68.462732  72.391521  77.025560
0.0057 0.0068     811.8977 3.796686e+01  68.328104  72.286299  76.851923
0.0058 0.0068     809.6036 3.820455e+01  68.197362  72.183722  76.683944
0.0059 0.0068     807.1301 3.843735e+01  68.069475  72.082643  76.511419
0.0060 0.0068     804.4866 3.866279e+01  67.945815  71.982816  76.349171
0.0061 0.0068     801.6820 3.888369e+01  67.825031  71.885351  76.187784
0.0062 0.0068     798.7250 3.909855e+01  67.708256  71.788983  76.032850
0.0063 0.0068     795.6238 3.930969e+01  67.594256  71.694367  75.872003
0.0064 0.0068     792.3862 3.951433e+01  67.484576  71.601583  75.722534
0.0065 0.0068     789.0196 3.971446e+01  67.377372  71.510609  75.573416
0.0066 0.0068     785.5313 3.991018e+01  67.273288  71.421483  75.428713
0.0067 0.0068     781.9280 4.010088e+01  67.172878  71.333578  75.284635
0.0068 0.0068     778.2161 4.028815e+01  67.074455  71.247328  75.145330
0.0069 0.0068     774.4017 4.047095e+01  66.979538  71.162539  75.005441
0.0070 0.0068     770.4908 4.064985e+01  66.887140  71.080124  74.873440
0.0071 0.0068     766.4887 4.082418e+01  66.797506  70.999215  74.739904
0.0072 0.0068     762.4007 4.099560e+01  66.711207  70.918889  74.608539
0.0073 0.0068     758.2319 4.116279e+01  66.627279  70.840911  74.479418
0.0074 0.0068       0.0000 4.132679e+01  66.546048  70.764530  74.357208
0.0075 0.0068       0.0000 4.148686e+01  66.467301  70.689788  74.235110
0.0076 0.0068       0.0000 4.164412e+01  66.390951  70.616521  74.120291
0.0077 0.0068       0.0000 4.179794e+01  66.317160  70.544806  74.001632
0.0078 0.0068       0.0000 4.194936e+01  66.245868  70.475132  73.880072
0.0079 0.0068       0.0000 4.209756e+01  66.176812  70.406857  73.764388
0.0080 0.0068       0.0000 4.224183e+01  66.110473  70.339966  73.657314
0.0081 0.0068       0.0000 4.238412e+01  66.045665  70.274329  73.549872
0.0082 0.0068       0.0000 4.252366e+01  65.982924  70.209449  73.452427
0.0083 0.0068       0.0000 4.265921e+01  65.923893  70.147937  73.346527
0.0084 0.0068       0.0000 4.279285e+01  65.865402  70.086222  73.253631
0.0085 0.0068       0.0000 4.292523e+01  65.808089  70.025720  73.154049
0.0086 0.0068       0.0000 4.305444e+01  65.754236  69.967783  73.057160
0.0087 0.0068       0.0000 4.318138e+01  65.702052  69.910760  72.963154
0.0088 0.0068       0.0000 4.330556e+01  65.651831  69.855360  72.875776
0.0089 0.0068       0.0000 4.342843e+01  65.603148  69.800895  72.785831
0.0090 0.0068       0.0000 4.354857e+01  65.556790  69.748300  72.699814
0.0091 0.0068       0.0000 4.366701e+01  65.512209  69.697031  72.613512
0.0092 0.0068       0.0000 4.378377e+01  65.469122  69.646766  72.525386
0.0093 0.0068       0.0000 4.389809e+01  65.427655  69.598096  72.447074
0.0094 0.0068       0.0000 4.401030e+01  65.388360  69.550636  72.367563
0.0095 0.0068       0.0000 4.412132e+01  65.350021  69.504700  72.289963
0.0096 0.0068       0.0000 4.423049e+01  65.313497  69.460162  72.216143
0.0097 0.0068       0.0000 4.433781e+01  65.278772  69.416652  72.141146
0.0098 0.0068       0.0000 4.444389e+01  65.245378  69.374920  72.069925
0.0099 0.0068       0.0000 4.454813e+01  65.213576  69.333705  72.000832
0.0100 0.0068       0.0000 4.465138e+01  65.182956  69.293893  71.929224
0.0000 0.0069     556.0952 3.937261e-07  50.911852  50.911210  53.773385
0.0001 0.0069     556.4415 1.169586e+00  79.800929  79.742529  89.366434
0.0002 0.0069     557.4776 2.379679e+00  79.776101  79.656763  89.159275
0.0003 0.0069     559.1954 3.609756e+00  79.724189  79.564824  88.972654
0.0004 0.0069     561.5815 4.847574e+00  79.644528  79.462854  88.775455
0.0005 0.0069     564.6172 6.083137e+00  79.539607  79.351737  88.579033
0.0006 0.0069     568.2792 7.307708e+00  79.408877  79.232968  88.378978
0.0007 0.0069     572.5394 8.514368e+00  79.256034  79.110155  88.170767
0.0008 0.0069     577.3655 9.698240e+00  79.084141  78.981478  87.954566
0.0009 0.0069     582.7214 1.085438e+01  78.894545  78.849575  87.737705
0.0010 0.0069     588.5677 1.197894e+01  78.688684  78.714898  87.514457
0.0011 0.0069     594.8619 1.307050e+01  78.471236  78.576835  87.284890
0.0012 0.0069     601.5593 1.412881e+01  78.239783  78.438333  87.054262
0.0013 0.0069     608.6133 1.514997e+01  78.001508  78.297280  86.823163
0.0014 0.0069     615.9757 1.613667e+01  77.753877  78.154746  86.586887
0.0015 0.0069     623.5978 1.708879e+01  77.501418  78.011191  86.352832
0.0016 0.0069     631.4302 1.800508e+01  77.242954  77.865999  86.115319
0.0017 0.0069     639.4240 1.888972e+01  76.981313  77.719329  85.878591
0.0018 0.0069     647.5306 1.974108e+01  76.717654  77.571968  85.638148
0.0019 0.0069     655.7027 2.056084e+01  76.452154  77.424846  85.393642
0.0020 0.0069     663.8941 2.134937e+01  76.186658  77.277707  85.151890
0.0021 0.0069     672.0607 2.210961e+01  75.920013  77.130311  84.909071
0.0022 0.0069     680.1604 2.284132e+01  75.654475  76.981878  84.666378
0.0023 0.0069     688.1535 2.354625e+01  75.389607  76.834214  84.420061
0.0024 0.0069     696.0028 2.422567e+01  75.126205  76.687016  84.174850
0.0025 0.0069     703.6738 2.488077e+01  74.865147  76.539659  83.930897
0.0026 0.0069     711.1353 2.551191e+01  74.606900  76.391303  83.688066
0.0027 0.0069     718.3586 2.612110e+01  74.352036  76.245572  83.446094
0.0028 0.0069     725.3182 2.670881e+01  74.099202  76.102830  83.200621
0.0029 0.0069     731.9919 2.727633e+01  73.850277  75.958284  82.957363
0.0030 0.0069     738.3600 2.782417e+01  73.605068  75.814706  82.718300
0.0031 0.0069     744.4062 2.835252e+01  73.362889  75.672092  82.480938
0.0032 0.0069     750.1169 2.886309e+01  73.124817  75.531043  82.244079
0.0033 0.0069     755.4811 2.935859e+01  72.891248  75.390656  82.009885
0.0034 0.0069     760.4907 2.983714e+01  72.661323  75.251188  81.770670
0.0035 0.0069     765.1398 3.029965e+01  72.435607  75.113785  81.538716
0.0036 0.0069     769.4250 3.074765e+01  72.213985  74.976511  81.310389
0.0037 0.0069     773.3447 3.118142e+01  71.997553  74.841170  81.081157
0.0038 0.0069     776.8997 3.160169e+01  71.785060  74.706980  80.855329
0.0039 0.0069     780.0923 3.200892e+01  71.576292  74.574068  80.632782
0.0040 0.0069     782.9263 3.240407e+01  71.372126  74.443073  80.412169
0.0041 0.0069     785.4071 3.278695e+01  71.172662  74.313009  80.193551
0.0042 0.0069     787.5412 3.315770e+01  70.977470  74.185116  79.979644
0.0043 0.0069     789.3363 3.351860e+01  70.785911  74.056536  79.765774
0.0044 0.0069     790.8007 3.386851e+01  70.599721  73.931872  79.556300
0.0045 0.0069     791.9438 3.420866e+01  70.417278  73.807613  79.345618
0.0046 0.0069     792.7754 3.453933e+01  70.239325  73.686338  79.144139
0.0047 0.0069     793.3058 3.486072e+01  70.065585  73.564717  78.939858
0.0048 0.0069     793.5456 3.517237e+01  69.896198  73.446568  78.740470
0.0049 0.0069     793.5057 3.547569e+01  69.730199  73.329061  78.547358
0.0050 0.0069     793.1971 3.577102e+01  69.569015  73.213734  78.354964
0.0051 0.0069     792.6310 3.605870e+01  69.411304  73.100026  78.161395
0.0052 0.0069     791.8183 3.633883e+01  69.256885  72.987395  77.975425
0.0053 0.0069     790.7699 3.661128e+01  69.107815  72.876897  77.788390
0.0054 0.0069     789.4967 3.687684e+01  68.962233  72.767562  77.608501
0.0055 0.0069     788.0092 3.713504e+01  68.819780  72.659971  77.428938
0.0056 0.0069     786.3176 3.738729e+01  68.681403  72.553407  77.251988
0.0057 0.0069     784.4321 3.763225e+01  68.547368  72.450369  77.080535
0.0058 0.0069     782.3623 3.787197e+01  68.416336  72.348426  76.914148
0.0059 0.0069     780.1176 3.810600e+01  68.288507  72.247806  76.743076
0.0060 0.0069     777.7071 3.833377e+01  68.164431  72.148026  76.580336
0.0061 0.0069     775.1394 3.855631e+01  68.043502  72.051256  76.421093
0.0062 0.0069     772.4229 3.877373e+01  67.925962  71.954872  76.265208
0.0063 0.0069     769.5655 3.898583e+01  67.811873  71.861280  76.106196
0.0064 0.0069     766.5748 3.919274e+01  67.701245  71.769122  75.953962
0.0065 0.0069     763.4580 3.939510e+01  67.593268  71.678031  75.805158
0.0066 0.0069     760.2221 3.959300e+01  67.488716  71.588131  75.659908
0.0067 0.0069     756.8737 3.978586e+01  67.387123  71.500369  75.516046
0.0068 0.0069     753.4190 3.997516e+01  67.287979  71.414884  75.376786
0.0069 0.0069     749.8638 4.015973e+01  67.192350  71.331405  75.237781
0.0070 0.0069     746.2139 4.034042e+01  67.099280  71.248694  75.101962
0.0071 0.0069     742.4747 4.051785e+01  67.008896  71.167175  74.966289
0.0072 0.0069     738.6511 4.069134e+01  66.920999  71.087384  74.837341
0.0073 0.0069       0.0000 4.086035e+01  66.836244  71.009885  74.709577
0.0074 0.0069       0.0000 4.102675e+01  66.753959  70.933167  74.585345
0.0075 0.0069       0.0000 4.118915e+01  66.674239  70.858390  74.464076
0.0076 0.0069       0.0000 4.134853e+01  66.596741  70.785373  74.343558
0.0077 0.0069       0.0000 4.150415e+01  66.522032  70.713557  74.228626
0.0078 0.0069       0.0000 4.165795e+01  66.449062  70.643610  74.107415
0.0079 0.0069       0.0000 4.180768e+01  66.378820  70.574310  73.998119
0.0080 0.0069       0.0000 4.195533e+01  66.311092  70.507577  73.880362
0.0081 0.0069       0.0000 4.209959e+01  66.245507  70.441684  73.772805
0.0082 0.0069       0.0000 4.224067e+01  66.181809  70.377328  73.670208
0.0083 0.0069       0.0000 4.237903e+01  66.121510  70.314828  73.566463
0.0084 0.0069       0.0000 4.251567e+01  66.061602  70.253120  73.467427
0.0085 0.0069       0.0000 4.264998e+01  66.002714  70.192063  73.370590
0.0086 0.0069       0.0000 4.278153e+01  65.947435  70.133577  73.273630
0.0087 0.0069       0.0000 4.291061e+01  65.893992  70.076133  73.179999
0.0088 0.0069       0.0000 4.303724e+01  65.842402  70.020409  73.087214
0.0089 0.0069       0.0000 4.316170e+01  65.792982  69.965631  73.000839
0.0090 0.0069       0.0000 4.328503e+01  65.745027  69.912849  72.911560
0.0091 0.0069       0.0000 4.340539e+01  65.698585  69.860984  72.826488
0.0092 0.0069       0.0000 4.352355e+01  65.654395  69.810562  72.741068
0.0093 0.0069       0.0000 4.364056e+01  65.611698  69.761151  72.656540
0.0094 0.0069       0.0000 4.375494e+01  65.570947  69.712949  72.574514
0.0095 0.0069       0.0000 4.386837e+01  65.531183  69.666542  72.496556
0.0096 0.0069       0.0000 4.397990e+01  65.493633  69.621604  72.420809
0.0097 0.0069       0.0000 4.408944e+01  65.457112  69.577758  72.343097
0.0098 0.0069       0.0000 4.419797e+01  65.422004  69.535145  72.269422
0.0099 0.0069       0.0000 4.430420e+01  65.388978  69.494002  72.197631
0.0100 0.0069       0.0000 4.440963e+01  65.356961  69.453326  72.131381
0.0000 0.0070     534.0559 0.000000e+00  50.910460  50.909979  53.737566
0.0001 0.0070     534.3867 1.153984e+00  79.836427  79.781018  89.383146
0.0002 0.0070     535.3765 2.347863e+00  79.812386  79.697673  89.183283
0.0003 0.0070     537.0178 3.561208e+00  79.761364  79.608664  88.999374
0.0004 0.0070     539.2978 4.781841e+00  79.682930  79.509573  88.809647
0.0005 0.0070     542.1993 5.999813e+00  79.581313  79.400716  88.622973
0.0006 0.0070     545.7003 7.208445e+00  79.454048  79.284858  88.421962
0.0007 0.0070     549.7744 8.398240e+00  79.305645  79.164496  88.219745
0.0008 0.0070     554.3915 9.565874e+00  79.137811  79.039578  88.009043
0.0009 0.0070     559.5175 1.070606e+01  78.952341  78.911607  87.795342
0.0010 0.0070     565.1155 1.181583e+01  78.751742  78.779844  87.578431
0.0011 0.0070     571.1457 1.289371e+01  78.540444  78.645692  87.359184
0.0012 0.0070     577.5658 1.393655e+01  78.314558  78.510161  87.132719
0.0013 0.0070     584.3319 1.494590e+01  78.080803  78.371950  86.906344
0.0014 0.0070     591.3989 1.592103e+01  77.839529  78.232394  86.677226
0.0015 0.0070     598.7204 1.686156e+01  77.593401  78.092555  86.444981
0.0016 0.0070     606.2500 1.776817e+01  77.341208  77.949664  86.213662
0.0017 0.0070     613.9413 1.864256e+01  77.085052  77.805753  85.978287
0.0018 0.0070     621.7483 1.948365e+01  76.827856  77.662686  85.749296
0.0019 0.0070     629.6258 2.029415e+01  76.568364  77.518360  85.510154
0.0020 0.0070     637.5302 2.107580e+01  76.307842  77.373623  85.269761
0.0021 0.0070     645.4194 2.182790e+01  76.046947  77.229339  85.033543
0.0022 0.0070     653.2530 2.255285e+01  75.786525  77.084731  84.795223
0.0023 0.0070     660.9930 2.325144e+01  75.527269  76.938978  84.552522
0.0024 0.0070     668.6037 2.392472e+01  75.268846  76.794850  84.312590
0.0025 0.0070     676.0520 2.457409e+01  75.012606  76.650051  84.074368
0.0026 0.0070     683.3075 2.520066e+01  74.758743  76.506916  83.834758
0.0027 0.0070     690.3425 2.580532e+01  74.508233  76.361169  83.596142
0.0028 0.0070     697.1323 2.638908e+01  74.260024  76.218939  83.356782
0.0029 0.0070     703.6548 2.695257e+01  74.015731  76.078888  83.120737
0.0030 0.0070     709.8909 2.749741e+01  73.774314  75.937424  82.880406
0.0031 0.0070     715.8242 2.802240e+01  73.536246  75.797286  82.650667
0.0032 0.0070     721.4413 2.853105e+01  73.302026  75.657873  82.416007
0.0033 0.0070     726.7308 2.902347e+01  73.072052  75.520047  82.184710
0.0034 0.0070     731.6845 2.950001e+01  72.845394  75.382221  81.951839
0.0035 0.0070     736.2960 2.996096e+01  72.622316  75.246677  81.721519
0.0036 0.0070     740.5614 3.040731e+01  72.404351  75.111329  81.496666
0.0037 0.0070     744.4787 3.083963e+01  72.189999  74.977394  81.274327
0.0038 0.0070     748.0479 3.125819e+01  71.979886  74.846046  81.047265
0.0039 0.0070     751.2707 3.166566e+01  71.774197  74.714548  80.830971
0.0040 0.0070     754.1502 3.205980e+01  71.571862  74.585221  80.610506
0.0041 0.0070     756.6911 3.244214e+01  71.374427  74.456661  80.395332
0.0042 0.0070     758.8991 3.281293e+01  71.181591  74.330124  80.185313
0.0043 0.0070     760.7811 3.317423e+01  70.992381  74.204344  79.971859
0.0044 0.0070     762.3449 3.352398e+01  70.806902  74.079842  79.765569
0.0045 0.0070     763.5990 3.386571e+01  70.625285  73.957154  79.555224
0.0046 0.0070     764.5524 3.419533e+01  70.449120  73.836838  79.358518
0.0047 0.0070     765.2149 3.451749e+01  70.276501  73.717086  79.156207
0.0048 0.0070     765.5964 3.483048e+01  70.108082  73.599101  78.957041
0.0049 0.0070     765.7071 3.513485e+01  69.943185  73.483507  78.764559
0.0050 0.0070     765.5575 3.543055e+01  69.782742  73.369278  78.575593
0.0051 0.0070     765.1580 3.571965e+01  69.625603  73.256071  78.383208
0.0052 0.0070     764.5191 3.600096e+01  69.471977  73.144608  78.194913
0.0053 0.0070     763.6514 3.627420e+01  69.323451  73.034980  78.013372
0.0054 0.0070     762.5650 3.654113e+01  69.177951  72.926742  77.832837
0.0055 0.0070     761.2701 3.680115e+01  69.035562  72.819603  77.653596
0.0056 0.0070     759.7765 3.705443e+01  68.897480  72.714881  77.481222
0.0057 0.0070     758.0940 3.730140e+01  68.762885  72.612096  77.304362
0.0058 0.0070     756.2319 3.754293e+01  68.632173  72.510129  77.135740
0.0059 0.0070     754.1992 3.777845e+01  68.504390  72.410004  76.969225
0.0060 0.0070     752.0047 3.800770e+01  68.380132  72.311042  76.809558
0.0061 0.0070     749.6567 3.823224e+01  68.258817  72.214685  76.648086
0.0062 0.0070     747.1634 3.845243e+01  68.140160  72.119366  76.489114
0.0063 0.0070     744.5324 3.866614e+01  68.025457  72.026412  76.335492
0.0064 0.0070     741.7711 3.887436e+01  67.914867  71.933358  76.181455
0.0065 0.0070     738.8866 3.907894e+01  67.806507  71.842883  76.033012
0.0066 0.0070     735.8855 3.927838e+01  67.701245  71.754009  75.885090
0.0067 0.0070     732.7743 3.947389e+01  67.598812  71.666596  75.743027
0.0068 0.0070     729.5589 3.966442e+01  67.499564  71.580835  75.602757
0.0069 0.0070     726.2452 3.985099e+01  67.402867  71.497607  75.465484
0.0070 0.0070     722.8386 4.003368e+01  67.309036  71.414496  75.330102
0.0071 0.0070     719.3444 4.021323e+01  67.217664  71.333564  75.194989
0.0072 0.0070       0.0000 4.038864e+01  67.129417  71.254301  75.061844
0.0073 0.0070       0.0000 4.056076e+01  67.043198  71.176313  74.934705
0.0074 0.0070       0.0000 4.072828e+01  66.960121  71.100090  74.811206
0.0075 0.0070       0.0000 4.089274e+01  66.879487  71.025465  74.690082
0.0076 0.0070       0.0000 4.105403e+01  66.800803  70.951529  74.570132
0.0077 0.0070       0.0000 4.121269e+01  66.724611  70.879758  74.450390
0.0078 0.0070       0.0000 4.136841e+01  66.650889  70.809703  74.330236
0.0079 0.0070       0.0000 4.152059e+01  66.579451  70.740731  74.216356
0.0080 0.0070       0.0000 4.166909e+01  66.511133  70.672941  74.106312
0.0081 0.0070       0.0000 4.181625e+01  66.443767  70.607742  73.994682
0.0082 0.0070       0.0000 4.195992e+01  66.378880  70.542779  73.889823
0.0083 0.0070       0.0000 4.210130e+01  66.315961  70.479241  73.786340
0.0084 0.0070       0.0000 4.223882e+01  66.256899  70.418105  73.683344
0.0085 0.0070       0.0000 4.237614e+01  66.196441  70.356596  73.584475
0.0086 0.0070       0.0000 4.250938e+01  66.139740  70.297212  73.489273
0.0087 0.0070       0.0000 4.264079e+01  66.084938  70.240010  73.393306
0.0088 0.0070       0.0000 4.276975e+01  66.032111  70.183910  73.301080
0.0089 0.0070       0.0000 4.289709e+01  65.981065  70.128762  73.210709
0.0090 0.0070       0.0000 4.302164e+01  65.932050  70.075375  73.122864
0.0091 0.0070       0.0000 4.314495e+01  65.884418  70.023450  73.030344
0.0092 0.0070       0.0000 4.326524e+01  65.838940  69.972308  72.946732
0.0093 0.0070       0.0000 4.338402e+01  65.794736  69.922802  72.864492
0.0094 0.0070       0.0000 4.350158e+01  65.752186  69.874263  72.782649
0.0095 0.0070       0.0000 4.361641e+01  65.711697  69.827346  72.700802
0.0096 0.0070       0.0000 4.373003e+01  65.672308  69.781543  72.624515
0.0097 0.0070       0.0000 4.384319e+01  65.634083  69.737345  72.545294
0.0098 0.0070       0.0000 4.395242e+01  65.598659  69.694432  72.473027
0.0099 0.0070       0.0000 4.406123e+01  65.563609  69.652345  72.399306
0.0100 0.0070       0.0000 4.416853e+01  65.530599  69.611442  72.326569
0.0000 0.0071     513.0914 4.058216e-09  50.914789  50.914196  53.707238
0.0001 0.0071     513.4075 1.138831e+00  79.870015  79.818392  89.399161
0.0002 0.0071     514.3535 2.316804e+00  79.849650  79.736002  89.208544
0.0003 0.0071     515.9223 3.513545e+00  79.796810  79.650804  89.021911
0.0004 0.0071     518.1021 4.717433e+00  79.721984  79.554322  88.841395
0.0005 0.0071     520.8765 5.918654e+00  79.622739  79.447999  88.655574
0.0006 0.0071     524.2250 7.110205e+00  79.498772  79.335331  88.459225
0.0007 0.0071     528.1228 8.286002e+00  79.353782  79.218280  88.258291
0.0008 0.0071     532.5417 9.437499e+00  79.190135  79.095738  88.054117
0.0009 0.0071     537.4497 1.056101e+01  79.009027  78.971856  87.851906
0.0010 0.0071     542.8121 1.165580e+01  78.813479  78.843122  87.640580
0.0011 0.0071     548.5914 1.271964e+01  78.606206  78.712483  87.424099
0.0012 0.0071     554.7479 1.374969e+01  78.386959  78.580323  87.207239
0.0013 0.0071     561.2403 1.474690e+01  78.159147  78.445170  86.977610
0.0014 0.0071     568.0257 1.570918e+01  77.923648  78.308690  86.760085
0.0015 0.0071     575.0608 1.663800e+01  77.682659  78.171387  86.535175
0.0016 0.0071     582.3013 1.753521e+01  77.437315  78.032175  86.305689
0.0017 0.0071     589.7035 1.839836e+01  77.187180  77.891878  86.082918
0.0018 0.0071     597.2236 1.923091e+01  76.934778  77.751579  85.851653
0.0019 0.0071     604.8189 2.003326e+01  76.680739  77.610339  85.618433
0.0020 0.0071     612.4478 2.080657e+01  76.426102  77.468180  85.384375
0.0021 0.0071     620.0699 2.155112e+01  76.170949  77.326281  85.153652
0.0022 0.0071     627.6470 2.226938e+01  75.915008  77.184616  84.917720
0.0023 0.0071     635.1425 2.296164e+01  75.660864  77.041915  84.683983
0.0024 0.0071     642.5221 2.362918e+01  75.408244  76.900192  84.448077
0.0025 0.0071     649.7540 2.427311e+01  75.156773  76.758412  84.215526
0.0026 0.0071     656.8087 2.489460e+01  74.907491  76.616943  83.976373
0.0027 0.0071     663.6595 2.549451e+01  74.661368  76.476578  83.741490
0.0028 0.0071     670.2821 2.607383e+01  74.417553  76.333999  83.507822
0.0029 0.0071     676.6552 2.663369e+01  74.177874  76.194675  83.274828
0.0030 0.0071     682.7598 2.717560e+01  73.939070  76.056046  83.042989
0.0031 0.0071     688.5798 2.769717e+01  73.706050  75.919408  82.807144
0.0032 0.0071     694.1015 2.820352e+01  73.474338  75.782342  82.581842
0.0033 0.0071     699.3137 2.869386e+01  73.248142  75.646690  82.353747
0.0034 0.0071     704.2078 2.916810e+01  73.025095  75.511162  82.125032
0.0035 0.0071     708.7771 2.962707e+01  72.805548  75.377442  81.901484
0.0036 0.0071     713.0172 3.007218e+01  72.590213  75.244581  81.676331
0.0037 0.0071     716.9257 3.050358e+01  72.378461  75.112303  81.454949
0.0038 0.0071     720.5020 3.092146e+01  72.172082  74.982344  81.228486
0.0039 0.0071     723.7471 3.132569e+01  71.968636  74.852694  81.020653
0.0040 0.0071     726.6635 3.172273e+01  71.767253  74.724653  80.799662
0.0041 0.0071     729.2553 3.210226e+01  71.572796  74.597569  80.591408
0.0042 0.0071     731.5274 3.247381e+01  71.381252  74.472446  80.379288
0.0043 0.0071     733.4860 3.283422e+01  71.194266  74.348391  80.173336
0.0044 0.0071     735.1383 3.318442e+01  71.010526  74.225934  79.967657
0.0045 0.0071     736.4920 3.352551e+01  70.830381  74.105057  79.761245
0.0046 0.0071     737.5555 3.385672e+01  70.655279  73.984832  79.560698
0.0047 0.0071     738.3379 3.417866e+01  70.483979  73.866453  79.363216
0.0048 0.0071     738.8484 3.449213e+01  70.316325  73.750530  79.169671
0.0049 0.0071     739.0967 3.479744e+01  70.152931  73.635644  78.972721
0.0050 0.0071     739.0927 3.509435e+01  69.992955  73.521783  78.787199
0.0051 0.0071     738.8463 3.538373e+01  69.836996  73.410285  78.598453
0.0052 0.0071     738.3675 3.566624e+01  69.683846  73.299765  78.412827
0.0053 0.0071     737.6662 3.594152e+01  69.535306  73.190552  78.229895
0.0054 0.0071     736.7522 3.620925e+01  69.390257  73.082851  78.048913
0.0055 0.0071     735.6353 3.647074e+01  69.248434  72.977197  77.871948
0.0056 0.0071     734.3249 3.672551e+01  69.110038  72.873035  77.700004
0.0057 0.0071     732.8304 3.697393e+01  68.975325  72.771091  77.527242
0.0058 0.0071     731.1607 3.721670e+01  68.844910  72.669683  77.358681
0.0059 0.0071     729.3246 3.745284e+01  68.717462  72.569573  77.195271
0.0060 0.0071     727.3305 3.768508e+01  68.592767  72.471740  77.028836
0.0061 0.0071     725.1866 3.791159e+01  68.471301  72.375008  76.867332
0.0062 0.0071     722.9006 3.813239e+01  68.353012  72.280773  76.711891
0.0063 0.0071     720.4801 3.834619e+01  68.239466  72.188207  76.561917
0.0064 0.0071     717.9322 3.855878e+01  68.125472  72.096346  76.406431
0.0065 0.0071     715.2637 3.876498e+01  68.017452  72.005458  76.255119
0.0066 0.0071     712.4811 3.896584e+01  67.912080  71.917263  76.109727
0.0067 0.0071     709.5907 3.916294e+01  67.809221  71.831209  75.971724
0.0068 0.0071     706.5984 3.935617e+01  67.708650  71.745283  75.827018
0.0069 0.0071     703.5097 3.954491e+01  67.611038  71.661475  75.690452
0.0070 0.0071     700.3300 3.972972e+01  67.516656  71.578914  75.550757
0.0071 0.0071       0.0000 3.991026e+01  67.424608  71.498165  75.419549
0.0072 0.0071       0.0000 4.008799e+01  67.334973  71.418543  75.287195
0.0073 0.0071       0.0000 4.026242e+01  67.248282  71.341010  75.157111
0.0074 0.0071       0.0000 4.043186e+01  67.164334  71.264534  75.032514
0.0075 0.0071       0.0000 4.059966e+01  67.082312  71.189570  74.904813
0.0076 0.0071       0.0000 4.076262e+01  67.002849  71.116022  74.786574
0.0077 0.0071       0.0000 4.092282e+01  66.925752  71.043950  74.669944
0.0078 0.0071       0.0000 4.108034e+01  66.850863  70.973344  74.551790
0.0079 0.0071       0.0000 4.123484e+01  66.778587  70.904905  74.436343
0.0080 0.0071       0.0000 4.138624e+01  66.708306  70.837657  74.326429
0.0081 0.0071       0.0000 4.153531e+01  66.640223  70.771118  74.215272
0.0082 0.0071       0.0000 4.168128e+01  66.574198  70.706590  74.105282
0.0083 0.0071       0.0000 4.182372e+01  66.511464  70.643354  73.998765
0.0084 0.0071       0.0000 4.196459e+01  66.449286  70.581247  73.897138
0.0085 0.0071       0.0000 4.210349e+01  66.388466  70.520053  73.794731
0.0086 0.0071       0.0000 4.223956e+01  66.330388  70.460098  73.700231
0.0087 0.0071       0.0000 4.237263e+01  66.274689  70.402056  73.602981
0.0088 0.0071       0.0000 4.250416e+01  66.220536  70.345822  73.508595
0.0089 0.0071       0.0000 4.263314e+01  66.168219  70.290535  73.418354
0.0090 0.0071       0.0000 4.276062e+01  66.117550  70.236365  73.330131
0.0091 0.0071       0.0000 4.288607e+01  66.068780  70.184153  73.242044
0.0092 0.0071       0.0000 4.300817e+01  66.021900  70.132908  73.155794
0.0093 0.0071       0.0000 4.312947e+01  65.976825  70.083046  73.068605
0.0094 0.0071       0.0000 4.324855e+01  65.933221  70.034057  72.984865
0.0095 0.0071       0.0000 4.336630e+01  65.890682  69.986656  72.905687
0.0096 0.0071       0.0000 4.348160e+01  65.850808  69.940285  72.824984
0.0097 0.0071       0.0000 4.359556e+01  65.812022  69.895267  72.745506
0.0098 0.0071       0.0000 4.370904e+01  65.772936  69.852073  72.670309
0.0099 0.0071       0.0000 4.382014e+01  65.737272  69.809764  72.592148
0.0100 0.0071       0.0000 4.392861e+01  65.703392  69.768085  72.520095
0.0000 0.0072     493.1388 2.328551e-07  50.924248  50.923833  53.682441
0.0001 0.0072     493.4411 1.124048e+00  79.904106  79.855423  89.413982
0.0002 0.0072     494.3456 2.286327e+00  79.882272  79.775748  89.222826
0.0003 0.0072     495.8458 3.467140e+00  79.833937  79.691485  89.050488
0.0004 0.0072     497.9305 4.654473e+00  79.759267  79.598156  88.873324
0.0005 0.0072     500.5846 5.841618e+00  79.661703  79.494392  88.683547
0.0006 0.0072     503.7885 7.014167e+00  79.541220  79.385488  88.498010
0.0007 0.0072     507.5192 8.171466e+00  79.400620  79.269989  88.299935
0.0008 0.0072     511.7501 9.309286e+00  79.240609  79.150444  88.097263
0.0009 0.0072     516.4513 1.041880e+01  79.064363  79.029861  87.901475
0.0010 0.0072     521.5899 1.149972e+01  78.873822  78.904626  87.695720
0.0011 0.0072     527.1308 1.254934e+01  78.671546  78.777594  87.488690
0.0012 0.0072     533.0366 1.356660e+01  78.458027  78.647810  87.274460
0.0013 0.0072     539.2683 1.455091e+01  78.235597  78.516063  87.057817
0.0014 0.0072     545.7856 1.550151e+01  78.006666  78.382885  86.839740
0.0015 0.0072     552.5473 1.641997e+01  77.769648  78.249845  86.616700
0.0016 0.0072     559.5119 1.730607e+01  77.530728  78.112958  86.395694
0.0017 0.0072     566.6376 1.815924e+01  77.286647  77.975679  86.175177
0.0018 0.0072     573.8831 1.898329e+01  77.038687  77.837589  85.949864
0.0019 0.0072     581.2078 1.977686e+01  76.791676  77.699372  85.726272
0.0020 0.0072     588.5719 2.054135e+01  76.541445  77.560342  85.495721
0.0021 0.0072     595.9373 2.127902e+01  76.290772  77.420839  85.261622
0.0022 0.0072     603.2670 2.199092e+01  76.040944  77.281650  85.036105
0.0023 0.0072     610.5262 2.267693e+01  75.791931  77.142648  84.807206
0.0024 0.0072     617.6820 2.333900e+01  75.543686  77.003037  84.575082
0.0025 0.0072     624.7036 2.397765e+01  75.297364  76.864175  84.342798
0.0026 0.0072     631.5627 2.459344e+01  75.052804  76.725495  84.115598
0.0027 0.0072     638.2333 2.518895e+01  74.811059  76.586704  83.882589
0.0028 0.0072     644.6918 2.576393e+01  74.571505  76.449507  83.652570
0.0029 0.0072     650.9173 2.632052e+01  74.335166  76.309881  83.422844
0.0030 0.0072     656.8912 2.685811e+01  74.102212  76.173345  83.197452
0.0031 0.0072     662.5975 2.737896e+01  73.870983  76.038143  82.968637
0.0032 0.0072     668.0227 2.788113e+01  73.644675  75.904527  82.745454
0.0033 0.0072     673.1554 2.836836e+01  73.421171  75.770658  82.518063
0.0034 0.0072     677.9867 2.884112e+01  73.201014  75.637346  82.291219
0.0035 0.0072     682.5098 2.929802e+01  72.984915  75.505510  82.073076
0.0036 0.0072     686.7198 2.974174e+01  72.772764  75.374715  81.854138
0.0037 0.0072     690.6139 3.017035e+01  72.563805  75.244379  81.635698
0.0038 0.0072     694.1908 3.058819e+01  72.358533  75.115695  81.420948
0.0039 0.0072     697.4512 3.099343e+01  72.157594  74.988291  81.202713
0.0040 0.0072     700.3968 3.138495e+01  71.960931  74.861766  80.993742
0.0041 0.0072     703.0311 3.176876e+01  71.766164  74.736514  80.780736
0.0042 0.0072     705.3584 3.213869e+01  71.577304  74.612942  80.569591
0.0043 0.0072     707.3843 3.249901e+01  71.392008  74.490323  80.367909
0.0044 0.0072     709.1151 3.284933e+01  71.210006  74.368769  80.164435
0.0045 0.0072     710.5581 3.318998e+01  71.032163  74.249343  79.964743
0.0046 0.0072     711.7209 3.352136e+01  70.858366  74.130982  79.764569
0.0047 0.0072     712.6120 3.384446e+01  70.687976  74.013953  79.566886
0.0048 0.0072     713.2401 3.415821e+01  70.521330  73.898597  79.374344
0.0049 0.0072     713.6143 3.446374e+01  70.358735  73.784924  79.181105
0.0050 0.0072     713.7438 3.476163e+01  70.199591  73.672583  78.996147
0.0051 0.0072     713.6380 3.505213e+01  70.044621  73.561911  78.806270
0.0052 0.0072     713.3065 3.533521e+01  69.892311  73.451970  78.624398
0.0053 0.0072     712.7587 3.561195e+01  69.743591  73.343378  78.443467
0.0054 0.0072     712.0040 3.588042e+01  69.599324  73.237235  78.265809
0.0055 0.0072     711.0518 3.614329e+01  69.457772  73.132308  78.089087
0.0056 0.0072     709.9110 3.639952e+01  69.319665  73.029114  77.913654
0.0057 0.0072     708.5906 3.664960e+01  69.185185  72.926905  77.743047
0.0058 0.0072     707.0994 3.689342e+01  69.054635  72.826376  77.578427
0.0059 0.0072     705.4458 3.713135e+01  68.927462  72.727001  77.409699
0.0060 0.0072     703.6379 3.736404e+01  68.803097  72.629949  77.248044
0.0061 0.0072     701.6836 3.759291e+01  68.680613  72.534950  77.089265
0.0062 0.0072     699.5904 3.781561e+01  68.562499  72.440533  76.927840
0.0063 0.0072     697.3657 3.803306e+01  68.447327  72.348043  76.777697
0.0064 0.0072     695.0164 3.824573e+01  68.334529  72.256806  76.625825
0.0065 0.0072     692.5491 3.845275e+01  68.226150  72.167276  76.476190
0.0066 0.0072     689.9701 3.865759e+01  68.118971  72.078950  76.329606
0.0067 0.0072     687.2855 3.885555e+01  68.016111  71.991935  76.183712
0.0068 0.0072     684.5011 3.905003e+01  67.915518  71.906202  76.046853
0.0069 0.0072     681.6222 3.924121e+01  67.817123  71.823494  75.906803
0.0070 0.0072       0.0000 3.942777e+01  67.721704  71.741321  75.775283
0.0071 0.0072       0.0000 3.961042e+01  67.629128  71.660407  75.638079
0.0072 0.0072       0.0000 3.978999e+01  67.538479  71.581149  75.507546
0.0073 0.0072       0.0000 3.996601e+01  67.450961  71.503422  75.376264
0.0074 0.0072       0.0000 4.013829e+01  67.365726  71.427269  75.249234
0.0075 0.0072       0.0000 4.030737e+01  67.283238  71.352141  75.125279
0.0076 0.0072       0.0000 4.047286e+01  67.203390  71.278691  75.004245
0.0077 0.0072       0.0000 4.063541e+01  67.124730  71.206651  74.883109
0.0078 0.0072       0.0000 4.079398e+01  67.049692  71.135905  74.770625
0.0079 0.0072       0.0000 4.095106e+01  66.975235  71.066653  74.655908
0.0080 0.0072       0.0000 4.110502e+01  66.904181  70.999642  74.538743
0.0081 0.0072       0.0000 4.125555e+01  66.835221  70.933421  74.430135
0.0082 0.0072       0.0000 4.140370e+01  66.768050  70.868285  74.320695
0.0083 0.0072       0.0000 4.154902e+01  66.703808  70.805218  74.209683
0.0084 0.0072       0.0000 4.169189e+01  66.639636  70.742239  74.106978
0.0085 0.0072       0.0000 4.183188e+01  66.579375  70.680731  74.007407
0.0086 0.0072       0.0000 4.197053e+01  66.519949  70.621359  73.907109
0.0087 0.0072       0.0000 4.210607e+01  66.462859  70.562886  73.811667
0.0088 0.0072       0.0000 4.223943e+01  66.407597  70.505501  73.718167
0.0089 0.0072       0.0000 4.237087e+01  66.353968  70.450669  73.624889
0.0090 0.0072       0.0000 4.250007e+01  66.302144  70.396440  73.534588
0.0091 0.0072       0.0000 4.262705e+01  66.252632  70.343641  73.446203
0.0092 0.0072       0.0000 4.275241e+01  66.204206  70.291952  73.355755
0.0093 0.0072       0.0000 4.287565e+01  66.157587  70.241555  73.270167
0.0094 0.0072       0.0000 4.299695e+01  66.112588  70.192450  73.185646
0.0095 0.0072       0.0000 4.311659e+01  66.069025  70.144687  73.104158
0.0096 0.0072       0.0000 4.323553e+01  66.026887  70.097800  73.020762
0.0097 0.0072       0.0000 4.335097e+01  65.986555  70.052449  72.942761
0.0098 0.0072       0.0000 4.346549e+01  65.947680  70.008123  72.867075
0.0099 0.0072       0.0000 4.357886e+01  65.910062  69.965048  72.795110
0.0100 0.0072       0.0000 4.369029e+01  65.874611  69.923527  72.714157
0.0000 0.0073     474.1397 1.022851e-07  50.939046  50.938653  53.662756
0.0001 0.0073     474.4288 1.109606e+00  79.936758  79.889551  89.424549
0.0002 0.0073     475.2941 2.256681e+00  79.915097  79.813809  89.235376
0.0003 0.0073     476.7293 3.421372e+00  79.865941  79.730918  89.057710
0.0004 0.0073     478.7240 4.593025e+00  79.795398  79.640247  88.898748
0.0005 0.0073     481.2638 5.762797e+00  79.699658  79.539871  88.717000
0.0006 0.0073     484.3307 6.920671e+00  79.583344  79.433654  88.535000
0.0007 0.0073     487.9029 8.063711e+00  79.445409  79.321139  88.339813
0.0008 0.0073     491.9554 9.184741e+00  79.289888  79.206112  88.148741
0.0009 0.0073     496.4601 1.028004e+01  79.118287  79.086040  87.945522
0.0010 0.0073     501.3861 1.134679e+01  78.932219  78.964612  87.747876
0.0011 0.0073     506.7003 1.238291e+01  78.735613  78.840610  87.546635
0.0012 0.0073     512.3675 1.338711e+01  78.527768  78.714041  87.339294
0.0013 0.0073     518.3510 1.435901e+01  78.310145  78.586520  87.127587
0.0014 0.0073     524.6127 1.529870e+01  78.086835  78.455555  86.914878
0.0015 0.0073     531.1136 1.620567e+01  77.856410  78.324739  86.699209
0.0016 0.0073     537.8145 1.708155e+01  77.620816  78.191492  86.477115
0.0017 0.0073     544.6758 1.792612e+01  77.381755  78.057497  86.260171
0.0018 0.0073     551.6583 1.873939e+01  77.140661  77.922149  86.045979
0.0019 0.0073     558.7233 1.952582e+01  76.896312  77.786876  85.821851
0.0020 0.0073     565.8332 2.028310e+01  76.652326  77.650062  85.597728
0.0021 0.0073     572.9513 2.101346e+01  76.407892  77.513857  85.374185
0.0022 0.0073     580.0425 2.171799e+01  76.163557  77.376966  85.148476
0.0023 0.0073     587.0734 2.239688e+01  75.918730  77.240552  84.923500
0.0024 0.0073     594.0124 2.305305e+01  75.675364  77.104555  84.696097
0.0025 0.0073     600.8298 2.368301e+01  75.428717  76.966479  84.472903
0.0026 0.0073     607.4983 2.429838e+01  75.194355  76.830887  84.245553
0.0027 0.0073     613.9927 2.488881e+01  74.956654  76.695365  84.020213
0.0028 0.0073     620.2902 2.546031e+01  74.722026  76.560390  83.790151
0.0029 0.0073     626.3701 2.601200e+01  74.489587  76.425202  83.568317
0.0030 0.0073     632.2144 2.654656e+01  74.259922  76.288585  83.347707
0.0031 0.0073     637.8072 2.706395e+01  74.033680  76.154693  83.122783
0.0032 0.0073     643.1349 2.756397e+01  73.810300  76.022149  82.902189
0.0033 0.0073     648.1864 2.804884e+01  73.589897  75.892639  82.678776
0.0034 0.0073     652.9523 2.851862e+01  73.372904  75.760649  82.455536
0.0035 0.0073     657.4257 2.897353e+01  73.160673  75.630993  82.239741
0.0036 0.0073     661.6013 2.941637e+01  72.949993  75.502180  82.023656
0.0037 0.0073     665.4759 2.984419e+01  72.745253  75.373883  81.809147
0.0038 0.0073     669.0479 3.025999e+01  72.542273  75.246756  81.596030
0.0039 0.0073     672.3171 3.066419e+01  72.344055  75.121833  81.376463
0.0040 0.0073     675.2850 3.105636e+01  72.148294  74.996435  81.173823
0.0041 0.0073     677.9543 3.143767e+01  71.957128  74.873080  80.966286
0.0042 0.0073     680.3287 3.180887e+01  71.769508  74.750443  80.757721
0.0043 0.0073     682.4133 3.216794e+01  71.586646  74.629429  80.558007
0.0044 0.0073     684.2137 3.251811e+01  71.406468  74.509550  80.356377
0.0045 0.0073     685.7365 3.285844e+01  71.230077  74.391742  80.160857
0.0046 0.0073     686.9888 3.318968e+01  71.057353  74.274686  79.965450
0.0047 0.0073     687.9785 3.351307e+01  70.888655  74.159208  79.768610
0.0048 0.0073     688.7137 3.382869e+01  70.722938  74.044550  79.572322
0.0049 0.0073     689.2029 3.413458e+01  70.561389  73.931701  79.381001
0.0050 0.0073     689.4548 3.443373e+01  70.403036  73.820898  79.196284
0.0051 0.0073     689.4784 3.472400e+01  70.248509  73.710563  79.012415
0.0052 0.0073     689.2826 3.500814e+01  70.097174  73.601727  78.831332
0.0053 0.0073     688.8765 3.528541e+01  69.949405  73.494992  78.652022
0.0054 0.0073     688.2690 3.555566e+01  69.805246  73.389477  78.474008
0.0055 0.0073     687.4691 3.581946e+01  69.664170  73.285084  78.298315
0.0056 0.0073     686.4855 3.607724e+01  69.526361  73.181834  78.124092
0.0057 0.0073     685.3267 3.632864e+01  69.392255  73.081180  77.953942
0.0058 0.0073     684.0012 3.657396e+01  69.261541  72.981065  77.787408
0.0059 0.0073     682.5171 3.681363e+01  69.133938  72.882639  77.622058
0.0060 0.0073     680.8823 3.704721e+01  69.009650  72.786146  77.462961
0.0061 0.0073     679.1044 3.727760e+01  68.887077  72.691533  77.301587
0.0062 0.0073     677.1907 3.750175e+01  68.768596  72.597627  77.144225
0.0063 0.0073     675.1483 3.772045e+01  68.653141  72.505503  76.990481
0.0064 0.0073     672.9839 3.793514e+01  68.540386  72.415084  76.840250
0.0065 0.0073     670.7041 3.814440e+01  68.431089  72.325930  76.692471
0.0066 0.0073     668.3149 3.834977e+01  68.324645  72.237648  76.544337
0.0067 0.0073     665.8223 3.855028e+01  68.220476  72.151035  76.402762
0.0068 0.0073     663.2318 3.874741e+01  68.118536  72.066035  76.260409
0.0069 0.0073       0.0000 3.893947e+01  68.020335  71.982296  76.124796
0.0070 0.0073       0.0000 3.912851e+01  67.924197  71.900925  75.987228
0.0071 0.0073       0.0000 3.931297e+01  67.830761  71.820176  75.856085
0.0072 0.0073       0.0000 3.949435e+01  67.739911  71.741174  75.722380
0.0073 0.0073       0.0000 3.967203e+01  67.651390  71.663402  75.592095
0.0074 0.0073       0.0000 3.984653e+01  67.565219  71.587142  75.464483
0.0075 0.0073       0.0000 4.001742e+01  67.481724  71.512726  75.341624
0.0076 0.0073       0.0000 4.018508e+01  67.400462  71.439051  75.216018
0.0077 0.0073       0.0000 4.034958e+01  67.321842  71.366928  75.098962
0.0078 0.0073       0.0000 4.051111e+01  67.245091  71.296589  74.979046
0.0079 0.0073       0.0000 4.066964e+01  67.170467  71.227092  74.865855
0.0080 0.0073       0.0000 4.082498e+01  67.098068  71.159386  74.753915
0.0081 0.0073       0.0000 4.097826e+01  67.028225  71.093265  74.638714
0.0082 0.0073       0.0000 4.112791e+01  66.960113  71.028451  74.529249
0.0083 0.0073       0.0000 4.127465e+01  66.895104  70.965293  74.423250
0.0084 0.0073       0.0000 4.142079e+01  66.829640  70.901721  74.316144
0.0085 0.0073       0.0000 4.156319e+01  66.767694  70.840142  74.212133
0.0086 0.0073       0.0000 4.170323e+01  66.707698  70.780149  74.115119
0.0087 0.0073       0.0000 4.184126e+01  66.649418  70.721942  74.014503
0.0088 0.0073       0.0000 4.197691e+01  66.592941  70.665174  73.918263
0.0089 0.0073       0.0000 4.211020e+01  66.538154  70.608735  73.825904
0.0090 0.0073       0.0000 4.224067e+01  66.485188  70.554394  73.736256
0.0091 0.0073       0.0000 4.237019e+01  66.434057  70.501220  73.650321
0.0092 0.0073       0.0000 4.249762e+01  66.384610  70.449244  73.559655
0.0093 0.0073       0.0000 4.262291e+01  66.336915  70.398718  73.470347
0.0094 0.0073       0.0000 4.274654e+01  66.290556  70.349271  73.385813
0.0095 0.0073       0.0000 4.286844e+01  66.245551  70.301048  73.300760
0.0096 0.0073       0.0000 4.298792e+01  66.202764  70.253732  73.217538
0.0097 0.0073       0.0000 4.310697e+01  66.161078  70.207430  73.139285
0.0098 0.0073       0.0000 4.322254e+01  66.121642  70.162736  73.059735
0.0099 0.0073       0.0000 4.333828e+01  66.082194  70.119392  72.986314
0.0100 0.0073       0.0000 4.345190e+01  66.044403  70.076942  72.911039
0.0000 0.0074     456.0394 0.000000e+00  50.959239  50.958899  53.648315
0.0001 0.0074     456.3161 1.095505e+00  79.967180  79.923956  89.428953
0.0002 0.0074     457.1442 2.227488e+00  79.946241  79.849734  89.244438
0.0003 0.0074     458.5177 3.376716e+00  79.898461  79.769816  89.074939
0.0004 0.0074     460.4270 4.532476e+00  79.829866  79.680373  88.914329
0.0005 0.0074     462.8586 5.685931e+00  79.737523  79.583515  88.744743
0.0006 0.0074     465.7955 6.829062e+00  79.623359  79.480679  88.565879
0.0007 0.0074     469.2173 7.956878e+00  79.489813  79.370859  88.378246
0.0008 0.0074     473.1003 9.063128e+00  79.337276  79.259157  88.188485
0.0009 0.0074     477.4183 1.014373e+01  79.171609  79.142421  87.993856
0.0010 0.0074     482.1422 1.119678e+01  78.990242  79.023686  87.799596
0.0011 0.0074     487.2407 1.221943e+01  78.797974  78.902037  87.601580
0.0012 0.0074     492.6809 1.321194e+01  78.594564  78.778282  87.398817
0.0013 0.0074     498.4278 1.417162e+01  78.383025  78.652846  87.188495
0.0014 0.0074     504.4456 1.509963e+01  78.163859  78.525850  86.983893
0.0015 0.0074     510.6976 1.599581e+01  77.938678  78.397549  86.774697
0.0016 0.0074     517.1464 1.686102e+01  77.709357  78.267613  86.556195
0.0017 0.0074     523.7547 1.769769e+01  77.475284  78.136762  86.340423
0.0018 0.0074     530.4852 1.850144e+01  77.239393  78.003966  86.134087
0.0019 0.0074     537.3011 1.927947e+01  77.000509  77.870709  85.914891
0.0020 0.0074     544.1666 2.002854e+01  76.761221  77.737452  85.698110
0.0021 0.0074     551.0467 2.075171e+01  76.521382  77.604592  85.477426
0.0022 0.0074     557.9080 2.144908e+01  76.282264  77.469806  85.259250
0.0023 0.0074     564.7182 2.212285e+01  76.041854  77.336013  85.037155
0.0024 0.0074     571.4472 2.277315e+01  75.803836  77.202393  84.813271
0.0025 0.0074     578.0664 2.340072e+01  75.567205  77.068484  84.591105
0.0026 0.0074     584.5494 2.400739e+01  75.331922  76.934424  84.371012
0.0027 0.0074     590.8717 2.459075e+01  75.093349  76.799646  84.153892
0.0028 0.0074     597.0111 2.516059e+01  74.868298  76.668157  83.931013
0.0029 0.0074     602.9477 2.570899e+01  74.640113  76.535642  83.708937
0.0030 0.0074     608.6636 2.623919e+01  74.414471  76.402965  83.487276
0.0031 0.0074     614.1431 2.675372e+01  74.191966  76.269200  83.269199
0.0032 0.0074     619.3729 2.725130e+01  73.971868  76.139969  83.050805
0.0033 0.0074     624.3416 2.773357e+01  73.755448  76.009407  82.835358
0.0034 0.0074     629.0399 2.820266e+01  73.540465  75.881127  82.615944
0.0035 0.0074     633.4606 2.865606e+01  73.331153  75.754035  82.399112
0.0036 0.0074     637.5981 2.909469e+01  73.125113  75.627353  82.187800
0.0037 0.0074     641.4488 2.952194e+01  72.922126  75.500639  81.977950
0.0038 0.0074     645.0106 2.993645e+01  72.722292  75.375720  81.768269
0.0039 0.0074     648.2830 3.033952e+01  72.525708  75.251076  81.557348
0.0040 0.0074     651.2669 3.073147e+01  72.333004  75.128757  81.351227
0.0041 0.0074     653.9643 3.111189e+01  72.143506  75.006420  81.143666
0.0042 0.0074     656.3786 3.148013e+01  71.959112  74.886254  80.944258
0.0043 0.0074     658.5141 3.184126e+01  71.777030  74.766022  80.742828
0.0044 0.0074     660.3758 3.219089e+01  71.599288  74.647837  80.546367
0.0045 0.0074     661.9699 3.253235e+01  71.423583  74.530797  80.344634
0.0046 0.0074     663.3028 3.286381e+01  71.252097  74.415108  80.155638
0.0047 0.0074     664.3818 3.318697e+01  71.084864  74.300847  79.961475
0.0048 0.0074     665.2145 3.350235e+01  70.920889  74.187956  79.768944
0.0049 0.0074     665.8088 3.380922e+01  70.760530  74.075794  79.578491
0.0050 0.0074     666.1730 3.410860e+01  70.603079  73.965945  79.391950
0.0051 0.0074     666.3154 3.440060e+01  70.449064  73.856675  79.210676
0.0052 0.0074     666.2448 3.468536e+01  70.298727  73.749309  79.029403
0.0053 0.0074     665.9695 3.496307e+01  70.151338  73.643484  78.852310
0.0054 0.0074     665.4982 3.523453e+01  70.007659  73.538563  78.678006
0.0055 0.0074     664.8395 3.549983e+01  69.866711  73.434941  78.502934
0.0056 0.0074     664.0016 3.575806e+01  69.729799  73.333127  78.330242
0.0057 0.0074     662.9928 3.601103e+01  69.595275  73.232786  78.158590
0.0058 0.0074     661.8213 3.625746e+01  69.464915  73.134202  77.995721
0.0059 0.0074     660.4948 3.649849e+01  69.337392  73.035901  77.829667
0.0060 0.0074     659.0211 3.673419e+01  69.212825  72.940237  77.668088
0.0061 0.0074     657.4074 3.696378e+01  69.091938  72.845115  77.512124
0.0062 0.0074     655.6609 3.719057e+01  68.972109  72.752336  77.354261
0.0063 0.0074     653.7884 3.741136e+01  68.856178  72.660331  77.200058
0.0064 0.0074     651.7965 3.762701e+01  68.743390  72.570782  77.052298
0.0065 0.0074     649.6915 3.783880e+01  68.633047  72.482511  76.903616
0.0066 0.0074     647.4794 3.804614e+01  68.526551  72.392205  76.753924
0.0067 0.0074     645.1660 3.824779e+01  68.422415  72.308207  76.611716
0.0068 0.0074       0.0000 3.844626e+01  68.320145  72.223104  76.472616
0.0069 0.0074       0.0000 3.864056e+01  68.221087  72.139827  76.332713
0.0070 0.0074       0.0000 3.883157e+01  68.124121  72.058875  76.195132
0.0071 0.0074       0.0000 3.901786e+01  68.030158  71.978550  76.066790
0.0072 0.0074       0.0000 3.920126e+01  67.938246  71.899304  75.936347
0.0073 0.0074       0.0000 3.938088e+01  67.849830  71.818226  75.799341
0.0074 0.0074       0.0000 3.955709e+01  67.762570  71.745421  75.675232
0.0075 0.0074       0.0000 3.972886e+01  67.678938  71.670592  75.552351
0.0076 0.0074       0.0000 3.989939e+01  67.596207  71.597700  75.429696
0.0077 0.0074       0.0000 4.006601e+01  67.516402  71.525818  75.307844
0.0078 0.0074       0.0000 4.022951e+01  67.438928  71.455010  75.189785
0.0079 0.0074       0.0000 4.038966e+01  67.363499  71.385752  75.074173
0.0080 0.0074       0.0000 4.054722e+01  67.290316  71.317489  74.960113
0.0081 0.0074       0.0000 4.070210e+01  67.219176  71.251295  74.848032
0.0082 0.0074       0.0000 4.085422e+01  67.150287  71.186518  74.735838
0.0083 0.0074       0.0000 4.100317e+01  67.084154  71.122980  74.626975
0.0084 0.0074       0.0000 4.115114e+01  67.018276  71.059182  74.522595
0.0085 0.0074       0.0000 4.129538e+01  66.954927  70.997719  74.419367
0.0086 0.0074       0.0000 4.143753e+01  66.893779  70.937620  74.318845
0.0087 0.0074       0.0000 4.157756e+01  66.834331  70.878983  74.215719
0.0088 0.0074       0.0000 4.171485e+01  66.776498  70.821739  74.117548
0.0089 0.0074       0.0000 4.185034e+01  66.720781  70.766402  74.024042
0.0090 0.0074       0.0000 4.198394e+01  66.666816  70.711102  73.932847
0.0091 0.0074       0.0000 4.211488e+01  66.614224  70.657413  73.844563
0.0092 0.0074       0.0000 4.224397e+01  66.563757  70.604896  73.755529
0.0093 0.0074       0.0000 4.237151e+01  66.514877  70.553868  73.668926
0.0094 0.0074       0.0000 4.249715e+01  66.467252  70.503924  73.584167
0.0095 0.0074       0.0000 4.262081e+01  66.421152  70.455879  73.496054
0.0096 0.0074       0.0000 4.274264e+01  66.377334  70.407975  73.412946
0.0097 0.0074       0.0000 4.286278e+01  66.334647  70.361303  73.334391
0.0098 0.0074       0.0000 4.298143e+01  66.293269  70.315773  73.254986
0.0099 0.0074       0.0000 4.309841e+01  66.253365  70.271741  73.178564
0.0100 0.0074       0.0000 4.321394e+01  66.215003  70.228958  73.103074
0.0000 0.0075     438.7872 0.000000e+00  50.964375  50.963900  53.621825
0.0001 0.0075     439.0520 1.081171e+00  79.996550  79.955803  89.435960
0.0002 0.0075     439.8448 2.198821e+00  79.976827  79.884388  89.250764
0.0003 0.0075     441.1599 3.332920e+00  79.931595  79.805970  89.092259
0.0004 0.0075     442.9882 4.473318e+00  79.863751  79.719967  88.932321
0.0005 0.0075     445.3171 5.611833e+00  79.774244  79.626006  88.766553
0.0006 0.0075     448.1305 6.739947e+00  79.664124  79.525393  88.594187
0.0007 0.0075     451.4094 7.849248e+00  79.533009  79.419365  88.404447
0.0008 0.0075     455.1314 8.943859e+00  79.385032  79.309806  88.226902
0.0009 0.0075     459.2719 1.001023e+01  79.222711  79.196533  88.038111
0.0010 0.0075     463.8036 1.104984e+01  79.045629  79.080107  87.847327
0.0011 0.0075     468.6969 1.206027e+01  78.857805  78.961225  87.652331
0.0012 0.0075     473.9206 1.303940e+01  78.659050  78.841409  87.454533
0.0013 0.0075     479.4421 1.398730e+01  78.452922  78.718046  87.250227
0.0014 0.0075     485.2273 1.490443e+01  78.238882  78.593657  87.048974
0.0015 0.0075     491.2414 1.579019e+01  78.018666  78.468166  86.843258
0.0016 0.0075     497.4493 1.664582e+01  77.794364  78.341360  86.631973
0.0017 0.0075     503.8153 1.747191e+01  77.565492  78.213072  86.422932
0.0018 0.0075     510.3043 1.826756e+01  77.335187  78.083836  86.219340
0.0019 0.0075     516.8811 1.903676e+01  77.101591  77.953193  86.004551
0.0020 0.0075     523.5117 1.977982e+01  76.866736  77.822282  85.789850
0.0021 0.0075     530.1628 2.049396e+01  76.631768  77.691591  85.576081
0.0022 0.0075     536.8022 2.118619e+01  76.397510  77.559941  85.359327
0.0023 0.0075     543.3992 2.185273e+01  76.163352  77.428993  85.136237
0.0024 0.0075     549.9248 2.249643e+01  75.929493  77.298055  84.922255
0.0025 0.0075     556.3515 2.311913e+01  75.697425  77.165898  84.710580
0.0026 0.0075     562.6538 2.372121e+01  75.466471  77.034814  84.490208
0.0027 0.0075     568.8081 2.430327e+01  75.237742  76.903474  84.275351
0.0028 0.0075     574.7927 2.486648e+01  75.011339  76.773562  84.060979
0.0029 0.0075     580.5882 2.541113e+01  74.786984  76.643293  83.832986
0.0030 0.0075     586.1771 2.593829e+01  74.565192  76.512756  83.626087
0.0031 0.0075     591.5439 2.644916e+01  74.346358  76.383287  83.413066
0.0032 0.0075     596.6755 2.694432e+01  74.130302  76.253101  83.197250
0.0033 0.0075     601.5604 2.742379e+01  73.916899  76.126096  82.982340
0.0034 0.0075     606.1892 2.788980e+01  73.705722  75.999951  82.768866
0.0035 0.0075     610.5546 2.834155e+01  73.497746  75.869700  82.559111
0.0036 0.0075     614.6507 2.877961e+01  73.295347  75.749017  82.345001
0.0037 0.0075     618.4735 2.920449e+01  73.094932  75.624871  82.140814
0.0038 0.0075     622.0207 2.961776e+01  72.897613  75.500873  81.931713
0.0039 0.0075     625.2911 3.001922e+01  72.703894  75.378694  81.725950
0.0040 0.0075     628.2852 3.041025e+01  72.514483  75.258548  81.512808
0.0041 0.0075     631.0046 3.078983e+01  72.326521  75.137384  81.317966
0.0042 0.0075     633.4521 3.115874e+01  72.143327  75.018132  81.118313
0.0043 0.0075     635.6313 3.151704e+01  71.964152  74.899899  80.925624
0.0044 0.0075     637.5470 3.186903e+01  71.786578  74.783189  80.725382
0.0045 0.0075     639.2044 3.220911e+01  71.613976  74.667507  80.530603
0.0046 0.0075     640.6097 3.254100e+01  71.444527  74.553354  80.334715
0.0047 0.0075     641.7695 3.286475e+01  71.277484  74.440576  80.151593
0.0048 0.0075     642.6909 3.318003e+01  71.114149  74.328199  79.957243
0.0049 0.0075     643.3813 3.348787e+01  70.955020  74.217865  79.770451
0.0050 0.0075     643.8484 3.378737e+01  70.799203  74.108069  79.585920
0.0051 0.0075     644.1003 3.408034e+01  70.645843  74.000876  79.405197
0.0052 0.0075     644.1450 3.436569e+01  70.496296  73.894453  79.224597
0.0053 0.0075     643.9906 3.464549e+01  70.349191  73.788868  79.047203
0.0054 0.0075     643.6454 3.491709e+01  70.206423  73.685344  78.874684
0.0055 0.0075     643.1175 3.518275e+01  70.066002  73.582679  78.701500
0.0056 0.0075     642.4148 3.544292e+01  69.928993  73.482085  78.529585
0.0057 0.0075     641.5455 3.569619e+01  69.796096  73.382241  78.363356
0.0058 0.0075     640.5171 3.594354e+01  69.665293  73.284310  78.199958
0.0059 0.0075     639.3374 3.618598e+01  69.537786  73.187418  78.036451
0.0060 0.0075     638.0136 3.642366e+01  69.413209  73.091612  77.872598
0.0061 0.0075     636.5530 3.665539e+01  69.291493  72.997252  77.716878
0.0062 0.0075     634.9623 3.688315e+01  69.172595  72.904694  77.559744
0.0063 0.0075     633.2484 3.710551e+01  69.056228  72.814246  77.406981
0.0064 0.0075     631.4175 3.732301e+01  68.943279  72.724603  77.256565
0.0065 0.0075     629.4757 3.753546e+01  68.832149  72.635912  77.107481
0.0066 0.0075     627.4291 3.774502e+01  68.725438  72.545888  76.959806
0.0067 0.0075       0.0000 3.794859e+01  68.620898  72.462262  76.819552
0.0068 0.0075       0.0000 3.814841e+01  68.518849  72.377807  76.678159
0.0069 0.0075       0.0000 3.834417e+01  68.418795  72.295359  76.544830
0.0070 0.0075       0.0000 3.853655e+01  68.321961  72.214419  76.406329
0.0071 0.0075       0.0000 3.872511e+01  68.227082  72.134317  76.272207
0.0072 0.0075       0.0000 3.891001e+01  68.134996  72.055325  76.142358
0.0073 0.0075       0.0000 3.909106e+01  68.045462  71.977797  76.011110
0.0074 0.0075       0.0000 3.926941e+01  67.957642  71.901745  75.882170
0.0075 0.0075       0.0000 3.944359e+01  67.873298  71.826836  75.758416
0.0076 0.0075       0.0000 3.961516e+01  67.790071  71.753894  75.636600
0.0077 0.0075       0.0000 3.978406e+01  67.709285  71.681997  75.514147
0.0078 0.0075       0.0000 3.994876e+01  67.631054  71.612000  75.398125
0.0079 0.0075       0.0000 4.011148e+01  67.554749  71.541862  75.279951
0.0080 0.0075       0.0000 4.027090e+01  67.480601  71.474470  75.163750
0.0081 0.0075       0.0000 4.042812e+01  67.408500  71.407701  75.051992
0.0082 0.0075       0.0000 4.058246e+01  67.338408  71.342692  74.939597
0.0083 0.0075       0.0000 4.073346e+01  67.270190  71.278264  74.834494
0.0084 0.0075       0.0000 4.088289e+01  67.205068  71.215284  74.722108
0.0085 0.0075       0.0000 4.102945e+01  67.140441  71.153361  74.616345
0.0086 0.0075       0.0000 4.117374e+01  67.078014  71.093384  74.514480
0.0087 0.0075       0.0000 4.131575e+01  67.017038  71.034606  74.419100
0.0088 0.0075       0.0000 4.145491e+01  66.958877  70.977137  74.319540
0.0089 0.0075       0.0000 4.159307e+01  66.901583  70.920697  74.222572
0.0090 0.0075       0.0000 4.172837e+01  66.846686  70.866116  74.128262
0.0091 0.0075       0.0000 4.186124e+01  66.793256  70.812051  74.037971
0.0092 0.0075       0.0000 4.199204e+01  66.741674  70.759463  73.949691
0.0093 0.0075       0.0000 4.212173e+01  66.691022  70.708004  73.862503
0.0094 0.0075       0.0000 4.224876e+01  66.642417  70.657569  73.775453
0.0095 0.0075       0.0000 4.237549e+01  66.595382  70.608548  73.689376
0.0096 0.0075       0.0000 4.249867e+01  66.550520  70.560718  73.607136
0.0097 0.0075       0.0000 4.262077e+01  66.506351  70.513762  73.526453
0.0098 0.0075       0.0000 4.274170e+01  66.463651  70.467822  73.443917
0.0099 0.0075       0.0000 4.285945e+01  66.423099  70.423214  73.365901
0.0100 0.0075       0.0000 4.297724e+01  66.384174  70.379850  73.290441
0.0000 0.0076     422.3354 0.000000e+00  50.956945  50.956319  53.585693
0.0001 0.0076     422.5890 1.067957e+00  80.026003  79.986340  89.438768
0.0002 0.0076     423.3483 2.171197e+00  80.006399  79.917323  89.262721
0.0003 0.0076     424.6079 3.289928e+00  79.962373  79.840681  89.109143
0.0004 0.0076     426.3593 4.415271e+00  79.896833  79.756846  88.948398
0.0005 0.0076     428.5906 5.538797e+00  79.808831  79.665907  88.785298
0.0006 0.0076     431.2868 6.651298e+00  79.700711  79.568489  88.614743
0.0007 0.0076     434.4299 7.752759e+00  79.573064  79.464878  88.438146
0.0008 0.0076     437.9990 8.827280e+00  79.430748  79.357304  88.265553
0.0009 0.0076     441.9707 9.879795e+00  79.271607  79.247069  88.081320
0.0010 0.0076     446.3193 1.090572e+01  79.098922  79.133800  87.893672
0.0011 0.0076     451.0172 1.190312e+01  78.915728  79.018973  87.703697
0.0012 0.0076     456.0347 1.287046e+01  78.721491  78.900941  87.505317
0.0013 0.0076     461.3411 1.380792e+01  78.519848  78.781495  87.314706
0.0014 0.0076     466.9042 1.471308e+01  78.310595  78.659939  87.112093
0.0015 0.0076     472.6911 1.558855e+01  78.095995  78.537118  86.910018
0.0016 0.0076     478.6685 1.643397e+01  77.876847  78.412983  86.706420
0.0017 0.0076     484.8026 1.725147e+01  77.653588  78.287566  86.496270
0.0018 0.0076     491.0600 1.803912e+01  77.427727  78.160910  86.295573
0.0019 0.0076     497.4074 1.879934e+01  77.199184  78.032515  86.092133
0.0020 0.0076     503.8121 1.953057e+01  76.971175  77.904492  85.889078
0.0021 0.0076     510.2426 2.024245e+01  76.739408  77.777517  85.670152
0.0022 0.0076     516.6680 2.092693e+01  76.509589  77.648137  85.458982
0.0023 0.0076     523.0590 2.158738e+01  76.279880  77.519290  85.245468
0.0024 0.0076     529.3876 2.222626e+01  76.051202  77.390695  85.036493
0.0025 0.0076     535.6275 2.284354e+01  75.823792  77.261828  84.824444
0.0026 0.0076     541.7539 2.344031e+01  75.597033  77.132660  84.611671
0.0027 0.0076     547.7441 2.401807e+01  75.373041  77.004362  84.396090
0.0028 0.0076     553.5771 2.457662e+01  75.151122  76.875640  84.188758
0.0029 0.0076     559.2339 2.511795e+01  74.929910  76.748064  83.972552
0.0030 0.0076     564.6973 2.563874e+01  74.707450  76.619148  83.756857
0.0031 0.0076     569.9522 2.614991e+01  74.496908  76.493805  83.540418
0.0032 0.0076     574.9855 2.664181e+01  74.284774  76.367033  83.332729
0.0033 0.0076     579.7857 2.711944e+01  74.074429  76.240274  83.115873
0.0034 0.0076     584.3436 2.758124e+01  73.867445  76.115163  82.919193
0.0035 0.0076     588.6515 2.803092e+01  73.662918  75.991522  82.706581
0.0036 0.0076     592.7033 2.846764e+01  73.460578  75.864520  82.499990
0.0037 0.0076     596.4948 2.889260e+01  73.264249  75.744893  82.292556
0.0038 0.0076     600.0231 2.930358e+01  73.070081  75.624569  82.092006
0.0039 0.0076     603.2869 2.970421e+01  72.878065  75.504039  81.889237
0.0040 0.0076     606.2862 3.009366e+01  72.690281  75.384027  81.686444
0.0041 0.0076     609.0220 3.047254e+01  72.505556  75.265717  81.487517
0.0042 0.0076     611.4965 3.084129e+01  72.323834  75.147961  81.289933
0.0043 0.0076     613.7131 3.120039e+01  72.145386  75.031048  81.096414
0.0044 0.0076     615.6758 3.155023e+01  71.970859  74.915786  80.900447
0.0045 0.0076     617.3895 3.189108e+01  71.799410  74.801106  80.705353
0.0046 0.0076     618.8597 3.222327e+01  71.630879  74.688066  80.518547
0.0047 0.0076     620.0925 3.254639e+01  71.465775  74.576086  80.329008
0.0048 0.0076     621.0944 3.286180e+01  71.304080  74.465804  80.144621
0.0049 0.0076     621.8726 3.317057e+01  71.145245  74.356234  79.958266
0.0050 0.0076     622.4341 3.346960e+01  70.991331  74.248703  79.773753
0.0051 0.0076     622.7866 3.376355e+01  70.839135  74.141841  79.594103
0.0052 0.0076     622.9377 3.404932e+01  70.690169  74.036665  79.410267
0.0053 0.0076     622.8951 3.432942e+01  70.544256  73.932371  79.238870
0.0054 0.0076     622.6666 3.460254e+01  70.401838  73.829397  79.064743
0.0055 0.0076     622.2600 3.486979e+01  70.261762  73.727744  78.894151
0.0056 0.0076     621.6830 3.513053e+01  70.125028  73.628180  78.725119
0.0057 0.0076     620.9433 3.538536e+01  69.992022  73.529422  78.559284
0.0058 0.0076     620.0482 3.563510e+01  69.861166  73.432205  78.390159
0.0059 0.0076     619.0051 3.587756e+01  69.734647  73.335076  78.233771
0.0060 0.0076     617.8212 3.611592e+01  69.610821  73.240270  78.073047
0.0061 0.0076     616.5033 3.634939e+01  69.489045  73.146673  77.914985
0.0062 0.0076     615.0581 3.657827e+01  69.369922  73.053725  77.760776
0.0063 0.0076     613.4922 3.680235e+01  69.253478  72.964191  77.608029
0.0064 0.0076     611.8116 3.702132e+01  69.140271  72.875325  77.458428
0.0065 0.0076       0.0000 3.723562e+01  69.029450  72.787524  77.310242
0.0066 0.0076       0.0000 3.744541e+01  68.922078  72.700020  77.164951
0.0067 0.0076       0.0000 3.765216e+01  68.817247  72.612605  77.019444
0.0068 0.0076       0.0000 3.785305e+01  68.714637  72.530932  76.882318
0.0069 0.0076       0.0000 3.805040e+01  68.614813  72.448260  76.744374
0.0070 0.0076       0.0000 3.824443e+01  68.516976  72.366901  76.608678
0.0071 0.0076       0.0000 3.843453e+01  68.422409  72.288263  76.474135
0.0072 0.0076       0.0000 3.862121e+01  68.329410  72.209439  76.343947
0.0073 0.0076       0.0000 3.880365e+01  68.239419  72.131804  76.216821
0.0074 0.0076       0.0000 3.898424e+01  68.150729  72.052565  76.080712
0.0075 0.0076       0.0000 3.916084e+01  68.064775  71.981735  75.960548
0.0076 0.0076       0.0000 3.933414e+01  67.980988  71.908271  75.837454
0.0077 0.0076       0.0000 3.950430e+01  67.899852  71.836621  75.715930
0.0078 0.0076       0.0000 3.967160e+01  67.820391  71.766110  75.596676
0.0079 0.0076       0.0000 3.983583e+01  67.743443  71.696564  75.480713
0.0080 0.0076       0.0000 3.999731e+01  67.668667  71.628390  75.366612
0.0081 0.0076       0.0000 4.015593e+01  67.595639  71.562233  75.252187
0.0082 0.0076       0.0000 4.031160e+01  67.525600  71.497349  75.141115
0.0083 0.0076       0.0000 4.046547e+01  67.455839  71.432227  75.033252
0.0084 0.0076       0.0000 4.061683e+01  67.388713  71.369510  74.922581
0.0085 0.0076       0.0000 4.076524e+01  67.323622  71.308000  74.816505
0.0086 0.0076       0.0000 4.091096e+01  67.260228  71.247211  74.717828
0.0087 0.0076       0.0000 4.105541e+01  67.198996  71.188053  74.613050
0.0088 0.0076       0.0000 4.119699e+01  67.139231  71.130270  74.517145
0.0089 0.0076       0.0000 4.133653e+01  67.081396  71.073810  74.419355
0.0090 0.0076       0.0000 4.147422e+01  67.025241  71.018787  74.323895
0.0091 0.0076       0.0000 4.160938e+01  66.970690  70.965216  74.229385
0.0092 0.0076       0.0000 4.174209e+01  66.917697  70.911724  74.142368
0.0093 0.0076       0.0000 4.187326e+01  66.865621  70.860107  74.051324
0.0094 0.0076       0.0000 4.200299e+01  66.816123  70.809454  73.965572
0.0095 0.0076       0.0000 4.213001e+01  66.768377  70.759908  73.880323
0.0096 0.0076       0.0000 4.225616e+01  66.722258  70.711683  73.795242
0.0097 0.0076       0.0000 4.238018e+01  66.677478  70.664461  73.713065
0.0098 0.0076       0.0000 4.250259e+01  66.633839  70.618726  73.635269
0.0099 0.0076       0.0000 4.262371e+01  66.591797  70.573498  73.554848
0.0100 0.0076       0.0000 4.274223e+01  66.551144  70.529527  73.478349
0.0000 0.0077     406.6396 6.706435e-06  50.950564  50.949739  53.550293
0.0001 0.0077     406.8826 1.053781e+00  80.053403  80.016317  89.434912
0.0002 0.0077     407.6100 2.143204e+00  80.034901  79.948650  89.265622
0.0003 0.0077     408.8170 3.247927e+00  79.991931  79.874824  89.118893
0.0004 0.0077     410.4953 4.358849e+00  79.926840  79.793265  88.959602
0.0005 0.0077     412.6340 5.466894e+00  79.842672  79.704114  88.798521
0.0006 0.0077     415.2188 6.565522e+00  79.735876  79.610119  88.634856
0.0007 0.0077     418.2327 7.649209e+00  79.614085  79.508923  88.460556
0.0008 0.0077     421.6563 8.712021e+00  79.473204  79.404410  88.293356
0.0009 0.0077     425.4674 9.751486e+00  79.318598  79.297661  88.115202
0.0010 0.0077     429.6418 1.076476e+01  79.150498  79.186889  87.931625
0.0011 0.0077     434.1534 1.174952e+01  78.971145  79.074467  87.746006
0.0012 0.0077     438.9744 1.270465e+01  78.782136  78.959034  87.551794
0.0013 0.0077     444.0756 1.362949e+01  78.584847  78.841959  87.370290
0.0014 0.0077     449.4266 1.452558e+01  78.381231  78.722602  87.166540
0.0015 0.0077     454.9964 1.539093e+01  78.170824  78.602742  86.970304
0.0016 0.0077     460.7532 1.622635e+01  77.956452  78.482306  86.772679
0.0017 0.0077     466.6652 1.703345e+01  77.737877  78.359797  86.575843
0.0018 0.0077     472.7004 1.781366e+01  77.516430  78.235630  86.373522
0.0019 0.0077     478.8274 1.856643e+01  77.293563  78.110517  86.167749
0.0020 0.0077     485.0150 1.929221e+01  77.069613  77.985149  85.970055
0.0021 0.0077     491.2330 1.999486e+01  76.843988  77.859864  85.761173
0.0022 0.0077     497.4520 2.067250e+01  76.618610  77.733653  85.555119
0.0023 0.0077     503.6438 2.132805e+01  76.393772  77.607297  85.347201
0.0024 0.0077     509.7817 2.196033e+01  76.169913  77.481598  85.139206
0.0025 0.0077     515.8402 2.257270e+01  75.946649  77.355264  84.928597
0.0026 0.0077     521.7955 2.316473e+01  75.724764  77.228129  84.721773
0.0027 0.0077     527.6257 2.373761e+01  75.504348  77.102080  84.511982
0.0028 0.0077     533.3102 2.429224e+01  75.286384  76.976179  84.308917
0.0029 0.0077     538.8307 2.482946e+01  75.069769  76.850693  84.095962
0.0030 0.0077     544.1703 2.535016e+01  74.855475  76.725293  83.880535
0.0031 0.0077     549.3142 2.585451e+01  74.643821  76.600369  83.676955
0.0032 0.0077     554.2493 2.634140e+01  74.429603  76.474879  83.465608
0.0033 0.0077     558.9644 2.681916e+01  74.228162  76.352273  83.255575
0.0034 0.0077     563.4501 2.727911e+01  74.024799  76.229118  83.052070
0.0035 0.0077     567.6985 2.772667e+01  73.822655  76.104654  82.851921
0.0036 0.0077     571.7036 2.816061e+01  73.625012  75.985542  82.649285
0.0037 0.0077     575.4606 2.858374e+01  73.429005  75.860841  82.446772
0.0038 0.0077     578.9665 2.899505e+01  73.236926  75.742318  82.246728
0.0039 0.0077     582.2196 2.939355e+01  73.048999  75.625613  82.047792
0.0040 0.0077     585.2193 2.978193e+01  72.863252  75.507903  81.846866
0.0041 0.0077     587.9663 3.016067e+01  72.680528  75.391711  81.640625
0.0042 0.0077     590.4625 3.052849e+01  72.500521  75.274955  81.457154
0.0043 0.0077     592.7105 3.088705e+01  72.324534  75.160039  81.260523
0.0044 0.0077     594.7140 3.123623e+01  72.151455  75.045895  81.070735
0.0045 0.0077     596.4773 3.157684e+01  71.981223  74.932956  80.879066
0.0046 0.0077     598.0054 3.190861e+01  71.814793  74.820360  80.692656
0.0047 0.0077     599.3041 3.223238e+01  71.650871  74.709674  80.502921
0.0048 0.0077     600.3793 3.254847e+01  71.490595  74.600678  80.322012
0.0049 0.0077     601.2375 3.285612e+01  71.332925  74.493085  80.140086
0.0050 0.0077     601.8856 3.315707e+01  71.179549  74.386207  79.956968
0.0051 0.0077     602.3306 3.345110e+01  71.028075  74.280648  79.776346
0.0052 0.0077     602.5799 3.373740e+01  70.879976  74.176427  79.598366
0.0053 0.0077     602.6406 3.401807e+01  70.735659  74.072910  79.425099
0.0054 0.0077     602.5203 3.429096e+01  70.594145  73.970988  79.251866
0.0055 0.0077     602.2263 3.456000e+01  70.454677  73.870756  79.083168
0.0056 0.0077     601.7660 3.482161e+01  70.318017  73.771489  78.913712
0.0057 0.0077     601.1469 3.507744e+01  70.185845  73.673899  78.751318
0.0058 0.0077     600.3759 3.532786e+01  70.055703  73.577205  78.584795
0.0059 0.0077     599.4603 3.557225e+01  69.928515  73.481574  78.425937
0.0060 0.0077     598.4068 3.581198e+01  69.804543  73.386989  78.264663
0.0061 0.0077     597.2222 3.604587e+01  69.683373  73.294313  78.112311
0.0062 0.0077     595.9129 3.627717e+01  69.563912  73.202865  77.955402
0.0063 0.0077     594.4853 3.650191e+01  69.447960  73.112303  77.804540
0.0064 0.0077       0.0000 3.672188e+01  69.334489  73.023891  77.655675
0.0065 0.0077       0.0000 3.693779e+01  69.224130  72.935976  77.510273
0.0066 0.0077       0.0000 3.715003e+01  69.115351  72.849461  77.363352
0.0067 0.0077       0.0000 3.735825e+01  69.010147  72.762315  77.216443
0.0068 0.0077       0.0000 3.756111e+01  68.907327  72.680891  77.079433
0.0069 0.0077       0.0000 3.775953e+01  68.807440  72.599141  76.941675
0.0070 0.0077       0.0000 3.795655e+01  68.709489  72.518442  76.810093
0.0071 0.0077       0.0000 3.814680e+01  68.613990  72.439222  76.669924
0.0072 0.0077       0.0000 3.833518e+01  68.520729  72.361029  76.542869
0.0073 0.0077       0.0000 3.851997e+01  68.429839  72.283615  76.414294
0.0074 0.0077       0.0000 3.870177e+01  68.340398  72.207994  76.282642
0.0075 0.0077       0.0000 3.887953e+01  68.254071  72.133647  76.161590
0.0076 0.0077       0.0000 3.905498e+01  68.169939  72.060369  76.033089
0.0077 0.0077       0.0000 3.922691e+01  68.087894  71.988805  75.912636
0.0078 0.0077       0.0000 3.939622e+01  68.007807  71.918094  75.792826
0.0079 0.0077       0.0000 3.956143e+01  67.930605  71.849159  75.679738
0.0080 0.0077       0.0000 3.972544e+01  67.854619  71.781006  75.561306
0.0081 0.0077       0.0000 3.988526e+01  67.781706  71.715225  75.449424
0.0082 0.0077       0.0000 4.004395e+01  67.709706  71.649457  75.337576
0.0083 0.0077       0.0000 4.019944e+01  67.639059  71.584734  75.228423
0.0084 0.0077       0.0000 4.035196e+01  67.571363  71.521528  75.122923
0.0085 0.0077       0.0000 4.050265e+01  67.505033  71.459448  75.017324
0.0086 0.0077       0.0000 4.065071e+01  67.441035  71.398717  74.913839
0.0087 0.0077       0.0000 4.079707e+01  67.378208  71.340196  74.808321
0.0088 0.0077       0.0000 4.094023e+01  67.317685  71.282118  74.708633
0.0089 0.0077       0.0000 4.108098e+01  67.259486  71.225265  74.613604
0.0090 0.0077       0.0000 4.122085e+01  67.201770  71.170145  74.518859
0.0091 0.0077       0.0000 4.135820e+01  67.146308  71.115683  74.423389
0.0092 0.0077       0.0000 4.149313e+01  67.091735  71.062977  74.330033
0.0093 0.0077       0.0000 4.162668e+01  67.039904  71.010865  74.243307
0.0094 0.0077       0.0000 4.175788e+01  66.989393  70.959848  74.154313
0.0095 0.0077       0.0000 4.188735e+01  66.940451  70.909985  74.067110
0.0096 0.0077       0.0000 4.201504e+01  66.892553  70.861436  73.984325
0.0097 0.0077       0.0000 4.214032e+01  66.846868  70.813931  73.901180
0.0098 0.0077       0.0000 4.226476e+01  66.802039  70.767536  73.820613
0.0099 0.0077       0.0000 4.238762e+01  66.758869  70.721733  73.739279
0.0100 0.0077       0.0000 4.250828e+01  66.717343  70.677407  73.660206
0.0000 0.0078     391.6583 3.886669e-07  50.944956  50.944085  53.516373
0.0001 0.0078     391.8912 1.041561e+00  80.078895  80.041789  89.433654
0.0002 0.0078     392.5884 2.116458e+00  80.061729  79.977167  89.269989
0.0003 0.0078     393.7453 3.207285e+00  80.019820  79.906031  89.117950
0.0004 0.0078     395.3542 4.301559e+00  79.957618  79.827096  88.975085
0.0005 0.0078     397.4048 5.396689e+00  79.874530  79.741187  88.812687
0.0006 0.0078     399.8837 6.480925e+00  79.771874  79.649439  88.654194
0.0007 0.0078     402.7748 7.550316e+00  79.650264  79.551708  88.483162
0.0008 0.0078     406.0599 8.599995e+00  79.514628  79.447648  88.315186
0.0009 0.0078     409.7181 9.625852e+00  79.363653  79.344714  88.147555
0.0010 0.0078     413.7266 1.062624e+01  79.200297  79.237442  87.969735
0.0011 0.0078     418.0607 1.159847e+01  79.024545  79.127148  87.782692
0.0012 0.0078     422.6942 1.254233e+01  78.840627  79.014715  87.599302
0.0013 0.0078     427.5995 1.345566e+01  78.648252  78.900888  87.415644
0.0014 0.0078     432.7479 1.434063e+01  78.448639  78.784420  87.225620
0.0015 0.0078     438.1100 1.519629e+01  78.242514  78.667238  87.030461
0.0016 0.0078     443.6557 1.602302e+01  78.032837  78.548603  86.836052
0.0017 0.0078     449.3548 1.682168e+01  77.820361  78.430284  86.642949
0.0018 0.0078     455.1770 1.759250e+01  77.604079  78.308997  86.443304
0.0019 0.0078     461.0923 1.833777e+01  77.386163  78.186523  86.245967
0.0020 0.0078     467.0710 1.905672e+01  77.166592  78.063577  86.050886
0.0021 0.0078     473.0843 1.975131e+01  76.945943  77.940841  85.849451
0.0022 0.0078     479.1041 2.042291e+01  76.725399  77.817306  85.647857
0.0023 0.0078     485.1035 2.107253e+01  76.504648  77.693491  85.438851
0.0024 0.0078     491.0566 2.169828e+01  76.284823  77.572839  85.247097
0.0025 0.0078     496.9391 2.230526e+01  76.066446  77.446582  85.035124
0.0026 0.0078     502.7280 2.289389e+01  75.848806  77.321511  84.827320
0.0027 0.0078     508.4020 2.346161e+01  75.632695  77.197580  84.627590
0.0028 0.0078     513.9414 2.401215e+01  75.417919  77.073653  84.419979
0.0029 0.0078     519.3280 2.454605e+01  75.205697  76.950653  84.212801
0.0030 0.0078     524.5455 2.506296e+01  74.995275  76.828011  84.002398
0.0031 0.0078     529.5794 2.556408e+01  74.786816  76.704728  83.801577
0.0032 0.0078     534.4168 2.605108e+01  74.580921  76.582932  83.596218
0.0033 0.0078     539.0465 2.652378e+01  74.377607  76.461343  83.389966
0.0034 0.0078     543.4590 2.698154e+01  74.176854  76.340464  83.186232
0.0035 0.0078     547.6464 2.742702e+01  73.978729  76.219260  82.985352
0.0036 0.0078     551.6025 2.785963e+01  73.782550  76.097700  82.793392
0.0037 0.0078     555.3223 2.828054e+01  73.590267  75.980608  82.592244
0.0038 0.0078     558.8026 2.868909e+01  73.401673  75.862717  82.394751
0.0039 0.0078     562.0411 2.908685e+01  73.214118  75.742464  82.200514
0.0040 0.0078     565.0371 2.947476e+01  73.032094  75.628577  82.003075
0.0041 0.0078     567.7907 2.985132e+01  72.851588  75.513809  81.810080
0.0042 0.0078     570.3035 3.021922e+01  72.674294  75.398918  81.611137
0.0043 0.0078     572.5775 3.057783e+01  72.500186  75.285387  81.423403
0.0044 0.0078     574.6160 3.092612e+01  72.328358  75.173056  81.235565
0.0045 0.0078     576.4229 3.126658e+01  72.159774  75.060119  81.047885
0.0046 0.0078     578.0027 3.159860e+01  71.994651  74.950774  80.859332
0.0047 0.0078     579.3606 3.192211e+01  71.832086  74.841580  80.676797
0.0048 0.0078     580.5021 3.223695e+01  71.674280  74.733417  80.498667
0.0049 0.0078     581.4334 3.254565e+01  71.517485  74.626831  80.314494
0.0050 0.0078     582.1608 3.284745e+01  71.364249  74.521329  80.134446
0.0051 0.0078     582.6910 3.314211e+01  71.214276  74.416619  79.956080
0.0052 0.0078     583.0307 3.342929e+01  71.067611  74.313708  79.777896
0.0053 0.0078     583.1870 3.371022e+01  70.923176  74.211569  79.606065
0.0054 0.0078     583.1670 3.398426e+01  70.782147  74.110347  79.439123
0.0055 0.0078     582.9775 3.425300e+01  70.644266  74.010323  79.271007
0.0056 0.0078     582.6259 3.451653e+01  70.508137  73.912033  79.100121
0.0057 0.0078     582.1190 3.477236e+01  70.376502  73.815201  78.937700
0.0058 0.0078     581.4637 3.502427e+01  70.246083  73.719497  78.772789
0.0059 0.0078     580.6670 3.526995e+01  70.119887  73.624782  78.616971
0.0060 0.0078     579.7353 3.551026e+01  69.996048  73.530976  78.459324
0.0061 0.0078     578.6753 3.574664e+01  69.874632  73.438135  78.300254
0.0062 0.0078     577.4931 3.597796e+01  69.755346  73.348181  78.147446
0.0063 0.0078       0.0000 3.620427e+01  69.639569  73.257657  77.996020
0.0064 0.0078       0.0000 3.642589e+01  69.526142  73.170012  77.849150
0.0065 0.0078       0.0000 3.664282e+01  69.415640  73.082945  77.703201
0.0066 0.0078       0.0000 3.685617e+01  69.307575  72.996582  77.559012
0.0067 0.0078       0.0000 3.706506e+01  69.201695  72.912218  77.413593
0.0068 0.0078       0.0000 3.727176e+01  69.098114  72.826864  77.267612
0.0069 0.0078       0.0000 3.747180e+01  68.997079  72.747178  77.135775
0.0070 0.0078       0.0000 3.766894e+01  68.898882  72.666310  76.998733
0.0071 0.0078       0.0000 3.786172e+01  68.803146  72.587868  76.867312
0.0072 0.0078       0.0000 3.805159e+01  68.709338  72.510308  76.737021
0.0073 0.0078       0.0000 3.823828e+01  68.617539  72.433334  76.608253
0.0074 0.0078       0.0000 3.842109e+01  68.528458  72.357781  76.479389
0.0075 0.0078       0.0000 3.860112e+01  68.441356  72.283576  76.353661
0.0076 0.0078       0.0000 3.877791e+01  68.356482  72.210648  76.229863
0.0077 0.0078       0.0000 3.895152e+01  68.274140  72.138728  76.109879
0.0078 0.0078       0.0000 3.912262e+01  68.193380  72.068339  75.990460
0.0079 0.0078       0.0000 3.929105e+01  68.114604  71.999760  75.872647
0.0080 0.0078       0.0000 3.945616e+01  68.037966  71.931332  75.755776
0.0081 0.0078       0.0000 3.961736e+01  67.964822  71.865633  75.639480
0.0082 0.0078       0.0000 3.977774e+01  67.891040  71.799054  75.532064
0.0083 0.0078       0.0000 3.993493e+01  67.820525  71.734878  75.422189
0.0084 0.0078       0.0000 4.008956e+01  67.751676  71.671363  75.314900
0.0085 0.0078       0.0000 4.024185e+01  67.684535  71.609692  75.210348
0.0086 0.0078       0.0000 4.039188e+01  67.619572  71.549588  75.106108
0.0087 0.0078       0.0000 4.054028e+01  67.556188  71.490039  74.997473
0.0088 0.0078       0.0000 4.068557e+01  67.494729  71.432141  74.900118
0.0089 0.0078       0.0000 4.082852e+01  67.434860  71.375236  74.804628
0.0090 0.0078       0.0000 4.096888e+01  67.377300  71.319840  74.710887
0.0091 0.0078       0.0000 4.110789e+01  67.320366  71.265150  74.613485
0.0092 0.0078       0.0000 4.124630e+01  67.264876  71.212245  74.518754
0.0093 0.0078       0.0000 4.138044e+01  67.212130  71.159664  74.430494
0.0094 0.0078       0.0000 4.151380e+01  67.160520  71.108124  74.343233
0.0095 0.0078       0.0000 4.164514e+01  67.110461  71.058186  74.253813
0.0096 0.0078       0.0000 4.177472e+01  67.061771  71.009199  74.167319
0.0097 0.0078       0.0000 4.190265e+01  67.014633  70.961273  74.084570
0.0098 0.0078       0.0000 4.202849e+01  66.968879  70.914388  74.004430
0.0099 0.0078       0.0000 4.215260e+01  66.924629  70.868766  73.918858
0.0100 0.0078       0.0000 4.227541e+01  66.881644  70.824018  73.839704
0.0000 0.0079     377.3527 0.000000e+00  50.940193  50.939641  53.483273
0.0001 0.0079     377.5760 1.028889e+00  80.102951  80.068824  89.426371
0.0002 0.0079     378.2444 2.090003e+00  80.086824  80.004778  89.271505
0.0003 0.0079     379.3537 3.166438e+00  80.044921  79.935865  89.119938
0.0004 0.0079     380.8967 4.248651e+00  79.985340  79.858492  88.976389
0.0005 0.0079     382.8635 5.328015e+00  79.904525  79.775213  88.824651
0.0006 0.0079     385.2415 6.398701e+00  79.804145  79.686412  88.663209
0.0007 0.0079     388.0159 7.455256e+00  79.686022  79.591352  88.504257
0.0008 0.0079     391.1691 8.489467e+00  79.554386  79.491983  88.344064
0.0009 0.0079     394.6817 9.502658e+00  79.407293  79.390431  88.176545
0.0010 0.0079     398.5320 1.049064e+01  79.247869  79.285507  87.999773
0.0011 0.0079     402.6969 1.145042e+01  79.076497  79.178521  87.820003
0.0012 0.0079     407.1515 1.238325e+01  78.895966  79.069200  87.641364
0.0013 0.0079     411.8697 1.328611e+01  78.707663  78.957697  87.457672
0.0014 0.0079     416.8245 1.416048e+01  78.513836  78.844005  87.276262
0.0015 0.0079     421.9879 1.500614e+01  78.313157  78.729260  87.086041
0.0016 0.0079     427.3315 1.582365e+01  78.108142  78.613615  86.892097
0.0017 0.0079     432.8266 1.661333e+01  77.900207  78.497611  86.703058
0.0018 0.0079     438.4443 1.737593e+01  77.688657  78.379077  86.515338
0.0019 0.0079     444.1562 1.811295e+01  77.475349  78.258559  86.322874
0.0020 0.0079     449.9340 1.882553e+01  77.260938  78.139137  86.126861
0.0021 0.0079     455.7501 1.951260e+01  77.044650  78.019192  85.929761
0.0022 0.0079     461.5777 2.017892e+01  76.828071  77.897827  85.729110
0.0023 0.0079     467.3910 2.082094e+01  76.612248  77.776750  85.529906
0.0024 0.0079     473.1652 2.144148e+01  76.397684  77.656533  85.337804
0.0025 0.0079     478.8769 2.204411e+01  76.182697  77.533954  85.134154
0.0026 0.0079     484.5040 2.262720e+01  75.968994  77.411898  84.929589
0.0027 0.0079     490.0257 2.319078e+01  75.756634  77.290585  84.729294
0.0028 0.0079     495.4231 2.373745e+01  75.546455  77.169304  84.526596
0.0029 0.0079     500.6784 2.426681e+01  75.337128  77.048786  84.328163
0.0030 0.0079     505.7757 2.478064e+01  75.130166  76.927210  84.125040
0.0031 0.0079     510.7008 2.527909e+01  74.925866  76.806424  83.918501
0.0032 0.0079     515.4409 2.576257e+01  74.723593  76.686486  83.721221
0.0033 0.0079     519.9851 2.623234e+01  74.523568  76.567061  83.519703
0.0034 0.0079     524.3236 2.668702e+01  74.326146  76.448094  83.318098
0.0035 0.0079     528.4488 2.713219e+01  74.130448  76.329618  83.116553
0.0036 0.0079     532.3540 2.756330e+01  73.937596  76.211477  82.924156
0.0037 0.0079     536.0342 2.797836e+01  73.744363  76.093135  82.733755
0.0038 0.0079     539.4859 2.838961e+01  73.561188  75.976528  82.539318
0.0039 0.0079     542.7065 2.878414e+01  73.378686  75.862471  82.347327
0.0040 0.0079     545.6949 2.917163e+01  73.196036  75.744350  82.154213
0.0041 0.0079     548.4510 2.954909e+01  73.017478  75.632248  81.960096
0.0042 0.0079     550.9757 2.991493e+01  72.842677  75.520709  81.769503
0.0043 0.0079     553.2708 3.027262e+01  72.670696  75.407847  81.578819
0.0044 0.0079     555.3391 3.062060e+01  72.501201  75.297273  81.392370
0.0045 0.0079     557.1840 3.096042e+01  72.334557  75.187056  81.207707
0.0046 0.0079     558.8097 3.129045e+01  72.171401  75.078631  81.027732
0.0047 0.0079     560.2207 3.161591e+01  72.009991  74.970398  80.843585
0.0048 0.0079     561.4223 3.193193e+01  71.852079  74.863857  80.663132
0.0049 0.0079     562.4202 3.224041e+01  71.697547  74.757834  80.485838
0.0050 0.0079     563.2202 3.254209e+01  71.545833  74.653505  80.306648
0.0051 0.0079     563.8286 3.283602e+01  71.396964  74.550434  80.132179
0.0052 0.0079     564.2519 3.312427e+01  71.250532  74.448162  79.954223
0.0053 0.0079     564.4965 3.340584e+01  71.107857  74.347057  79.782589
0.0054 0.0079     564.5694 3.368108e+01  70.966865  74.246935  79.617250
0.0055 0.0079     564.4771 3.395038e+01  70.829284  74.147555  79.449882
0.0056 0.0079     564.2264 3.421396e+01  70.694566  74.050633  79.282368
0.0057 0.0079     563.8241 3.447193e+01  70.563051  73.954179  79.119027
0.0058 0.0079     563.2768 3.472417e+01  70.433783  73.859933  78.957265
0.0059 0.0079     562.5911 3.497029e+01  70.307914  73.765472  78.800271
0.0060 0.0079     561.7733 3.521301e+01  70.183379  73.671880  78.641816
0.0061 0.0079     560.8297 3.544998e+01  70.062571  73.580538  78.487743
0.0062 0.0079       0.0000 3.568214e+01  69.943784  73.490717  78.334373
0.0063 0.0079       0.0000 3.590963e+01  69.827822  73.401440  78.184596
0.0064 0.0079       0.0000 3.613238e+01  69.714485  73.313232  78.037569
0.0065 0.0079       0.0000 3.635154e+01  69.603345  73.226636  77.891612
0.0066 0.0079       0.0000 3.656582e+01  69.495510  73.141168  77.748444
0.0067 0.0079       0.0000 3.677577e+01  69.389481  73.057532  77.605696
0.0068 0.0079       0.0000 3.698245e+01  69.286060  72.974480  77.465738
0.0069 0.0079       0.0000 3.718525e+01  69.184736  72.892973  77.327264
0.0070 0.0079       0.0000 3.738421e+01  69.085736  72.812801  77.191147
0.0071 0.0079       0.0000 3.757981e+01  68.989317  72.734265  77.057351
0.0072 0.0079       0.0000 3.777000e+01  68.895793  72.656883  76.928416
0.0073 0.0079       0.0000 3.795974e+01  68.802810  72.580355  76.798075
0.0074 0.0079       0.0000 3.814333e+01  68.713722  72.505292  76.670890
0.0075 0.0079       0.0000 3.832483e+01  68.626007  72.431215  76.545141
0.0076 0.0079       0.0000 3.850350e+01  68.540792  72.358485  76.419530
0.0077 0.0079       0.0000 3.867906e+01  68.457413  72.286594  76.297609
0.0078 0.0079       0.0000 3.885157e+01  68.376016  72.216561  76.178961
0.0079 0.0079       0.0000 3.902122e+01  68.296763  72.147499  76.062823
0.0080 0.0079       0.0000 3.918758e+01  68.220425  72.080169  75.946469
0.0081 0.0079       0.0000 3.935137e+01  68.145186  72.013458  75.832768
0.0082 0.0079       0.0000 3.951377e+01  68.070949  71.947897  75.722411
0.0083 0.0079       0.0000 3.967262e+01  67.999655  71.883041  75.610183
0.0084 0.0079       0.0000 3.982887e+01  67.930160  71.819914  75.504802
0.0085 0.0079       0.0000 3.998310e+01  67.862538  71.758074  75.399181
0.0086 0.0079       0.0000 4.013487e+01  67.796183  71.697320  75.292940
0.0087 0.0079       0.0000 4.028481e+01  67.732233  71.638076  75.186905
0.0088 0.0079       0.0000 4.043202e+01  67.669856  71.580515  75.085530
0.0089 0.0079       0.0000 4.057669e+01  67.609496  71.523318  74.989356
0.0090 0.0079       0.0000 4.071911e+01  67.550496  71.467179  74.896856
0.0091 0.0079       0.0000 4.086054e+01  67.492459  71.412490  74.802783
0.0092 0.0079       0.0000 4.099977e+01  67.436567  71.358993  74.706585
0.0093 0.0079       0.0000 4.113643e+01  67.382664  71.306352  74.618063
0.0094 0.0079       0.0000 4.127092e+01  67.329855  71.255301  74.526532
0.0095 0.0079       0.0000 4.140449e+01  67.278710  71.204807  74.435432
0.0096 0.0079       0.0000 4.153592e+01  67.229267  71.155333  74.351036
0.0097 0.0079       0.0000 4.166566e+01  67.180994  71.107251  74.265937
0.0098 0.0079       0.0000 4.179396e+01  67.133984  71.059905  74.183024
0.0099 0.0079       0.0000 4.191983e+01  67.088632  71.014319  74.100065
0.0100 0.0079       0.0000 4.204500e+01  67.044463  70.969522  74.018901
0.0000 0.0080     363.6862 5.787915e-05  50.936309  50.936100  53.451669
0.0001 0.0080     363.9004 1.016110e+00  80.126954  80.093159  89.422612
0.0002 0.0080     364.5415 2.064146e+00  80.110972  80.031750  89.265291
0.0003 0.0080     365.6055 3.126823e+00  80.070836  79.964120  89.125272
0.0004 0.0080     367.0857 4.195598e+00  80.011456  79.891410  88.978121
0.0005 0.0080     368.9728 5.260161e+00  79.934313  79.809731  88.834382
0.0006 0.0080     371.2550 6.318673e+00  79.835964  79.722994  88.678470
0.0007 0.0080     373.9181 7.358994e+00  79.722448  79.630508  88.523824
0.0008 0.0080     376.9458 8.381282e+00  79.592566  79.533459  88.360053
0.0009 0.0080     380.3195 9.382213e+00  79.448565  79.434401  88.197520
0.0010 0.0080     384.0191 1.035748e+01  79.291915  79.333023  88.028796
0.0011 0.0080     388.0225 1.130616e+01  79.126464  79.228313  87.858072
0.0012 0.0080     392.3063 1.222766e+01  78.950012  79.121855  87.677382
0.0013 0.0080     396.8459 1.311935e+01  78.766577  79.012813  87.499690
0.0014 0.0080     401.6155 1.398349e+01  78.577287  78.902250  87.320809
0.0015 0.0080     406.5889 1.481883e+01  78.380844  78.790583  87.139055
0.0016 0.0080     411.7389 1.562799e+01  78.180691  78.677092  86.954849
0.0017 0.0080     417.0383 1.640885e+01  77.976998  78.563327  86.759452
0.0018 0.0080     422.4599 1.716296e+01  77.771205  78.447452  86.577283
0.0019 0.0080     427.9763 1.789230e+01  77.561661  78.329743  86.388975
0.0020 0.0080     433.5607 1.859724e+01  77.352045  78.212878  86.195459
0.0021 0.0080     439.1868 1.927885e+01  77.140063  78.095154  86.004393
0.0022 0.0080     444.8289 1.993641e+01  76.928911  77.976987  85.813741
0.0023 0.0080     450.4623 2.057440e+01  76.717103  77.858167  85.615213
0.0024 0.0080     456.0633 2.119054e+01  76.506105  77.739167  85.421680
0.0025 0.0080     461.6093 2.178772e+01  76.295090  77.620370  85.222096
0.0026 0.0080     467.0789 2.236488e+01  76.085945  77.500768  85.028787
0.0027 0.0080     472.4523 2.292475e+01  75.877593  77.381333  84.831508
0.0028 0.0080     477.7108 2.346734e+01  75.670855  77.262185  84.637240
0.0029 0.0080     482.8373 2.399262e+01  75.465915  77.142781  84.437556
0.0030 0.0080     487.8164 2.450285e+01  75.262924  77.024231  84.236769
0.0031 0.0080     492.6340 2.499770e+01  75.062239  76.905540  84.033323
0.0032 0.0080     497.2775 2.547906e+01  74.862242  76.787717  83.842726
0.0033 0.0080     501.7361 2.594575e+01  74.665477  76.670428  83.641565
0.0034 0.0080     506.0003 2.639968e+01  74.471067  76.553371  83.444513
0.0035 0.0080     510.0620 2.684075e+01  74.278389  76.436767  83.246538
0.0036 0.0080     513.9148 2.726870e+01  74.089454  76.320465  83.058100
0.0037 0.0080     517.5533 2.768604e+01  73.902609  76.204718  82.869854
0.0038 0.0080     520.9738 2.809253e+01  73.718491  76.090310  82.677144
0.0039 0.0080     524.1735 2.848870e+01  73.535974  75.974566  82.488492
0.0040 0.0080     527.1509 2.887033e+01  73.353546  75.862001  82.299178
0.0041 0.0080     529.9055 2.924845e+01  73.180792  75.751303  82.105932
0.0042 0.0080     532.4379 2.961403e+01  73.008007  75.635858  81.917922
0.0043 0.0080     534.7497 2.997160e+01  72.837452  75.527178  81.732848
0.0044 0.0080     536.8429 3.031953e+01  72.670296  75.419361  81.545666
0.0045 0.0080     538.7207 3.065890e+01  72.505400  75.310565  81.363953
0.0046 0.0080     540.3868 3.099018e+01  72.343600  75.203389  81.183236
0.0047 0.0080     541.8454 3.131297e+01  72.184408  75.096274  81.007605
0.0048 0.0080     543.1014 3.162995e+01  72.027088  74.990742  80.826554
0.0049 0.0080     544.1597 3.193827e+01  71.873890  74.886774  80.651198
0.0050 0.0080     545.0262 3.223994e+01  71.723041  74.783151  80.475770
0.0051 0.0080     545.7065 3.253539e+01  71.575022  74.681297  80.298732
0.0052 0.0080     546.2068 3.282307e+01  71.430558  74.580066  80.128020
0.0053 0.0080     546.5332 3.310516e+01  71.288489  74.479926  79.955774
0.0054 0.0080     546.6922 3.338125e+01  71.148702  74.380271  79.788473
0.0055 0.0080     546.6901 3.365137e+01  71.011315  74.282304  79.624872
0.0056 0.0080     546.5335 3.391573e+01  70.877238  74.186108  79.456715
0.0057 0.0080     546.2287 3.417373e+01  70.746245  74.090881  79.298236
0.0058 0.0080     545.7822 3.442821e+01  70.617090  73.996714  79.133573
0.0059 0.0080     545.2001 3.467539e+01  70.491438  73.903039  78.978667
0.0060 0.0080     544.4888 3.491801e+01  70.368107  73.810459  78.824263
0.0061 0.0080       0.0000 3.515606e+01  70.246949  73.719650  78.670040
0.0062 0.0080       0.0000 3.538939e+01  70.128516  73.630062  78.514951
0.0063 0.0080       0.0000 3.561863e+01  70.012419  73.542213  78.368747
0.0064 0.0080       0.0000 3.584248e+01  69.899309  73.454056  78.221472
0.0065 0.0080       0.0000 3.606299e+01  69.788315  73.368231  78.075405
0.0066 0.0080       0.0000 3.627853e+01  69.679828  73.283317  77.934426
0.0067 0.0080       0.0000 3.648995e+01  69.574097  73.200007  77.790889
0.0068 0.0080       0.0000 3.669789e+01  69.470430  73.117408  77.655497
0.0069 0.0080       0.0000 3.690206e+01  69.369094  73.036305  77.513902
0.0070 0.0080       0.0000 3.710239e+01  69.270137  72.956832  77.377022
0.0071 0.0080       0.0000 3.729832e+01  69.173572  72.878311  77.244862
0.0072 0.0080       0.0000 3.749223e+01  69.078673  72.801521  77.112577
0.0073 0.0080       0.0000 3.768199e+01  68.986295  72.725111  76.981587
0.0074 0.0080       0.0000 3.786868e+01  68.895902  72.650275  76.856614
0.0075 0.0080       0.0000 3.805156e+01  68.807975  72.576815  76.730367
0.0076 0.0080       0.0000 3.823201e+01  68.721433  72.504159  76.606736
0.0077 0.0080       0.0000 3.840836e+01  68.638259  72.432515  76.486155
0.0078 0.0080       0.0000 3.858258e+01  68.556561  72.362400  76.366375
0.0079 0.0080       0.0000 3.875405e+01  68.476656  72.293656  76.248839
0.0080 0.0080       0.0000 3.892252e+01  68.399149  72.226879  76.135581
0.0081 0.0080       0.0000 3.908799e+01  68.323429  72.159888  76.019578
0.0082 0.0080       0.0000 3.925023e+01  68.249292  72.094026  75.906950
0.0083 0.0080       0.0000 3.941215e+01  68.176810  72.029739  75.798834
0.0084 0.0080       0.0000 3.957057e+01  68.106335  71.966222  75.688899
0.0085 0.0080       0.0000 3.972607e+01  68.037890  71.904464  75.584879
0.0086 0.0080       0.0000 3.988001e+01  67.970751  71.843825  75.478541
0.0087 0.0080       0.0000 4.003056e+01  67.906155  71.784390  75.378463
0.0088 0.0080       0.0000 4.018021e+01  67.842926  71.726644  75.274012
0.0089 0.0080       0.0000 4.032740e+01  67.781456  71.669111  75.171821
0.0090 0.0080       0.0000 4.047191e+01  67.721337  71.613205  75.075794
0.0091 0.0080       0.0000 4.061496e+01  67.662400  71.558642  74.981319
0.0092 0.0080       0.0000 4.075524e+01  67.605906  71.504763  74.889722
0.0093 0.0080       0.0000 4.089441e+01  67.550393  71.451844  74.798138
0.0094 0.0080       0.0000 4.103017e+01  67.497401  71.400603  74.709640
0.0095 0.0080       0.0000 4.116503e+01  67.445507  71.350181  74.617417
0.0096 0.0080       0.0000 4.129834e+01  67.394962  71.299897  74.529050
0.0097 0.0080       0.0000 4.143026e+01  67.345557  71.251533  74.444411
0.0098 0.0080       0.0000 4.155995e+01  67.297629  71.203858  74.363151
0.0099 0.0080       0.0000 4.168831e+01  67.251158  71.157522  74.279063
0.0100 0.0080       0.0000 4.181473e+01  67.206070  71.112609  74.198555
0.0000 0.0081     350.6248 6.382938e-05  50.931921  50.931523  53.419705
0.0001 0.0081     350.8303 1.003414e+00  80.149088  80.117548  89.415501
0.0002 0.0081     351.4454 2.037175e+00  80.134755  80.057669  89.259583
0.0003 0.0081     352.4664 3.087929e+00  80.095703  79.992236  89.120294
0.0004 0.0081     353.8869 4.142332e+00  80.036630  79.921142  88.981055
0.0005 0.0081     355.6981 5.194251e+00  79.960478  79.842475  88.839579
0.0006 0.0081     357.8890 6.237221e+00  79.865822  79.757273  88.689251
0.0007 0.0081     360.4462 7.265884e+00  79.755185  79.667303  88.538916
0.0008 0.0081     363.3542 8.276027e+00  79.629001  79.573747  88.383462
0.0009 0.0081     366.5957 9.262882e+00  79.489736  79.477438  88.217239
0.0010 0.0081     370.1514 1.022670e+01  79.336591  79.378282  88.056215
0.0011 0.0081     374.0007 1.116408e+01  79.174719  79.276010  87.885441
0.0012 0.0081     378.1214 1.207373e+01  79.001979  79.172448  87.713383
0.0013 0.0081     382.4902 1.295548e+01  78.822771  79.065706  87.537670
0.0014 0.0081     387.0828 1.380956e+01  78.637712  78.957995  87.362315
0.0015 0.0081     391.8742 1.463553e+01  78.446112  78.849056  87.188013
0.0016 0.0081     396.8387 1.543468e+01  78.251299  78.737462  87.003800
0.0017 0.0081     401.9506 1.620754e+01  78.051566  78.626870  86.816569
0.0018 0.0081     407.1837 1.695418e+01  77.849527  78.513936  86.635508
0.0019 0.0081     412.5123 1.767603e+01  77.645198  78.398998  86.452206
0.0020 0.0081     417.9106 1.837370e+01  77.440030  78.284304  86.264194
0.0021 0.0081     423.3536 1.904887e+01  77.232622  78.169373  86.078360
0.0022 0.0081     428.8167 1.970087e+01  77.025753  78.052973  85.887884
0.0023 0.0081     434.2762 2.033216e+01  76.818292  77.937186  85.695745
0.0024 0.0081     439.7095 2.094272e+01  76.611677  77.821951  85.504539
0.0025 0.0081     445.0946 2.153436e+01  76.404973  77.703161  85.315636
0.0026 0.0081     450.4112 2.210780e+01  76.200088  77.586492  85.120797
0.0027 0.0081     455.6399 2.266187e+01  75.995277  77.469534  84.927508
0.0028 0.0081     460.7627 2.320060e+01  75.791850  77.352414  84.731725
0.0029 0.0081     465.7631 2.372428e+01  75.589966  77.235919  84.538492
0.0030 0.0081     470.6259 2.422982e+01  75.391241  77.118797  84.346474
0.0031 0.0081     475.3373 2.472162e+01  75.193942  77.002562  84.143312
0.0032 0.0081     479.8851 2.519951e+01  74.997834  76.886590  83.954030
0.0033 0.0081     484.2584 2.566350e+01  74.803856  76.771064  83.760451
0.0034 0.0081     488.4478 2.611526e+01  74.612779  76.656077  83.564284
0.0035 0.0081     492.4453 2.655336e+01  74.423684  76.541622  83.377335
0.0036 0.0081     496.2442 2.698095e+01  74.237284  76.427314  83.179237
0.0037 0.0081     499.8392 2.739685e+01  74.052520  76.312888  82.994417
0.0038 0.0081     503.2262 2.780090e+01  73.870735  76.199555  82.808440
0.0039 0.0081     506.4022 2.819451e+01  73.691773  76.087313  82.623827
0.0040 0.0081     509.3655 2.857850e+01  73.515398  75.976029  82.436532
0.0041 0.0081     512.1152 2.895343e+01  73.340723  75.863682  82.250169
0.0042 0.0081     514.6515 2.931970e+01  73.168471  75.754318  82.059925
0.0043 0.0081     516.9757 2.967084e+01  72.996870  75.644295  81.881138
0.0044 0.0081     519.0894 3.002195e+01  72.835144  75.537880  81.697741
0.0045 0.0081     520.9955 3.036095e+01  72.672401  75.431282  81.512953
0.0046 0.0081     522.6971 3.069207e+01  72.512123  75.325176  81.336953
0.0047 0.0081     524.1981 3.101576e+01  72.354387  75.219917  81.159714
0.0048 0.0081     525.5029 3.133151e+01  72.199026  75.115187  80.984114
0.0049 0.0081     526.6163 3.164026e+01  72.046576  75.012330  80.812478
0.0050 0.0081     527.5434 3.194225e+01  71.896871  74.909881  80.637428
0.0051 0.0081     528.2897 3.223760e+01  71.750464  74.809164  80.461210
0.0052 0.0081     528.8610 3.252586e+01  71.605840  74.709698  80.289462
0.0053 0.0081     529.2630 3.280847e+01  71.465057  74.610065  80.123111
0.0054 0.0081     529.5019 3.308609e+01  71.325833  74.511475  79.954130
0.0055 0.0081     529.5837 3.335532e+01  71.190270  74.414504  79.794226
0.0056 0.0081     529.5146 3.362002e+01  71.056730  74.319244  79.632287
0.0057 0.0081     529.3008 3.388028e+01  70.925496  74.224702  79.467873
0.0058 0.0081     528.9483 3.413257e+01  70.798022  74.131138  79.308443
0.0059 0.0081       0.0000 3.438277e+01  70.672129  74.038448  79.152450
0.0060 0.0081       0.0000 3.462672e+01  70.549142  73.946818  79.000992
0.0061 0.0081       0.0000 3.486537e+01  70.428552  73.856386  78.846082
0.0062 0.0081       0.0000 3.509987e+01  70.309786  73.767610  78.693486
0.0063 0.0081       0.0000 3.532999e+01  70.194611  73.679258  78.546203
0.0064 0.0081       0.0000 3.555551e+01  70.081182  73.592097  78.396977
0.0065 0.0081       0.0000 3.577670e+01  69.970432  73.507384  78.256481
0.0066 0.0081       0.0000 3.599358e+01  69.862034  73.424037  78.112674
0.0067 0.0081       0.0000 3.620628e+01  69.755976  73.340506  77.972580
0.0068 0.0081       0.0000 3.641597e+01  69.652156  73.258346  77.833706
0.0069 0.0081       0.0000 3.662097e+01  69.550634  73.177882  77.696954
0.0070 0.0081       0.0000 3.682277e+01  69.451561  73.098367  77.560834
0.0071 0.0081       0.0000 3.702136e+01  69.354607  73.020212  77.426169
0.0072 0.0081       0.0000 3.721548e+01  69.259328  72.943849  77.295929
0.0073 0.0081       0.0000 3.740644e+01  69.167173  72.868229  77.164263
0.0074 0.0081       0.0000 3.759574e+01  69.075692  72.793206  77.039747
0.0075 0.0081       0.0000 3.777942e+01  68.988015  72.719661  76.914123
0.0076 0.0081       0.0000 3.796171e+01  68.901196  72.647294  76.788367
0.0077 0.0081       0.0000 3.814003e+01  68.816960  72.576465  76.668033
0.0078 0.0081       0.0000 3.831554e+01  68.734811  72.505937  76.546915
0.0079 0.0081       0.0000 3.848883e+01  68.654401  72.437540  76.431307
0.0080 0.0081       0.0000 3.865831e+01  68.576557  72.370598  76.314366
0.0081 0.0081       0.0000 3.882618e+01  68.498996  72.303498  76.203145
0.0082 0.0081       0.0000 3.899047e+01  68.424913  72.238001  76.092214
0.0083 0.0081       0.0000 3.915320e+01  68.351650  72.174248  75.981283
0.0084 0.0081       0.0000 3.931364e+01  68.280541  72.111339  75.873211
0.0085 0.0081       0.0000 3.947100e+01  68.211592  72.048747  75.766998
0.0086 0.0081       0.0000 3.962598e+01  68.143985  71.988264  75.662235
0.0087 0.0081       0.0000 3.977932e+01  68.077745  71.928898  75.559480
0.0088 0.0081       0.0000 3.992952e+01  68.014112  71.870834  75.458826
0.0089 0.0081       0.0000 4.007809e+01  67.952217  71.813351  75.357007
0.0090 0.0081       0.0000 4.022573e+01  67.890637  71.757308  75.256474
0.0091 0.0081       0.0000 4.036998e+01  67.831387  71.702486  75.158935
0.0092 0.0081       0.0000 4.051240e+01  67.773987  71.648763  75.064858
0.0093 0.0081       0.0000 4.065332e+01  67.717763  71.595939  74.970586
0.0094 0.0081       0.0000 4.079099e+01  67.663325  71.543981  74.888319
0.0095 0.0081       0.0000 4.092836e+01  67.610152  71.492313  74.793770
0.0096 0.0081       0.0000 4.106226e+01  67.558924  71.442720  74.707004
0.0097 0.0081       0.0000 4.119559e+01  67.508620  71.394166  74.621037
0.0098 0.0081       0.0000 4.132782e+01  67.459776  71.346046  74.536622
0.0099 0.0081       0.0000 4.145778e+01  67.412263  71.299298  74.452882
0.0100 0.0081       0.0000 4.158593e+01  67.366461  71.254212  74.368728
0.0000 0.0082     338.1366 6.661260e-06  50.926920  50.926443  53.387700
0.0001 0.0082     338.3338 9.912635e-01  80.167830  80.140070  89.405624
0.0002 0.0082     338.9242 2.013660e+00  80.153431  80.082637  89.253971
0.0003 0.0082     339.9042 3.049837e+00  80.116614  80.019367  89.114189
0.0004 0.0082     341.2678 4.091933e+00  80.061468  79.949920  88.979661
0.0005 0.0082     343.0068 5.129303e+00  79.986757  79.874521  88.841128
0.0006 0.0082     345.1107 6.159438e+00  79.895050  79.791457  88.698790
0.0007 0.0082     347.5669 7.175077e+00  79.787672  79.704212  88.551771
0.0008 0.0082     350.3608 8.172459e+00  79.664074  79.612717  88.394847
0.0009 0.0082     353.4761 9.146922e+00  79.527701  79.518766  88.239151
0.0010 0.0082     356.8947 1.009921e+01  79.379061  79.422138  88.077113
0.0011 0.0082     360.5969 1.102500e+01  79.221020  79.322348  87.913707
0.0012 0.0082     364.5618 1.192394e+01  79.052794  79.221006  87.746762
0.0013 0.0082     368.7673 1.279542e+01  78.877760  79.117346  87.577438
0.0014 0.0082     373.1906 1.363937e+01  78.696722  79.012233  87.402016
0.0015 0.0082     377.8077 1.445594e+01  78.509764  78.905319  87.227807
0.0016 0.0082     382.5945 1.524640e+01  78.318391  78.796950  87.050348
0.0017 0.0082     387.5263 1.600969e+01  78.124493  78.688746  86.870729
0.0018 0.0082     392.5786 1.674938e+01  77.926391  78.576961  86.688675
0.0019 0.0082     397.7265 1.746428e+01  77.726532  78.465905  86.506863
0.0020 0.0082     402.9457 1.815526e+01  77.525491  78.353296  86.325281
0.0021 0.0082     408.2122 1.882247e+01  77.322663  78.240723  86.145149
0.0022 0.0082     413.5025 1.946884e+01  77.119726  78.127405  85.960909
0.0023 0.0082     418.7939 2.009410e+01  76.916886  78.013544  85.771401
0.0024 0.0082     424.0647 2.069862e+01  76.713591  77.900634  85.585943
0.0025 0.0082     429.2939 2.128608e+01  76.511605  77.784428  85.398235
0.0026 0.0082     434.4617 2.185458e+01  76.310094  77.670058  85.207349
0.0027 0.0082     439.5494 2.240550e+01  76.108805  77.555099  85.020262
0.0028 0.0082     444.5398 2.294047e+01  75.909639  77.440510  84.826427
0.0029 0.0082     449.4165 2.345789e+01  75.712107  77.325839  84.638533
0.0030 0.0082     454.1650 2.396097e+01  75.515507  77.210885  84.451514
0.0031 0.0082     458.7717 2.444981e+01  75.322029  77.096948  84.252036
0.0032 0.0082     463.2246 2.492449e+01  75.129431  76.982934  84.062299
0.0033 0.0082     467.5130 2.538560e+01  74.938410  76.868927  83.872848
0.0034 0.0082     471.6274 2.583508e+01  74.750551  76.756153  83.681039
0.0035 0.0082     475.5600 2.627171e+01  74.564327  76.643168  83.495562
0.0036 0.0082     479.3040 2.669694e+01  74.380696  76.530373  83.307670
0.0037 0.0082     482.8538 2.711057e+01  74.198520  76.417702  83.120532
0.0038 0.0082     486.2053 2.751345e+01  74.019172  76.306361  82.936310
0.0039 0.0082     489.3552 2.790584e+01  73.842713  76.196160  82.752785
0.0040 0.0082     492.3015 2.828832e+01  73.668674  76.086992  82.571145
0.0041 0.0082     495.0431 2.866190e+01  73.496947  75.977721  82.386304
0.0042 0.0082     497.5799 2.902792e+01  73.326070  75.868052  82.200349
0.0043 0.0082     499.9126 2.938213e+01  73.160092  75.760251  82.020580
0.0044 0.0082     502.0428 2.972858e+01  72.996063  75.654031  81.841568
0.0045 0.0082     503.9727 3.006683e+01  72.835365  75.549381  81.663861
0.0046 0.0082     505.7053 3.039756e+01  72.676619  75.444164  81.486309
0.0047 0.0082     507.2439 3.072110e+01  72.520660  75.340634  81.309936
0.0048 0.0082     508.5926 3.103726e+01  72.366628  75.237526  81.134002
0.0049 0.0082     509.7558 3.134584e+01  72.215636  75.135806  80.961590
0.0050 0.0082     510.7384 3.164775e+01  72.067028  75.034149  80.794518
0.0051 0.0082     511.5453 3.194345e+01  71.921701  74.934498  80.621632
0.0052 0.0082     512.1819 3.223242e+01  71.778790  74.835635  80.452462
0.0053 0.0082     512.6539 3.251495e+01  71.639254  74.737044  80.285237
0.0054 0.0082     512.9668 3.279311e+01  71.499119  74.640565  80.115871
0.0055 0.0082     513.1266 3.306437e+01  71.364398  74.544211  79.952579
0.0056 0.0082     513.1390 3.332900e+01  71.232152  74.449539  79.797894
0.0057 0.0082     513.0100 3.358899e+01  71.102050  74.355609  79.638353
0.0058 0.0082       0.0000 3.384254e+01  70.974834  74.262683  79.482515
0.0059 0.0082       0.0000 3.409353e+01  70.849361  74.171329  79.322996
0.0060 0.0082       0.0000 3.433814e+01  70.726911  74.080726  79.169164
0.0061 0.0082       0.0000 3.457836e+01  70.606740  73.990716  79.017125
0.0062 0.0082       0.0000 3.481350e+01  70.488675  73.902530  78.868152
0.0063 0.0082       0.0000 3.504475e+01  70.372874  73.814988  78.718357
0.0064 0.0082       0.0000 3.527140e+01  70.259773  73.729533  78.573893
0.0065 0.0082       0.0000 3.549376e+01  70.149247  73.644586  78.430683
0.0066 0.0082       0.0000 3.571201e+01  70.040902  73.561107  78.289642
0.0067 0.0082       0.0000 3.592684e+01  69.934677  73.478435  78.146545
0.0068 0.0082       0.0000 3.613675e+01  69.830828  73.396942  78.010726
0.0069 0.0082       0.0000 3.634338e+01  69.729404  73.316748  77.874754
0.0070 0.0082       0.0000 3.654610e+01  69.630358  73.237362  77.737418
0.0071 0.0082       0.0000 3.674572e+01  69.532527  73.159911  77.603525
0.0072 0.0082       0.0000 3.694118e+01  69.437537  73.083217  77.475889
0.0073 0.0082       0.0000 3.713389e+01  69.344380  73.007637  77.341774
0.0074 0.0082       0.0000 3.732420e+01  69.254211  72.933768  77.219531
0.0075 0.0082       0.0000 3.751032e+01  69.165192  72.860801  77.094680
0.0076 0.0082       0.0000 3.769382e+01  69.078002  72.788894  76.970115
0.0077 0.0082       0.0000 3.787362e+01  68.993199  72.718070  76.849613
0.0078 0.0082       0.0000 3.805071e+01  68.910589  72.648223  76.730672
0.0079 0.0082       0.0000 3.822509e+01  68.830223  72.579836  76.610118
0.0080 0.0082       0.0000 3.839637e+01  68.751429  72.512265  76.497874
0.0081 0.0082       0.0000 3.856618e+01  68.673492  72.445357  76.381823
0.0082 0.0082       0.0000 3.873275e+01  68.597947  72.380215  76.270780
0.0083 0.0082       0.0000 3.889693e+01  68.524675  72.316272  76.158636
0.0084 0.0082       0.0000 3.905822e+01  68.452702  72.253616  76.054097
0.0085 0.0082       0.0000 3.921708e+01  68.383695  72.191269  75.944852
0.0086 0.0082       0.0000 3.937466e+01  68.314638  72.130867  75.838965
0.0087 0.0082       0.0000 3.952947e+01  68.247520  72.071387  75.736920
0.0088 0.0082       0.0000 3.968204e+01  68.182828  72.012990  75.634641
0.0089 0.0082       0.0000 3.983189e+01  68.119874  71.955646  75.536257
0.0090 0.0082       0.0000 3.998072e+01  68.058144  71.899194  75.436066
0.0091 0.0082       0.0000 4.012679e+01  67.998171  71.844533  75.338410
0.0092 0.0082       0.0000 4.027096e+01  67.939869  71.790332  75.239478
0.0093 0.0082       0.0000 4.041339e+01  67.883043  71.737549  75.148625
0.0094 0.0082       0.0000 4.055580e+01  67.826543  71.685269  75.052562
0.0095 0.0082       0.0000 4.069207e+01  67.773738  71.633789  74.968530
0.0096 0.0082       0.0000 4.082846e+01  67.721262  71.584007  74.880479
0.0097 0.0082       0.0000 4.096388e+01  67.669470  71.534630  74.790857
0.0098 0.0082       0.0000 4.109662e+01  67.620421  71.486595  74.709752
0.0099 0.0082       0.0000 4.122848e+01  67.571953  71.439511  74.625931
0.0100 0.0082       0.0000 4.135913e+01  67.524902  71.393840  74.540638
0.0000 0.0083     326.1914 6.168936e-05  50.922237  50.921635  53.355638
0.0001 0.0083     326.3808 9.795614e-01  80.187744  80.161432  89.389586
0.0002 0.0083     326.9476 1.989036e+00  80.174194  80.106340  89.241390
0.0003 0.0083     327.8885 3.010679e+00  80.137596  80.045136  89.103453
0.0004 0.0083     329.1980 4.040353e+00  80.084601  79.977167  88.972823
0.0005 0.0083     330.8681 5.065878e+00  80.012326  79.903974  88.839420
0.0006 0.0083     332.8892 6.082896e+00  79.923062  79.823770  88.703122
0.0007 0.0083     335.2491 7.085948e+00  79.818228  79.738598  88.559797
0.0008 0.0083     337.9343 8.070053e+00  79.698103  79.649922  88.406528
0.0009 0.0083     340.9293 9.034063e+00  79.564563  79.557931  88.253668
0.0010 0.0083     344.2168 9.974107e+00  79.419633  79.463945  88.096288
0.0011 0.0083     347.7785 1.088826e+01  79.265296  79.367228  87.937126
0.0012 0.0083     351.5945 1.177653e+01  79.101596  79.268128  87.773725
0.0013 0.0083     355.6440 1.263774e+01  78.930565  79.166691  87.607156
0.0014 0.0083     359.9051 1.347194e+01  78.753673  79.064010  87.438040
0.0015 0.0083     364.3553 1.427966e+01  78.571096  78.959901  87.270790
0.0016 0.0083     368.9717 1.506102e+01  78.384669  78.854054  87.097708
0.0017 0.0083     373.7309 1.581726e+01  78.193536  78.747909  86.917554
0.0018 0.0083     378.6093 1.654808e+01  78.000421  78.640074  86.746031
0.0019 0.0083     383.5836 1.725545e+01  77.805211  78.530749  86.564123
0.0020 0.0083     388.6303 1.793940e+01  77.607534  78.420753  86.386627
0.0021 0.0083     393.7266 1.860029e+01  77.409600  78.310161  86.209726
0.0022 0.0083     398.8501 1.924067e+01  77.210930  78.199590  86.027622
0.0023 0.0083     403.9791 1.986051e+01  77.012178  78.087483  85.843241
0.0024 0.0083     409.0925 2.046030e+01  76.813084  77.976570  85.663479
0.0025 0.0083     414.1704 2.104200e+01  76.614739  77.863300  85.479792
0.0026 0.0083     419.1935 2.160599e+01  76.417081  77.750930  85.288862
0.0027 0.0083     424.1440 2.215231e+01  76.219670  77.637695  85.105557
0.0028 0.0083     429.0049 2.268230e+01  76.024295  77.525279  84.917660
0.0029 0.0083     433.7607 2.319721e+01  75.830392  77.413099  84.730776
0.0030 0.0083     438.3969 2.369681e+01  75.637453  77.300723  84.546189
0.0031 0.0083     442.9005 2.418231e+01  75.446457  77.187894  84.357824
0.0032 0.0083     447.2595 2.465449e+01  75.256342  77.076549  84.162346
0.0033 0.0083     451.4634 2.511320e+01  75.069996  76.964648  83.981155
0.0034 0.0083     455.5029 2.555980e+01  74.884473  76.851754  83.795353
0.0035 0.0083     459.3701 2.599354e+01  74.701511  76.741266  83.611162
0.0036 0.0083     463.0582 2.641741e+01  74.520061  76.631116  83.424130
0.0037 0.0083     466.5615 2.682949e+01  74.341036  76.520461  83.238101
0.0038 0.0083     469.8756 2.723055e+01  74.164210  76.411404  83.057509
0.0039 0.0083     472.9972 2.762180e+01  73.989937  76.302996  82.878116
0.0040 0.0083     475.9240 2.800278e+01  73.818333  76.194711  82.698589
0.0041 0.0083     478.6546 2.837519e+01  73.648476  76.087093  82.516374
0.0042 0.0083     481.1886 2.873833e+01  73.481153  75.980476  82.337123
0.0043 0.0083     483.5265 2.909251e+01  73.316594  75.874604  82.159339
0.0044 0.0083     485.6693 2.943963e+01  73.153967  75.767920  81.981284
0.0045 0.0083     487.6191 2.977785e+01  72.994107  75.663415  81.802652
0.0046 0.0083     489.3784 3.010768e+01  72.837281  75.560866  81.628527
0.0047 0.0083     490.9502 3.043068e+01  72.682376  75.458299  81.456296
0.0048 0.0083     492.3382 3.074648e+01  72.530043  75.356866  81.282018
0.0049 0.0083     493.5465 3.105524e+01  72.380919  75.255918  81.110289
0.0050 0.0083     494.5795 3.135748e+01  72.234347  75.156049  80.943588
0.0051 0.0083     495.4419 3.165279e+01  72.089656  75.056976  80.774115
0.0052 0.0083     496.1387 3.194237e+01  71.947671  74.958793  80.605805
0.0053 0.0083     496.6753 3.222500e+01  71.808298  74.861947  80.440059
0.0054 0.0083     497.0569 3.250204e+01  71.672001  74.766340  80.279769
0.0055 0.0083     497.2891 3.277393e+01  71.536969  74.670958  80.121546
0.0056 0.0083       0.0000 3.304048e+01  71.404926  74.576862  79.959542
0.0057 0.0083       0.0000 3.330173e+01  71.274868  74.483683  79.800641
0.0058 0.0083       0.0000 3.355689e+01  71.147725  74.392279  79.640899
0.0059 0.0083       0.0000 3.380691e+01  71.023470  74.301175  79.490399
0.0060 0.0083       0.0000 3.405229e+01  70.901482  74.211381  79.339407
0.0061 0.0083       0.0000 3.429417e+01  70.781367  74.122737  79.181046
0.0062 0.0083       0.0000 3.453027e+01  70.663659  74.035121  79.036717
0.0063 0.0083       0.0000 3.476275e+01  70.548626  73.947954  78.888300
0.0064 0.0083       0.0000 3.498987e+01  70.435930  73.863490  78.745864
0.0065 0.0083       0.0000 3.521408e+01  70.325332  73.778957  78.602025
0.0066 0.0083       0.0000 3.543291e+01  70.217372  73.696166  78.459335
0.0067 0.0083       0.0000 3.564858e+01  70.110552  73.614051  78.317269
0.0068 0.0083       0.0000 3.586020e+01  70.006895  73.533374  78.182052
0.0069 0.0083       0.0000 3.606838e+01  69.905085  73.453161  78.049303
0.0070 0.0083       0.0000 3.627218e+01  69.805423  73.374333  77.914292
0.0071 0.0083       0.0000 3.647372e+01  69.708296  73.296855  77.782064
0.0072 0.0083       0.0000 3.667036e+01  69.613545  73.220642  77.647324
0.0073 0.0083       0.0000 3.686533e+01  69.519859  73.145582  77.521321
0.0074 0.0083       0.0000 3.705626e+01  69.428806  73.071549  77.392712
0.0075 0.0083       0.0000 3.724365e+01  69.339270  72.998916  77.270221
0.0076 0.0083       0.0000 3.742842e+01  69.252133  72.927897  77.146278
0.0077 0.0083       0.0000 3.760995e+01  69.167081  72.857086  77.025925
0.0078 0.0083       0.0000 3.778880e+01  69.083657  72.787743  76.906266
0.0079 0.0083       0.0000 3.796528e+01  69.002504  72.719382  76.785629
0.0080 0.0083       0.0000 3.813782e+01  68.923213  72.652009  76.673548
0.0081 0.0083       0.0000 3.830863e+01  68.844891  72.585339  76.559571
0.0082 0.0083       0.0000 3.847712e+01  68.768866  72.520471  76.446261
0.0083 0.0083       0.0000 3.864289e+01  68.694686  72.456252  76.333402
0.0084 0.0083       0.0000 3.880615e+01  68.622467  72.393714  76.226541
0.0085 0.0083       0.0000 3.896652e+01  68.552097  72.331619  76.121863
0.0086 0.0083       0.0000 3.912547e+01  68.483029  72.271138  76.016950
0.0087 0.0083       0.0000 3.928154e+01  68.415533  72.211652  75.909875
0.0088 0.0083       0.0000 3.943560e+01  68.349914  72.152896  75.809255
0.0089 0.0083       0.0000 3.958763e+01  68.286204  72.095872  75.708644
0.0090 0.0083       0.0000 3.973779e+01  68.223443  72.039658  75.611926
0.0091 0.0083       0.0000 3.988588e+01  68.162868  71.984626  75.510604
0.0092 0.0083       0.0000 4.003141e+01  68.103563  71.930288  75.416569
0.0093 0.0083       0.0000 4.017518e+01  68.046230  71.876770  75.322047
0.0094 0.0083       0.0000 4.031772e+01  67.990007  71.824427  75.228734
0.0095 0.0083       0.0000 4.045843e+01  67.934922  71.773103  75.138112
0.0096 0.0083       0.0000 4.059670e+01  67.881168  71.722732  75.050102
0.0097 0.0083       0.0000 4.073185e+01  67.829528  71.673693  74.963112
0.0098 0.0083       0.0000 4.086723e+01  67.779204  71.625173  74.877823
0.0099 0.0083       0.0000 4.100081e+01  67.729798  71.577955  74.793990
0.0100 0.0083       0.0000 4.113311e+01  67.681762  71.532007  74.709699
0.0000 0.0084     314.7612 0.000000e+00  50.917909  50.917270  53.323677
0.0001 0.0084     314.9430 9.677594e-01  80.206416  80.182325  89.370983
0.0002 0.0084     315.4874 1.964974e+00  80.193871  80.128586  89.228080
0.0003 0.0084     316.3912 2.976436e+00  80.158430  80.068906  89.095548
0.0004 0.0084     317.6490 3.990887e+00  80.105976  80.003586  88.968703
0.0005 0.0084     319.2536 5.004056e+00  80.036305  79.932412  88.841630
0.0006 0.0084     321.1955 6.007736e+00  79.949086  79.854362  88.706567
0.0007 0.0084     323.4637 6.998252e+00  79.847185  79.771745  88.565384
0.0008 0.0084     326.0452 7.970136e+00  79.730112  79.685853  88.416138
0.0009 0.0084     328.9252 8.922515e+00  79.600169  79.595688  88.267561
0.0010 0.0084     332.0877 9.851004e+00  79.458766  79.504385  88.111370
0.0011 0.0084     335.5152 1.075425e+01  79.307555  79.409754  87.960984
0.0012 0.0084     339.1888 1.163176e+01  79.148254  79.313376  87.798855
0.0013 0.0084     343.0889 1.248291e+01  78.981480  79.214690  87.635105
0.0014 0.0084     347.1948 1.330804e+01  78.808471  79.114295  87.470599
0.0015 0.0084     351.4852 1.410648e+01  78.630168  79.012674  87.306935
0.0016 0.0084     355.9382 1.487957e+01  78.447890  78.909134  87.139012
0.0017 0.0084     360.5316 1.562783e+01  78.261026  78.805418  86.962158
0.0018 0.0084     365.2431 1.635102e+01  78.072112  78.699901  86.789967
0.0019 0.0084     370.0503 1.705088e+01  77.881041  78.593030  86.614450
0.0020 0.0084     374.9309 1.772793e+01  77.687968  78.485544  86.441057
0.0021 0.0084     379.8632 1.838226e+01  77.493750  78.376976  86.269370
0.0022 0.0084     384.8257 1.901648e+01  77.298941  78.268658  86.089087
0.0023 0.0084     389.7975 1.963044e+01  77.104077  78.159479  85.910107
0.0024 0.0084     394.7586 2.022582e+01  76.908957  78.049921  85.732421
0.0025 0.0084     399.6896 2.080218e+01  76.714843  77.939420  85.554242
0.0026 0.0084     404.5722 2.136154e+01  76.520520  77.829101  85.369878
0.0027 0.0084     409.3890 2.190324e+01  76.327147  77.718897  85.188308
0.0028 0.0084     414.1236 2.242959e+01  76.135530  77.608527  85.002532
0.0029 0.0084     418.7610 2.294081e+01  75.944769  77.498025  84.820901
0.0030 0.0084     423.2871 2.343665e+01  75.755506  77.387930  84.642469
0.0031 0.0084     427.6890 2.391913e+01  75.567755  77.277143  84.455659
0.0032 0.0084     431.9552 2.438867e+01  75.381314  77.166838  84.268507
0.0033 0.0084     436.0752 2.484473e+01  75.197317  77.056080  84.083933
0.0034 0.0084     440.0399 2.528904e+01  75.014529  76.947235  83.897703
0.0035 0.0084     443.8414 2.572067e+01  74.834642  76.837614  83.718591
0.0036 0.0084     447.4728 2.614209e+01  74.656205  76.729586  83.536604
0.0037 0.0084     450.9284 2.655204e+01  74.479775  76.621598  83.355202
0.0038 0.0084     454.2036 2.695152e+01  74.305422  76.513527  83.176599
0.0039 0.0084     457.2950 2.734150e+01  74.133332  76.406652  82.995702
0.0040 0.0084     460.1999 2.772120e+01  73.963868  76.299892  82.821152
0.0041 0.0084     462.9169 2.809270e+01  73.796469  76.193732  82.641663
0.0042 0.0084     465.4452 2.845441e+01  73.631302  76.088593  82.467911
0.0043 0.0084     467.7850 2.880881e+01  73.468604  75.984154  82.288893
0.0044 0.0084     469.9371 2.915388e+01  73.308524  75.880354  82.114481
0.0045 0.0084     471.9030 2.949172e+01  73.150004  75.776991  81.939586
0.0046 0.0084     473.6851 2.982186e+01  72.994610  75.674912  81.765230
0.0047 0.0084     475.2860 3.014413e+01  72.841675  75.573465  81.597978
0.0048 0.0084     476.7090 3.045995e+01  72.690832  75.473397  81.424740
0.0049 0.0084     477.9579 3.076837e+01  72.542914  75.373867  81.256907
0.0050 0.0084     479.0368 3.107022e+01  72.397243  75.275561  81.090555
0.0051 0.0084     479.9500 3.136629e+01  72.253811  75.177597  80.922872
0.0052 0.0084     480.7022 3.165547e+01  72.113014  75.080185  80.759679
0.0053 0.0084     481.2984 3.193904e+01  71.974368  74.984453  80.593397
0.0054 0.0084     481.7437 3.221686e+01  71.839039  74.889116  80.430607
0.0055 0.0084       0.0000 3.248826e+01  71.705229  74.795030  80.275573
0.0056 0.0084       0.0000 3.275566e+01  71.573739  74.701434  80.119235
0.0057 0.0084       0.0000 3.301653e+01  71.445501  74.609874  79.960024
0.0058 0.0084       0.0000 3.327263e+01  71.318263  74.518770  79.805244
0.0059 0.0084       0.0000 3.352432e+01  71.194495  74.428594  79.652969
0.0060 0.0084       0.0000 3.377080e+01  71.072560  74.339726  79.500853
0.0061 0.0084       0.0000 3.401258e+01  70.953011  74.251439  79.349164
0.0062 0.0084       0.0000 3.425004e+01  70.835911  74.164781  79.201494
0.0063 0.0084       0.0000 3.448308e+01  70.721112  74.078782  79.053406
0.0064 0.0084       0.0000 3.471118e+01  70.608538  73.993915  78.911563
0.0065 0.0084       0.0000 3.493635e+01  70.498337  73.910070  78.767121
0.0066 0.0084       0.0000 3.515667e+01  70.390153  73.827477  78.629062
0.0067 0.0084       0.0000 3.537420e+01  70.283559  73.746661  78.488034
0.0068 0.0084       0.0000 3.558693e+01  70.179741  73.666518  78.353429
0.0069 0.0084       0.0000 3.579558e+01  70.078276  73.587133  78.218731
0.0070 0.0084       0.0000 3.600141e+01  69.978305  73.509394  78.080234
0.0071 0.0084       0.0000 3.620374e+01  69.881121  73.432130  77.950421
0.0072 0.0084       0.0000 3.640154e+01  69.785614  73.356376  77.818106
0.0073 0.0084       0.0000 3.659781e+01  69.692183  73.281083  77.692177
0.0074 0.0084       0.0000 3.679089e+01  69.600482  73.207826  77.565053
0.0075 0.0084       0.0000 3.697944e+01  69.511171  73.135458  77.442432
0.0076 0.0084       0.0000 3.716542e+01  69.423591  73.063876  77.320090
0.0077 0.0084       0.0000 3.734870e+01  69.338008  72.993326  77.198971
0.0078 0.0084       0.0000 3.752894e+01  69.254425  72.924560  77.079428
0.0079 0.0084       0.0000 3.770630e+01  69.172621  72.856588  76.964413
0.0080 0.0084       0.0000 3.788058e+01  69.092731  72.789398  76.847286
0.0081 0.0084       0.0000 3.805351e+01  69.014693  72.722877  76.731331
0.0082 0.0084       0.0000 3.822358e+01  68.937729  72.658821  76.616408
0.0083 0.0084       0.0000 3.839034e+01  68.863194  72.594803  76.509184
0.0084 0.0084       0.0000 3.855529e+01  68.790342  72.531740  76.397838
0.0085 0.0084       0.0000 3.871754e+01  68.718947  72.470369  76.293931
0.0086 0.0084       0.0000 3.887776e+01  68.649767  72.409447  76.187936
0.0087 0.0084       0.0000 3.903541e+01  68.581456  72.349639  76.085593
0.0088 0.0084       0.0000 3.919153e+01  68.514936  72.291515  75.981272
0.0089 0.0084       0.0000 3.934513e+01  68.450262  72.234482  75.882597
0.0090 0.0084       0.0000 3.949620e+01  68.387605  72.177803  75.780984
0.0091 0.0084       0.0000 3.964552e+01  68.325842  72.122551  75.686609
0.0092 0.0084       0.0000 3.979403e+01  68.265771  72.067977  75.587483
0.0093 0.0084       0.0000 3.993933e+01  68.207445  72.014254  75.492637
0.0094 0.0084       0.0000 4.008293e+01  68.150414  71.962363  75.398905
0.0095 0.0084       0.0000 4.022499e+01  68.094716  71.910670  75.307372
0.0096 0.0084       0.0000 4.036569e+01  68.040525  71.860090  75.215663
0.0097 0.0084       0.0000 4.050452e+01  67.987242  71.810298  75.126223
0.0098 0.0084       0.0000 4.063948e+01  67.936638  71.762182  75.043405
0.0099 0.0084       0.0000 4.077462e+01  67.885918  71.714456  74.962267
0.0100 0.0084       0.0000 4.090789e+01  67.837201  71.668144  74.877215
0.0000 0.0085     303.8194 4.386994e-06  50.913980  50.913412  53.292222
0.0001 0.0085     303.9941 9.562598e-01  80.222964  80.201028  89.355737
0.0002 0.0085     304.5171 1.941387e+00  80.211074  80.148777  89.205470
0.0003 0.0085     305.3854 2.938723e+00  80.177325  80.091352  89.080553
0.0004 0.0085     306.5940 3.942356e+00  80.126807  80.028665  88.964204
0.0005 0.0085     308.1360 4.942561e+00  80.058894  79.959054  88.834190
0.0006 0.0085     310.0026 5.934364e+00  79.974429  79.883190  88.704573
0.0007 0.0085     312.1833 6.912516e+00  79.874952  79.803095  88.569040
0.0008 0.0085     314.6657 7.873192e+00  79.760533  79.719322  88.424979
0.0009 0.0085     317.4360 8.812922e+00  79.634334  79.632413  88.276062
0.0010 0.0085     320.4791 9.730419e+00  79.496607  79.542034  88.127338
0.0011 0.0085     323.7782 1.062298e+01  79.349045  79.450833  87.975053
0.0012 0.0085     327.3157 1.149031e+01  79.193888  79.356150  87.821988
0.0013 0.0085     331.0729 1.233155e+01  79.030050  79.260739  87.663007
0.0014 0.0085     335.0302 1.314654e+01  78.861540  79.162220  87.503601
0.0015 0.0085     339.1673 1.393702e+01  78.687076  79.062864  87.342093
0.0016 0.0085     343.4636 1.470121e+01  78.508065  78.962085  87.175021
0.0017 0.0085     347.8979 1.544176e+01  78.325547  78.860233  87.005253
0.0018 0.0085     352.4489 1.615750e+01  78.140420  78.757219  86.833119
0.0019 0.0085     357.0954 1.684959e+01  77.953781  78.652933  86.660528
0.0020 0.0085     361.8161 1.752000e+01  77.764739  78.547626  86.494054
0.0021 0.0085     366.5902 1.816851e+01  77.574385  78.442113  86.324294
0.0022 0.0085     371.3972 1.879708e+01  77.383861  78.335691  86.148169
0.0023 0.0085     376.2171 1.940526e+01  77.193151  78.228965  85.971391
0.0024 0.0085     381.0307 1.999511e+01  77.002051  78.121687  85.799712
0.0025 0.0085     385.8193 2.056615e+01  76.811670  78.013142  85.618728
0.0026 0.0085     390.5653 2.112083e+01  76.621462  77.905593  85.443727
0.0027 0.0085     395.2519 2.165865e+01  76.431767  77.797100  85.265449
0.0028 0.0085     399.8633 2.218125e+01  76.243347  77.688657  85.085148
0.0029 0.0085     404.3848 2.268877e+01  76.055922  77.580148  84.906019
0.0030 0.0085     408.8028 2.318133e+01  75.870283  77.471739  84.728388
0.0031 0.0085     413.1047 2.366070e+01  75.685247  77.362625  84.545466
0.0032 0.0085     417.2792 2.412719e+01  75.502676  77.254687  84.361945
0.0033 0.0085     421.3161 2.458056e+01  75.321155  77.146960  84.182595
0.0034 0.0085     425.2063 2.502212e+01  75.141686  77.039796  84.003116
0.0035 0.0085     428.9418 2.545160e+01  74.963431  76.931844  83.828528
0.0036 0.0085     432.5159 2.587106e+01  74.788340  76.825607  83.641515
0.0037 0.0085     435.9227 2.627866e+01  74.614776  76.719301  83.465502
0.0038 0.0085     439.1577 2.667745e+01  74.443130  76.613574  83.285307
0.0039 0.0085     442.2171 2.706516e+01  74.273299  76.507118  83.113537
0.0040 0.0085     445.0982 2.744392e+01  74.106118  76.402127  82.940970
0.0041 0.0085     447.7992 2.781433e+01  73.940645  76.297930  82.761817
0.0042 0.0085     450.3191 2.817496e+01  73.777529  76.194461  82.590434
0.0043 0.0085     452.6578 2.852818e+01  73.616449  76.091176  82.415456
0.0044 0.0085     454.8159 2.887251e+01  73.458527  75.988929  82.243267
0.0045 0.0085     456.7946 2.920970e+01  73.302013  75.887226  82.071997
0.0046 0.0085     458.5959 2.953962e+01  73.148110  75.786192  81.899586
0.0047 0.0085     460.2221 2.986076e+01  72.996253  75.685218  81.733297
0.0048 0.0085     461.6762 3.017668e+01  72.847758  75.587204  81.564822
0.0049 0.0085     462.9616 3.048512e+01  72.700845  75.489185  81.397545
0.0050 0.0085     464.0820 3.078704e+01  72.556730  75.391501  81.233039
0.0051 0.0085     465.0416 3.108295e+01  72.414325  75.294557  81.067758
0.0052 0.0085     465.8448 3.137267e+01  72.274529  75.198449  80.903566
0.0053 0.0085       0.0000 3.165632e+01  72.137168  75.103595  80.742747
0.0054 0.0085       0.0000 3.193434e+01  72.002423  75.009742  80.581506
0.0055 0.0085       0.0000 3.220712e+01  71.869606  74.916415  80.423430
0.0056 0.0085       0.0000 3.247415e+01  71.738670  74.824579  80.268330
0.0057 0.0085       0.0000 3.273566e+01  71.610821  74.733139  80.112232
0.0058 0.0085       0.0000 3.299362e+01  71.484754  74.642480  79.960998
0.0059 0.0085       0.0000 3.324503e+01  71.361566  74.553530  79.807544
0.0060 0.0085       0.0000 3.349228e+01  71.240503  74.465594  79.658553
0.0061 0.0085       0.0000 3.373454e+01  71.121973  74.378095  79.509944
0.0062 0.0085       0.0000 3.397268e+01  71.004792  74.291612  79.362406
0.0063 0.0085       0.0000 3.420679e+01  70.890313  74.207062  79.215422
0.0064 0.0085       0.0000 3.443622e+01  70.778361  74.122465  79.071383
0.0065 0.0085       0.0000 3.466201e+01  70.667842  74.039422  78.929283
0.0066 0.0085       0.0000 3.488386e+01  70.559810  73.957306  78.788133
0.0067 0.0085       0.0000 3.510173e+01  70.454328  73.877264  78.650464
0.0068 0.0085       0.0000 3.531580e+01  70.350156  73.796804  78.517971
0.0069 0.0085       0.0000 3.552626e+01  70.248227  73.718611  78.381408
0.0070 0.0085       0.0000 3.573355e+01  70.148341  73.641618  78.245060
0.0071 0.0085       0.0000 3.593643e+01  70.051284  73.564895  78.116198
0.0072 0.0085       0.0000 3.613668e+01  69.955502  73.489178  77.986517
0.0073 0.0085       0.0000 3.633304e+01  69.862152  73.414734  77.861221
0.0074 0.0085       0.0000 3.652720e+01  69.770462  73.341712  77.735198
0.0075 0.0085       0.0000 3.671696e+01  69.680311  73.269588  77.610544
0.0076 0.0085       0.0000 3.690496e+01  69.592108  73.198463  77.485111
0.0077 0.0085       0.0000 3.708963e+01  69.506413  73.128102  77.363191
0.0078 0.0085       0.0000 3.727134e+01  69.422918  73.059308  77.245661
0.0079 0.0085       0.0000 3.745011e+01  69.340608  72.991615  77.132289
0.0080 0.0085       0.0000 3.762669e+01  69.260075  72.924739  77.015640
0.0081 0.0085       0.0000 3.780062e+01  69.181397  72.859007  76.899869
0.0082 0.0085       0.0000 3.797156e+01  69.104318  72.794668  76.786764
0.0083 0.0085       0.0000 3.814048e+01  69.029134  72.731024  76.678803
0.0084 0.0085       0.0000 3.830661e+01  68.955671  72.667993  76.569510
0.0085 0.0085       0.0000 3.847061e+01  68.884134  72.606666  76.462640
0.0086 0.0085       0.0000 3.863206e+01  68.813698  72.545710  76.357463
0.0087 0.0085       0.0000 3.879128e+01  68.745070  72.485856  76.251872
0.0088 0.0085       0.0000 3.894900e+01  68.677910  72.427633  76.149046
0.0089 0.0085       0.0000 3.910429e+01  68.612289  72.370760  76.050031
0.0090 0.0085       0.0000 3.925707e+01  68.548773  72.314073  75.951554
0.0091 0.0085       0.0000 3.940806e+01  68.486776  72.258083  75.853148
0.0092 0.0085       0.0000 3.955851e+01  68.425658  72.203522  75.750813
0.0093 0.0085       0.0000 3.970525e+01  68.366529  72.150192  75.657627
0.0094 0.0085       0.0000 3.984993e+01  68.308881  72.097945  75.566841
0.0095 0.0085       0.0000 3.999393e+01  68.252441  72.046253  75.473394
0.0096 0.0085       0.0000 4.013585e+01  68.197624  71.995415  75.383851
0.0097 0.0085       0.0000 4.027687e+01  68.143292  71.945679  75.291578
0.0098 0.0085       0.0000 4.041383e+01  68.091531  71.897018  75.206900
0.0099 0.0085       0.0000 4.054952e+01  68.040546  71.848871  75.127395
0.0100 0.0085       0.0000 4.068440e+01  67.990816  71.802237  75.041946
0.0000 0.0086     293.3412 0.000000e+00  50.910579  50.909756  53.261732
0.0001 0.0086     293.5091 9.449019e-01  80.239017  80.218995  89.337806
0.0002 0.0086     294.0117 1.918728e+00  80.227798  80.169264  89.200757
0.0003 0.0086     294.8462 2.904149e+00  80.194380  80.113274  89.073819
0.0004 0.0086     296.0079 3.894743e+00  80.146075  80.051344  88.950952
0.0005 0.0086     297.4902 4.883051e+00  80.080340  79.983840  88.825736
0.0006 0.0086     299.2849 5.862300e+00  79.997983  79.910545  88.698288
0.0007 0.0086     301.3820 6.827722e+00  79.900973  79.833097  88.565408
0.0008 0.0086     303.7698 7.775812e+00  79.790202  79.750825  88.431034
0.0009 0.0086     306.4354 8.705890e+00  79.666300  79.667250  88.283391
0.0010 0.0086     309.3642 9.612146e+00  79.531297  79.579304  88.141117
0.0011 0.0086     312.5407 1.049451e+01  79.388117  79.489629  87.989169
0.0012 0.0086     315.9480 1.135150e+01  79.236430  79.398009  87.839866
0.0013 0.0086     319.5684 1.218276e+01  79.077164  79.304359  87.684773
0.0014 0.0086     323.3833 1.298916e+01  78.912129  79.208211  87.528665
0.0015 0.0086     327.3735 1.377002e+01  78.740844  79.111337  87.368517
0.0016 0.0086     331.5194 1.452676e+01  78.566293  79.013525  87.202855
0.0017 0.0086     335.8009 1.525827e+01  78.388418  78.913648  87.042661
0.0018 0.0086     340.1977 1.596694e+01  78.207058  78.812857  86.879303
0.0019 0.0086     344.6896 1.665287e+01  78.024285  78.710863  86.703433
0.0020 0.0086     349.2562 1.731641e+01  77.839748  78.608069  86.541298
0.0021 0.0086     353.8778 1.795791e+01  77.653491  78.504649  86.378309
0.0022 0.0086     358.5347 1.858038e+01  77.466910  78.400677  86.206369
0.0023 0.0086     363.2077 1.918368e+01  77.279691  78.296192  86.032752
0.0024 0.0086     367.8783 1.976896e+01  77.091942  78.191650  85.862324
0.0025 0.0086     372.5288 2.033707e+01  76.904992  78.085410  85.683169
0.0026 0.0086     377.1421 2.088508e+01  76.719145  77.979332  85.514462
0.0027 0.0086     381.7019 2.141913e+01  76.532823  77.872641  85.339659
0.0028 0.0086     386.1931 2.193725e+01  76.347667  77.766135  85.163076
0.0029 0.0086     390.6013 2.244084e+01  76.163630  77.659445  84.985486
0.0030 0.0086     394.9134 2.293056e+01  75.981591  77.553218  84.807890
0.0031 0.0086     399.1170 2.340705e+01  75.799297  77.446742  84.633059
0.0032 0.0086     403.2011 2.386947e+01  75.619875  77.340701  84.457317
0.0033 0.0086     407.1556 2.432047e+01  75.441628  77.235462  84.276337
0.0034 0.0086     410.9715 2.475895e+01  75.265025  77.129803  84.101422
0.0035 0.0086     414.6411 2.518703e+01  75.089962  77.023492  83.924013
0.0036 0.0086     418.1574 2.560400e+01  74.916316  76.917954  83.752522
0.0037 0.0086     421.5147 2.601052e+01  74.745899  76.813541  83.569906
0.0038 0.0086     424.7081 2.640671e+01  74.576923  76.709749  83.394163
0.0039 0.0086     427.7340 2.679331e+01  74.409065  76.605457  83.224622
0.0040 0.0086     430.5894 2.717073e+01  74.243856  76.502263  83.051294
0.0041 0.0086     433.2722 2.753974e+01  74.080796  76.399435  82.878842
0.0042 0.0086     435.7813 2.789952e+01  73.919445  76.296838  82.707632
0.0043 0.0086     438.1163 2.825165e+01  73.760940  76.195627  82.537713
0.0044 0.0086     440.2775 2.859546e+01  73.604675  76.094288  82.371777
0.0045 0.0086     442.2658 2.893165e+01  73.450483  75.994319  82.200844
0.0046 0.0086     444.0829 2.926066e+01  73.298260  75.894850  82.029366
0.0047 0.0086     445.7309 2.958266e+01  73.148148  75.796759  81.861875
0.0048 0.0086     447.2123 2.989749e+01  73.000559  75.698568  81.695986
0.0049 0.0086     448.5304 3.020591e+01  72.855080  75.601506  81.533620
0.0050 0.0086     449.6885 3.050767e+01  72.712147  75.504508  81.371805
0.0051 0.0086     450.6904 3.080330e+01  72.571288  75.408657  81.209459
0.0052 0.0086       0.0000 3.109327e+01  72.432746  75.314161  81.049259
0.0053 0.0086       0.0000 3.137664e+01  72.296672  75.220379  80.887773
0.0054 0.0086       0.0000 3.165558e+01  72.162509  75.127740  80.726682
0.0055 0.0086       0.0000 3.192802e+01  72.031308  75.035668  80.572051
0.0056 0.0086       0.0000 3.219610e+01  71.901323  74.944456  80.413740
0.0057 0.0086       0.0000 3.245875e+01  71.773237  74.854525  80.257949
0.0058 0.0086       0.0000 3.271601e+01  71.648563  74.764220  80.109166
0.0059 0.0086       0.0000 3.296883e+01  71.525460  74.676197  79.959647
0.0060 0.0086       0.0000 3.321710e+01  71.404858  74.588856  79.808340
0.0061 0.0086       0.0000 3.346000e+01  71.286730  74.502831  79.662931
0.0062 0.0086       0.0000 3.369852e+01  71.170639  74.416926  79.516630
0.0063 0.0086       0.0000 3.393373e+01  71.055853  74.332438  79.372753
0.0064 0.0086       0.0000 3.416443e+01  70.944006  74.248879  79.226163
0.0065 0.0086       0.0000 3.439111e+01  70.834289  74.166462  79.088260
0.0066 0.0086       0.0000 3.461378e+01  70.726339  74.084963  78.949703
0.0067 0.0086       0.0000 3.483314e+01  70.621001  74.004686  78.808438
0.0068 0.0086       0.0000 3.504745e+01  70.517037  73.926078  78.676743
0.0069 0.0086       0.0000 3.525915e+01  70.415392  73.847927  78.542279
0.0070 0.0086       0.0000 3.546748e+01  70.315388  73.771275  78.411022
0.0071 0.0086       0.0000 3.567195e+01  70.218253  73.695289  78.277154
0.0072 0.0086       0.0000 3.587333e+01  70.122294  73.620061  78.149887
0.0073 0.0086       0.0000 3.607117e+01  70.029002  73.546225  78.022849
0.0074 0.0086       0.0000 3.626536e+01  69.937416  73.473238  77.900916
0.0075 0.0086       0.0000 3.645846e+01  69.847478  73.401588  77.772957
0.0076 0.0086       0.0000 3.664676e+01  69.758875  73.330517  77.652961
0.0077 0.0086       0.0000 3.683313e+01  69.672542  73.260364  77.530485
0.0078 0.0086       0.0000 3.701599e+01  69.588687  73.191555  77.410373
0.0079 0.0086       0.0000 3.719675e+01  69.505793  73.123522  77.295213
0.0080 0.0086       0.0000 3.737469e+01  69.424941  73.057855  77.180042
0.0081 0.0086       0.0000 3.754948e+01  69.346152  72.992590  77.067906
0.0082 0.0086       0.0000 3.772213e+01  69.268779  72.928093  76.953846
0.0083 0.0086       0.0000 3.789240e+01  69.192952  72.864507  76.843844
0.0084 0.0086       0.0000 3.806047e+01  69.118814  72.802056  76.734889
0.0085 0.0086       0.0000 3.822606e+01  69.046622  72.740575  76.625839
0.0086 0.0086       0.0000 3.838883e+01  68.975817  72.679996  76.521418
0.0087 0.0086       0.0000 3.854953e+01  68.906378  72.620597  76.417971
0.0088 0.0086       0.0000 3.870846e+01  68.838654  72.562303  76.315553
0.0089 0.0086       0.0000 3.886497e+01  68.772636  72.504680  76.212653
0.0090 0.0086       0.0000 3.901949e+01  68.708315  72.448038  76.114848
0.0091 0.0086       0.0000 3.917205e+01  68.645591  72.391944  76.019646
0.0092 0.0086       0.0000 3.932399e+01  68.583692  72.337368  75.917383
0.0093 0.0086       0.0000 3.947342e+01  68.523645  72.283923  75.819433
0.0094 0.0086       0.0000 3.961903e+01  68.465676  72.231179  75.730790
0.0095 0.0086       0.0000 3.976416e+01  68.408226  72.179761  75.638875
0.0096 0.0086       0.0000 3.990746e+01  68.352587  72.128983  75.546022
0.0097 0.0086       0.0000 4.004871e+01  68.298129  72.079123  75.460128
0.0098 0.0086       0.0000 4.018918e+01  68.244553  72.029785  75.371696
0.0099 0.0086       0.0000 4.032689e+01  68.193632  71.982290  75.276341
0.0100 0.0086       0.0000 4.046293e+01  68.142689  71.935098  75.202325
0.0000 0.0087     283.3031 0.000000e+00  50.907668  50.906955  53.231317
0.0001 0.0087     283.4645 9.338806e-01  80.254057  80.235505  89.313871
0.0002 0.0087     283.9476 1.894063e+00  80.243049  80.186968  89.175608
0.0003 0.0087     284.7499 2.869673e+00  80.211166  80.132765  89.058249
0.0004 0.0087     285.8668 3.847884e+00  80.163912  80.072986  88.937767
0.0005 0.0087     287.2922 4.824261e+00  80.100756  80.007113  88.815920
0.0006 0.0087     289.0183 5.791225e+00  80.020563  79.936616  88.695923
0.0007 0.0087     291.0356 6.745199e+00  79.926613  79.861673  88.561221
0.0008 0.0087     293.3331 7.683081e+00  79.817372  79.781786  88.428264
0.0009 0.0087     295.8986 8.599538e+00  79.697717  79.699933  88.292420
0.0010 0.0087     298.7183 9.496216e+00  79.566098  79.614323  88.145360
0.0011 0.0087     301.7774 1.036791e+01  79.425690  79.527097  88.002851
0.0012 0.0087     305.0601 1.121511e+01  79.278022  79.437111  87.857464
0.0013 0.0087     308.5494 1.203707e+01  79.122233  79.346131  87.703844
0.0014 0.0087     312.2279 1.283481e+01  78.960954  79.252901  87.549798
0.0015 0.0087     316.0773 1.360662e+01  78.794066  79.157948  87.398468
0.0016 0.0087     320.0789 1.435466e+01  78.623120  79.062559  87.236258
0.0017 0.0087     324.2136 1.507937e+01  78.448891  78.965236  87.075006
0.0018 0.0087     328.4622 1.578018e+01  78.271688  78.866608  86.917812
0.0019 0.0087     332.8052 1.645868e+01  78.092854  78.767006  86.753356
0.0020 0.0087     337.2235 1.711564e+01  77.912106  78.666569  86.583997
0.0021 0.0087     341.6979 1.775239e+01  77.729042  78.565327  86.424582
0.0022 0.0087     346.2098 1.836850e+01  77.546803  78.463002  86.259429
0.0023 0.0087     350.7407 1.896663e+01  77.363008  78.360903  86.089598
0.0024 0.0087     355.2730 1.954558e+01  77.179633  78.258100  85.923836
0.0025 0.0087     359.7895 2.010815e+01  76.996403  78.155178  85.749048
0.0026 0.0087     364.2739 2.065349e+01  76.812884  78.050757  85.575660
0.0027 0.0087     368.7103 2.118285e+01  76.630830  77.945851  85.407614
0.0028 0.0087     373.0842 2.169750e+01  76.449095  77.841447  85.233845
0.0029 0.0087     377.3817 2.219690e+01  76.268110  77.736898  85.063871
0.0030 0.0087     381.5899 2.268291e+01  76.088972  77.632755  84.891365
0.0031 0.0087     385.6969 2.315610e+01  75.910731  77.528666  84.718089
0.0032 0.0087     389.6918 2.361600e+01  75.734014  77.424163  84.543828
0.0033 0.0087     393.5648 2.406417e+01  75.558619  77.320363  84.369197
0.0034 0.0087     397.3070 2.450097e+01  75.384358  77.216569  84.192915
0.0035 0.0087     400.9106 2.492622e+01  75.212652  77.112716  84.019851
0.0036 0.0087     404.3688 2.534081e+01  75.042092  77.009208  83.848315
0.0037 0.0087     407.6759 2.574558e+01  74.872651  76.905202  83.677410
0.0038 0.0087     410.8268 2.613974e+01  74.706464  76.802970  83.507131
0.0039 0.0087     413.8178 2.652439e+01  74.541660  76.700998  83.333836
0.0040 0.0087     416.6457 2.690141e+01  74.378173  76.599390  83.162621
0.0041 0.0087     419.3084 2.726904e+01  74.217681  76.497878  82.992737
0.0042 0.0087     421.8045 2.762769e+01  74.058837  76.396795  82.825776
0.0043 0.0087     424.1333 2.797861e+01  73.901825  76.296948  82.655805
0.0044 0.0087     426.2949 2.832136e+01  73.747422  76.197715  82.488816
0.0045 0.0087     428.2899 2.865747e+01  73.594744  76.098850  82.321493
0.0046 0.0087     430.1197 2.898608e+01  73.444149  76.000999  82.154778
0.0047 0.0087     431.7862 2.930753e+01  73.295890  75.903840  81.989921
0.0048 0.0087     433.2916 2.962237e+01  73.149492  75.806806  81.826002
0.0049 0.0087     434.6387 2.993050e+01  73.005746  75.710259  81.664489
0.0050 0.0087       0.0000 3.023197e+01  72.864421  75.615321  81.505130
0.0051 0.0087       0.0000 3.052767e+01  72.724543  75.520398  81.344699
0.0052 0.0087       0.0000 3.081750e+01  72.587392  75.427425  81.182212
0.0053 0.0087       0.0000 3.110120e+01  72.452428  75.334692  81.026450
0.0054 0.0087       0.0000 3.138024e+01  72.319680  75.242919  80.867301
0.0055 0.0087       0.0000 3.165361e+01  72.188184  75.152118  80.710665
0.0056 0.0087       0.0000 3.192170e+01  72.059363  75.062140  80.556608
0.0057 0.0087       0.0000 3.218442e+01  71.933036  74.972645  80.402762
0.0058 0.0087       0.0000 3.244260e+01  71.808831  74.883997  80.252943
0.0059 0.0087       0.0000 3.269571e+01  71.686352  74.796322  80.104908
0.0060 0.0087       0.0000 3.294487e+01  71.566058  74.709655  79.957793
0.0061 0.0087       0.0000 3.318900e+01  71.447979  74.623937  79.811554
0.0062 0.0087       0.0000 3.342844e+01  71.332516  74.539311  79.667526
0.0063 0.0087       0.0000 3.366383e+01  71.218781  74.455726  79.521816
0.0064 0.0087       0.0000 3.389560e+01  71.107054  74.372619  79.381549
0.0065 0.0087       0.0000 3.412315e+01  70.997480  74.290911  79.239616
0.0066 0.0087       0.0000 3.434659e+01  70.890165  74.209908  79.103090
0.0067 0.0087       0.0000 3.456673e+01  70.784662  74.130302  78.967394
0.0068 0.0087       0.0000 3.478310e+01  70.680761  74.051849  78.830382
0.0069 0.0087       0.0000 3.499543e+01  70.579184  73.975378  78.700185
0.0070 0.0087       0.0000 3.520412e+01  70.479340  73.898433  78.570145
0.0071 0.0087       0.0000 3.540994e+01  70.382231  73.823010  78.439550
0.0072 0.0087       0.0000 3.561255e+01  70.286361  73.748272  78.309588
0.0073 0.0087       0.0000 3.581181e+01  70.192758  73.674646  78.180587
0.0074 0.0087       0.0000 3.600787e+01  70.101103  73.602424  78.060010
0.0075 0.0087       0.0000 3.620122e+01  70.010921  73.530771  77.936341
0.0076 0.0087       0.0000 3.639173e+01  69.922765  73.459826  77.815304
0.0077 0.0087       0.0000 3.657851e+01  69.836115  73.390471  77.694237
0.0078 0.0087       0.0000 3.676309e+01  69.751887  73.322333  77.573029
0.0079 0.0087       0.0000 3.694523e+01  69.668573  73.254432  77.457000
0.0080 0.0087       0.0000 3.712445e+01  69.587575  73.188494  77.342927
0.0081 0.0087       0.0000 3.730103e+01  69.508793  73.123195  77.226473
0.0082 0.0087       0.0000 3.747510e+01  69.430878  73.058799  77.115330
0.0083 0.0087       0.0000 3.764685e+01  69.354639  72.995683  77.004311
0.0084 0.0087       0.0000 3.781598e+01  69.279831  72.934267  76.896178
0.0085 0.0087       0.0000 3.798265e+01  69.206777  72.872675  76.789372
0.0086 0.0087       0.0000 3.814701e+01  69.135473  72.812445  76.685329
0.0087 0.0087       0.0000 3.830927e+01  69.065515  72.752772  76.580676
0.0088 0.0087       0.0000 3.846967e+01  68.997146  72.694026  76.477432
0.0089 0.0087       0.0000 3.862807e+01  68.930821  72.636939  76.376707
0.0090 0.0087       0.0000 3.878356e+01  68.866165  72.580197  76.273320
0.0091 0.0087       0.0000 3.893796e+01  68.802638  72.524026  76.179761
0.0092 0.0087       0.0000 3.909034e+01  68.740299  72.469244  76.084475
0.0093 0.0087       0.0000 3.924114e+01  68.679654  72.415880  75.986224
0.0094 0.0087       0.0000 3.939056e+01  68.619658  72.362866  75.888168
0.0095 0.0087       0.0000 3.953607e+01  68.562396  72.311506  75.801442
0.0096 0.0087       0.0000 3.968183e+01  68.505630  72.260615  75.705085
0.0097 0.0087       0.0000 3.982457e+01  68.450100  72.210429  75.617924
0.0098 0.0087       0.0000 3.996512e+01  68.396879  72.161289  75.533443
0.0099 0.0087       0.0000 4.010620e+01  68.343574  72.113483  75.439969
0.0100 0.0087       0.0000 4.024250e+01  68.293464  72.066565  75.350600
0.0000 0.0088     273.6832 0.000000e+00  50.889190  50.888514  53.187351
0.0001 0.0088     273.8383 9.229907e-01  80.267880  80.250676  89.289303
0.0002 0.0088     274.3029 1.873545e+00  80.257798  80.204153  89.156929
0.0003 0.0088     275.0744 2.835594e+00  80.227168  80.150891  89.038952
0.0004 0.0088     276.1486 3.802058e+00  80.181014  80.094099  88.923572
0.0005 0.0088     277.5197 4.766030e+00  80.120738  80.029651  88.811980
0.0006 0.0088     279.1802 5.721895e+00  80.041911  79.961343  88.686565
0.0007 0.0088     281.1212 6.664687e+00  79.950405  79.888086  88.559992
0.0008 0.0088     283.3325 7.591139e+00  79.844429  79.810760  88.427180
0.0009 0.0088     285.8023 8.497365e+00  79.726982  79.731706  88.295225
0.0010 0.0088     288.5176 9.383259e+00  79.598364  79.648005  88.156214
0.0011 0.0088     291.4645 1.024388e+01  79.463027  79.562246  88.015738
0.0012 0.0088     294.6278 1.108162e+01  79.317341  79.475408  87.867867
0.0013 0.0088     297.9917 1.189421e+01  79.165769  79.386681  87.722069
0.0014 0.0088     301.5395 1.268298e+01  79.007827  79.295618  87.568132
0.0015 0.0088     305.2538 1.344620e+01  78.844307  79.203348  87.419571
0.0016 0.0088     309.1168 1.418634e+01  78.677185  79.109496  87.262848
0.0017 0.0088     313.1105 1.490331e+01  78.506760  79.014534  87.100113
0.0018 0.0088     317.2165 1.559706e+01  78.333620  78.918346  86.949155
0.0019 0.0088     321.4163 1.626848e+01  78.158453  78.820644  86.789123
0.0020 0.0088     325.6916 1.691933e+01  77.981359  78.722637  86.624475
0.0021 0.0088     330.0241 1.755013e+01  77.802447  78.624021  86.465896
0.0022 0.0088     334.3959 1.816057e+01  77.623822  78.523782  86.304014
0.0023 0.0088     338.7895 1.875145e+01  77.443976  78.423215  86.143612
0.0024 0.0088     343.1878 1.932653e+01  77.264323  78.321940  85.978065
0.0025 0.0088     347.5744 1.988443e+01  77.084218  78.221423  85.807926
0.0026 0.0088     351.9334 2.042484e+01  76.904787  78.119614  85.643994
0.0027 0.0088     356.2499 2.095056e+01  76.725145  78.017010  85.468571
0.0028 0.0088     360.5094 2.146061e+01  76.547584  77.914910  85.303757
0.0029 0.0088     364.6987 2.195689e+01  76.370008  77.812983  85.129940
0.0030 0.0088     368.8051 2.243967e+01  76.193253  77.709691  84.969051
0.0031 0.0088     372.8172 2.290938e+01  76.017909  77.607553  84.796880
0.0032 0.0088     376.7243 2.336704e+01  75.844286  77.504848  84.625413
0.0033 0.0088     380.5166 2.381260e+01  75.672141  77.403167  84.452920
0.0034 0.0088     384.1856 2.424671e+01  75.500848  77.300993  84.282474
0.0035 0.0088     387.7235 2.466988e+01  75.332060  77.199317  84.110093
0.0036 0.0088     391.1234 2.508168e+01  75.164139  77.097223  83.943585
0.0037 0.0088     394.3796 2.548425e+01  74.997322  76.995820  83.777417
0.0038 0.0088     397.4872 2.587746e+01  74.832829  76.894639  83.607470
0.0039 0.0088     400.4421 2.626114e+01  74.670462  76.794372  83.435028
0.0040 0.0088     403.2411 2.663618e+01  74.509478  76.693937  83.268570
0.0041 0.0088     405.8819 2.700227e+01  74.351102  76.594306  83.097182
0.0042 0.0088     408.3629 2.736002e+01  74.193895  76.494456  82.932675
0.0043 0.0088     410.6833 2.771003e+01  74.038892  76.396039  82.768331
0.0044 0.0088     412.8427 2.805231e+01  73.886477  76.298234  82.607173
0.0045 0.0088     414.8418 2.838663e+01  73.735669  76.200680  82.441723
0.0046 0.0088     416.6815 2.871503e+01  73.586800  76.103990  82.274938
0.0047 0.0088     418.3634 2.903659e+01  73.439756  76.007544  82.110145
0.0048 0.0088       0.0000 2.935090e+01  73.295230  75.912342  81.949178
0.0049 0.0088       0.0000 2.965873e+01  73.152945  75.817646  81.788183
0.0050 0.0088       0.0000 2.996030e+01  73.013111  75.723525  81.629321
0.0051 0.0088       0.0000 3.025559e+01  72.874690  75.630274  81.473121
0.0052 0.0088       0.0000 3.054542e+01  72.737966  75.537952  81.314358
0.0053 0.0088       0.0000 3.082954e+01  72.604207  75.446032  81.157394
0.0054 0.0088       0.0000 3.110839e+01  72.472205  75.355760  81.004102
0.0055 0.0088       0.0000 3.138194e+01  72.342559  75.265921  80.847840
0.0056 0.0088       0.0000 3.165061e+01  72.214246  75.176862  80.694219
0.0057 0.0088       0.0000 3.191371e+01  72.088968  75.088594  80.542198
0.0058 0.0088       0.0000 3.217223e+01  71.965902  75.000711  80.394098
0.0059 0.0088       0.0000 3.242584e+01  71.844383  74.914076  80.246439
0.0060 0.0088       0.0000 3.267569e+01  71.724434  74.827980  80.102231
0.0061 0.0088       0.0000 3.291998e+01  71.607309  74.743848  79.954064
0.0062 0.0088       0.0000 3.316048e+01  71.491842  74.659409  79.813219
0.0063 0.0088       0.0000 3.339736e+01  71.378280  74.576392  79.667488
0.0064 0.0088       0.0000 3.362979e+01  71.266984  74.494580  79.528976
0.0065 0.0088       0.0000 3.385795e+01  71.157724  74.413079  79.390553
0.0066 0.0088       0.0000 3.408255e+01  71.050804  74.332928  79.254017
0.0067 0.0088       0.0000 3.430302e+01  70.945380  74.253888  79.119545
0.0068 0.0088       0.0000 3.452043e+01  70.841814  74.175785  78.984810
0.0069 0.0088       0.0000 3.473384e+01  70.740420  74.098533  78.852442
0.0070 0.0088       0.0000 3.494409e+01  70.640784  74.024007  78.721263
0.0071 0.0088       0.0000 3.515122e+01  70.543188  73.948875  78.592521
0.0072 0.0088       0.0000 3.535433e+01  70.447768  73.874921  78.466234
0.0073 0.0088       0.0000 3.555507e+01  70.353951  73.801244  78.338147
0.0074 0.0088       0.0000 3.575164e+01  70.262850  73.728741  78.214766
0.0075 0.0088       0.0000 3.594566e+01  70.172669  73.658351  78.094628
0.0076 0.0088       0.0000 3.613798e+01  70.083345  73.587839  77.971366
0.0077 0.0088       0.0000 3.632665e+01  69.996990  73.518603  77.852510
0.0078 0.0088       0.0000 3.651276e+01  69.912518  73.450069  77.731181
0.0079 0.0088       0.0000 3.669587e+01  69.829061  73.383417  77.615572
0.0080 0.0088       0.0000 3.687665e+01  69.747435  73.317051  77.499629
0.0081 0.0088       0.0000 3.705469e+01  69.667912  73.252124  77.386216
0.0082 0.0088       0.0000 3.722973e+01  69.589543  73.188341  77.275984
0.0083 0.0088       0.0000 3.740279e+01  69.512988  73.124806  77.163409
0.0084 0.0088       0.0000 3.757349e+01  69.437987  73.062739  77.055319
0.0085 0.0088       0.0000 3.774194e+01  69.364733  73.001357  76.948924
0.0086 0.0088       0.0000 3.790809e+01  69.292875  72.941035  76.843294
0.0087 0.0088       0.0000 3.807110e+01  69.222208  72.882951  76.741215
0.0088 0.0088       0.0000 3.823338e+01  69.153494  72.824086  76.634248
0.0089 0.0088       0.0000 3.839307e+01  69.086818  72.766396  76.533777
0.0090 0.0088       0.0000 3.855072e+01  69.021128  72.709994  76.435350
0.0091 0.0088       0.0000 3.870600e+01  68.957120  72.654064  76.337726
0.0092 0.0088       0.0000 3.885986e+01  68.894628  72.599459  76.240787
0.0093 0.0088       0.0000 3.901125e+01  68.833620  72.545895  76.143113
0.0094 0.0088       0.0000 3.916143e+01  68.773262  72.493000  76.051305
0.0095 0.0088       0.0000 3.930950e+01  68.714609  72.440789  75.959177
0.0096 0.0088       0.0000 3.945550e+01  68.657199  72.389709  75.868085
0.0097 0.0088       0.0000 3.960082e+01  68.601256  72.339841  75.775390
0.0098 0.0088       0.0000 3.974370e+01  68.546691  72.290860  75.686947
0.0099 0.0088       0.0000 3.988604e+01  68.492738  72.243019  75.596868
0.0100 0.0088       0.0000 4.002551e+01  68.440963  72.196090  75.507145
0.0000 0.0089     264.4606 0.000000e+00  50.876601  50.876156  53.148889
0.0001 0.0089     264.6098 9.123153e-01  80.280359  80.264655  89.261052
0.0002 0.0089     265.0567 1.851033e+00  80.272034  80.219999  89.136451
0.0003 0.0089     265.7988 2.802108e+00  80.241549  80.168907  89.019267
0.0004 0.0089     266.8322 3.757229e+00  80.197579  80.113784  88.913603
0.0005 0.0089     268.1514 4.709541e+00  80.137235  80.051515  88.796233
0.0006 0.0089     269.7493 5.653772e+00  80.061827  79.984779  88.672017
0.0007 0.0089     271.6175 6.585362e+00  79.972211  79.913440  88.551478
0.0008 0.0089     273.7463 7.500510e+00  79.868487  79.838329  88.423282
0.0009 0.0089     276.1246 8.396506e+00  79.754343  79.761163  88.292049
0.0010 0.0089     278.7401 9.270847e+00  79.629934  79.679373  88.155187
0.0011 0.0089     281.5795 1.012101e+01  79.496256  79.597094  88.025829
0.0012 0.0089     284.6286 1.095041e+01  79.354965  79.511980  87.874001
0.0013 0.0089     287.8723 1.175376e+01  79.205851  79.425844  87.734049
0.0014 0.0089     291.2947 1.253355e+01  79.051983  79.336530  87.587905
0.0015 0.0089     294.8794 1.328936e+01  78.892353  79.246212  87.435490
0.0016 0.0089     298.6094 1.402221e+01  78.729535  79.154801  87.279928
0.0017 0.0089     302.4676 1.472990e+01  78.562576  79.061767  87.131233
0.0018 0.0089     306.4365 1.541664e+01  78.393426  78.967523  86.981738
0.0019 0.0089     310.4984 1.608125e+01  78.221513  78.872704  86.823964
0.0020 0.0089     314.6358 1.672584e+01  78.047923  78.776150  86.663579
0.0021 0.0089     318.8314 1.735043e+01  77.873212  78.679413  86.504606
0.0022 0.0089     323.0680 1.795560e+01  77.697991  78.581710  86.348879
0.0023 0.0089     327.3288 1.854225e+01  77.521474  78.483129  86.188846
0.0024 0.0089     331.5973 1.911156e+01  77.345288  78.384499  86.028194
0.0025 0.0089     335.8579 1.966396e+01  77.168525  78.285668  85.862233
0.0026 0.0089     340.0952 2.020075e+01  76.992566  78.186552  85.702856
0.0027 0.0089     344.2948 2.072204e+01  76.816744  78.086046  85.536047
0.0028 0.0089     348.4429 2.122840e+01  76.641694  77.985820  85.368479
0.0029 0.0089     352.5264 2.172282e+01  76.467617  77.884732  85.195823
0.0030 0.0089     356.5333 2.220075e+01  76.294618  77.784633  85.038219
0.0031 0.0089     360.4522 2.266800e+01  76.122267  77.683938  84.870184
0.0032 0.0089     364.2727 2.312206e+01  75.951560  77.583505  84.703611
0.0033 0.0089     367.9855 2.356460e+01  75.782034  77.483466  84.536076
0.0034 0.0089     371.5818 2.399645e+01  75.613624  77.383026  84.365619
0.0035 0.0089     375.0542 2.441721e+01  75.447582  77.282761  84.197378
0.0036 0.0089     378.3958 2.482788e+01  75.281920  77.182751  84.032722
0.0037 0.0089     381.6008 2.522824e+01  75.118003  77.083082  83.865533
0.0038 0.0089     384.6642 2.561900e+01  74.955958  76.983364  83.703714
0.0039 0.0089     387.5820 2.600157e+01  74.795445  76.884285  83.535758
0.0040 0.0089     390.3508 2.637470e+01  74.636907  76.785847  83.370851
0.0041 0.0089     392.9681 2.673942e+01  74.480723  76.687819  83.202615
0.0042 0.0089     395.4322 2.709655e+01  74.325836  76.589855  83.039148
0.0043 0.0089     397.7420 2.744545e+01  74.172421  76.492380  82.876326
0.0044 0.0089     399.8970 2.778677e+01  74.021809  76.396005  82.716235
0.0045 0.0089     401.8976 2.812083e+01  73.872895  76.300391  82.553375
0.0046 0.0089       0.0000 2.844841e+01  73.725652  76.204542  82.391187
0.0047 0.0089       0.0000 2.876904e+01  73.580440  76.109813  82.228215
0.0048 0.0089       0.0000 2.908262e+01  73.437358  76.015381  82.067491
0.0049 0.0089       0.0000 2.939090e+01  73.296491  75.921639  81.908480
0.0050 0.0089       0.0000 2.969156e+01  73.157915  75.829593  81.753254
0.0051 0.0089       0.0000 2.998719e+01  73.020752  75.737385  81.597394
0.0052 0.0089       0.0000 3.027695e+01  72.885800  75.645984  81.439949
0.0053 0.0089       0.0000 3.056130e+01  72.752822  75.555215  81.285917
0.0054 0.0089       0.0000 3.084011e+01  72.622249  75.465538  81.134068
0.0055 0.0089       0.0000 3.111427e+01  72.492984  75.376895  80.983689
0.0056 0.0089       0.0000 3.138294e+01  72.366064  75.288956  80.826505
0.0057 0.0089       0.0000 3.164706e+01  72.241265  75.201410  80.678996
0.0058 0.0089       0.0000 3.190556e+01  72.118846  75.115006  80.530439
0.0059 0.0089       0.0000 3.215996e+01  71.998144  75.029008  80.382730
0.0060 0.0089       0.0000 3.240842e+01  71.879732  74.943836  80.237659
0.0061 0.0089       0.0000 3.265447e+01  71.763037  74.860320  80.092524
0.0062 0.0089       0.0000 3.289648e+01  71.647721  74.777354  79.953529
0.0063 0.0089       0.0000 3.313357e+01  71.534992  74.695253  79.810676
0.0064 0.0089       0.0000 3.336633e+01  71.424590  74.613721  79.672327
0.0065 0.0089       0.0000 3.359502e+01  71.315443  74.533630  79.537521
0.0066 0.0089       0.0000 3.382067e+01  71.208287  74.453788  79.401708
0.0067 0.0089       0.0000 3.404193e+01  71.103647  74.375197  79.265891
0.0068 0.0089       0.0000 3.426002e+01  71.000326  74.297625  79.134167
0.0069 0.0089       0.0000 3.447506e+01  70.898953  74.221091  78.999953
0.0070 0.0089       0.0000 3.468630e+01  70.799385  74.144889  78.870714
0.0071 0.0089       0.0000 3.489442e+01  70.701975  74.071833  78.745577
0.0072 0.0089       0.0000 3.509871e+01  70.606581  73.998463  78.615243
0.0073 0.0089       0.0000 3.530093e+01  70.512741  73.925311  78.491405
0.0074 0.0089       0.0000 3.549880e+01  70.420242  73.852968  78.367516
0.0075 0.0089       0.0000 3.569496e+01  70.329897  73.782350  78.245652
0.0076 0.0089       0.0000 3.588847e+01  70.241532  73.713559  78.120608
0.0077 0.0089       0.0000 3.607758e+01  70.154566  73.644503  78.004786
0.0078 0.0089       0.0000 3.626465e+01  70.069988  73.576704  77.887748
0.0079 0.0089       0.0000 3.644924e+01  69.986562  73.509608  77.768235
0.0080 0.0089       0.0000 3.663077e+01  69.904823  73.443780  77.654951
0.0081 0.0089       0.0000 3.681020e+01  69.824883  73.379183  77.543308
0.0082 0.0089       0.0000 3.698672e+01  69.746148  73.315441  77.431750
0.0083 0.0089       0.0000 3.716171e+01  69.669234  73.252322  77.319460
0.0084 0.0089       0.0000 3.733324e+01  69.593977  73.189899  77.210970
0.0085 0.0089       0.0000 3.750311e+01  69.520065  73.129304  77.103264
0.0086 0.0089       0.0000 3.767064e+01  69.447991  73.068522  76.998364
0.0087 0.0089       0.0000 3.783621e+01  69.376581  73.010601  76.893878
0.0088 0.0089       0.0000 3.799921e+01  69.307208  72.952314  76.790904
0.0089 0.0089       0.0000 3.816003e+01  69.240342  72.894254  76.688270
0.0090 0.0089       0.0000 3.831870e+01  69.174070  72.837898  76.591774
0.0091 0.0089       0.0000 3.847596e+01  69.109856  72.782786  76.484558
0.0092 0.0089       0.0000 3.863107e+01  69.046045  72.727446  76.396350
0.0093 0.0089       0.0000 3.878394e+01  68.984495  72.673712  76.300502
0.0094 0.0089       0.0000 3.893565e+01  68.923562  72.620701  76.205255
0.0095 0.0089       0.0000 3.908493e+01  68.864309  72.568555  76.112434
0.0096 0.0089       0.0000 3.923273e+01  68.806753  72.517729  76.021273
0.0097 0.0089       0.0000 3.937867e+01  68.749975  72.467574  75.931563
0.0098 0.0089       0.0000 3.952408e+01  68.694407  72.418492  75.838430
0.0099 0.0089       0.0000 3.966683e+01  68.640344  72.370201  75.749919
0.0100 0.0089       0.0000 3.980780e+01  68.587636  72.322939  75.663799
0.0000 0.0090     255.6159 1.621122e-13  50.866706  50.866229  53.113279
0.0001 0.0090     255.7595 9.016570e-01  80.291789  80.277606  89.231239
0.0002 0.0090     256.1894 1.829709e+00  80.283812  80.234782  89.107759
0.0003 0.0090     256.9035 2.769524e+00  80.255208  80.184762  88.998414
0.0004 0.0090     257.8979 3.713075e+00  80.210924  80.131389  88.888983
0.0005 0.0090     259.1675 4.654206e+00  80.153182  80.071583  88.777315
0.0006 0.0090     260.7056 5.586916e+00  80.080417  80.006067  88.659876
0.0007 0.0090     262.5042 6.506421e+00  79.993316  79.937236  88.541537
0.0008 0.0090     264.5541 7.411691e+00  79.891570  79.864548  88.415877
0.0009 0.0090     266.8449 8.296104e+00  79.780900  79.788062  88.294833
0.0010 0.0090     269.3648 9.161313e+00  79.659346  79.709709  88.158335
0.0011 0.0090     272.1014 1.000268e+01  79.528814  79.629289  88.023291
0.0012 0.0090     275.0411 1.082154e+01  79.390042  79.546114  87.881950
0.0013 0.0090     278.1696 1.161617e+01  79.244576  79.462397  87.743641
0.0014 0.0090     281.4717 1.238708e+01  79.094211  79.375496  87.601150
0.0015 0.0090     284.9320 1.313420e+01  78.938254  79.286845  87.455179
0.0016 0.0090     288.5344 1.385922e+01  78.779456  79.197978  87.298612
0.0017 0.0090     292.2623 1.456081e+01  78.615628  79.106553  87.156482
0.0018 0.0090     296.0992 1.523972e+01  78.450367  79.014665  87.006291
0.0019 0.0090     300.0284 1.589817e+01  78.282017  78.921964  86.854812
0.0020 0.0090     304.0330 1.653662e+01  78.112248  78.827864  86.698293
0.0021 0.0090     308.0965 1.715502e+01  77.941092  78.733078  86.544052
0.0022 0.0090     312.2024 1.775468e+01  77.769174  78.637951  86.386365
0.0023 0.0090     316.3347 1.833591e+01  77.596396  78.541570  86.233009
0.0024 0.0090     320.4776 1.890040e+01  77.423925  78.445510  86.075433
0.0025 0.0090     324.6160 1.944808e+01  77.250914  78.348199  85.915305
0.0026 0.0090     328.7351 1.998058e+01  77.078010  78.250824  85.756178
0.0027 0.0090     332.8210 2.049757e+01  76.905461  78.152906  85.593487
0.0028 0.0090     336.8604 2.100070e+01  76.733570  78.053865  85.429538
0.0029 0.0090     340.8407 2.149063e+01  76.562296  77.955537  85.259782
0.0030 0.0090     344.7500 2.196562e+01  76.393427  77.856731  85.105569
0.0031 0.0090     348.5775 2.242892e+01  76.223171  77.758304  84.942765
0.0032 0.0090     352.3130 2.288064e+01  76.055244  77.659228  84.775402
0.0033 0.0090     355.9471 2.332058e+01  75.888171  77.560886  84.613048
0.0034 0.0090     359.4716 2.374999e+01  75.722555  77.462582  84.446849
0.0035 0.0090     362.8787 2.416863e+01  75.559110  77.364820  84.278004
0.0036 0.0090     366.1620 2.457707e+01  75.396193  77.265637  84.117344
0.0037 0.0090     369.3154 2.497587e+01  75.234960  77.168023  83.952003
0.0038 0.0090     372.3341 2.536534e+01  75.075296  77.070235  83.788265
0.0039 0.0090     375.2139 2.574559e+01  74.916794  76.972267  83.631591
0.0040 0.0090     377.9512 2.611732e+01  74.760556  76.875513  83.466822
0.0041 0.0090     380.5437 2.648090e+01  74.606166  76.778365  83.304350
0.0042 0.0090     382.9891 2.683698e+01  74.453716  76.682450  83.138797
0.0043 0.0090     385.2865 2.718429e+01  74.302709  76.586506  82.979099
0.0044 0.0090       0.0000 2.752514e+01  74.153978  76.491342  82.820821
0.0045 0.0090       0.0000 2.785803e+01  74.006527  76.396731  82.663204
0.0046 0.0090       0.0000 2.818490e+01  73.861411  76.302496  82.505299
0.0047 0.0090       0.0000 2.850502e+01  73.717824  76.209185  82.341885
0.0048 0.0090       0.0000 2.881839e+01  73.576061  76.116460  82.184592
0.0049 0.0090       0.0000 2.912600e+01  73.436402  76.023488  82.023666
0.0050 0.0090       0.0000 2.942718e+01  73.299301  75.932152  81.869283
0.0051 0.0090       0.0000 2.972299e+01  73.163343  75.841591  81.715703
0.0052 0.0090       0.0000 3.001238e+01  73.029743  75.751208  81.562974
0.0053 0.0090       0.0000 3.029557e+01  72.897998  75.661490  81.409577
0.0054 0.0090       0.0000 3.057530e+01  72.768643  75.573096  81.260360
0.0055 0.0090       0.0000 3.084903e+01  72.640316  75.485433  81.109473
0.0056 0.0090       0.0000 3.111845e+01  72.514429  75.398257  80.957251
0.0057 0.0090       0.0000 3.138272e+01  72.390456  75.311785  80.810035
0.0058 0.0090       0.0000 3.164162e+01  72.268858  75.226347  80.663124
0.0059 0.0090       0.0000 3.189731e+01  72.148130  75.141017  80.515269
0.0060 0.0090       0.0000 3.214618e+01  72.030681  75.057420  80.372529
0.0061 0.0090       0.0000 3.239208e+01  71.914806  74.974570  80.233796
0.0062 0.0090       0.0000 3.263479e+01  71.800325  74.892614  80.090929
0.0063 0.0090       0.0000 3.287197e+01  71.688344  74.810849  79.953229
0.0064 0.0090       0.0000 3.310576e+01  71.577911  74.730774  79.815732
0.0065 0.0090       0.0000 3.333600e+01  71.469676  74.650232  79.676914
0.0066 0.0090       0.0000 3.356174e+01  71.362825  74.572342  79.542406
0.0067 0.0090       0.0000 3.378375e+01  71.258380  74.493615  79.410723
0.0068 0.0090       0.0000 3.400296e+01  71.155975  74.416824  79.276860
0.0069 0.0090       0.0000 3.421882e+01  71.054849  74.341111  79.145383
0.0070 0.0090       0.0000 3.443096e+01  70.955608  74.266037  79.015578
0.0071 0.0090       0.0000 3.464050e+01  70.858366  74.191869  78.891604
0.0072 0.0090       0.0000 3.484638e+01  70.762172  74.119891  78.764949
0.0073 0.0090       0.0000 3.504950e+01  70.668100  74.047392  78.640166
0.0074 0.0090       0.0000 3.524917e+01  70.576267  73.975635  78.514655
0.0075 0.0090       0.0000 3.544582e+01  70.485997  73.905687  78.392003
0.0076 0.0090       0.0000 3.563923e+01  70.396878  73.836327  78.273256
0.0077 0.0090       0.0000 3.583013e+01  70.310348  73.768705  78.153384
0.0078 0.0090       0.0000 3.601824e+01  70.224985  73.700552  78.037398
0.0079 0.0090       0.0000 3.620423e+01  70.141627  73.634197  77.919721
0.0080 0.0090       0.0000 3.638773e+01  70.059360  73.568117  77.805340
0.0081 0.0090       0.0000 3.656850e+01  69.979390  73.503496  77.692555
0.0082 0.0090       0.0000 3.674647e+01  69.900422  73.439877  77.580718
0.0083 0.0090       0.0000 3.692226e+01  69.823091  73.377248  77.471513
0.0084 0.0090       0.0000 3.709521e+01  69.747856  73.315022  77.361928
0.0085 0.0090       0.0000 3.726644e+01  69.673469  73.254280  77.256120
0.0086 0.0090       0.0000 3.743507e+01  69.600856  73.194606  77.149586
0.0087 0.0090       0.0000 3.760240e+01  69.529307  73.136252  77.044969
0.0088 0.0090       0.0000 3.776581e+01  69.460075  73.077301  76.945567
0.0089 0.0090       0.0000 3.792862e+01  69.392044  73.019922  76.841704
0.0090 0.0090       0.0000 3.808887e+01  69.325191  72.963958  76.742856
0.0091 0.0090       0.0000 3.824729e+01  69.259948  72.908299  76.642476
0.0092 0.0090       0.0000 3.840323e+01  69.196521  72.853184  76.545820
0.0093 0.0090       0.0000 3.855836e+01  69.133635  72.799508  76.452490
0.0094 0.0090       0.0000 3.871136e+01  69.072511  72.746909  76.357019
0.0095 0.0090       0.0000 3.886261e+01  69.012303  72.694681  76.264421
0.0096 0.0090       0.0000 3.901131e+01  68.953903  72.643455  76.173756
0.0097 0.0090       0.0000 3.915947e+01  68.896370  72.593464  76.077455
0.0098 0.0090       0.0000 3.930575e+01  68.840434  72.544455  75.989423
0.0099 0.0090       0.0000 3.944958e+01  68.785566  72.495883  75.901139
0.0100 0.0090       0.0000 3.959271e+01  68.732284  72.448333  75.812437
0.0000 0.0091     247.1306 3.776360e-07  50.859771  50.859415  53.080012
0.0001 0.0091     247.2687 8.914794e-01  80.301445  80.289006  89.202776
0.0002 0.0091     247.6825 1.808839e+00  80.294931  80.247600  89.081134
0.0003 0.0091     248.3698 2.735868e+00  80.266179  80.199704  88.967904
0.0004 0.0091     249.3270 3.669652e+00  80.224723  80.147064  88.868684
0.0005 0.0091     250.5492 4.599654e+00  80.168420  80.089826  88.757963
0.0006 0.0091     252.0301 5.521574e+00  80.096418  80.026792  88.645073
0.0007 0.0091     253.7622 6.431042e+00  80.011116  79.960120  88.525139
0.0008 0.0091     255.7367 7.324586e+00  79.914798  79.888172  88.412981
0.0009 0.0091     257.9437 8.199443e+00  79.804806  79.815163  88.281980
0.0010 0.0091     260.3722 9.054006e+00  79.686943  79.738116  88.156553
0.0011 0.0091     263.0103 9.885927e+00  79.559601  79.660024  88.022511
0.0012 0.0091     265.8451 1.069476e+01  79.423202  79.579652  87.895269
0.0013 0.0091     268.8631 1.148108e+01  79.281840  79.497135  87.749589
0.0014 0.0091     272.0500 1.224303e+01  79.134706  79.412288  87.611833
0.0015 0.0091     275.3909 1.298287e+01  78.982398  79.325307  87.466963
0.0016 0.0091     278.8705 1.369947e+01  78.826764  79.238963  87.320595
0.0017 0.0091     282.4732 1.439420e+01  78.666783  79.149921  87.175164
0.0018 0.0091     286.1832 1.506662e+01  78.504923  79.059825  87.031989
0.0019 0.0091     289.9845 1.571839e+01  78.340620  78.969655  86.881676
0.0020 0.0091     293.8611 1.635052e+01  78.174065  78.878115  86.731331
0.0021 0.0091     297.7971 1.696279e+01  78.006817  78.785571  86.577856
0.0022 0.0091     301.7768 1.755722e+01  77.838087  78.692304  86.428140
0.0023 0.0091     305.7848 1.813315e+01  77.669386  78.598196  86.269214
0.0024 0.0091     309.8061 1.869290e+01  77.499460  78.504127  86.120117
0.0025 0.0091     313.8259 1.923630e+01  77.330131  78.408414  85.959985
0.0026 0.0091     317.8302 1.976390e+01  77.160676  78.313104  85.805987
0.0027 0.0091     321.8056 2.027631e+01  76.991035  78.216452  85.647224
0.0028 0.0091     325.7391 2.077588e+01  76.822178  78.119879  85.488011
0.0029 0.0091     329.6185 2.126266e+01  76.653667  78.023337  85.324345
0.0030 0.0091     333.4325 2.173435e+01  76.486971  77.926909  85.168615
0.0031 0.0091     337.1703 2.219506e+01  76.321093  77.829382  85.008641
0.0032 0.0091     340.8221 2.264370e+01  76.155534  77.732988  84.846578
0.0033 0.0091     344.3787 2.308059e+01  75.991721  77.636146  84.690616
0.0034 0.0091     347.8320 2.350756e+01  75.828542  77.539191  84.524207
0.0035 0.0091     351.1744 2.392420e+01  75.667136  77.442482  84.359570
0.0036 0.0091     354.3994 2.433098e+01  75.507315  77.346712  84.191991
0.0037 0.0091     357.5011 2.472746e+01  75.348022  77.250266  84.037395
0.0038 0.0091     360.4745 2.511466e+01  75.190947  77.154189  83.874061
0.0039 0.0091     363.3154 2.549323e+01  75.035278  77.057723  83.720886
0.0040 0.0091     366.0204 2.586405e+01  74.881023  76.962785  83.558752
0.0041 0.0091     368.5866 2.622618e+01  74.728615  76.867370  83.399343
0.0042 0.0091       0.0000 2.658206e+01  74.577546  76.771871  83.232480
0.0043 0.0091       0.0000 2.692760e+01  74.429387  76.677648  83.079236
0.0044 0.0091       0.0000 2.726734e+01  74.282133  76.584196  82.921660
0.0045 0.0091       0.0000 2.759970e+01  74.136852  76.491104  82.764535
0.0046 0.0091       0.0000 2.792569e+01  73.993438  76.397995  82.607668
0.0047 0.0091       0.0000 2.824516e+01  73.851282  76.305896  82.451777
0.0048 0.0091       0.0000 2.855793e+01  73.711501  76.214441  82.295874
0.0049 0.0091       0.0000 2.886507e+01  73.573176  76.123325  82.139915
0.0050 0.0091       0.0000 2.916588e+01  73.437217  76.032819  81.986783
0.0051 0.0091       0.0000 2.946089e+01  73.302966  75.943345  81.835329
0.0052 0.0091       0.0000 2.975049e+01  73.170505  75.853643  81.681350
0.0053 0.0091       0.0000 3.003496e+01  73.039631  75.765561  81.528545
0.0054 0.0091       0.0000 3.031358e+01  72.911268  75.678611  81.380731
0.0055 0.0091       0.0000 3.058741e+01  72.784882  75.591658  81.235488
0.0056 0.0091       0.0000 3.085725e+01  72.659340  75.505232  81.086136
0.0057 0.0091       0.0000 3.112172e+01  72.536754  75.419694  80.936619
0.0058 0.0091       0.0000 3.138167e+01  72.415635  75.335294  80.791062
0.0059 0.0091       0.0000 3.163778e+01  72.295526  75.251128  80.649251
0.0060 0.0091       0.0000 3.188659e+01  72.179271  75.168404  80.504045
0.0061 0.0091       0.0000 3.213293e+01  72.063799  75.086198  80.364371
0.0062 0.0091       0.0000 3.237628e+01  71.949886  75.005211  80.224819
0.0063 0.0091       0.0000 3.261438e+01  71.838543  74.924550  80.085725
0.0064 0.0091       0.0000 3.284834e+01  71.728682  74.844741  79.951337
0.0065 0.0091       0.0000 3.307946e+01  71.620661  74.765764  79.813806
0.0066 0.0091       0.0000 3.330617e+01  71.514421  74.687536  79.681186
0.0067 0.0091       0.0000 3.352935e+01  71.410026  74.610413  79.550752
0.0068 0.0091       0.0000 3.374919e+01  71.307461  74.534303  79.418303
0.0069 0.0091       0.0000 3.396565e+01  71.207184  74.459338  79.288194
0.0070 0.0091       0.0000 3.417998e+01  71.107717  74.384110  79.159595
0.0071 0.0091       0.0000 3.438926e+01  71.010626  74.310236  79.031687
0.0072 0.0091       0.0000 3.459662e+01  70.915046  74.237865  78.907529
0.0073 0.0091       0.0000 3.480054e+01  70.821172  74.165950  78.781285
0.0074 0.0091       0.0000 3.500091e+01  70.729221  74.095042  78.660979
0.0075 0.0091       0.0000 3.519857e+01  70.639040  74.026176  78.537684
0.0076 0.0091       0.0000 3.539362e+01  70.550180  73.957459  78.414190
0.0077 0.0091       0.0000 3.558579e+01  70.462525  73.889652  78.299430
0.0078 0.0091       0.0000 3.577539e+01  70.377257  73.822504  78.183925
0.0079 0.0091       0.0000 3.596200e+01  70.293768  73.755839  78.069615
0.0080 0.0091       0.0000 3.614663e+01  70.211791  73.690570  77.953537
0.0081 0.0091       0.0000 3.632872e+01  70.131332  73.626037  77.840832
0.0082 0.0091       0.0000 3.650772e+01  70.052289  73.562432  77.729878
0.0083 0.0091       0.0000 3.668491e+01  69.974481  73.500148  77.620304
0.0084 0.0091       0.0000 3.685967e+01  69.898827  73.438867  77.511061
0.0085 0.0091       0.0000 3.703175e+01  69.824305  73.377807  77.404421
0.0086 0.0091       0.0000 3.720175e+01  69.751174  73.318092  77.298313
0.0087 0.0091       0.0000 3.736995e+01  69.679453  73.259416  77.195295
0.0088 0.0091       0.0000 3.753519e+01  69.609604  73.201296  77.092637
0.0089 0.0091       0.0000 3.769924e+01  69.540952  73.144016  76.992417
0.0090 0.0091       0.0000 3.786099e+01  69.473668  73.087517  76.891994
0.0091 0.0091       0.0000 3.802091e+01  69.407610  73.032014  76.792169
0.0092 0.0091       0.0000 3.817821e+01  69.344073  72.977915  76.689008
0.0093 0.0091       0.0000 3.833441e+01  69.280622  72.923611  76.600216
0.0094 0.0091       0.0000 3.848883e+01  69.218796  72.870961  76.505564
0.0095 0.0091       0.0000 3.864116e+01  69.158387  72.818803  76.411513
0.0096 0.0091       0.0000 3.879173e+01  69.099011  72.767310  76.322654
0.0097 0.0091       0.0000 3.894064e+01  69.041182  72.717485  76.231259
0.0098 0.0091       0.0000 3.908869e+01  68.984725  72.668169  76.134752
0.0099 0.0091       0.0000 3.923383e+01  68.929595  72.619680  76.046764
0.0100 0.0091       0.0000 3.937802e+01  68.875190  72.571860  75.961175
0.0000 0.0092     238.9873 0.000000e+00  50.855403  50.855075  53.049447
0.0001 0.0092     239.1203 8.815308e-01  80.310534  80.298438  89.171855
0.0002 0.0092     239.5186 1.788193e+00  80.304403  80.259277  89.050454
0.0003 0.0092     240.1803 2.706197e+00  80.276952  80.212175  88.946600
0.0004 0.0092     241.1019 3.626616e+00  80.236866  80.161104  88.843448
0.0005 0.0092     242.2788 4.546150e+00  80.181690  80.106134  88.737759
0.0006 0.0092     243.7050 5.457178e+00  80.111971  80.045260  88.628222
0.0007 0.0092     245.3734 6.356128e+00  80.029532  79.979832  88.518305
0.0008 0.0092     247.2758 7.239123e+00  79.934010  79.911267  88.395574
0.0009 0.0092     249.4026 8.103274e+00  79.828036  79.839934  88.274715
0.0010 0.0092     251.7436 8.949039e+00  79.712046  79.764642  88.149149
0.0011 0.0092     254.2874 9.771237e+00  79.588178  79.688191  88.021418
0.0012 0.0092     257.0217 1.057130e+01  79.455902  79.609616  87.887496
0.0013 0.0092     259.9338 1.134829e+01  79.316960  79.530631  87.762654
0.0014 0.0092     263.0100 1.210245e+01  79.172966  79.447885  87.619100
0.0015 0.0092     266.2362 1.283378e+01  79.024699  79.363427  87.479164
0.0016 0.0092     269.5979 1.354265e+01  78.872326  79.278651  87.337679
0.0017 0.0092     273.0803 1.423031e+01  78.715807  79.191810  87.192716
0.0018 0.0092     276.6681 1.489593e+01  78.557811  79.103738  87.053280
0.0019 0.0092     280.3463 1.554155e+01  78.396638  79.015483  86.905465
0.0020 0.0092     284.0994 1.616704e+01  78.234103  78.925949  86.758846
0.0021 0.0092     287.9124 1.677408e+01  78.070169  78.835719  86.609479
0.0022 0.0092     291.7702 1.736278e+01  77.905146  78.744743  86.460580
0.0023 0.0092     295.6580 1.793418e+01  77.739474  78.651977  86.310627
0.0024 0.0092     299.5614 1.848826e+01  77.573219  78.559749  86.159886
0.0025 0.0092     303.4663 1.902747e+01  77.405802  78.466598  86.004579
0.0026 0.0092     307.3591 1.955087e+01  77.239546  78.372499  85.851459
0.0027 0.0092     311.2269 2.006038e+01  77.073336  78.278070  85.697053
0.0028 0.0092     315.0572 2.055570e+01  76.907605  78.183455  85.541563
0.0029 0.0092     318.8383 2.103744e+01  76.743117  78.089178  85.381665
0.0030 0.0092     322.5589 2.150718e+01  76.578181  77.994054  85.228248
0.0031 0.0092     326.2088 2.196449e+01  76.416018  77.898973  85.072435
0.0032 0.0092     329.7783 2.241061e+01  76.253202  77.803823  84.909419
0.0033 0.0092     333.2586 2.284531e+01  76.091325  77.708817  84.754029
0.0034 0.0092     336.6414 2.326929e+01  75.931296  77.613708  84.592615
0.0035 0.0092     339.9196 2.368338e+01  75.772160  77.518946  84.432058
0.0036 0.0092     343.0865 2.408773e+01  75.614682  77.424364  84.275269
0.0037 0.0092     346.1364 2.448256e+01  75.458429  77.329836  84.116765
0.0038 0.0092     349.0642 2.486833e+01  75.304194  77.235570  83.956950
0.0039 0.0092     351.8657 2.524531e+01  75.150540  77.141205  83.801441
0.0040 0.0092       0.0000 2.561409e+01  74.998617  77.046732  83.647978
0.0041 0.0092       0.0000 2.597510e+01  74.847987  76.952928  83.489326
0.0042 0.0092       0.0000 2.632846e+01  74.699153  76.859975  83.330345
0.0043 0.0092       0.0000 2.667384e+01  74.552165  76.766721  83.173592
0.0044 0.0092       0.0000 2.701298e+01  74.407289  76.674291  83.020175
0.0045 0.0092       0.0000 2.734491e+01  74.263695  76.582342  82.866156
0.0046 0.0092       0.0000 2.767003e+01  74.121468  76.491122  82.712414
0.0047 0.0092       0.0000 2.798855e+01  73.981397  76.400195  82.555359
0.0048 0.0092       0.0000 2.830090e+01  73.842974  76.309703  82.402001
0.0049 0.0092       0.0000 2.860743e+01  73.706409  76.220074  82.247969
0.0050 0.0092       0.0000 2.890784e+01  73.571858  76.130768  82.097736
0.0051 0.0092       0.0000 2.920353e+01  73.438846  76.042421  81.944720
0.0052 0.0092       0.0000 2.949264e+01  73.307653  75.954675  81.797896
0.0053 0.0092       0.0000 2.977656e+01  73.178097  75.867629  81.645084
0.0054 0.0092       0.0000 3.005566e+01  73.050771  75.780666  81.495248
0.0055 0.0092       0.0000 3.032949e+01  72.925416  75.695158  81.351998
0.0056 0.0092       0.0000 3.059910e+01  72.801188  75.609772  81.206728
0.0057 0.0092       0.0000 3.086387e+01  72.679243  75.525059  81.061351
0.0058 0.0092       0.0000 3.112394e+01  72.559318  75.441691  80.914223
0.0059 0.0092       0.0000 3.137935e+01  72.440702  75.358787  80.768744
0.0060 0.0092       0.0000 3.162955e+01  72.324100  75.276850  80.636496
0.0061 0.0092       0.0000 3.187720e+01  72.209158  75.195659  80.493928
0.0062 0.0092       0.0000 3.212002e+01  72.096503  75.115056  80.357161
0.0063 0.0092       0.0000 3.235959e+01  71.985466  75.035411  80.217307
0.0064 0.0092       0.0000 3.259406e+01  71.876467  74.956661  80.083476
0.0065 0.0092       0.0000 3.282581e+01  71.768623  74.878169  79.949644
0.0066 0.0092       0.0000 3.305345e+01  71.662771  74.801491  79.816740
0.0067 0.0092       0.0000 3.327713e+01  71.559306  74.724263  79.686059
0.0068 0.0092       0.0000 3.349844e+01  71.456526  74.648751  79.554394
0.0069 0.0092       0.0000 3.371586e+01  71.356132  74.574222  79.425145
0.0070 0.0092       0.0000 3.393025e+01  71.257593  74.500426  79.295608
0.0071 0.0092       0.0000 3.414076e+01  71.160805  74.426260  79.173083
0.0072 0.0092       0.0000 3.434886e+01  71.065281  74.354342  79.045017
0.0073 0.0092       0.0000 3.455363e+01  70.971176  74.283717  78.924624
0.0074 0.0092       0.0000 3.475542e+01  70.879492  74.213127  78.801091
0.0075 0.0092       0.0000 3.495408e+01  70.789315  74.143470  78.679182
0.0076 0.0092       0.0000 3.515042e+01  70.700391  74.076047  78.557665
0.0077 0.0092       0.0000 3.534373e+01  70.613158  74.008864  78.439562
0.0078 0.0092       0.0000 3.553441e+01  70.527121  73.941472  78.327350
0.0079 0.0092       0.0000 3.572232e+01  70.443568  73.875829  78.211263
0.0080 0.0092       0.0000 3.590797e+01  70.361536  73.810639  78.094882
0.0081 0.0092       0.0000 3.609113e+01  70.280621  73.746420  77.984954
0.0082 0.0092       0.0000 3.627196e+01  70.201783  73.683275  77.872707
0.0083 0.0092       0.0000 3.644975e+01  70.123381  73.621061  77.764245
0.0084 0.0092       0.0000 3.662534e+01  70.047399  73.559396  77.657896
0.0085 0.0092       0.0000 3.679956e+01  69.972453  73.499415  77.549738
0.0086 0.0092       0.0000 3.697082e+01  69.899484  73.439455  77.443148
0.0087 0.0092       0.0000 3.713968e+01  69.827494  73.380820  77.341445
0.0088 0.0092       0.0000 3.730663e+01  69.756890  73.322950  77.238095
0.0089 0.0092       0.0000 3.747212e+01  69.687876  73.265587  77.136048
0.0090 0.0092       0.0000 3.763515e+01  69.620002  73.209295  77.035625
0.0091 0.0092       0.0000 3.779623e+01  69.553558  73.153836  76.937311
0.0092 0.0092       0.0000 3.795595e+01  69.488873  73.099410  76.835995
0.0093 0.0092       0.0000 3.811336e+01  69.425497  73.045951  76.741807
0.0094 0.0092       0.0000 3.826789e+01  69.363364  72.992937  76.651463
0.0095 0.0092       0.0000 3.842156e+01  69.302504  72.941061  76.557392
0.0096 0.0092       0.0000 3.857405e+01  69.242669  72.889649  76.463818
0.0097 0.0092       0.0000 3.872400e+01  69.184110  72.839200  76.375176
0.0098 0.0092       0.0000 3.887273e+01  69.126803  72.789734  76.285560
0.0099 0.0092       0.0000 3.902013e+01  69.070839  72.741169  76.192880
0.0100 0.0092       0.0000 3.916509e+01  69.016182  72.693786  76.104792
0.0000 0.0093     231.1696 3.450943e-07  50.853355  50.853012  53.021229
0.0001 0.0093     231.2977 8.715857e-01  80.317703  80.308179  89.136678
0.0002 0.0093     231.6813 1.767971e+00  80.312740  80.270410  89.019896
0.0003 0.0093     232.3185 2.674926e+00  80.286973  80.224348  88.918318
0.0004 0.0093     233.2060 3.584887e+00  80.248234  80.175341  88.820353
0.0005 0.0093     234.3396 4.493941e+00  80.193976  80.122072  88.716657
0.0006 0.0093     235.7135 5.394243e+00  80.126517  80.062786  88.607090
0.0007 0.0093     237.3211 6.282488e+00  80.045594  79.999630  88.496104
0.0008 0.0093     239.1543 7.155166e+00  79.952866  79.932604  88.385733
0.0009 0.0093     241.2045 8.009796e+00  79.850160  79.863414  88.265335
0.0010 0.0093     243.4616 8.844937e+00  79.735868  79.790983  88.140031
0.0011 0.0093     245.9149 9.657882e+00  79.615335  79.716089  88.018107
0.0012 0.0093     248.5529 1.044924e+01  79.486248  79.639834  87.887916
0.0013 0.0093     251.3634 1.121795e+01  79.350582  79.561303  87.758800
0.0014 0.0093     254.3334 1.196384e+01  79.210578  79.481111  87.624597
0.0015 0.0093     257.4495 1.268818e+01  79.065113  79.398769  87.489020
0.0016 0.0093     260.6979 1.338891e+01  78.916446  79.316615  87.352799
0.0017 0.0093     264.0645 1.406888e+01  78.763141  79.232092  87.211409
0.0018 0.0093     267.5348 1.472941e+01  78.608543  79.146033  87.067782
0.0019 0.0093     271.0943 1.536780e+01  78.450566  79.059633  86.930620
0.0020 0.0093     274.7284 1.598732e+01  78.290842  78.972122  86.781580
0.0021 0.0093     278.4227 1.658899e+01  78.129274  78.884037  86.638461
0.0022 0.0093     282.1626 1.717228e+01  77.968180  78.794339  86.492934
0.0023 0.0093     285.9342 1.773918e+01  77.805324  78.703780  86.341052
0.0024 0.0093     289.7234 1.828859e+01  77.642165  78.613502  86.195422
0.0025 0.0093     293.5168 1.882270e+01  77.478808  78.522060  86.044366
0.0026 0.0093     297.3014 1.934193e+01  77.315676  78.430240  85.895013
0.0027 0.0093     301.0646 1.984667e+01  77.153393  78.337449  85.744328
0.0028 0.0093     304.7944 2.033890e+01  76.990349  78.245180  85.590437
0.0029 0.0093     308.4794 2.081733e+01  76.828229  78.152440  85.438001
0.0030 0.0093     312.1088 2.128383e+01  76.666899  78.059116  85.283472
0.0031 0.0093     315.6726 2.173804e+01  76.506770  77.965810  85.129177
0.0032 0.0093     319.1613 2.218102e+01  76.347259  77.872624  84.971817
0.0033 0.0093     322.5663 2.261294e+01  76.188456  77.779679  84.818935
0.0034 0.0093     325.8796 2.303474e+01  76.030893  77.686313  84.659829
0.0035 0.0093     329.0940 2.344640e+01  75.874795  77.592916  84.502195
0.0036 0.0093     332.2031 2.384856e+01  75.719710  77.500429  84.346177
0.0037 0.0093       0.0000 2.424165e+01  75.565811  77.407468  84.187371
0.0038 0.0093       0.0000 2.462591e+01  75.413459  77.314066  84.036041
0.0039 0.0093       0.0000 2.500101e+01  75.262226  77.221211  83.880876
0.0040 0.0093       0.0000 2.536860e+01  75.112705  77.128482  83.726071
0.0041 0.0093       0.0000 2.572767e+01  74.963900  77.036845  83.575695
0.0042 0.0093       0.0000 2.608014e+01  74.817104  76.944683  83.419466
0.0043 0.0093       0.0000 2.642463e+01  74.672089  76.853076  83.267578
0.0044 0.0093       0.0000 2.676234e+01  74.528634  76.762221  83.112366
0.0045 0.0093       0.0000 2.709340e+01  74.387053  76.671654  82.961840
0.0046 0.0093       0.0000 2.741794e+01  74.246566  76.582006  82.808024
0.0047 0.0093       0.0000 2.773591e+01  74.108098  76.491966  82.654635
0.0048 0.0093       0.0000 2.804747e+01  73.971452  76.402924  82.503927
0.0049 0.0093       0.0000 2.835342e+01  73.836307  76.314797  82.353021
0.0050 0.0093       0.0000 2.865403e+01  73.702864  76.226382  82.201217
0.0051 0.0093       0.0000 2.894877e+01  73.571576  76.139129  82.051221
0.0052 0.0093       0.0000 2.923790e+01  73.441931  76.052380  81.904121
0.0053 0.0093       0.0000 2.952148e+01  73.313462  75.966665  81.757234
0.0054 0.0093       0.0000 2.980116e+01  73.187094  75.881201  81.611328
0.0055 0.0093       0.0000 3.007539e+01  73.062920  75.796547  81.464124
0.0056 0.0093       0.0000 3.034499e+01  72.939140  75.711642  81.319535
0.0057 0.0093       0.0000 3.060918e+01  72.818323  75.628755  81.179795
0.0058 0.0093       0.0000 3.086959e+01  72.699275  75.545515  81.038321
0.0059 0.0093       0.0000 3.112536e+01  72.581844  75.463895  80.890473
0.0060 0.0093       0.0000 3.137727e+01  72.465676  75.382721  80.753746
0.0061 0.0093       0.0000 3.162373e+01  72.352019  75.301906  80.620679
0.0062 0.0093       0.0000 3.186779e+01  72.239647  75.222565  80.479431
0.0063 0.0093       0.0000 3.210726e+01  72.129465  75.143927  80.342188
0.0064 0.0093       0.0000 3.234325e+01  72.020563  75.065673  80.207830
0.0065 0.0093       0.0000 3.257520e+01  71.913199  74.988272  80.079511
0.0066 0.0093       0.0000 3.280393e+01  71.808083  74.911999  79.944228
0.0067 0.0093       0.0000 3.302839e+01  71.704544  74.836245  79.816266
0.0068 0.0093       0.0000 3.325004e+01  71.602775  74.761282  79.686754
0.0069 0.0093       0.0000 3.346865e+01  71.502290  74.687072  79.558230
0.0070 0.0093       0.0000 3.368346e+01  71.403934  74.613353  79.430865
0.0071 0.0093       0.0000 3.389511e+01  71.307160  74.541248  79.305041
0.0072 0.0093       0.0000 3.410349e+01  71.212381  74.469013  79.182805
0.0073 0.0093       0.0000 3.430978e+01  71.118677  74.399561  79.060151
0.0074 0.0093       0.0000 3.451243e+01  71.026752  74.328771  78.937626
0.0075 0.0093       0.0000 3.471237e+01  70.936366  74.259531  78.818244
0.0076 0.0093       0.0000 3.490952e+01  70.847789  74.191576  78.699428
0.0077 0.0093       0.0000 3.510404e+01  70.760604  74.124500  78.578957
0.0078 0.0093       0.0000 3.529568e+01  70.675107  74.058065  78.467081
0.0079 0.0093       0.0000 3.548510e+01  70.590413  73.991690  78.351946
0.0080 0.0093       0.0000 3.567190e+01  70.508450  73.928448  78.237796
0.0081 0.0093       0.0000 3.585613e+01  70.427532  73.864508  78.125578
0.0082 0.0093       0.0000 3.603634e+01  70.348633  73.801838  78.017860
0.0083 0.0093       0.0000 3.621695e+01  70.270246  73.739773  77.905683
0.0084 0.0093       0.0000 3.639390e+01  70.193704  73.678274  77.800220
0.0085 0.0093       0.0000 3.656901e+01  70.118543  73.618233  77.691909
0.0086 0.0093       0.0000 3.674122e+01  70.045173  73.557947  77.587889
0.0087 0.0093       0.0000 3.691203e+01  69.972987  73.500376  77.481999
0.0088 0.0093       0.0000 3.707991e+01  69.901856  73.442705  77.380437
0.0089 0.0093       0.0000 3.724658e+01  69.832328  73.385249  77.278808
0.0090 0.0093       0.0000 3.741114e+01  69.763943  73.329186  77.178446
0.0091 0.0093       0.0000 3.757314e+01  69.697398  73.273833  77.079977
0.0092 0.0093       0.0000 3.773369e+01  69.632242  73.219446  76.981554
0.0093 0.0093       0.0000 3.789193e+01  69.568250  73.165573  76.887371
0.0094 0.0093       0.0000 3.804904e+01  69.505564  73.112784  76.793120
0.0095 0.0093       0.0000 3.820386e+01  69.444540  73.061076  76.699749
0.0096 0.0093       0.0000 3.835772e+01  69.383887  73.009782  76.605274
0.0097 0.0093       0.0000 3.850929e+01  69.324423  72.959302  76.516119
0.0098 0.0093       0.0000 3.865906e+01  69.266984  72.909815  76.425311
0.0099 0.0093       0.0000 3.880762e+01  69.210008  72.861410  76.337313
0.0100 0.0093       0.0000 3.895439e+01  69.154423  72.813344  76.246007
0.0000 0.0094     223.6622 2.595819e-07  50.855606  50.855188  52.997199
0.0001 0.0094     223.7855 8.619565e-01  80.324340  80.314976  89.108322
0.0002 0.0094     224.1550 1.747326e+00  80.320066  80.279412  88.989796
0.0003 0.0094     224.7687 2.644563e+00  80.294719  80.235676  88.885588
0.0004 0.0094     225.6237 3.544683e+00  80.257180  80.188782  88.792282
0.0005 0.0094     226.7158 4.442240e+00  80.204720  80.136766  88.690120
0.0006 0.0094     228.0397 5.332297e+00  80.139528  80.079486  88.586097
0.0007 0.0094     229.5890 6.210505e+00  80.060999  80.017823  88.476982
0.0008 0.0094     231.3562 7.072803e+00  79.970594  79.953067  88.363972
0.0009 0.0094     233.3328 7.917760e+00  79.869579  79.885541  88.250808
0.0010 0.0094     235.5096 8.743152e+00  79.759276  79.814348  88.134246
0.0011 0.0094     237.8762 9.547266e+00  79.641315  79.741599  88.011851
0.0012 0.0094     240.4219 1.032966e+01  79.514785  79.667403  87.882553
0.0013 0.0094     243.1348 1.109011e+01  79.382518  79.591518  87.755477
0.0014 0.0094     246.0029 1.182811e+01  79.245667  79.512785  87.627517
0.0015 0.0094     249.0132 1.254454e+01  79.103258  79.432868  87.492188
0.0016 0.0094     252.1528 1.323829e+01  78.957183  79.352467  87.360702
0.0017 0.0094     255.4079 1.391095e+01  78.807779  79.270660  87.222837
0.0018 0.0094     258.7650 1.456420e+01  78.655885  79.186606  87.086290
0.0019 0.0094     262.2102 1.519746e+01  78.501418  79.101961  86.944455
0.0020 0.0094     265.7296 1.581164e+01  78.345083  79.016202  86.803467
0.0021 0.0094     269.3092 1.640715e+01  78.187601  78.929700  86.660527
0.0022 0.0094     272.9353 1.698543e+01  78.028776  78.842081  86.520830
0.0023 0.0094     276.5944 1.754629e+01  77.869490  78.753686  86.376118
0.0024 0.0094     280.2731 1.809163e+01  77.709718  78.665033  86.230432
0.0025 0.0094     283.9584 1.862134e+01  77.549524  78.575349  86.082900
0.0026 0.0094     287.6379 1.913651e+01  77.389662  78.485278  85.934915
0.0027 0.0094     291.2993 1.963759e+01  77.230010  78.395049  85.785807
0.0028 0.0094     294.9312 2.012557e+01  77.070422  78.304491  85.634862
0.0029 0.0094     298.5225 2.060063e+01  76.910957  78.213278  85.485233
0.0030 0.0094     302.0627 2.106398e+01  76.752923  78.122245  85.335630
0.0031 0.0094     305.5421 2.151506e+01  76.595006  78.030991  85.183588
0.0032 0.0094     308.9515 2.195584e+01  76.438323  77.939377  85.026576
0.0033 0.0094     312.2824 2.238498e+01  76.282609  77.847987  84.876219
0.0034 0.0094     315.5271 2.280392e+01  76.127669  77.756147  84.722988
0.0035 0.0094       0.0000 2.321350e+01  75.973602  77.664733  84.569848
0.0036 0.0094       0.0000 2.361340e+01  75.820964  77.573709  84.416087
0.0037 0.0094       0.0000 2.400360e+01  75.669983  77.482739  84.258102
0.0038 0.0094       0.0000 2.438668e+01  75.518846  77.390472  84.111201
0.0039 0.0094       0.0000 2.476018e+01  75.370312  77.299296  83.960313
0.0040 0.0094       0.0000 2.512630e+01  75.222860  77.208649  83.806690
0.0041 0.0094       0.0000 2.548431e+01  75.076289  77.118056  83.656679
0.0042 0.0094       0.0000 2.583530e+01  74.931927  77.027514  83.503035
0.0043 0.0094       0.0000 2.617868e+01  74.788559  76.937089  83.351929
0.0044 0.0094       0.0000 2.651579e+01  74.647299  76.847569  83.202936
0.0045 0.0094       0.0000 2.684471e+01  74.507678  76.758411  83.044421
0.0046 0.0094       0.0000 2.716924e+01  74.368385  76.669889  82.899903
0.0047 0.0094       0.0000 2.748686e+01  74.231563  76.581666  82.748851
0.0048 0.0094       0.0000 2.779761e+01  74.096420  76.493267  82.600456
0.0049 0.0094       0.0000 2.810325e+01  73.962672  76.406228  82.453244
0.0050 0.0094       0.0000 2.840401e+01  73.830788  76.319458  82.301432
0.0051 0.0094       0.0000 2.869763e+01  73.700856  76.233471  82.157264
0.0052 0.0094       0.0000 2.898695e+01  73.572378  76.148142  82.010680
0.0053 0.0094       0.0000 2.927047e+01  73.445553  76.063119  81.862845
0.0054 0.0094       0.0000 2.954915e+01  73.320312  75.978510  81.722959
0.0055 0.0094       0.0000 2.982405e+01  73.196647  75.895067  81.574441
0.0056 0.0094       0.0000 3.009344e+01  73.074541  75.812268  81.433228
0.0057 0.0094       0.0000 3.035814e+01  72.954229  75.729531  81.294233
0.0058 0.0094       0.0000 3.061908e+01  72.835727  75.647730  81.152766
0.0059 0.0094       0.0000 3.087511e+01  72.719285  75.566519  81.010348
0.0060 0.0094       0.0000 3.112731e+01  72.604695  75.486021  80.875118
0.0061 0.0094       0.0000 3.137471e+01  72.491671  75.406112  80.741719
0.0062 0.0094       0.0000 3.161803e+01  72.379739  75.327817  80.601116
0.0063 0.0094       0.0000 3.185874e+01  72.270458  75.249933  80.461771
0.0064 0.0094       0.0000 3.209490e+01  72.162150  75.172856  80.330255
0.0065 0.0094       0.0000 3.232732e+01  72.055191  75.096192  80.201727
0.0066 0.0094       0.0000 3.255674e+01  71.950377  75.020505  80.069673
0.0067 0.0094       0.0000 3.278205e+01  71.847456  74.945149  79.943716
0.0068 0.0094       0.0000 3.300432e+01  71.745780  74.870906  79.818195
0.0069 0.0094       0.0000 3.322370e+01  71.645953  74.797273  79.688811
0.0070 0.0094       0.0000 3.343912e+01  71.547773  74.724704  79.564037
0.0071 0.0094       0.0000 3.365225e+01  71.451308  74.653476  79.435441
0.0072 0.0094       0.0000 3.386159e+01  71.356471  74.581916  79.313510
0.0073 0.0094       0.0000 3.406809e+01  71.263101  74.512037  79.191409
0.0074 0.0094       0.0000 3.427220e+01  71.171066  74.442517  79.070474
0.0075 0.0094       0.0000 3.447353e+01  71.081091  74.374030  78.951623
0.0076 0.0094       0.0000 3.467149e+01  70.992581  74.305273  78.832184
0.0077 0.0094       0.0000 3.486719e+01  70.904970  74.238922  78.714620
0.0078 0.0094       0.0000 3.505962e+01  70.819763  74.173259  78.598557
0.0079 0.0094       0.0000 3.524973e+01  70.735469  74.108365  78.487912
0.0080 0.0094       0.0000 3.543778e+01  70.652952  74.043875  78.374233
0.0081 0.0094       0.0000 3.562342e+01  70.571865  73.980449  78.262952
0.0082 0.0094       0.0000 3.580571e+01  70.492131  73.918111  78.152292
0.0083 0.0094       0.0000 3.598626e+01  70.414254  73.855782  78.044337
0.0084 0.0094       0.0000 3.616454e+01  70.337431  73.795342  77.937132
0.0085 0.0094       0.0000 3.634021e+01  70.262229  73.734415  77.830709
0.0086 0.0094       0.0000 3.651430e+01  70.188317  73.675027  77.725160
0.0087 0.0094       0.0000 3.668606e+01  70.115823  73.616519  77.620241
0.0088 0.0094       0.0000 3.685599e+01  70.044910  73.559757  77.517168
0.0089 0.0094       0.0000 3.702306e+01  69.974724  73.503068  77.416209
0.0090 0.0094       0.0000 3.718872e+01  69.906259  73.447211  77.316898
0.0091 0.0094       0.0000 3.735220e+01  69.839370  73.391759  77.218804
0.0092 0.0094       0.0000 3.751400e+01  69.773602  73.337305  77.121651
0.0093 0.0094       0.0000 3.767326e+01  69.708979  73.283848  77.028293
0.0094 0.0094       0.0000 3.783234e+01  69.645718  73.231122  76.930150
0.0095 0.0094       0.0000 3.798834e+01  69.583591  73.179115  76.836710
0.0096 0.0094       0.0000 3.814322e+01  69.523003  73.127338  76.742749
0.0097 0.0094       0.0000 3.829607e+01  69.463540  73.077052  76.653908
0.0098 0.0094       0.0000 3.844698e+01  69.404988  73.027917  76.560986
0.0099 0.0094       0.0000 3.859665e+01  69.347844  72.979485  76.475118
0.0100 0.0094       0.0000 3.874548e+01  69.291802  72.931469  76.386907
0.0000 0.0095     216.4502 0.000000e+00  50.858522  50.858054  52.973880
0.0001 0.0095     216.5690 8.525159e-01  80.328938  80.321985  89.063247
0.0002 0.0095     216.9250 1.728492e+00  80.324573  80.287954  88.955315
0.0003 0.0095     217.5163 2.615015e+00  80.300826  80.245817  88.854454
0.0004 0.0095     218.3402 3.504829e+00  80.264146  80.199761  88.758737
0.0005 0.0095     219.3927 4.391971e+00  80.214391  80.148768  88.665291
0.0006 0.0095     220.6687 5.271491e+00  80.150042  80.096331  88.570295
0.0007 0.0095     222.1621 6.139246e+00  80.073843  80.036626  88.462923
0.0008 0.0095     223.8659 6.992120e+00  79.986092  79.971375  88.347432
0.0009 0.0095     225.7722 7.827538e+00  79.887716  79.905666  88.234164
0.0010 0.0095     227.8719 8.643610e+00  79.780134  79.836524  88.120054
0.0011 0.0095     230.1555 9.439095e+00  79.664453  79.765988  87.998482
0.0012 0.0095     232.6126 1.021270e+01  79.541444  79.693644  87.877522
0.0013 0.0095     235.2320 1.096450e+01  79.412111  79.619310  87.750169
0.0014 0.0095     238.0021 1.169467e+01  79.278112  79.543557  87.620651
0.0015 0.0095     240.9108 1.240335e+01  79.139040  79.465781  87.496015
0.0016 0.0095     243.9456 1.309039e+01  78.996335  79.386647  87.362938
0.0017 0.0095     247.0937 1.375675e+01  78.850056  79.306176  87.234846
0.0018 0.0095     250.3418 1.440319e+01  78.701039  79.224574  87.095170
0.0019 0.0095     253.6768 1.503061e+01  78.550565  79.140412  86.954363
0.0020 0.0095     257.0855 1.563809e+01  78.397137  79.057562  86.821455
0.0021 0.0095     260.5544 1.622873e+01  78.243200  78.972872  86.681940
0.0022 0.0095     264.0706 1.680117e+01  78.087880  78.887812  86.540361
0.0023 0.0095     267.6208 1.735736e+01  77.931805  78.800885  86.404706
0.0024 0.0095     271.1924 1.789808e+01  77.775007  78.714460  86.260426
0.0025 0.0095     274.7730 1.842341e+01  77.618303  78.626615  86.118384
0.0026 0.0095     278.3503 1.893442e+01  77.460850  78.538907  85.970186
0.0027 0.0095     281.9129 1.943190e+01  77.304081  78.450356  85.825594
0.0028 0.0095     285.4494 1.991639e+01  77.147429  78.361414  85.677773
0.0029 0.0095     288.9493 2.038830e+01  76.991065  78.272474  85.530870
0.0030 0.0095     292.4023 2.084767e+01  76.835695  78.183004  85.383693
0.0031 0.0095     295.7991 2.129535e+01  76.680657  78.093380  85.235594
0.0032 0.0095       0.0000 2.173409e+01  76.526393  78.003723  85.080249
0.0033 0.0095       0.0000 2.216018e+01  76.372940  77.913964  84.933093
0.0034 0.0095       0.0000 2.257675e+01  76.220820  77.823966  84.784526
0.0035 0.0095       0.0000 2.298427e+01  76.069380  77.734200  84.630796
0.0036 0.0095       0.0000 2.338154e+01  75.918995  77.644398  84.483795
0.0037 0.0095       0.0000 2.377148e+01  75.769494  77.554895  84.331409
0.0038 0.0095       0.0000 2.415161e+01  75.622440  77.465441  84.173178
0.0039 0.0095       0.0000 2.452385e+01  75.475354  77.374937  84.032354
0.0040 0.0095       0.0000 2.488806e+01  75.330271  77.285707  83.882333
0.0041 0.0095       0.0000 2.524461e+01  75.185955  77.196580  83.732295
0.0042 0.0095       0.0000 2.559414e+01  75.043161  77.107656  83.582708
0.0043 0.0095       0.0000 2.593656e+01  74.901964  77.018572  83.434885
0.0044 0.0095       0.0000 2.627226e+01  74.762061  76.930763  83.285027
0.0045 0.0095       0.0000 2.660173e+01  74.623991  76.842663  83.136515
0.0046 0.0095       0.0000 2.692338e+01  74.487638  76.755638  82.979779
0.0047 0.0095       0.0000 2.724093e+01  74.351851  76.668149  82.839984
0.0048 0.0095       0.0000 2.755177e+01  74.218046  76.581475  82.693583
0.0049 0.0095       0.0000 2.785655e+01  74.085706  76.495802  82.547613
0.0050 0.0095       0.0000 2.815618e+01  73.955331  76.410717  82.400253
0.0051 0.0095       0.0000 2.845033e+01  73.826741  76.325550  82.256034
0.0052 0.0095       0.0000 2.873908e+01  73.699425  76.241169  82.113618
0.0053 0.0095       0.0000 2.902288e+01  73.573895  76.157347  81.968308
0.0054 0.0095       0.0000 2.930166e+01  73.449663  76.073685  81.827939
0.0055 0.0095       0.0000 2.957572e+01  73.327346  75.991279  81.684561
0.0056 0.0095       0.0000 2.984512e+01  73.206402  75.909156  81.542281
0.0057 0.0095       0.0000 3.011167e+01  73.086391  75.827603  81.405144
0.0058 0.0095       0.0000 3.037112e+01  72.969555  75.747394  81.263332
0.0059 0.0095       0.0000 3.062844e+01  72.854006  75.667204  81.124114
0.0060 0.0095       0.0000 3.088042e+01  72.740122  75.586979  80.988081
0.0061 0.0095       0.0000 3.112762e+01  72.628112  75.508453  80.854273
0.0062 0.0095       0.0000 3.137271e+01  72.516703  75.430604  80.720141
0.0063 0.0095       0.0000 3.161305e+01  72.407625  75.353290  80.590312
0.0064 0.0095       0.0000 3.184973e+01  72.300297  75.276533  80.453359
0.0065 0.0095       0.0000 3.208330e+01  72.194198  75.201944  80.324503
0.0066 0.0095       0.0000 3.231279e+01  72.089918  75.126209  80.195883
0.0067 0.0095       0.0000 3.253864e+01  71.987357  75.051608  80.066970
0.0068 0.0095       0.0000 3.276136e+01  71.885874  74.978218  79.941282
0.0069 0.0095       0.0000 3.298150e+01  71.786428  74.905581  79.815879
0.0070 0.0095       0.0000 3.319818e+01  71.688720  74.833609  79.690484
0.0071 0.0095       0.0000 3.341173e+01  71.592713  74.762817  79.564742
0.0072 0.0095       0.0000 3.362226e+01  71.497754  74.692479  79.440622
0.0073 0.0095       0.0000 3.382975e+01  71.404623  74.622960  79.319678
0.0074 0.0095       0.0000 3.403495e+01  71.312632  74.553997  79.201391
0.0075 0.0095       0.0000 3.423632e+01  71.222962  74.485093  79.082472
0.0076 0.0095       0.0000 3.443546e+01  71.133689  74.417514  78.966055
0.0077 0.0095       0.0000 3.463225e+01  71.047063  74.351687  78.845512
0.0078 0.0095       0.0000 3.482581e+01  70.961483  74.286023  78.732175
0.0079 0.0095       0.0000 3.501680e+01  70.877727  74.221324  78.619019
0.0080 0.0095       0.0000 3.520599e+01  70.794924  74.157203  78.504698
0.0081 0.0095       0.0000 3.539222e+01  70.713696  74.094022  78.394362
0.0082 0.0095       0.0000 3.557623e+01  70.634104  74.031679  78.285138
0.0083 0.0095       0.0000 3.575777e+01  70.555866  73.970549  78.177233
0.0084 0.0095       0.0000 3.593708e+01  70.478896  73.909415  78.071140
0.0085 0.0095       0.0000 3.611445e+01  70.403324  73.849200  77.963525
0.0086 0.0095       0.0000 3.628918e+01  70.329208  73.790997  77.859441
0.0087 0.0095       0.0000 3.646214e+01  70.256547  73.732601  77.755557
0.0088 0.0095       0.0000 3.663295e+01  70.185064  73.674994  77.654878
0.0089 0.0095       0.0000 3.680168e+01  70.114797  73.618858  77.552370
0.0090 0.0095       0.0000 3.696835e+01  70.045899  73.562704  77.455158
0.0091 0.0095       0.0000 3.713310e+01  69.978548  73.507790  77.356657
0.0092 0.0095       0.0000 3.729625e+01  69.912189  73.453554  77.257782
0.0093 0.0095       0.0000 3.745704e+01  69.847447  73.399689  77.163412
0.0094 0.0095       0.0000 3.761658e+01  69.784178  73.346908  77.068535
0.0095 0.0095       0.0000 3.777429e+01  69.721718  73.294722  76.973096
0.0096 0.0095       0.0000 3.792964e+01  69.660738  73.243600  76.883164
0.0097 0.0095       0.0000 3.808454e+01  69.600489  73.193224  76.789187
0.0098 0.0095       0.0000 3.823700e+01  69.541336  73.143547  76.700991
0.0099 0.0095       0.0000 3.838821e+01  69.483660  73.095424  76.609419
0.0100 0.0095       0.0000 3.853729e+01  69.427092  73.047180  76.524541
0.0000 0.0096     209.5199 0.000000e+00  50.864961  50.864622  52.953998
0.0001 0.0096     209.6345 8.423538e-01  80.333258  80.327613  89.026598
0.0002 0.0096     209.9775 1.709432e+00  80.329605  80.295094  88.916590
0.0003 0.0096     210.5474 2.586291e+00  80.306292  80.254437  88.821823
0.0004 0.0096     211.3415 3.465673e+00  80.271075  80.209732  88.725042
0.0005 0.0096     212.3560 4.342493e+00  80.222704  80.161080  88.634120
0.0006 0.0096     213.5861 5.212037e+00  80.161096  80.107215  88.537471
0.0007 0.0096     215.0261 6.070079e+00  80.086625  80.049708  88.432733
0.0008 0.0096     216.6693 6.913068e+00  80.000787  79.988309  88.329848
0.0009 0.0096     218.5080 7.739040e+00  79.905231  79.924303  88.219550
0.0010 0.0096     220.5340 8.545972e+00  79.799934  79.857314  88.104506
0.0011 0.0096     222.7379 9.332323e+00  79.686764  79.788711  87.987909
0.0012 0.0096     225.1099 1.009742e+01  79.566193  79.718505  87.868725
0.0013 0.0096     227.6395 1.084126e+01  79.440741  79.645942  87.747147
0.0014 0.0096     230.3156 1.156400e+01  79.308979  79.572189  87.616598
0.0015 0.0096     233.1267 1.226524e+01  79.173758  79.496482  87.490308
0.0016 0.0096     236.0608 1.294493e+01  79.033392  79.419101  87.365409
0.0017 0.0096     239.1057 1.360477e+01  78.890760  79.340057  87.240278
0.0018 0.0096     242.2489 1.424493e+01  78.744975  79.260291  87.105721
0.0019 0.0096     245.4777 1.486576e+01  78.597348  79.178514  86.967809
0.0020 0.0096     248.7796 1.546769e+01  78.447486  79.097736  86.836806
0.0021 0.0096     252.1417 1.605266e+01  78.296471  79.014823  86.699294
0.0022 0.0096     255.5515 1.662066e+01  78.144366  78.931611  86.562826
0.0023 0.0096     258.9965 1.717263e+01  77.991249  78.846986  86.429605
0.0024 0.0096     262.4644 1.770805e+01  77.837678  78.761479  86.288907
0.0025 0.0096     265.9433 1.822918e+01  77.683375  78.676210  86.144788
0.0026 0.0096     269.4216 1.873627e+01  77.529574  78.590324  86.003411
0.0027 0.0096     272.8879 1.922988e+01  77.375555  78.503523  85.862224
0.0028 0.0096     276.3316 1.971015e+01  77.221372  78.416940  85.715237
0.0029 0.0096       0.0000 2.017857e+01  77.068350  78.329096  85.571822
0.0030 0.0096       0.0000 2.063504e+01  76.915344  78.241609  85.426676
0.0031 0.0096       0.0000 2.108059e+01  76.762633  78.154317  85.280376
0.0032 0.0096       0.0000 2.151527e+01  76.611656  78.065855  85.133137
0.0033 0.0096       0.0000 2.193976e+01  76.460577  77.977702  84.985842
0.0034 0.0096       0.0000 2.235358e+01  76.311059  77.889309  84.838722
0.0035 0.0096       0.0000 2.275835e+01  76.162090  77.801369  84.690038
0.0036 0.0096       0.0000 2.315428e+01  76.014048  77.713299  84.541806
0.0037 0.0096       0.0000 2.354164e+01  75.867241  77.624781  84.395160
0.0038 0.0096       0.0000 2.391951e+01  75.722320  77.537021  84.248097
0.0039 0.0096       0.0000 2.429073e+01  75.577829  77.448615  84.097177
0.0040 0.0096       0.0000 2.465313e+01  75.434344  77.360642  83.951999
0.0041 0.0096       0.0000 2.500835e+01  75.292330  77.272387  83.805892
0.0042 0.0096       0.0000 2.535700e+01  75.151405  77.185290  83.657640
0.0043 0.0096       0.0000 2.569822e+01  75.011916  77.098087  83.511737
0.0044 0.0096       0.0000 2.603244e+01  74.873914  77.010869  83.367491
0.0045 0.0096       0.0000 2.636140e+01  74.737757  76.924141  83.221297
0.0046 0.0096       0.0000 2.668287e+01  74.602215  76.838501  83.073562
0.0047 0.0096       0.0000 2.699903e+01  74.468680  76.753255  82.925107
0.0048 0.0096       0.0000 2.730905e+01  74.336624  76.667417  82.781039
0.0049 0.0096       0.0000 2.761317e+01  74.205749  76.583385  82.638088
0.0050 0.0096       0.0000 2.791217e+01  74.076888  76.498661  82.496144
0.0051 0.0096       0.0000 2.820629e+01  73.949628  76.415147  82.353052
0.0052 0.0096       0.0000 2.849480e+01  73.823384  76.331796  82.210625
0.0053 0.0096       0.0000 2.877819e+01  73.699034  76.249282  82.069566
0.0054 0.0096       0.0000 2.905734e+01  73.575808  76.166590  81.927886
0.0055 0.0096       0.0000 2.933099e+01  73.454909  76.084990  81.788150
0.0056 0.0096       0.0000 2.960102e+01  73.334594  76.003877  81.647833
0.0057 0.0096       0.0000 2.986518e+01  73.216936  75.923524  81.510128
0.0058 0.0096       0.0000 3.012608e+01  73.100574  75.843821  81.371152
0.0059 0.0096       0.0000 3.038340e+01  72.985829  75.764862  81.236308
0.0060 0.0096       0.0000 3.063697e+01  72.872545  75.686408  81.098312
0.0061 0.0096       0.0000 3.088446e+01  72.760809  75.608151  80.965729
0.0062 0.0096       0.0000 3.112935e+01  72.650829  75.530812  80.834243
0.0063 0.0096       0.0000 3.137066e+01  72.542364  75.454415  80.701663
0.0064 0.0096       0.0000 3.160775e+01  72.435256  75.379095  80.570560
0.0065 0.0096       0.0000 3.184180e+01  72.330344  75.303923  80.440783
0.0066 0.0096       0.0000 3.207140e+01  72.226110  75.229821  80.314341
0.0067 0.0096       0.0000 3.229834e+01  72.124016  75.155796  80.186921
0.0068 0.0096       0.0000 3.252186e+01  72.023190  75.083104  80.059315
0.0069 0.0096       0.0000 3.274256e+01  71.924173  75.011579  79.934596
0.0070 0.0096       0.0000 3.295970e+01  71.826425  74.939510  79.817016
0.0071 0.0096       0.0000 3.317377e+01  71.730779  74.869475  79.690614
0.0072 0.0096       0.0000 3.338550e+01  71.636228  74.799427  79.566220
0.0073 0.0096       0.0000 3.359396e+01  71.542805  74.730590  79.447101
0.0074 0.0096       0.0000 3.379926e+01  71.451596  74.662261  79.327324
0.0075 0.0096       0.0000 3.400212e+01  71.361819  74.595111  79.208997
0.0076 0.0096       0.0000 3.420268e+01  71.273515  74.528153  79.089807
0.0077 0.0096       0.0000 3.439990e+01  71.186406  74.462178  78.975896
0.0078 0.0096       0.0000 3.459446e+01  71.100758  74.397125  78.859775
0.0079 0.0096       0.0000 3.478642e+01  71.016638  74.331800  78.750200
0.0080 0.0096       0.0000 3.497655e+01  70.934047  74.268209  78.635979
0.0081 0.0096       0.0000 3.516378e+01  70.852879  74.206284  78.524647
0.0082 0.0096       0.0000 3.534891e+01  70.772953  74.144167  78.416122
0.0083 0.0096       0.0000 3.553161e+01  70.694686  74.083035  78.307412
0.0084 0.0096       0.0000 3.571198e+01  70.617574  74.021428  78.201562
0.0085 0.0096       0.0000 3.589018e+01  70.542046  73.961886  78.096158
0.0086 0.0096       0.0000 3.606618e+01  70.467901  73.902765  77.991693
0.0087 0.0096       0.0000 3.624011e+01  70.394637  73.845484  77.888063
0.0088 0.0096       0.0000 3.641202e+01  70.323075  73.788248  77.787492
0.0089 0.0096       0.0000 3.658217e+01  70.252613  73.731826  77.686297
0.0090 0.0096       0.0000 3.675011e+01  70.183455  73.676316  77.587091
0.0091 0.0096       0.0000 3.691620e+01  70.115840  73.621407  77.487793
0.0092 0.0096       0.0000 3.708042e+01  70.049075  73.567246  77.390147
0.0093 0.0096       0.0000 3.724265e+01  69.983866  73.513671  77.294833
0.0094 0.0096       0.0000 3.740316e+01  69.919610  73.460873  77.203213
0.0095 0.0096       0.0000 3.756331e+01  69.857472  73.409653  77.101712
0.0096 0.0096       0.0000 3.771906e+01  69.795328  73.357646  77.013368
0.0097 0.0096       0.0000 3.787455e+01  69.734741  73.307432  76.922757
0.0098 0.0096       0.0000 3.802837e+01  69.675446  73.257788  76.834762
0.0099 0.0096       0.0000 3.818085e+01  69.617300  73.209234  76.743587
0.0100 0.0096       0.0000 3.833149e+01  69.560350  73.161132  76.656029
0.0000 0.0097     202.8583 7.321245e-07  50.873594  50.873200  52.936383
0.0001 0.0097     202.9687 8.336896e-01  80.335982  80.332054  88.981608
0.0002 0.0097     203.2994 1.689878e+00  80.333409  80.300404  88.878558
0.0003 0.0097     203.8488 2.557315e+00  80.311083  80.261271  88.788616
0.0004 0.0097     204.6143 3.427088e+00  80.277225  80.218302  88.694943
0.0005 0.0097     205.5924 4.293964e+00  80.230124  80.171048  88.603784
0.0006 0.0097     206.7786 5.153521e+00  80.170054  80.119585  88.506826
0.0007 0.0097     208.1674 6.001875e+00  80.097861  80.063187  88.407130
0.0008 0.0097     209.7525 6.835512e+00  80.014660  80.004315  88.305111
0.0009 0.0097     211.5266 7.652541e+00  79.920556  79.942908  88.202584
0.0010 0.0097     213.4818 8.449760e+00  79.818353  79.877133  88.086640
0.0011 0.0097     215.6092 9.227680e+00  79.707611  79.810185  87.974489
0.0012 0.0097     217.8997 9.984737e+00  79.590212  79.741938  87.858126
0.0013 0.0097     220.3430 1.072022e+01  79.467051  79.670760  87.740996
0.0014 0.0097     222.9288 1.143549e+01  79.338266  79.598815  87.613106
0.0015 0.0097     225.6460 1.212916e+01  79.205709  79.524905  87.491859
0.0016 0.0097     228.4832 1.280262e+01  79.069165  79.448801  87.366716
0.0017 0.0097     231.4288 1.345555e+01  78.929509  79.372633  87.243689
0.0018 0.0097     234.4709 1.408927e+01  78.786747  79.294792  87.112039
0.0019 0.0097     237.5975 1.470452e+01  78.642164  79.214782  86.977285
0.0020 0.0097     240.7963 1.530080e+01  78.495276  79.135838  86.848018
0.0021 0.0097     244.0552 1.588035e+01  78.347599  79.055148  86.714022
0.0022 0.0097     247.3623 1.644305e+01  78.198076  78.973403  86.580127
0.0023 0.0097     250.7054 1.698951e+01  78.048032  78.890735  86.448469
0.0024 0.0097     254.0729 1.752102e+01  77.897537  78.807505  86.312711
0.0025 0.0097       0.0000 1.803740e+01  77.746625  78.723710  86.174617
0.0026 0.0097       0.0000 1.853998e+01  77.595105  78.639256  86.025801
0.0027 0.0097       0.0000 1.903036e+01  77.444047  78.554761  85.895732
0.0028 0.0097       0.0000 1.950628e+01  77.292870  78.469729  85.746367
0.0029 0.0097       0.0000 1.997251e+01  77.142494  78.384043  85.610457
0.0030 0.0097       0.0000 2.042565e+01  76.992757  78.297875  85.472275
0.0031 0.0097       0.0000 2.086751e+01  76.842848  78.212148  85.326007
0.0032 0.0097       0.0000 2.129974e+01  76.693957  78.125518  85.182186
0.0033 0.0097       0.0000 2.172195e+01  76.545456  78.039162  85.035749
0.0034 0.0097       0.0000 2.213407e+01  76.398173  77.952523  84.892128
0.0035 0.0097       0.0000 2.253652e+01  76.251773  77.865975  84.744953
0.0036 0.0097       0.0000 2.293011e+01  76.106163  77.779359  84.600747
0.0037 0.0097       0.0000 2.331510e+01  75.961679  77.693224  84.454957
0.0038 0.0097       0.0000 2.369131e+01  75.818887  77.606051  84.309858
0.0039 0.0097       0.0000 2.406073e+01  75.676653  77.519440  84.161495
0.0040 0.0097       0.0000 2.442330e+01  75.534567  77.433035  84.013766
0.0041 0.0097       0.0000 2.477573e+01  75.395055  77.346457  83.876198
0.0042 0.0097       0.0000 2.512276e+01  75.256257  77.260354  83.732381
0.0043 0.0097       0.0000 2.546289e+01  75.118565  77.174708  83.588208
0.0044 0.0097       0.0000 2.579688e+01  74.982770  77.089660  83.441770
0.0045 0.0097       0.0000 2.612379e+01  74.847056  77.004260  83.298878
0.0046 0.0097       0.0000 2.644436e+01  74.714826  76.919372  83.156589
0.0047 0.0097       0.0000 2.676059e+01  74.582630  76.835413  83.011891
0.0048 0.0097       0.0000 2.706960e+01  74.451862  76.751147  82.866820
0.0049 0.0097       0.0000 2.737377e+01  74.322546  76.667879  82.722819
0.0050 0.0097       0.0000 2.767222e+01  74.195066  76.584903  82.581277
0.0051 0.0097       0.0000 2.796513e+01  74.068934  76.501947  82.443667
0.0052 0.0097       0.0000 2.825418e+01  73.944512  76.420258  82.302929
0.0053 0.0097       0.0000 2.853706e+01  73.821125  76.338344  82.162833
0.0054 0.0097       0.0000 2.881561e+01  73.699009  76.256840  82.028817
0.0055 0.0097       0.0000 2.908964e+01  73.579059  76.176576  81.884658
0.0056 0.0097       0.0000 2.935907e+01  73.460382  76.096550  81.748095
0.0057 0.0097       0.0000 2.962452e+01  73.343000  76.017949  81.619275
0.0058 0.0097       0.0000 2.988618e+01  73.227965  75.938043  81.475821
0.0059 0.0097       0.0000 3.014194e+01  73.113880  75.860047  81.342033
0.0060 0.0097       0.0000 3.039635e+01  73.001558  75.782220  81.210715
0.0061 0.0097       0.0000 3.064465e+01  72.890867  75.705889  81.071433
0.0062 0.0097       0.0000 3.088853e+01  72.781786  75.628910  80.944496
0.0063 0.0097       0.0000 3.113038e+01  72.673642  75.553437  80.814532
0.0064 0.0097       0.0000 3.136861e+01  72.567348  75.479040  80.683133
0.0065 0.0097       0.0000 3.160257e+01  72.463031  75.404666  80.555215
0.0066 0.0097       0.0000 3.183339e+01  72.359605  75.331245  80.427348
0.0067 0.0097       0.0000 3.206067e+01  72.257947  75.258281  80.302796
0.0068 0.0097       0.0000 3.228513e+01  72.157576  75.186118  80.176386
0.0069 0.0097       0.0000 3.250642e+01  72.058999  75.114966  80.050003
0.0070 0.0097       0.0000 3.272354e+01  71.961930  75.044037  79.929801
0.0071 0.0097       0.0000 3.293942e+01  71.866130  74.974064  79.807461
0.0072 0.0097       0.0000 3.315106e+01  71.772063  74.904880  79.685712
0.0073 0.0097       0.0000 3.336051e+01  71.679070  74.835946  79.565927
0.0074 0.0097       0.0000 3.356681e+01  71.587851  74.768564  79.448722
0.0075 0.0097       0.0000 3.377047e+01  71.498276  74.701915  79.332576
0.0076 0.0097       0.0000 3.397135e+01  71.409572  74.635073  79.217381
0.0077 0.0097       0.0000 3.416996e+01  71.323360  74.569938  79.100060
0.0078 0.0097       0.0000 3.436518e+01  71.237549  74.504981  78.986306
0.0079 0.0097       0.0000 3.455855e+01  71.153354  74.441064  78.875768
0.0080 0.0097       0.0000 3.474924e+01  71.070659  74.377640  78.763202
0.0081 0.0097       0.0000 3.493777e+01  70.989319  74.315315  78.651343
0.0082 0.0097       0.0000 3.512383e+01  70.909499  74.254223  78.542412
0.0083 0.0097       0.0000 3.530771e+01  70.830935  74.193293  78.434575
0.0084 0.0097       0.0000 3.548891e+01  70.754075  74.132574  78.327095
0.0085 0.0097       0.0000 3.566827e+01  70.678271  74.072944  78.223146
0.0086 0.0097       0.0000 3.584583e+01  70.603711  74.014516  78.119832
0.0087 0.0097       0.0000 3.602052e+01  70.530531  73.956553  78.018656
0.0088 0.0097       0.0000 3.619393e+01  70.458682  73.899384  77.915512
0.0089 0.0097       0.0000 3.636473e+01  70.388106  73.843124  77.814881
0.0090 0.0097       0.0000 3.653404e+01  70.318730  73.787564  77.715238
0.0091 0.0097       0.0000 3.670091e+01  70.250590  73.732911  77.616642
0.0092 0.0097       0.0000 3.686634e+01  70.183895  73.678834  77.519440
0.0093 0.0097       0.0000 3.703011e+01  70.117899  73.625556  77.424290
0.0094 0.0097       0.0000 3.719167e+01  70.053345  73.572953  77.330587
0.0095 0.0097       0.0000 3.735152e+01  69.990087  73.520761  77.237955
0.0096 0.0097       0.0000 3.750981e+01  69.928205  73.469668  77.143530
0.0097 0.0097       0.0000 3.766663e+01  69.867543  73.419706  77.052501
0.0098 0.0097       0.0000 3.782192e+01  69.807710  73.370260  76.960930
0.0099 0.0097       0.0000 3.797526e+01  69.749024  73.321360  76.873641
0.0100 0.0097       0.0000 3.812709e+01  69.691535  73.273363  76.786026
0.0000 0.0098     196.4530 7.097355e-07  50.884498  50.884048  52.920958
0.0001 0.0098     196.5594 8.249341e-01  80.337365  80.334594  88.933582
0.0002 0.0098     196.8782 1.672205e+00  80.335238  80.305039  88.843097
0.0003 0.0098     197.4080 2.529044e+00  80.314608  80.266790  88.749378
0.0004 0.0098     198.1462 3.388942e+00  80.281619  80.225803  88.661203
0.0005 0.0098     199.0895 4.246517e+00  80.236480  80.180439  88.570769
0.0006 0.0098     200.2336 5.096327e+00  80.177985  80.131354  88.476224
0.0007 0.0098     201.5733 5.934986e+00  80.107564  80.076556  88.379939
0.0008 0.0098     203.1027 6.759354e+00  80.026678  80.018868  88.278568
0.0009 0.0098     204.8148 7.566495e+00  79.935045  79.957961  88.177296
0.0010 0.0098     206.7020 8.355886e+00  79.835286  79.894716  88.067361
0.0011 0.0098     208.7562 9.125166e+00  79.727012  79.829462  87.958509
0.0012 0.0098     210.9683 9.873960e+00  79.612282  79.762572  87.845080
0.0013 0.0098     213.3288 1.060222e+01  79.491366  79.693641  87.727490
0.0014 0.0098     215.8278 1.130987e+01  79.366259  79.623810  87.607547
0.0015 0.0098     218.4547 1.199591e+01  79.236129  79.551371  87.488788
0.0016 0.0098     221.1987 1.266232e+01  79.102723  79.478277  87.364106
0.0017 0.0098     224.0488 1.330899e+01  78.965884  79.403507  87.241072
0.0018 0.0098     226.9935 1.393629e+01  78.826434  79.327225  87.118104
0.0019 0.0098     230.0214 1.454594e+01  78.684924  79.248986  86.985541
0.0020 0.0098       0.0000 1.513631e+01  78.541087  79.171973  86.858983
0.0021 0.0098       0.0000 1.571042e+01  78.396104  79.093217  86.726806
0.0022 0.0098       0.0000 1.626850e+01  78.249956  79.013494  86.595490
0.0023 0.0098       0.0000 1.681037e+01  78.102684  78.932696  86.464749
0.0024 0.0098       0.0000 1.733754e+01  77.955139  78.851329  86.334866
0.0025 0.0098       0.0000 1.784982e+01  77.807221  78.768984  86.195413
0.0026 0.0098       0.0000 1.834900e+01  77.659192  78.685930  86.059014
0.0027 0.0098       0.0000 1.883365e+01  77.510681  78.603384  85.917149
0.0028 0.0098       0.0000 1.930725e+01  77.362428  78.520423  85.778913
0.0029 0.0098       0.0000 1.977027e+01  77.214253  78.436357  85.644971
0.0030 0.0098       0.0000 2.022054e+01  77.066813  78.352211  85.504662
0.0031 0.0098       0.0000 2.065959e+01  76.919988  78.267978  85.366963
0.0032 0.0098       0.0000 2.108877e+01  76.773606  78.183299  85.225205
0.0033 0.0098       0.0000 2.150788e+01  76.628129  78.098063  85.081255
0.0034 0.0098       0.0000 2.191777e+01  76.483091  78.014050  84.936603
0.0035 0.0098       0.0000 2.231790e+01  76.339171  77.928569  84.797908
0.0036 0.0098       0.0000 2.270960e+01  76.195309  77.843460  84.654980
0.0037 0.0098       0.0000 2.309226e+01  76.053222  77.757959  84.511320
0.0038 0.0098       0.0000 2.346742e+01  75.912473  77.672946  84.369092
0.0039 0.0098       0.0000 2.383499e+01  75.772471  77.588219  84.219680
0.0040 0.0098       0.0000 2.419466e+01  75.633260  77.503478  84.077366
0.0041 0.0098       0.0000 2.454764e+01  75.495279  77.418448  83.935389
0.0042 0.0098       0.0000 2.489243e+01  75.357352  77.334049  83.798856
0.0043 0.0098       0.0000 2.523161e+01  75.222307  77.249908  83.654441
0.0044 0.0098       0.0000 2.556399e+01  75.088069  77.165347  83.516743
0.0045 0.0098       0.0000 2.589038e+01  74.954271  77.081197  83.377221
0.0046 0.0098       0.0000 2.621065e+01  74.822941  76.998137  83.234275
0.0047 0.0098       0.0000 2.652514e+01  74.693046  76.915129  83.091457
0.0048 0.0098       0.0000 2.683376e+01  74.563713  76.832440  82.949654
0.0049 0.0098       0.0000 2.713722e+01  74.435922  76.750120  82.808524
0.0050 0.0098       0.0000 2.743477e+01  74.309699  76.668132  82.672832
0.0051 0.0098       0.0000 2.772784e+01  74.184889  76.586834  82.529796
0.0052 0.0098       0.0000 2.801635e+01  74.062124  76.505999  82.391883
0.0053 0.0098       0.0000 2.829955e+01  73.939829  76.425511  82.255446
0.0054 0.0098       0.0000 2.857745e+01  73.818844  76.346031  82.124203
0.0055 0.0098       0.0000 2.885172e+01  73.700543  76.265593  81.982521
0.0056 0.0098       0.0000 2.912075e+01  73.583437  76.186405  81.846363
0.0057 0.0098       0.0000 2.938580e+01  73.467236  76.108012  81.713066
0.0058 0.0098       0.0000 2.964700e+01  73.352448  76.030230  81.577887
0.0059 0.0098       0.0000 2.990397e+01  73.239777  75.952904  81.446126
0.0060 0.0098       0.0000 3.015670e+01  73.128080  75.876396  81.313975
0.0061 0.0098       0.0000 3.040656e+01  73.018259  75.800460  81.182052
0.0062 0.0098       0.0000 3.065236e+01  72.909193  75.725103  81.047238
0.0063 0.0098       0.0000 3.089351e+01  72.802508  75.650546  80.917976
0.0064 0.0098       0.0000 3.113175e+01  72.696799  75.576177  80.794116
0.0065 0.0098       0.0000 3.136653e+01  72.592767  75.502847  80.668630
0.0066 0.0098       0.0000 3.159786e+01  72.490279  75.430550  80.538989
0.0067 0.0098       0.0000 3.182579e+01  72.388858  75.358166  80.412597
0.0068 0.0098       0.0000 3.205085e+01  72.288916  75.285916  80.290839
0.0069 0.0098       0.0000 3.227273e+01  72.190859  75.215842  80.165307
0.0070 0.0098       0.0000 3.249083e+01  72.094144  75.145546  80.044845
0.0071 0.0098       0.0000 3.270693e+01  71.998762  75.076131  79.922298
0.0072 0.0098       0.0000 3.291969e+01  71.904541  75.007327  79.803367
0.0073 0.0098       0.0000 3.312955e+01  71.812292  74.939634  79.685319
0.0074 0.0098       0.0000 3.333725e+01  71.721563  74.872425  79.563096
0.0075 0.0098       0.0000 3.354124e+01  71.632260  74.806419  79.449463
0.0076 0.0098       0.0000 3.374328e+01  71.543589  74.740290  79.335047
0.0077 0.0098       0.0000 3.394204e+01  71.456951  74.675156  79.221792
0.0078 0.0098       0.0000 3.413875e+01  71.371366  74.610720  79.108319
0.0079 0.0098       0.0000 3.433330e+01  71.287784  74.547456  78.992318
0.0080 0.0098       0.0000 3.452441e+01  71.204696  74.484181  78.886867
0.0081 0.0098       0.0000 3.471429e+01  71.123518  74.422794  78.771151
0.0082 0.0098       0.0000 3.490078e+01  71.043496  74.361634  78.666590
0.0083 0.0098       0.0000 3.508562e+01  70.965164  74.300587  78.558919
0.0084 0.0098       0.0000 3.526839e+01  70.887981  74.240331  78.453851
0.0085 0.0098       0.0000 3.544829e+01  70.812106  74.181347  78.350069
0.0086 0.0098       0.0000 3.562631e+01  70.737336  74.122958  78.246722
0.0087 0.0098       0.0000 3.580289e+01  70.663950  74.065604  78.144045
0.0088 0.0098       0.0000 3.597696e+01  70.592003  74.008412  78.043341
0.0089 0.0098       0.0000 3.614942e+01  70.521118  73.952435  77.940455
0.0090 0.0098       0.0000 3.631952e+01  70.451384  73.897129  77.842425
0.0091 0.0098       0.0000 3.648760e+01  70.383106  73.842435  77.745181
0.0092 0.0098       0.0000 3.665404e+01  70.316302  73.788389  77.646243
0.0093 0.0098       0.0000 3.681886e+01  70.249916  73.735127  77.551554
0.0094 0.0098       0.0000 3.698234e+01  70.185141  73.682632  77.454536
0.0095 0.0098       0.0000 3.714330e+01  70.121306  73.631103  77.364552
0.0096 0.0098       0.0000 3.730332e+01  70.059101  73.580623  77.268466
0.0097 0.0098       0.0000 3.746024e+01  69.997817  73.530136  77.179055
0.0098 0.0098       0.0000 3.761647e+01  69.937891  73.480555  77.088501
0.0099 0.0098       0.0000 3.777157e+01  69.878708  73.431659  76.997960
0.0100 0.0098       0.0000 3.792488e+01  69.820612  73.383524  76.910299
0.0000 0.0099     190.2922 3.655761e-07  50.897715  50.897231  52.907976
0.0001 0.0099     190.3949 8.160386e-01  80.338346  80.337102  88.895572
0.0002 0.0099     190.7023 1.654074e+00  80.337004  80.308876  88.797891
0.0003 0.0099     191.2132 2.501697e+00  80.317241  80.271619  88.708649
0.0004 0.0099     191.9252 3.352082e+00  80.285592  80.232155  88.622817
0.0005 0.0099     192.8352 4.199852e+00  80.241138  80.188600  88.534136
0.0006 0.0099     193.9390 5.039862e+00  80.184847  80.139999  88.444844
0.0007 0.0099     195.2317 5.869662e+00  80.115817  80.087865  88.348092
0.0008 0.0099     196.7076 6.684051e+00  80.037148  80.031229  88.251514
0.0009 0.0099     198.3602 7.482638e+00  79.948055  79.972206  88.154216
0.0010 0.0099     200.1824 8.263906e+00  79.850264  79.911687  88.051342
0.0011 0.0099     202.1661 9.024275e+00  79.744943  79.847711  87.940768
0.0012 0.0099     204.3030 9.765210e+00  79.632981  79.782508  87.829223
0.0013 0.0099     206.5840 1.048545e+01  79.515048  79.715518  87.716115
0.0014 0.0099     208.9995 1.118572e+01  79.392579  79.647601  87.596019
0.0015 0.0099       0.0000 1.186493e+01  79.265021  79.576795  87.479871
0.0016 0.0099       0.0000 1.252372e+01  79.135053  79.505665  87.360831
0.0017 0.0099       0.0000 1.316506e+01  79.000955  79.432385  87.239622
0.0018 0.0099       0.0000 1.378629e+01  78.864747  79.357990  87.114839
0.0019 0.0099       0.0000 1.438950e+01  78.725537  79.282900  86.992060
0.0020 0.0099       0.0000 1.497483e+01  78.585217  79.206443  86.866811
0.0021 0.0099       0.0000 1.554399e+01  78.442788  79.129406  86.737761
0.0022 0.0099       0.0000 1.609719e+01  78.299776  79.051201  86.608970
0.0023 0.0099       0.0000 1.663427e+01  78.154939  78.972918  86.478617
0.0024 0.0099       0.0000 1.715657e+01  78.010380  78.893086  86.352782
0.0025 0.0099       0.0000 1.766591e+01  77.865442  78.812896  86.217340
0.0026 0.0099       0.0000 1.816070e+01  77.719751  78.731942  86.082582
0.0027 0.0099       0.0000 1.864466e+01  77.573891  78.650538  85.940038
0.0028 0.0099       0.0000 1.911307e+01  77.429049  78.569007  85.811628
0.0029 0.0099       0.0000 1.957122e+01  77.283599  78.487207  85.676669
0.0030 0.0099       0.0000 2.001827e+01  77.138540  78.404830  85.539563
0.0031 0.0099       0.0000 2.045439e+01  76.994440  78.322141  85.402891
0.0032 0.0099       0.0000 2.088063e+01  76.850903  78.238973  85.263294
0.0033 0.0099       0.0000 2.129728e+01  76.706903  78.155947  85.120817
0.0034 0.0099       0.0000 2.170466e+01  76.564600  78.072189  84.984501
0.0035 0.0099       0.0000 2.210257e+01  76.422860  77.988573  84.844858
0.0036 0.0099       0.0000 2.249214e+01  76.281913  77.905047  84.706073
0.0037 0.0099       0.0000 2.287263e+01  76.141951  77.821552  84.565396
0.0038 0.0099       0.0000 2.324560e+01  76.003348  77.738542  84.426994
0.0039 0.0099       0.0000 2.361144e+01  75.865087  77.653738  84.286146
0.0040 0.0099       0.0000 2.396948e+01  75.728028  77.571553  84.137832
0.0041 0.0099       0.0000 2.432134e+01  75.592517  77.488055  83.999938
0.0042 0.0099       0.0000 2.466622e+01  75.456749  77.404366  83.863586
0.0043 0.0099       0.0000 2.500366e+01  75.322887  77.321569  83.723600
0.0044 0.0099       0.0000 2.533472e+01  75.190211  77.238896  83.588099
0.0045 0.0099       0.0000 2.565996e+01  75.058902  77.156077  83.449419
0.0046 0.0099       0.0000 2.597924e+01  74.928738  77.074234  83.310093
0.0047 0.0099       0.0000 2.629355e+01  74.800105  76.992380  83.167880
0.0048 0.0099       0.0000 2.660099e+01  74.673016  76.911144  83.027678
0.0049 0.0099       0.0000 2.690419e+01  74.546383  76.829732  82.890654
0.0050 0.0099       0.0000 2.720116e+01  74.421924  76.749214  82.753632
0.0051 0.0099       0.0000 2.749398e+01  74.298307  76.669139  82.615612
0.0052 0.0099       0.0000 2.778241e+01  74.176872  76.589126  82.475877
0.0053 0.0099       0.0000 2.806314e+01  74.057311  76.510020  82.344390
0.0054 0.0099       0.0000 2.834227e+01  73.936992  76.430510  82.211796
0.0055 0.0099       0.0000 2.861663e+01  73.819137  76.352022  82.075909
0.0056 0.0099       0.0000 2.888499e+01  73.702329  76.276093  81.950009
0.0057 0.0099       0.0000 2.914980e+01  73.587413  76.197211  81.810992
0.0058 0.0099       0.0000 2.941187e+01  73.473646  76.120438  81.672452
0.0059 0.0099       0.0000 2.966882e+01  73.362055  76.043664  81.541631
0.0060 0.0099       0.0000 2.992220e+01  73.251701  75.967767  81.413931
0.0061 0.0099       0.0000 3.017194e+01  73.141911  75.892795  81.282747
0.0062 0.0099       0.0000 3.041769e+01  73.034087  75.818251  81.152605
0.0063 0.0099       0.0000 3.065935e+01  72.928126  75.744778  81.021308
0.0064 0.0099       0.0000 3.089842e+01  72.823442  75.671719  80.895298
0.0065 0.0099       0.0000 3.113346e+01  72.720038  75.599039  80.770824
0.0066 0.0099       0.0000 3.136520e+01  72.617544  75.526743  80.647139
0.0067 0.0099       0.0000 3.159363e+01  72.516963  75.455421  80.522223
0.0068 0.0099       0.0000 3.181985e+01  72.417066  75.384418  80.397520
0.0069 0.0099       0.0000 3.204147e+01  72.319678  75.314322  80.276133
0.0070 0.0099       0.0000 3.226063e+01  72.223392  75.244584  80.156386
0.0071 0.0099       0.0000 3.247729e+01  72.128611  75.176308  80.036085
0.0072 0.0099       0.0000 3.269093e+01  72.034761  75.107732  79.916572
0.0073 0.0099       0.0000 3.290135e+01  71.942836  75.040632  79.800249
0.0074 0.0099       0.0000 3.310914e+01  71.852140  74.973942  79.683341
0.0075 0.0099       0.0000 3.331447e+01  71.763125  74.908362  79.564753
0.0076 0.0099       0.0000 3.351712e+01  71.675087  74.843078  79.449075
0.0077 0.0099       0.0000 3.371688e+01  71.588389  74.778294  79.334492
0.0078 0.0099       0.0000 3.391458e+01  71.502889  74.714758  79.221786
0.0079 0.0099       0.0000 3.410976e+01  71.418950  74.651388  79.110302
0.0080 0.0099       0.0000 3.430188e+01  71.336611  74.588888  79.004595
0.0081 0.0099       0.0000 3.449179e+01  71.255319  74.527966  78.894339
0.0082 0.0099       0.0000 3.467998e+01  71.175229  74.466274  78.788348
0.0083 0.0099       0.0000 3.486575e+01  71.096559  74.405892  78.681665
0.0084 0.0099       0.0000 3.504942e+01  71.019454  74.346334  78.574294
0.0085 0.0099       0.0000 3.523089e+01  70.943393  74.287444  78.470849
0.0086 0.0099       0.0000 3.540996e+01  70.868471  74.229216  78.369057
0.0087 0.0099       0.0000 3.558735e+01  70.795002  74.172049  78.265905
0.0088 0.0099       0.0000 3.576231e+01  70.722854  74.115352  78.165224
0.0089 0.0099       0.0000 3.593607e+01  70.651770  74.059524  78.064049
0.0090 0.0099       0.0000 3.610731e+01  70.581937  74.004678  77.964179
0.0091 0.0099       0.0000 3.627633e+01  70.513136  73.949850  77.867999
0.0092 0.0099       0.0000 3.644361e+01  70.446166  73.896055  77.774250
0.0093 0.0099       0.0000 3.660992e+01  70.379595  73.843113  77.677280
0.0094 0.0099       0.0000 3.677447e+01  70.314447  73.790865  77.578196
0.0095 0.0099       0.0000 3.693636e+01  70.250895  73.739168  77.488285
0.0096 0.0099       0.0000 3.709806e+01  70.188279  73.689032  77.391568
0.0097 0.0099       0.0000 3.725621e+01  70.126080  73.638110  77.302703
0.0098 0.0099       0.0000 3.741311e+01  70.066128  73.588629  77.211742
0.0099 0.0099       0.0000 3.756914e+01  70.006078  73.539981  77.124589
0.0100 0.0099       0.0000 3.772340e+01  69.947938  73.493818  77.034142
0.0000 0.0100     184.3649 1.409334e-06  50.913113  50.912767  52.897306
0.0001 0.0100       0.0000 8.073918e-01  80.337311  80.337570  88.848561
0.0002 0.0100       0.0000 1.636264e+00  80.338211  80.310336  88.755901
0.0003 0.0100       0.0000 2.474654e+00  80.319307  80.274845  88.669307
0.0004 0.0100       0.0000 3.315622e+00  80.288947  80.236507  88.587573
0.0005 0.0100       0.0000 4.153988e+00  80.245328  80.194644  88.498928
0.0006 0.0100       0.0000 4.983632e+00  80.190289  80.147321  88.412179
0.0007 0.0100       0.0000 5.804889e+00  80.123261  80.096908  88.321349
0.0008 0.0100       0.0000 6.611168e+00  80.046379  80.043082  88.224770
0.0009 0.0100       0.0000 7.400987e+00  79.959833  79.985386  88.125537
0.0010 0.0100       0.0000 8.172487e+00  79.864536  79.925894  88.027452
0.0011 0.0100       0.0000 8.925464e+00  79.761730  79.864750  87.920185
0.0012 0.0100       0.0000 9.658165e+00  79.652892  79.800477  87.815289
0.0013 0.0100       0.0000 1.037129e+01  79.537419  79.736092  87.696839
0.0014 0.0100       0.0000 1.106376e+01  79.417426  79.669057  87.586820
0.0015 0.0100       0.0000 1.173631e+01  79.292736  79.600721  87.469439
0.0016 0.0100       0.0000 1.238951e+01  79.165182  79.530509  87.356270
0.0017 0.0100       0.0000 1.302436e+01  79.034468  79.460536  87.230341
0.0018 0.0100       0.0000 1.363965e+01  78.900672  79.387382  87.111796
0.0019 0.0100       0.0000 1.423667e+01  78.764008  79.313895  86.994070
0.0020 0.0100       0.0000 1.481687e+01  78.626542  79.239624  86.869851
0.0021 0.0100       0.0000 1.538108e+01  78.487553  79.164421  86.742968
0.0022 0.0100       0.0000 1.592875e+01  78.346832  79.087822  86.617803
0.0023 0.0100       0.0000 1.646147e+01  78.205434  79.011179  86.489534
0.0024 0.0100       0.0000 1.697949e+01  78.063123  78.933213  86.366927
0.0025 0.0100       0.0000 1.748402e+01  77.921498  78.854264  86.236192
0.0026 0.0100       0.0000 1.797522e+01  77.778321  78.775328  86.105583
0.0027 0.0100       0.0000 1.845541e+01  77.635943  78.695544  85.961675
0.0028 0.0100       0.0000 1.892253e+01  77.492302  78.616087  85.828050
0.0029 0.0100       0.0000 1.937537e+01  77.350174  78.535490  85.706428
0.0030 0.0100       0.0000 1.981922e+01  77.207822  78.455103  85.569101
0.0031 0.0100       0.0000 2.025253e+01  77.066004  78.373838  85.433759
0.0032 0.0100       0.0000 2.067595e+01  76.924360  78.292812  85.299038
0.0033 0.0100       0.0000 2.108948e+01  76.783603  78.210673  85.160300
0.0034 0.0100       0.0000 2.149480e+01  76.642982  78.128779  85.022788
0.0035 0.0100       0.0000 2.189015e+01  76.504481  78.046596  84.887424
0.0036 0.0100       0.0000 2.227772e+01  76.365656  77.964341  84.756232
0.0037 0.0100       0.0000 2.265869e+01  76.226523  77.882494  84.613266
0.0038 0.0100       0.0000 2.302776e+01  76.090976  77.801054  84.477947
0.0039 0.0100       0.0000 2.339251e+01  75.954521  77.718508  84.340498
0.0040 0.0100       0.0000 2.374966e+01  75.820310  77.637611  84.188845
0.0041 0.0100       0.0000 2.409945e+01  75.686402  77.555451  84.055755
0.0042 0.0100       0.0000 2.444234e+01  75.553175  77.473463  83.920035
0.0043 0.0100       0.0000 2.477868e+01  75.420475  77.391521  83.788385
0.0044 0.0100       0.0000 2.510904e+01  75.289756  77.310160  83.650126
0.0045 0.0100       0.0000 2.543353e+01  75.160286  77.228558  83.512499
0.0046 0.0100       0.0000 2.575159e+01  75.031741  77.148087  83.380550
0.0047 0.0100       0.0000 2.606433e+01  74.904325  77.067251  83.240603
0.0048 0.0100       0.0000 2.637230e+01  74.778764  76.987470  83.100987
0.0049 0.0100       0.0000 2.667392e+01  74.654429  76.907398  82.967584
0.0050 0.0100       0.0000 2.697135e+01  74.531078  76.828462  82.830963
0.0051 0.0100       0.0000 2.726329e+01  74.409224  76.749050  82.694852
0.0052 0.0100       0.0000 2.755032e+01  74.288134  76.670563  82.560448
0.0053 0.0100       0.0000 2.783321e+01  74.169429  76.591822  82.423489
0.0054 0.0100       0.0000 2.811076e+01  74.050735  76.513785  82.296099
0.0055 0.0100       0.0000 2.838441e+01  73.934650  76.436432  82.161161
0.0056 0.0100       0.0000 2.865369e+01  73.819040  76.359560  82.026835
0.0057 0.0100       0.0000 2.891896e+01  73.704805  76.283369  81.897456
0.0058 0.0100       0.0000 2.918007e+01  73.592383  76.207189  81.764941
0.0059 0.0100       0.0000 2.943700e+01  73.481485  76.132086  81.637540
0.0060 0.0100       0.0000 2.969055e+01  73.370831  76.057932  81.516130
0.0061 0.0100       0.0000 2.994041e+01  73.263126  75.982701  81.378956
0.0062 0.0100       0.0000 3.018630e+01  73.156027  75.909400  81.254301
0.0063 0.0100       0.0000 3.042842e+01  73.050565  75.836792  81.126072
0.0064 0.0100       0.0000 3.066822e+01  72.946319  75.764613  80.996359
0.0065 0.0100       0.0000 3.090352e+01  72.843573  75.692585  80.870532
0.0066 0.0100       0.0000 3.113545e+01  72.742287  75.620910  80.748453
0.0067 0.0100       0.0000 3.136454e+01  72.641897  75.550300  80.628033
0.0068 0.0100       0.0000 3.159078e+01  72.542907  75.480127  80.502491
0.0069 0.0100       0.0000 3.181299e+01  72.445992  75.410657  80.382633
0.0070 0.0100       0.0000 3.203325e+01  72.350000  75.341562  80.263948
0.0071 0.0100       0.0000 3.225053e+01  72.255091  75.273516  80.144515
0.0072 0.0100       0.0000 3.246469e+01  72.162333  75.206522  80.025414
0.0073 0.0100       0.0000 3.267582e+01  72.070565  75.139662  79.908228
0.0074 0.0100       0.0000 3.288424e+01  71.979894  75.073325  79.794907
0.0075 0.0100       0.0000 3.309002e+01  71.891144  75.007959  79.678917
0.0076 0.0100       0.0000 3.329368e+01  71.803249  74.943327  79.563023
0.0077 0.0100       0.0000 3.349404e+01  71.716750  74.878781  79.452826
0.0078 0.0100       0.0000 3.369231e+01  71.631353  74.815745  79.342726
0.0079 0.0100       0.0000 3.388893e+01  71.547953  74.753615  79.225534
0.0080 0.0100       0.0000 3.408191e+01  71.465248  74.691831  79.118344
0.0081 0.0100       0.0000 3.427292e+01  71.384519  74.630865  79.007316
0.0082 0.0100       0.0000 3.446160e+01  71.304243  74.569139  78.905877
0.0083 0.0100       0.0000 3.464835e+01  71.225734  74.509340  78.799864
0.0084 0.0100       0.0000 3.483296e+01  71.148656  74.450191  78.691727
0.0085 0.0100       0.0000 3.501538e+01  71.072284  74.391684  78.588765
0.0086 0.0100       0.0000 3.519575e+01  70.997161  74.333476  78.486130
0.0087 0.0100       0.0000 3.537402e+01  70.923549  74.276787  78.385487
0.0088 0.0100       0.0000 3.555059e+01  70.851289  74.220607  78.281493
0.0089 0.0100       0.0000 3.572439e+01  70.780471  74.164756  78.183429
0.0090 0.0100       0.0000 3.589713e+01  70.710184  74.109846  78.084914
0.0091 0.0100       0.0000 3.606746e+01  70.641254  74.055459  77.989626
0.0092 0.0100       0.0000 3.623453e+01  70.574052  74.002224  77.896552
0.0093 0.0100       0.0000 3.640279e+01  70.507186  73.949249  77.795769
0.0094 0.0100       0.0000 3.656839e+01  70.441667  73.897033  77.700679
0.0095 0.0100       0.0000 3.673213e+01  70.377395  73.845357  77.605724
0.0096 0.0100       0.0000 3.689381e+01  70.314961  73.795024  77.513548
0.0097 0.0100       0.0000 3.705364e+01  70.252374  73.744287  77.423774
0.0098 0.0100       0.0000 3.721185e+01  70.191370  73.695015  77.334679
0.0099 0.0100       0.0000 3.736844e+01  70.131643  73.646335  77.247043
0.0100 0.0100       0.0000 3.752380e+01  70.072897  73.599722  77.159797